data_id,id,classe,darija_arabic,darija_arabizi,english,modern_standard_arabic,english_word_count,status
data51034,WIKI_C_10756,C,الدورة 14 ديال GCPM (1971) زادت الباسكال (الرمز ديالها Pa) ديال الضغط والسيمنس (الرمز ديالها S) ديال التوصيل الكهربائي للائحة ديال الوحدات المشتقة اللي مسميين.,ddorot 14 dyal GCPM (1971) zadat l'pascal (رمز dyalha Pa) dyal ddra d w ssimens (رمز dyalha S) dyal tawsil khrba2i ll'2i2a2i dyal l'w7dat lmshata lli msamyn.,The 14th GCPM ( 1971 ) added the pascal ( symbol Pa ) for pressure and the siemens ( symbol S ) for electrical conductance to the list of named derived units .,"أضافت الدورة الرابعة عشرة للمؤتمر العام للأوزان والمقاييس (1971) الباسكال (الرمز ""با"") للضغط والسيمنز (الرمز ""إس"") للموصلية الكهربائية إلى قائمة الوحدات المشتقة المسماة.",25,GENERATED
data51035,WIKI_C_04139,C,هاد الطريق كانت مركز ديال شحال من مجموعة عرقية ف لندن. فالتمنينات ديال القرن 19، بزاف ديال الإيرلنديين هاجرو باش يهربو من المجاعة ديال البطاطا و بداو كيبيعو فالشارع ف سوق وايت تشابل و على طول طريق وايت تشابل.,"had tri9 kanet merkez dyal sh7al mn group 3rqi f london. f tetmanynat dyal l9arn 19, bzaf dyal lirladiyin hajru bach yherbu mn lma9s3a dyal lbatata w bedaw kaybi3u f chare3 f souq whitechapel w 3la twal tri9 whitechapel.","The road has the been the centre of several ethnic minority groups in London . In the 1840s , many Irish emigrated to avoid the potato famine and began street selling at Whitechapel Market and along Whitechapel Road .",كانت المنطقة المحيطة بالطريق مركزًا لعدة مجموعات من الأقليات العرقية في لندن. في أربعينيات القرن التاسع عشر، هاجر العديد من الأيرلنديين لتجنب مجاعة البطاطس وبدأوا في بيع المنتجات في الشوارع في سوق وايت تشابل وعلى طول طريق وايت تشابل.,39,GENERATED
data51036,WIKI_C_09460,C,"فرانشيسك ""سيسك"" فابريغاس سولير (الكتالونية: [أصوات غير مفهومة]؛ تولد نهار 4 ماي 1987) هو لعّاب د الكورة صبنيولي كيلعب ف الوسط مع فرقة تشيلسي اللي فلانجليز و مع المنتخب ديال الصبليون.",franchesc 'cesc' fabregas soler (l-ktalonia: [mafhomsh]; twled nhar 4 may 1987) huwa la3ab d l-kora s-sbanyuli kayel3ab f l-wst m3a fer9a chelsea li f-l-ingliz w m3a l-montakhab dyal s-sbanyul.,"Francesc "" Cesc "" Fàbregas Soler ( Catalan : [ <unk> <unk> ] ; born 4 May 1987 ) is a Spanish professional footballer who plays as a central midfielder for English club Chelsea and the Spain national team .","فرانشيسك ""سيسك"" فابريغاس سولير (بالكتالونية: [غير مفهوم]؛ مواليد 4 مايو 1987) هو لاعب كرة قدم إسباني محترف يلعب في مركز خط الوسط المركزي مع نادي تشيلسي الإنجليزي ومنتخب إسبانيا الوطني.",31,GENERATED
data51037,WIKI_C_06853,C,ولد طوطارام التاني من مرتو اللولة، كيلوم على باه حيت مات خوه الكبير وهرب من الدار مورا ما هز مجوهرات ديال نيرمالا. فاللخر انتحر.,"weld totaram et-tani men mertou le-loula, kayloum 3la bah hit mat khouh el-kbir w hreb men ed-dar mora ma hz mejwherat dyal nirmala. fel-akher ntar.","<unk> , Totaram 's second son from his first wife ; he blames his father for the death of his older brother and flees from home after absconding with Nirmala 's jewelry . He eventually commits suicide .",الابن الثاني لطوطارام من زوجته الأولى؛ يلوم والده على وفاة أخيه الأكبر ويهرب من المنزل بعد الاستيلاء على مجوهرات نرمالا. في نهاية المطاف، ينتحر.,24,GENERATED
data51038,DATA_23034,B,"واحد السلسلة ديال الروايات ديال الجريمة ديال جيمس ويتوورث كادوز ف ويتبي. الجوج روايات اللوالا هما ""Death 's Disciple"" و ""The Eve of Murder"".","wa7ed s-selsla dyal r-riwayat dyal l-jerima dyal James Whitworth kaduz f Whitby. J-juj r-riwayat l-luwla huma ""Death's Disciple"" u ""The Eve of Murder"".",A crime novel series by James Whitworth is set in Whitby . The first two novels are Death 's Disciple and The Eve of Murder .,"تدور أحداث سلسلة روايات جريمة لجيمس ويتورث في ويتبي. الروايتان الأوليان هما ""تلميذ الموت"" و""عشية القتل"".",26,GENERATED
data51039,WIKI_C_07475,C,"الزواق ديال فيلم ""پاي"" (وحتى ""ريكويم فور أ دريم"") فيه بزاف ديال التشابه مع الفيلم الياباني تيتسو: الراجل الحديدي.","zzawag dyal film ""pi"" (w 7ta ""requiem for a dream"") fih bzaf dyal tshab m3a film l'yabani tetsuo: l'rajl l'hdidi.","The visual style of "" Pi "" ( and even "" Requiem for a Dream "" ) features numerous similarities to the Japanese film Tetsuo : The Iron Man .","يتميز النمط البصري لفيلم ""باي"" (وحتى ""قداس دريم"") بالعديد من أوجه التشابه مع الفيلم الياباني ""تيتسو: الرجل الحديدي"".",19,GENERATED
data51040,WIKI_C_09680,C,واحد التكنولوجيا سميتها كريسبر تكتشفات ف 2012. هاد التكنولوجيا الجديدة كتسمح لأي واحد قاري البيولوجيا الجزيئية يبدل الجينات ديال أي نوع بدقة.,wa7d technologie smitha crispr tktchet f 2012. had technologie jdidia katshmeh l ay wa7d qari biologie moleculaire ybdl jinat dyal ay nwa3 b diqa.,A technology named clustered regularly interspaced short palindromic repeat shortened to CRISPR @-@ <unk> was discovered in 2012 . The new technology allows anyone with molecular biology training to alter the genes of any species with precision .,"تم اكتشاف تقنية تسمى ""التكرارات العنقودية المتناظرة القصيرة المتباعدة بانتظام"" اختصاراً ""كريسبر"" في عام 2012. تسمح هذه التقنية الجديدة لأي شخص لديه تدريب في البيولوجيا الجزيئية بتعديل جينات أي نوع بدقة.",22,GENERATED
data51041,WIKI_C_04934,C,أوزيبيوس  <unk> (1845-1897) - مؤرخ، رجل دين فرانسيسكاني كبير، عالم اللاهوت، كيهضر بزاف ديال اللغات، و عضو فعال في الأكاديمية اليوغوسلافية للعلوم و الفنون.,"ouzebius <unk> (1845-1897) - mo7arikh, rajul din franciskani kbir, 3alim l-lahout, kayhdar bezzaf dyal lloghat, w 3adw فعال fi l-academy dyal yugoslavia dyal l3olum w l-founoun.","Eusebius <unk> ( 1845 – 1897 ) – historian , high @-@ ranking Franciscan cleric , theologian , polyglot , and active member of the Yugoslav Academy of Sciences and Arts",أوزيبيوس <unk> (1845 - 1897) - مؤرخ، ورجل دين فرنسيسكاني رفيع، وعالم لاهوت، ومتعدد اللغات، وعضو نشط في الأكاديمية اليوغوسلافية للعلوم والفنون.,24,GENERATED
data51042,WIKI_D_08164,D,"زدنكو بلاجيكوفيتش تزاد ف 23 شتنبر 1915 فمدينة بيهاش، ولد ديال سياسي محلي ""ميلان"" بلاجيكوفيتش. من عرق كرواتي، عائلة بلاجيكوفيتش منحدرة من قبائل ديال القرن 15 فمدينة ليڤنو.","zdenko blajikovich tzad f 23 shtnber 1915 fmdina bi7ach, wld dyal siyasi ma7ali ""milan"" blajikovich. mn 3erq kroati, 3aelt blajikovich mnadra mn 9abael dyal l9arn 15 fmdina livno.","Zdenko Blažeković was born on 23 September 1915 in the town of Bihać , the son of local politician <unk> "" Milan "" Blažeković . Ethnically Croat , the Blažeković family was descended from 15th century tribesmen in the town of Livno .","وُلد زدنكو بلاجيكوفيتش في الثالث والعشرين من سبتمبر عام 1915 في مدينة بيهاتش، وهو ابن السياسي المحلي ""ميلان"" بلاجيكوفيتش. من الناحية العرقية كرواتي، تنحدر عائلة بلاجيكوفيتش من رجال القبائل في القرن الخامس عشر في مدينة ليفنو.",28,GENERATED
data51043,DATA_4389,A,بصراحة، شي مرات كانتساءل منين كاياخدو الدراري الصغار تدريب فهاد الوقت,"bsar7a, chi marat kantsa2l mnin kayakhdo drari sghar tadrib fhad lwa9t","honestly, sometimes i wonder where you kids get your training nowadays",بصراحة، أتساءل أحيانًا من أين تحصلون على تدريبكم هذه الأيام,11,PARTIALLY VALIDATED
data51044,WIKI_D_09236,D,الداخل ديال الشّاپيل متميّز بسقوف دالبالوط مقسومة على ربعة، و الأرض د الزرق و خمسة ديال النوافذ الزجاجية الملونة الأصليين ديال تيفاني. بيت القديس فيه مذبح د العقيق و أرضية فسيفسائية مصنوعة من كتر من عشرين لون ديال الرخام.,"daxil dyal chapel mtmiz bsqof dalbalot maqsuma 3la rba3a, w l'ard dyal zraq w xamsa dyal nawafed zujajiya mulawwana l'asliyin dyal tiffany. bit lqdis fi mdr7 dyal l3a9iq w 'ardiya fsayfsa'iya masnu3a mn ktr mn 3ishrin lon dyal rkhham.","The interior of the chapel is marked by quartered oak ceilings , bluestone floors , and five original Tiffany stained glass windows . The chancel contains an onyx altar and mosaic floor made of more than twenty colors of marble .",يتميز الجزء الداخلي للكنيسة بسقوف من البلوط مقسمة إلى أرباع، وأرضيات من الحجر الأزرق، وخمس نوافذ زجاجية ملونة أصلية من تيفاني. يحتوي المذبح على مذبح من العقيق وأرضية فسيفسائية مصنوعة من أكثر من عشرين لونًا من الرخام.,39,GENERATED
data51045,DATA_7405,A,هاديك طابن لهدية واعرة,hadik taban lihdya wa3ra,that sounds like a fantastic idea,هذه تبدو فكرة رائعة,6,PARTIALLY VALIDATED
data51046,WIKI_C_06310,C,"الطبيب - شي طوبّات كيكونوا ف شي كاميونيطات ديال الإسعاف - بالخصوص ديال الطيارة - كيوظفو أطباء باش يحضرو مع الإسعاف, و كيجيبو معاهم كفايات زايدة بحال الدوايات اللي كيكتبوهم.","ttbib - chi ttabbat kaykunufi shi kamyunitat dyal l'isaf - blkhsus dyal ttyara - kaywazzafu atibba bash yhdru ma' l'isaf, w kiyjibu m3ahum kifayat zayda bhal ddwayyat lli kayktbuhum.","Doctor – Doctors are present on some ambulances – most notably air ambulances – will employ physicians to attend on the ambulances , bringing a full range of additional skills such as use of prescription medicines .",الطبيب - يتواجد أطباء في بعض سيارات الإسعاف - لا سيما سيارات الإسعاف الجوية - سيوظفون أطباء لحضورهم في سيارات الإسعاف، وجلب مجموعة كاملة من المهارات الإضافية مثل استخدام الأدوية الموصوفة.,30,GENERATED
data51047,WIKI_D_07317,D,على اليمين، شي ناس تخوفو باللي السعي باش نخلقو وعي جديد و قيم جديدة غادي يطيح القيم القديمة اللي مجربة مع الوقت. و ناس آخرين تخوفو باللي الاحتفال بالتنوع مغاديش يخلي حتى شي وجهة نظر قوية باش توجه المجتمع.,"3la l ymin, chi nas tkhawfo blly l scay bach nkhla9o wa3y jdid w qyam jdidda ghadi ytih l qyam l qdima lli mjrba m3a l waqt. W nas aktarin tkhawfo blly l i7tifal bl t nawwo3 maghadiych ikhlli 7ta chi wajhet nazr qwiya bach tawajjah l mojtama3.","On the right , some worried that the drive to come up with a new consciousness and new values would topple time @-@ tested old values . Others worried that the celebration of diversity would leave no strong viewpoint in place to guide society .",على اليمين، تخوّف البعض من أن السعي إلى إيجاد وعي جديد وقيم جديدة من شأنه أن يطيح بالقيم القديمة التي اختبرتها الزمن. وتخوّف آخرون من أن الاحتفاء بالتنوع لن يترك أي وجهة نظر قوية لتوجيه المجتمع.,39,GENERATED
data51048,WIKI_D_04481,D,فرانسيس ماربوري (كيتكتب بعض لمرات <unk>) (1555-1611) كان رجل دين، معلم ومسرحي إنجليزي قرا ف كامبريدج. معروف بزاف حيت هو با ديال آن هاتشينسون، لي كتعتابر أشهر (أو أسوأ سمعة) مرا إنجليزية ف أمريكا ف الحقبة الاستعمارية.,"francis marbury (kitytbe b3d l-mrat <unk>) (1555-1611) kan rajl ddin, mo3ellem w mssra7i ingleezi 9ra f cambridge. ma3rouf bzzaf 7it howa ba dyal anne hutchinson, li kta3tebr achhor (aw aswa3 som3a) mra ingleeziya f america f l7e9ba l-isti3mariya.","Francis Marbury ( sometimes spelled <unk> ) ( 1555 – 1611 ) was a Cambridge @-@ educated English cleric , schoolmaster and playwright . He is best known for being the father of Anne Hutchinson , considered the most famous ( or infamous ) English woman in colonial America .",(1555 – 1611) فرانسيس ماربوري (الذي يُكتب أحيانًا <unk>) كان رجل دين ومعلم وكاتب مسرحي إنجليزي تلقى تعليمه في كامبريدج. واشتهر بأنه والد آن هاتشينسون، التي تُعتبر أشهر (أو أسوأ سمعة) امرأة إنجليزية في أمريكا الاستعمارية.,37,GENERATED
data51049,WIKI_D_10935,D,إيلا شفنا ألمانيا غادا تربح خاصنا نعاونو روسيا، و إيلا شفنا روسيا غادا تربح خاصنا نعاونو ألمانيا، و هاكا نخلّيوهوم يقتلو أكبر عدد ممكن واخا مكنبغيش نشوف هتلر رابح بأي طريقة.,"ila shofna l-almanya ghada trbeh khassna n3awnu rrusya, w ila shofna rrusya ghada trbeh khassna n3awnu l-almanya, w haka nkhellihom yqtolu l-kbir li ymken wakha maknch bghit nchuf hitler rabeh b ayi tariqa.","If we see that Germany is winning we ought to help Russia , and if Russia is winning we ought to help Germany , and that way let them kill as many as possible although I don 't want to see Hitler victorious under any circumstances .",إذا رأينا ألمانيا منتصرة، فيجب علينا مساعدة روسيا، وإذا رأينا روسيا منتصرة، فيجب علينا مساعدة ألمانيا، وبهذه الطريقة ندعهم يقتلون أكبر عدد ممكن، على الرغم من أنني لا أريد رؤية هتلر منتصرًا تحت أي ظرف من الظروف.,31,GENERATED
data51050,DATA_22570,B,سور فاليتا البري هو السور الكبير لي كيحمي المدينة من جهة البر. و فيه هاد الأجزاء:,sour Valletta lbəri huwa sour lkbir li kيحmi lmdina mn jiht lbər. u fih had l'ajza':,The Valletta Land Front is the large bastioned enceinte enclosing the landward approach to the city . It consists of the following :,الجبهة الأرضية لفاليتا هي السور الكبير المحصن الذي يحيط بالمدخل البري للمدينة. وهي تتألف مما يلي:,23,GENERATED
data51051,WIKI_D_10087,D,فـ 1952، بانت فواحد من أول سيتكومات ديال التلفازة، سميتها كلاوديا: قصة ديال الزواج، مبنية على واحد السلسلة ديال الأفلام اللي الدور الرئيسي كانت كاتلعبو دوروثي ماكواير. ماكراكن لعبات مع الممثل ديال برودواي هيو ريلي.,"f 1952, banat f wahed mn awl sitcomat dyal telfaza, smitha Claudia: qssat dyal zwayej, mabniya 3la wahed silsila dyal aflam li ad-dor ar-ra'isi kanat katel3bo Dorothy McGuire. McCracken la3bat m3a l-moumtil dyal Broadway Hugh Reilly.","In 1952 , she appeared in one of the first television situation comedies , Claudia : The Story of a Marriage , based on a film series in which the title role was played by Dorothy McGuire . McCracken played opposite Broadway actor Hugh Reilly .","في عام 1952، ظهرت في واحدة من أولى المسلسلات الكوميدية التلفزيونية، ""كلوديا: قصة زواج""، المستندة إلى سلسلة أفلام لعبت فيها دور البطولة دوروثي ماكواير. لعب ماكراكن دورًا مقابل الممثل المسرحي هيو ريلي.",35,GENERATED
data51052,WIKI_D_10517,D,نهار 30 غشت 1930، أرسنال عاون باش يتسجل رقم قياسي جديد ديال الحضور بـ 28.723 فملعب بلومفيلد رود ديال بلاكبول. و عاونو باش يعاودو يسجلوه فالسيزونات اللي جاو موراها بجماهير ديال 29.576 و 30.218.,"nhar 30 ghesht 1930, arsenal 3awen bach yetsjel re9m 9yassi jdide dyal lhضور b 28723 f mal3ab bloomfield road dyal blackpool. w 3awno bach y3awdo ysejlo f sezona li jaw moraha b jmaher dyal 29576 w 30218.","On 30 August 1930 , Arsenal helped create a new attendance record of 28 @,@ 723 at Blackpool 's Bloomfield Road ground . They helped set it again over the next two seasons with crowds of 29 @,@ 576 and 30 @,@ 218 .","في الثلاثين من أغسطس عام 1930، ساهم أرسنال في تحقيق رقم قياسي جديد للحضور بلغ 28,723 متفرجًا في ملعب بلومفيلد رود التابع لبلاكبول. وساعدوا في تحطيم هذا الرقم مرة أخرى خلال الموسمين التاليين بحشود بلغت 29,576 و 30,218 متفرجًا.",34,GENERATED
data51053,DATA_16419,B,"برا المصارعة المحترفة، دار بزاف ديال الظهورات كضيف ف الأفلام و التلفزيون، و منها الدور الرئيسي ف فيلم ""The Chaperone"" اللي نتجاتو WWE Studios.","bra lmosara3a lmohtarifa, dar bzaf dyal dhohorat kdif f aflam w تلفزيون, w minha dor ra2isi f film ""The Chaperone"" li ntajato WWE Studios.","Outside of professional wrestling , he has made numerous guest appearances in film and on television , including the lead role in the WWE Studios production The Chaperone .",خارج نطاق مصارعة المحترفين، ظهر عدة مرات كضيف في السينما والتلفزيون، بما في ذلك الدور الرئيسي في إنتاج WWE Studios، فيلم The Chaperone.,29,GENERATED
data51054,WIKI_C_07068,C,"""أغنية ""I See the Light"" ربحات جائزة جمعية نقاد السينما د لاس فيغاس لأحسن أغنية ف 2010، و جائزة أحسن أغنية مكتوبة لوسائل الإعلام المرئية ف الدورة 54 د الغرامي ف 2012.""","aghniya ""i see the light"" reb7at jayezit jam3it niqqad sinima las vegas l7sen aghniya f 2010, w jayezit a7sen aghniya ktbat lwasayel الاعلام lmar2iya f dourt 54 dyal lgrammy f 2012.",""" I See the Light "" went on to win the Las Vegas Film Critics Society Award for Best Song in 2010 , and the Best Song Written for Visual Media Award at the 54th Grammy Awards in 2012 .","وفازت أغنية ""أرى النور"" بجائزة جمعية نقاد السينما في لاس فيغاس لأفضل أغنية عام 2010، وجائزة أفضل أغنية كُتبت لوسائل الإعلام المرئية في حفل توزيع جوائز جرامي الرابع والخمسين عام 2012.",32,GENERATED
data51055,DATA_2314,A,أنا فرحان بزاف ملي وليت مع المجموعة.,ana far7an bzaf mli wlit m3a lmjmo3a.,I'm very happy to join the group.,أنا سعيد جدًا بالانضمام إلى المجموعة.,7,PARTIALLY VALIDATED
data51056,DATA_16587,B,تلال تسيمبا، بونيس - بورتون، الجنوب الغربي د المحيط الهادي 1943 – 45، تحرير غينيا الجديدة الأسترالية.,"tlal tsimba, bonis - borton, ljanoub lgharbi d lmohit lhadi 1943-45, tahrir ghinia ljadida lostralia.","Tsimba Ridge , Bonis – Porton , South @-@ West Pacific 1943 – 45 , Liberation of Australian New Guinea .",تلال تسيمبا، بونيس – بورتون، جنوب غرب المحيط الهادئ 1943-1945، تحرير غينيا الجديدة الأسترالية.,21,GENERATED
data51057,WIKI_C_07950,C,مارتن أوهاڭان، صحفي ديال الجريدة ديال The Sunday World، تقتل نهار 28 شهر تسعود عام 2001 قدام مرتو حدا دارو فديك المدينة.,"martin o'hagan, s7afi dyal l جريدة dyal the sunday world, tqtel nhar 28 shhar tsood 3am 2001 qdam marto 7da daro f dik lmdina.","Martin O 'Hagan , a journalist for The Sunday World newspaper , was murdered on the 28th of September 2001 in front of his wife near his own home in the town .","قُتِل الصحفي مارتن أوهيغان، الذي يعمل بصحيفة ""صنداي ورلد""، في الثامن والعشرين من سبتمبر عام 2001 أمام زوجته بالقرب من منزله في البلدة.",22,GENERATED
data51058,DATA_11208,A,تعطلي بزّاف باش تزيد ف طول,t3etli bezzaf bach tzid f tol,you are too late to  grow taller,لقد فات الأوان لكي تطول,7,PARTIALLY VALIDATED
data51059,DATA_7330,A,تدريبات ديالنا و لپريباريشن نفعونا بزّاف فلماكتش ديال ليوم,tedribat dialna ou lpreparation nef3ouna bezzaf flmactch dial lyoum,our training really paid off in today's match,لقد أثمر تدريبنا حقًا في مباراة اليوم,8,PARTIALLY VALIDATED
data51060,DATA_3876,A,خلينا نقول بجوج مع الصعوبة لي عندك,khalina ngolo bjoj m3a So3oba li3ndak,Let's say together with your difficulty,لِنقُلْ مَعًا مَعَ صُعُوبَتِكَ,6,PARTIALLY VALIDATED
data51061,WIKI_D_08525,D,لكوطا على حوت ساي ف الشمال ديال المحيط الأطلسي بدات ف 1977. المخزون اللي ف النص الجنوبي تحما ف 1979. وبسباب الأدلة اللي كانت كتزيد باللي بزاف ديال الأنواع ديال الحوت مهددة بالانقراض، الـ IWC دارت واحد المنع كامل على الصيد التجاري ديال الحوت بدا ف 1986.,"lekota 3la hoot sai f shmal dyal lmo7it latlasi bdat f 1977. lmakzoun li f nass janoubi t7ma f 1979. wbsbab l2adella li kanet katziid bli bzaf dyal l2anwa3 dyal l7out mahdouda b l9irad, l IWC dart wa7d lman3 kamel 3la ssed ttijari dyal l7out bda f 1986.","Quotas on sei whales in the North Atlantic began in 1977 . Southern Hemisphere stocks were protected in 1979 . Facing mounting evidence that several whale species were threatened with extinction , the IWC established a complete moratorium on commercial whaling beginning in 1986 .",بدأت الحصص المفروضة على الحيتان الزرقاء في شمال المحيط الأطلسي في عام 1977. وتمت حماية مخزونات النصف الجنوبي في عام 1979. وفي مواجهة الأدلة المتزايدة على أن عدة أنواع من الحيتان مهددة بالانقراض، فرضت اللجنة الدولية لصيد الحيتان وقفاً كاملاً للصيد التجاري للحيتان اعتبارًا من عام 1986.,47,GENERATED
data51062,WIKI_D_10923,D,"فاللي دابا ألمانيا، لبلايص اللي مسمّيين على ثور مسجّلين بواحد الشوية، ولكن شي عدد ديال لبلايص اللي مسمّيين ""دونرسبيرج"" (ألمانية ""جبل دونر"") يمكن يكون سميتهوم جاية من الإله دونر، الشكل الجرماني الجنوبي ديال سمية الإله.","felli daba l'almanya, lbwayes lli msmmyin 3la thor msjlyn bwa7d shwiya, walakin shi 3adad dyal lbwayes lli msmmyin ""donnersberg"" (almanya ""jbel donner"") ymken ykun smayathom jayya mn l'ilah donner, shkel l'almanya jnouby dyal smyit l'ilah.","In what is now Germany , locations named after Thor are sparsely recorded , but an amount of locations called <unk> ( German "" Donner 's mountain "" ) may derive their name from the deity Donner , the southern Germanic form of the god 's name .","في ما يُعرف الآن بألمانيا، المواقع المسماة على اسم ثور قليلة التسجيل، ولكن قد يكون عدد من المواقع المسماة ""دونرسبيرج"" (الألمانية ""جبل دونر"") استمدت اسمها من الإله دونر، الشكل الجرماني الجنوبي لاسم الإله.",35,GENERATED
data51063,WIKI_D_08734,D,السلسلة تصوّرات فبرلين الغربية و مارسيليا كإنتاج مشترك ألماني غربي، فرنسي و أمريكي من طرف Intercontinental Television Films و <unk>. السلسلة تدوزت في بزاف ديال لبلايص ف لميريكان و لكن دازت تا فالساحل الشرقي على DuMont Television Network.,"slslsl tsawwrat fbrlin lghrbiya w marseille kaintejag moshtarak almanya ghrybi , fransaw w amriki min taraf intercontinental television films w <unk>. slslsl tdawazat f bzaf dyal lbliys f lmirikan w lkin dazat ta lsa7l sharqi 3la dumont television network.","The series was filmed in West Berlin and Marseille as a West German , French and American co @-@ production by Intercontinental Television Films and <unk> . The series aired in syndication throughout most of the U.S. but also aired on the east coast on the DuMont Television Network .",تم تصوير المسلسل في برلين الغربية ومرسيليا كإنتاج مشترك ألماني غربي وفرنسي وأمريكي بواسطة إنتركونتيننتال تيليفيجن فيلمز و <unk>. عُرض المسلسل في تآزر في معظم أنحاء الولايات المتحدة ولكن عُرض أيضًا على الساحل الشرقي على شبكة تلفزيون دومون.,38,GENERATED
data51064,DATA_24882,B,ضرب الكرة البيضاء فشي كورة ولا جوج من الكرات الآخرين و من بعد تدخل في القرعة حتى تطيح على جنبها كتحسب 5 نقاط.,"Dreb l-koura l-bayda f shi koura wla jouj mn l-kourat lakhrin w mn b3d tdkhel f l-qr3a hta tti7 3la jenbha, kتحسب 5 nqat.",Caroming the cue ball off one or both object balls and then into the bottle knocking it onto its side scores 5 points ;,تُحرز 5 نقاط بضرب الكرة الأمامية لتصطدم بكرة واحدة أو كلتي الكرتين الهدفين ثم تصطدم بالزجاجة فتسقطها على جانبها؛,24,GENERATED
data51065,DATA_10472,A,مانضنش غادي تختار أشنو دير مورا الباك,mandench ghadi te5tar achno dir mora lbac,I dont think you will choose what to do,لا أعتقد أنك ستختار ما ستفعله,9,PARTIALLY VALIDATED
data51066,WIKI_C_05168,C,الخدمة ديال رحمان فالتوينتي تواينتي برا الكريكت الدولية كانت هي البانغلاديش بريمير ليغ، حيث لعب مع دكا ديناميتس فالموسم ديال 2015. خدا 14 وحدة ف 10 ديال الماتشات فهاد البطولة.,"lkhdma dyal rahman faltwenti twenti bra lkriket ddawliya kanat hiya lbangladich premier lig, hith la3b m3a daka dynamites f lmousm dyal 2015. khda 14 wa7da f 10 dyal lmachat f had lbtoola.","Rahman 's professional Twenty20 career outside international cricket was the Bangladesh Premier League , where he played for Dhaka Dynamites in its 2015 season . He took 14 wickets in 10 matches in that tournament .",كانت مسيرة رحمان الاحترافية في دوري توينتي توينتي خارج الكريكيت الدولية هي دوري بنغلاديش الممتاز، حيث لعب مع فريق دكا ديناميتس في موسم 2015. وقد حقق 14 ويكيت في 10 مباريات في تلك البطولة.,30,GENERATED
data51067,DATA_15031,B,الأتمتة كتزيد فالإنتاجية لأقصى حد و كتنقص من احتمال الخطأ ولا التلوّث اللي كيوقع فالمناولة اليدوية. دابا كاينين أجهزة اللي كيديرو التحليل من الأول حتى اللخر بوحدهم.,l'atmt ka tzid fel'intajiya l'aqsa 7ed o ka tnqess men i7timal lkheta2 wla t-telweth lli kaywqe3 felmnaoula l'yadawiya. daba kaynin ajhiza lli kaydiro t-te7lil men l'awwel 7etta llekher bou7dhoum.,Automation maximises throughput and reduces the possibility of error or contamination during manual handling . Single devices to do the assay from beginning to end are now available .,تعمل الأتمتة على زيادة الإنتاجية إلى أقصى حد وتقليل احتمالية الخطأ أو التلوث أثناء المناولة اليدوية. تتوفر الآن أجهزة فردية لإجراء الفحص من البداية إلى النهاية.,29,GENERATED
data51068,DATA_18091,B,واحد الفكرة كانت عند فرانك دارابونت على الحلقة اللولة ديال الموسم ما تدارتش، كايقولو بالسباب ديال التقشف (ولا نقص الفلوس).,"wa7ed lfikra kanet 3end frank darabont 3la l7elqa lowla dyal lmawsim ma tdaratch, kayqolo bsbab dya ttaqachof (wella neqs lflous).","An early concept for the season premiere by Frank Darabont never materialized , allegedly as a result of budget cuts .",لم تتحقق فكرة مبكرة للمسلسل من قبل فرانك دارابونت ، ويُزعم أنها كانت نتيجة لتخفيضات في الميزانية.,21,GENERATED
data51069,DATA_11261,A,تعطلتي بزّاف باش دير لموسيقا,t3etlti bezzaf bach dir lmosi9a,you are too late to make music,لقد فات الأوان لتأليف الموسيقى,7,PARTIALLY VALIDATED
data51070,WIKI_C_11360,C,من بعد التقاعد، باكلو بقى فديك البلاصة ديال دي سي. من 1974 ل 1984، كان هو الممثل ديال دي سي لواحد الشركة ديال لوزيانا اللي كاتصاوب الطوبات.,"men b3d tta9a3d, baklew b9a f dik blasa dyal DC. men 1974 l 1984, kan howa l mtl dyal DC l wa7d sharika dyal louiziana li katkhasab t-to9bat.","After retirement , Bucklew remained in the D.C. area . From 1974 to 1984 , he served as the D.C. representative for <unk> , a Louisiana boat @-@ building company .",بعد التقاعد، ظل باكلو في منطقة واشنطن العاصمة. من عام 1974 إلى عام 1984، شغل منصب الممثل في واشنطن العاصمة لشركة <unk>، وهي شركة لبناء القوارب في لويزيانا.,27,GENERATED
data51071,WIKI_C_07320,C,ف 1915، شي ألف طوموبيل فالعام كانو كيدخلو للسفاري، داكشي دار صداع مع الخيل والكرويلات ديالهم. ف اللخر منعو الناس يركبو على الخيل ف الطريق.,"f 1915, shi alf tomobil f l3am kanu kidkhlo l sfari, dakchi dar sda3 ma3 lkhayl w lkwriyyalat dyalhom. f l5ir m3nu nas yrkbu 3la l5ayl f tri9.","By 1915 , 1 @,@ 000 automobiles per year were entering the park , resulting in conflicts with horses and horse @-@ drawn transportation . Horse travel on roads was eventually prohibited .",بحلول عام 1915، دخلت ألف سيارة سنويًا إلى الحديقة، مما أدى إلى صراعات مع الخيول ووسائل النقل التي تجرها الخيول. تم حظر السفر بالخيول على الطرق في النهاية.,25,GENERATED
data51072,WIKI_D_01305,D,"إليزابيث ديفيد بدّلات الطياب ديال الإنجليز بزاف بكتابها ديال 1950 ""كتاب ديال الماكلة ديال البحر الأبيض المتوسط"". تّكتب فواحد الوقت ديال التقشف ونقص فالمكلة، وكتابها بدا بـ ""يمكن يكون أحسن مقطع كيحرك المشاعر وكيعطي الإلهام فالتاريخ ديال الكتوبة ديال الطياب الإنجليزية"":","elizabeth david bddlat ltabyakh dyal l'ingliz bzaf bktabha dyal 1950 ""ktab dyal lmakla dyal lb7r lbiyad lmtwst"". tktb f wach dyl taqshof w naqs f lmakla, wktabha bda b ""ymkn ykon a7san mqt3 kay7rrk lmshaeir w kay3ti lilham f ttarikh dyl lktoubat dyl ltabyakh l'ingliziyya"":","Elizabeth David profoundly changed English cooking with her 1950 A Book of Mediterranean Food . Written at a time of food rationing and scarcity , her book began with "" perhaps the most evocative and inspirational passage in the history of British cookery writing "" :","غيرت إليزابيث ديفيد بشكل كبير الطهي الإنجليزي بكتابها ""كتاب طعام البحر الأبيض المتوسط"" عام 1950. كُتب في وقت كان فيه الطعام مقننًا وناقصًا، بدأ كتابها بـ ""ربما تكون أبرز الفقرات وأكثرها إلهامًا في تاريخ كتابات فن الطهي البريطاني"":",41,GENERATED
data51073,DATA_5862,A,سمحلي قاطعتك,sme7li 9aTe3tek ,Excuse me for interrupting you,عذرًا على مقاطعتك,5,PARTIALLY VALIDATED
data51074,DATA_18338,B,"""Deuces"" (feat. Drake, T.I., Kanye West, Fabolous, Rick Ross, & André 3000) – 6:43","""Deuces"" (feat. Drake, T.I., Kanye West, Fabolous, Rick Ross, & André 3000) – 6:43",""" Deuces "" ( feat . Drake , T.I. , Kanye West , Fabolous , Rick Ross , & André 3000 ) – 6 : 43",ديوس (مع دريك، تي.آي.، كانييه ويست، فابولوس، ريك روس، وأندريه 3000) – 6:43,26,GENERATED
data51075,DATA_4826,A,ماكليتش والو من صباح,maklitch walo mn Sba7,I haven't eaten anything since morning,لم آكل شيئاً منذ الصباح,6,PARTIALLY VALIDATED
data51076,DATA_21401,B,"1990. — — — ، روجرسون سي تي. ""شي شوية ديال Ascomycetes (الفطريات) اللي كينوضو على السرخسيات الاستوائية"". بريتونيا 42: 105-115.","1990. — — — ، Rogersson CT. ""Shi shwiya dyal Ascomycetes (lfutriyat) li kaynodo 3la sserkhsiyat l'istiwa'iya"". Brittonia 42: 105-115.","1990 . — — — , Rogerson CT . "" Some Ascomycetes ( Fungi ) occurring on tropical ferns "" . Brittonia 42 : 105 – 115 .","١٩٩٠ . — — — ، روجرسون سي تي . "" بعض الفطريات الأسكوميسيتية ( الفطريات ) التي تحدث على سرخسيات استوائية "" . بريتونيا ٤٢ : ١٠٥ – ١١٥ .",28,GENERATED
data51077,WIKI_D_07129,D,"بيرسي ويليام ""بيل"" جورج تواين، تي أش إل، كان الإمام ديال الجامع فالفترة ديال 1973 - 1980. كان شحال هادي كيضرب على الأرغن، وكان كيميل للأسلوب ديال الكنيسة الراقية. مات فجأة وهو باقي الإمام.","pirsi william ""bil"" jorj twine, th.l., kan l-imam dyal l-jami3 fa-l-fatra dyal 1973 - 1980. kan sh7al hadi kiyḍrb 3la l-organ, w kan kymil l-slub dyal l-kniisa raqiya. mat fja2ta w huwa baqi l-imam.","Percy William "" Bill "" George Twine , Th.L. <unk> , was the rector during the period 1973 – 1980 . He had long been an organ player , and inclined toward high church style . He died suddenly whilst still the rector .","كان بيرسي ويليام ""بيل"" جورج تواين، الثيولوجي، هو القسيس خلال الفترة من 1973 إلى 1980. كان يعزف على الأورغن منذ فترة طويلة، وكان يميل إلى أسلوب الكنيسة العليا. توفي فجأة وهو لا يزال القسيس.",34,GENERATED
data51078,DATA_12622,B,8 ماي – كولونا – 9 ؛ ستوباني – 6 ؛ فانزوتزي – 5 ؛ ڭانڭانيلي – 4 ؛ بوزوبونيلي – 3,8 mai - Koulouna - 9; Stoubani - 6; Fanzozzi - 5; ڭangaŋgili - 4; Bouzoubounili - 3,May 8 – Colonna – 9 ; Stoppani – 6 ; Fantuzzi – 5 ; Ganganelli – 4 ; Pozzobonelli – 3,٨ مايو – كولونا – ٩؛ ستوباني – ٦؛ فانتوتسي – ٥؛ غانغانيلي – ٤؛ بوتسوبونيلي – ٣,22,GENERATED
data51079,DATA_24848,B,O'Connell تّنتخب عضو شرف مدي الحياة فالنادي البوهيمي في أواخر تسعينيات القرن التاسع عشر و ولا مؤرخ ديال النادي.,O'Connell t-tenteq 3odw sharaf مدى الحياة f-n-nadi l-bohemi f-awakhir tiss3iniyat l-qarn t-tasi3 3shir u wulla mouarrekh dyal n-nadi.,O 'Connell was elected honorary life member of the Bohemian Club in the late 1890s and was made club historian .,انتُخب أُونيل عضوًا فخريًا مدى الحياة في نادي البوهيميان في أواخر تسعينيات القرن التاسع عشر، وتم تعيينه مؤرخًا للنادي.,21,GENERATED
data51080,WIKI_D_10354,D,نهار 7 مارس 1949، شعلات العافية من السطح ديال المكتبة؛ كتر من 300 كتاب مطبوع و المخطوطات اللي كانوا معروضين تحرقوا بالمرة، و كتر من 3000 كتاب خاصهم التصلاح، واخا البنية التحتانية الرئيسية تضررات شوية و الإصلاح خدا أقل من عام.,"nhar 7 marz 1949, sh3lat l3afya mn sst7 dyal lmktba; ktr mn 300 ktab mktob w lmkhtutat lli kanu ma3rudin t7rqu bl marra, w ktr mn 3000 ktab khasom tsla7, wakha lbniya tta7tiya lra2isya tdarart chwiya w l'isla7 khda aql mn 3am.","On 7 March 1949 , a fire spread from the library roof ; over 300 printed books and the manuscripts on exhibition were completely destroyed , and over 3 @,@ 000 books needed repair , though the main structure suffered little damage and restoration took less than a year .",في السابع من مارس عام 1949، انتشرت النيران من سطح المكتبة؛ وأكثر من 300 كتاب مطبوع والمخطوطات المعروضة دمرت بالكامل، وأكثر من 3000 كتاب احتاجت إلى إصلاح، على الرغم من أن الهيكل الرئيسي لحق به ضرر طفيف واستغرق الترميم أقل من عام.,41,GENERATED
data51081,WIKI_C_04421,C,واحد الميني ألبوم على تاريخ المنطقة، سميتو فاير أند گلاس: واحد التراجيديا ف نوروود، خرجات ف شهر تسعود 2007 من طرف واحد المجموعة أنجلو هولندية، سميتها <unk>.,"wa7d lmini album 3la tarikh l-minta9a, smito fire & glass: wa7d trageja f Norwood, khrejat f chher ts3oud 2007 men tarf wa7d l-majmou3a anglo-hollandiya, smitha <unk>.","A mini @-@ album about the history of the local area , entitled Fire & Glass : A Norwood Tragedy , was released in September 2007 by the Anglo @-@ Dutch group , <unk>","صدر ألبوم مصغر عن تاريخ المنطقة المحلية، بعنوان ""النار والزجاج: مأساة نوروود""، في سبتمبر 2007 من قبل المجموعة الأنجلو-هولندية، <unk>.",27,GENERATED
data51082,DATA_16412,B,"أقصى سرعة: على ارتفاع: ماخ 2 @.@ 2 + (1 @,@ 450+ ميل في الساعة, 2 @,@ 335+ كيلومتر في الساعة)","Aqsa sur'a: 'ala irtifa': Makh 2 @.@ 2 + (1 @,@ 450+ mile fi s-sa'a, 2 @.@ 335+ kilometre fi s-sa'a)","Maximum speed : At altitude : Mach 2 @.@ 2 + ( 1 @,@ 450 + mph , 2 @,@ 335 + km / h )","السرعة القصوى: على ارتفاع: ماخ 2.2 (1,450 ميل/ساعة، 2,335 كم/ساعة)",26,GENERATED
data51083,WIKI_D_02123,D,"ملي رجع أدامز لماساتشوستس بقى ناشط فالسياسة. كان بزاف ديال المرات كيشد لمحادرات ديال اجتماع مدينة بوسطن, و نتخب لمجلس الشيوخ ديال الولاية, و كان غالبا كيشد الرياسة ديال هاد المجلس.","mlli rja3 adamz limassachusetts bqa nassit f l siyasa. kan bzaf dyal l marrat kiychedd lm7adarat dyal ijtim3 madint boston, w ntekhb l majlis chiyoukh dyal l wilaya, w kan ghaliban kiychedd l riyasa dyal had l majlis.","Adams remained active in politics upon his return to Massachusetts . He frequently served as moderator of the Boston Town Meeting , and was elected to the state senate , where he often served as that body 's president .",ظل آدامز ناشطاً في السياسة عند عودته إلى ماساتشوستس. كان غالباً ما يترأس اجتماعات مجلس مدينة بوسطن، وانتخب لعضوية مجلس شيوخ الولاية، حيث كان غالباً ما يشغل منصب رئيس ذلك المجلس.,31,GENERATED
data51084,WIKI_C_00121,C,من مورا ديك اللعاب، ديل توسو شارك فكأس أوساكا فاليابان ف 2013، فين الكلايدرز حافظو على اللقب اللي ربحو ف 2008 و 2009 و 2010 و 2012.,"mn mora dik el la3ab, del toso charik f kas osaka f l'yaban f 2013, fin el gliders 7afzo 3la el la9ab li rab7o f 2008 w 2009 w 2010 w 2012.","Since the games , Del Toso has participated in the 2013 Osaka Cup in Japan , where the Gliders successfully defended the title they had won in 2008 , 2009 , 2010 and 2012 .",منذ الألعاب، شارك ديل توسو في كأس أوساكا 2013 في اليابان، حيث نجح فريق فلايدرز في الدفاع عن اللقب الذي فاز به في أعوام 2008 و 2009 و 2010 و 2012.,27,GENERATED
data51085,WIKI_D_07790,D,تود كان موضوع ديال بزاف د المقالات على مسلسلات التلفزيون، دراسات نسوية، و ألهم الصنع ديال واحد اللعبة على صورته. بقى شخصية شعبية و مثيرة للجدل من النهار اللي تخلق، و كيتعتابر واحد من الشخصيات اللي خرجات من مسلسلات التلفزيون و نجحات بزاف.,"tud kan mawdu3 dyal bezzaf d lmaqalat 3la musalsalat tlfizyoun, drasat nswiya, w 2alham sTana dyal wa7d la3ba 3la suratuh. bqa shakhsiya sha3biya w muthira liljadl mn nhar lli tkhelq, w kit3tabar wa7d mn shakhsiyat lli kherjat mn musalsalat tlfizyoun w nja7at bezzaf.","Todd has been the subject of numerous soap opera articles , feminist studies , and inspired the creation of a doll in his likeness . He has remained a popular and controversial figure since his creation , and is considered one of soap opera 's breakout characters .",كان تود موضوعاً للعديد من المقالات المتعلقة بالمسلسلات التلفزيونية، والدراسات النسوية، وألهم إنشاء دمية على شبهه. وقد ظل شخصية شعبية ومثيرة للجدل منذ إنشائه، ويعتبر من أبرز الشخصيات التي برزت من عالم المسلسلات التلفزيونية.,43,GENERATED
data51086,DATA_17282,B,جورج فيتزروي (1665-1716)، دارو إيرل ديال نورثمبرلاند (1674)، و دوك ديال نورثمبرلاند (1678).,"جورج فيتزروي (1665-1716)، دارو إيرل ديال نورثمبرلاند (1674)، و دوك ديال نورثمبرلاند (1678).

George FitzRoy (1665-1716), darou Earl dyal Northumberland (1674), o Douk dyal Northumberland (1678).","George Fitzroy ( 1665 – 1716 ) , created Earl of Northumberland ( 1674 ) , Duke of Northumberland ( 1678 )",جورج فيتزروي (١٦٦٥ – ١٧١٦)، الذي تم إنشاؤه إيرل نورثامبرلاند (١٦٧٤)، ودوق نورثامبرلاند (١٦٧٨),22,GENERATED
data51087,WIKI_C_05077,C,التلوث اللي كيطرا مرة مرة للقنوات الصفراوية بالديلطات اللي كيبقاو تما (بحال اللي كيوقع فالأمراض المزمنة بحال الكور فالراس ديال البنكرياس) خاصو المراقبة بتحاليل ديال الراديو مكررة و خاص الديلطات يتبدلو.,eltlo7 li kayetra mra mra lil9anawat sfarawiya bidilatat lli kayb9aw tema (b7al li kayew9a felamrad lmizmanab7al lkor ferraes dyal lbankriyas) khasou lmorakaba bta7alil dyal lradio mokrara w khas ddilatat ytbdlo.,Continual contamination of bile duct by indwelling stents ( as may occur in chronic conditions like tumor of the head of pancreas ) requires monitoring by repeated radiologic tests and changing of the stents .,يتطلب التلوث المستمر للقنوات الصفراوية بواسطة الدعامات المتبقية (كما قد يحدث في الحالات المزمنة مثل ورم رأس البنكرياس) المراقبة عن طريق الفحوصات الإشعاعية المتكررة وتغيير الدعامات.,31,GENERATED
data51088,DATA_8737,A,راه هادشي كولو ديالك بوحدك تستاهلي,rah hadchi kolo dialek bo7dek tstahli,eat alone you deserve it,كُلْ وحدك، أنت تستحق ذلك.,5,PARTIALLY VALIDATED
data51089,DATA_5087,A,مزيان تعاون الناس,mezyan t3awen nnas,it's great to help others,من الرائع مساعدة الآخرين,5,PARTIALLY VALIDATED
data51090,WIKI_C_04635,C,"الرقع والخطوط الكحلة والبيضة راه بحال شي تصاور ديال تمواج كيبينو الحركة والانعكاسات ف الماء، هادشي كامل تطور بذكاء باش يخبي الطائر ماشي بالخفاء ولكن ب ""التشويش اللي كيبين"".","er-rqaa w-l-khttut l-kHla w-l-bida rah bHal shi tsawer dyal tmwaj kaybinu l-Harka w-l-in3ikasat f l-maa, hadshi kamel ttawwer b dakaa bash ykhbi T-Ta2ir machi b l-khfaa walakin b 't-tshwish lli kaybin'.'","The black and white patches and stripes are ' ripple pictures depicting motion and reflections in the water ' , all ingeniously evolved to hide the bird not by inconspicuousness but by ' disruptive conspicuousness ' .",الرقع والخطوط السوداء والبيضاء هي 'صور تموج تصور الحركة والانعكاسات في الماء'، وكلها تطورت ببراعة لإخفاء الطائر ليس بالخفاء بل بـ 'الوضوح المزعزع'.,29,GENERATED
data51091,DATA_8292,A,راه دعيف ماخايجهش هاد تريكو,rah d3if ma5ayjihch had trico,he is lean wont find clothes,إنه هزيل لن تجد ملابس له,6,PARTIALLY VALIDATED
data51092,DATA_11992,A,عمرك ماتفنتي ناسّ و تأدّن فرمضان,3emrek matfanti nass ou t2edden framdan,you should never falsify call pray in ramadan,لا ينبغي لك أبداً تزييف نداء الصلاة في رمضان,8,PARTIALLY VALIDATED
data51093,WIKI_D_03779,D,كاسان، جان ماري؛ كورساك، ماريولا (2001). <unk> د أسماء ديال <unk> و الدواور. جان @-@ ميشيل <unk> ص. 92. ISBN 978 @-@ 2 @-@ <unk> @-@ 40 @-@ 5.,"kassan, jan mari; korsak, mariola (2001). <unk> d asma dyal <unk> w douar. jan mari <unk> p. 92. isbn 978-2-<unk>-40-5.","Cassagne , Jean @-@ Marie ; Korsak , Mariola ( 2001 ) . <unk> des noms de <unk> et villages . Jean @-@ Michel <unk> p . 92 . ISBN 978 @-@ 2 @-@ <unk> @-@ 40 @-@ 5 .",كاسان، جان ماري؛ كورساك، ماريولا (2001). <unk> أسماء <unk> والقرى. جان ماري <unk> ص. 92. ISBN 978-2-<unk>-40-5.,29,GENERATED
data51094,DATA_15471,B,"2002، مع گوردون رولاند، ""توجيه التطور ديالنا: إلا ما درناهاش حنا، شكون غادي يديرها؟""","2002, m3a Gordon Rowland, ""Twjih t-tطور dyalna: ila ma dernahach hna, chkun ghadi idirha?""","2002 , with Gordon Rowland , "" Guiding our evolution : If we don 't do it , who will ? ""","٢٠٠٢، مع جوردون رولاند، ""توجيه تطورنا: إذا لم نفعل ذلك، فمن سيفعل؟""",22,GENERATED
data51095,DATA_1183,A,أنا كانشوف صاك ديالك.,ana kanchouf Sak dialk.,I can see your bag.,أرى حقيبتك.,5,PARTIALLY VALIDATED
data51096,WIKI_C_03887,C,على حساب داكشي اللي بينوه المعطيات ديال واحد البرنامج سميتو البرنامج المشترك للمراقبة ديال المية و الصرف الصحي تابع لمنظمة الصحة العالمية واليونيسيف عام 2015، شي 36% ديال الناس اللي ساكنين في العروبية في الشينوا ماكانش عندهم الصرف الصحي مقاد.,"3la hesab dakchi lli baynoh lma3tayat dyal wa7d lprogram smito lprogram lmochtarak dlmoraqaba dyal lmiya w ssarf sahhi تابع llmonadama dyal sse7a l3alamiya w l'unicef 3am 2015, chi 36% dyal nass lli sakin f l3roubiya f chinwa makanch 3ndhom sarf sahhi mqad.","According to data presented by the Joint Monitoring Program for Water Supply and Sanitation of WHO and UNICEF in 2015 , about 36 % of the rural population in China still did not have access to improved sanitation .",وفقًا للبيانات التي قدمها البرنامج المشترك لرصد إمدادات المياه والصرف الصحي لمنظمة الصحة العالمية واليونيسيف في عام 2015، لم يكن حوالي 36% من سكان المناطق الريفية في الصين لا يزالون يتمتعون بإمكانية الوصول إلى خدمات صرف صحي محسنة.,40,GENERATED
data51097,DATA_12044,A,عمرك تسترد حققك,3emrek t staredd 7e99ek,you should never take back your rights,لا ينبغي لك أن تتنازل عن حقوقك أبداً,7,PARTIALLY VALIDATED
data51098,WIKI_C_05258,C,مع مرور السنين، ماكارتني تعتابر واحد من المؤثرين بزاف ف الصوت عند بزاف ديال الفنانين لكبار، بحال كريس كورنيل، بيلي جويل، ستيفن تايلر، براد... و أكسل روز.,"m3a morro sennin, mc cartney t3tebr wa7d mn mo2thrinn bzzaf f so7t 3nd bzzaf dyal l fannanin l kbar, 7al chris cornell, billy joel, steven tyler, brad <unk>, w axl rose.","Over the years , McCartney has been named a significant vocal influence by a number of renowned artists , including Chris Cornell , Billy Joel , Steven Tyler , Brad <unk> and Axl Rose .",على مر السنين، سُمّي ماكارتني أحد المؤثرين الصوتيين البارزين من قبل عدد من الفنانين المشهورين، بما في ذلك كريس كورنيل، وبيلي جويل، وستيفن تايلر، وبراد <unk>، وأكسل روز.,27,GENERATED
data51099,WIKI_C_09395,C,"""دار الحلوة شيكاڭو"" (روبيرت جونسون) - ذا بلوز براذرز مع الصوت ديال جايك بلوز (مهدية للموسيقي ماجيك سام) - سبعة دقائق و ثمانية وربعين",dar l7elwa chicago (robert johnson) - the blues brothers m3a lssout dyal jake blues (mehdia l-mousi9i magic sam) - 7:48,""" Sweet Home Chicago "" ( Robert Johnson ) – The Blues Brothers with lead vocals by Jake Blues ( dedicated to the musician Magic Sam ) - 7 : 48","""يا شيكاغو يا بيتي الحلو"" (روبرت جونسون) - فرقة بلوز براذرز بصوت جايك بلوز الرئيسي (إهداء للموسيقي ماجيك سام) - 7:48",24,GENERATED
data51100,WIKI_C_03311,C,"شي طراك هادي فيه البيانو و الغنا بحال ديال كوين طبقة فوق طبقة، هاد Halford قال الكلمات ديال ""Epitaph"" كتعبر على الضيق حيت ما كاينش بلاصة للشباب و لا الشياب ف المدن ديال دابا.","shi trak hadi fih l-piano w l-ghna bhal dyal queen taba9a faw9 taba9a, had Halford qal l-kalimat dyal ""Epitaph"" kat3ber 3la d-di9 hit ma kaynch blaça l-shbab wla l-shayab f l-modon dyal daba.","A quiet track with piano backing and Queen @-@ like layered vocals , Halford said the lyrics to "" Epitaph "" express frustration at a lack of place for the young or old in modern cities .","قال هال فورد إن كلمات أغنية ""Epitaph"" تعبر عن الإحباط من عدم وجود مكان للشباب أو كبار السن في المدن الحديثة، مع مقطع هادئ مدعوم بالبيانو وغناء طبقي أشبه بفرقة كوين.",34,GENERATED
data51101,WIKI_D_02793,D,"مقدمة: فـ 1960، وو مي @-@ لي، واحد الممثلة ف الأوبرا الصينية، هربات من الشينوا ب طبل ديال الورد مور ما مات باها ف الحبس حيت عارض الشيوعيين (""مية مليون معجزة"").","mouqadima: f 1960, ou mei @-@ li, wahed l-moumaggila f l-opera s-siniya, harbat men l-china b tabal dyal l-ward mor ma mat ba-ha f l-hbas hit 3ared l-chiyou3iyyin (""mya milyon mo3jiza"").","Prologue : In 1960 , Wu Mei @-@ li , a performer in Chinese opera , flees China with a flower drum after her father dies in prison for defying the Communists ( "" A Hundred Million Miracles "" ) .","مقدمة: في عام 1960، هربت وو مي @-@ لي، وهي فنانة في الأوبرا الصينية، من الصين بـ ""طبلة زهور"" بعد وفاة والدها في السجن لمعارضته الشيوعيين (""مئة مليون معجزة"").",31,GENERATED
data51102,DATA_1493,A,ديما تايدير ليا هادشي,dima taydir lia hadchi,He always does that for me,إنه يفعل ذلك لي دائمًا,6,PARTIALLY VALIDATED
data51103,WIKI_C_09624,C,العراضة كانت فيها تا واحد الطريف ديال 8 دقايق من إنتشون، فيه المغني و الممثل رين كان كيدير شي عرض. و العمدة ديال إنتشون، سونغ يونغ جيل، خدا الراية ديال الألعاب ديال 2014.,"l3rada kant fiha ta wa7ed ltrif dyal 8 d9ay9 men incheon, fih lmeghni w l ممثل rain kan kaydir chi 3ard. w l3mda dyal incheon, song young gil, khda rraya dyal l'al3ab dyal 2014.",The ceremony also included an eight @-@ minute segment from Incheon with singer and actor Rain performing the segment . The Mayor of Incheon Song Young @-@ gil received the Games flag for 2014 Games .,تضمنت المراسم أيضًا مقطعًا مدته ثماني دقائق من إنتشون، حيث قدم المغني والممثل رين هذا المقطع. واستلم عمدة إنتشون سونغ يونغ جيل علم دورة الألعاب لعام 2014.,33,GENERATED
data51104,DATA_9552,A,كون غير قدرت ن فرشكه هاد الطابلة,koun ghir 9dert n frchekh had tabla,if only i crushed this table,ليتني حطمت هذه الطاولة,6,PARTIALLY VALIDATED
data51105,DATA_17795,B,"محاكاة ساخرة ديال "" Who's Johnny "" ديال El DeBarge; الأغنية عبارة على قصيدة حب ل إد ماكماهون. من ألبوم Polka Party! ديال عام 1986.","mo7akat sakhira dyal ""Who's Johnny"" dyal El DeBarge; l'oughniya 3ibara 3la qasida 7ob l Ed McMahon. mn album Polka Party! dyal 3am 1986.","Parody of "" Who 's Johnny "" by El DeBarge ; the song is a loving ode to Ed McMahon . From the 1986 album Polka Party ! .","محاكاة ساخرة لأغنية ""من هو جوني"" لإل دي بارج؛ الأغنية قصيدة محبة لإد ماكماهون. من ألبوم ""بولكا بارتي!"" عام 1986.",29,GENERATED
data51106,WIKI_C_07542,C,كل فرقة عندها الحق تكون ما بين خمسطاش و عشرين لاعب ( اللي كيهاجمو و اللي كيدافعو) و جوج ولا تلت ديال الحراس ديال المرمى، و كلهم خاص يكونو ولاد البلاد اللي كيلعبو ليها.,"kul friqa 3ndha l7a9 tkun ma bin khmstach w 3chrin la3b (lli kayhaju w lli kydaf3u) w joj wla tlt dyal l7ras dyal lmerma, w kullhom khass ykunw wlad lblad lli kayl3bu liha.","Each team is allowed to have between 15 and 20 skaters ( forwards and defencemen ) and two or three goaltenders , all of whom must be citizens of the nation they play for .",يُسمح لكل فريق بوجود ما بين خمسة عشر وعشرين لاعبًا (مهاجمين ومدافعين) واثنين أو ثلاثة حراس مرمى، ويجب أن يكون جميعهم مواطنين في الدولة التي يلعبون لها.,34,GENERATED
data51107,WIKI_C_00582,C,باولي، توماس إتش. (2012). Game Faces: Five Early American Champions and the Sports They Changed. Lincoln: University of Nebraska Press. ISBN 978 @-@ 0 @-@ 8032 @-@ <unk> @-@ 6.,"pauli, tomas h. (2012). game faces: five early american champions and the sports they changed. lincoln: university of nebraska press. isbn 978-0-8032-<unk>-6.","Pauly , Thomas H. ( 2012 ) . Game Faces : Five Early American Champions and the Sports They Changed . Lincoln : University of Nebraska Press . ISBN 978 @-@ 0 @-@ 8032 @-@ <unk> @-@ 6 .",باولي، توماس إتش. (2012). وجوه اللعبة: خمسة أبطال أمريكيين مبكرين والرياضات التي غيّروها. لينكولن: مطبعة جامعة نبراسكا. ردمك 978-0-8032-<unk>-6.,30,GENERATED
data51108,DATA_20604,B,الديبو ديال Temple Mills اللي كاينة في Leyton كيستعملوه باش يخزنوا ويصاوبوا الترانات ديال يوروستار و كيحطوا فيه الترانات ديال كلاص 395 Southeastern ديال السرعة الفائقة فاش مايكونش وقت الذروة.,Ad-dipo dyal Temple Mills li kayna f Leyton kaysta3mlouh bash yakhznou w ysaoub الترانات ديال Eurostar w kay7ottou fih الترانات dyal class 395 Southeastern dyal s-sor3a l-fai9a fash maykounsh waqt d-dorwa.,Temple Mills Depot in Leyton is used for storage and servicing of Eurostar trains and off @-@ peak berthing of Class 395 Southeastern high @-@ speed trains .,يُستخدم مستودع تمبل ميلز في ليتون للتخزين وصيانة قطارات يوروستار، وإيواء قطارات الطبقة 395 عالية السرعة التابعة لشركة ساوث إيسترن خارج أوقات الذروة.,28,GENERATED
data51109,DATA_22336,B,في 2007، الذكرى 230 للمعركة تخلدات بواحد الاحتفال ديال تمثيل المعركة داروه أعضاء ديال فوج فرجينيا الثاني اللي تعاود بناؤه.,"Fi 2007, ddkra 230 l lma3raka tkhaldat b wa7d l7tifal dyal tmثيل lma3raka daroh a3da2 dyal فوج Virginia ttani lli t3awd bna2oh.","In 2007 , the 230th anniversary of the battle was commemorated by a re @-@ enactment event hosted by members of the recreated 2nd Virginia Regiment .",في عام 2007 ، تم إحياء الذكرى الـ 230 للمعركة من خلال إعادة تمثيل استضافها أعضاء فوج فرجينيا الثاني المُعاد تشكيله.,27,GENERATED
data51110,WIKI_C_05421,C,جوردان، جون باتيست، شي مذكرة على العمليات ديال جيش الدانوب تحت القيادة ديال الجنرال جوردان، ماخوذة من المخطوطات ديال هاد الضابط، لندن: ديبريت، 1799.,"jordan, jean baptiste, chi mdakara 3la l3amaliyat dyal jaysh l danoub ta7t lqiyada dyal l general jordan, makhdouda men lmakhtoutat dyal had l dabet, london: debrett, 1799.","Jourdan , Jean @-@ Baptiste , A Memoir of the operations of the army of the Danube under the command of General Jourdan , taken from the manuscripts of that officer , London : Debrett , 1799 .",جوردان، جان باتيست، مذكرات عن عمليات جيش الدانوب تحت قيادة الجنرال جوردان، مأخوذة من مخطوطات هذا الضابط، لندن: ديبريت، 1799.,24,GENERATED
data51111,DATA_8314,A,راه دريف هاد دري صغير,rah driyef had dri sghir,this boy is too kind,هذا الفتى طيب للغاية,5,PARTIALLY VALIDATED
data51112,WIKI_C_09027,C,التضاريس ديال بلاصة Blackdown Hills مع حداها East Devon AONB ماكاينش بحالهم فالجنوب الغربي ديال النݣليز، حيت كيشكلو جزء من واحد البلاصة كبيرة فيها الرمل الخضر الفوقاني فالمنطقة.,"tatayaz jiyolojiya tilal Blackdown, bil idafa ila mintaqat Sharq Devon dhat al-ahammiya al-wataniya al-mujawira, bifaradatiha fi janub gharb Injiltira, haythu tushakkil juz'an min an-natw' al-wahid al-wasi' lit-takwinat ar-ramliya al-khadra' al-'ulwiya fi al-mintaqa.","The geology of the Blackdown Hills together with the adjoining East Devon AONB is unique in south @-@ west England , forming part of the only extensive outcrop of Upper Greensand in the region .",تتميز جيولوجيا تلال بلاكدون، بالإضافة إلى منطقة شرق ديفون ذات الأهمية الوطنية المجاورة، بفرادتها في جنوب غرب إنجلترا، حيث تشكل جزءًا من النتوء الوحيد الواسع للتكوينات الرملية الخضراء العلوية في المنطقة.,28,GENERATED
data51113,DATA_20488,B,محرك: 1 × محرك بريستول سنتوراس IX 18 سلندر شعاعي، 2520 حصان (1880 كيلوواط),"moharrik: 1 x moharrik Bristol Centaurus IX 18 cylinder شعاعي, 2520 7essan (1880 kilowatt)","Powerplant : 1 × Bristol Centaurus IX 18 @-@ cylinder radial engine , 2 @,@ 520 hp ( 1 @,@ 880 kW )",محرك : 1 × محرك شعاعي بريستول سينتورس IX ذو 18 أسطوانة، 2520 حصاناً (1880 كيلوواط).,23,GENERATED
data51114,WIKI_C_00106,C,أبسي، طوبْياس. تفاهات فينكلشتاين: أخطار معاداة الصهيونية العامية (مراجعة ديال صناعة الهولوكوست)، <unk>؛ دخلنا ليها نهار 1 نونبر 2015.,"absi, tobias. tfaahat finkelstein: akhtar m3adat s-sihyouniya l-3amiya (moraaja3a dyal senaa3t l-holocaust), <unk>; dakhalna lih nhar 1 november 2015.","Abse , Tobias . Finkelstein 's Follies : The Dangers of Vulgar Anti @-@ Zionism ( review of The Holocaust Industry ) , <unk> ; accessed November 1 , 2015",أبسي، طوبْياس. تفاهات فينكلشتاين: مخاطر الصهيونية المعادية المبتذلة (مراجعة لكتاب صناعة الهولوكوست)، <unk>؛ تم الاطلاع عليه في 1 نوفمبر 2015.,19,GENERATED
data51115,DATA_12098,A,عمرك ت سكن فهاد الكريان,3emrek t sken fhad lkaryan,you should never live in karyan,ينبغي ألا تسكن في كريان أبدًا,6,PARTIALLY VALIDATED
data51116,DATA_12680,B,أيونات ديال الزنك والنحاس والكالسيوم والحديد والسيلينيوم مع الفيتامين سي كيتستعملو باش يعالجو التسمم ديال الكادميوم، واخا ماشي ساهل يتقلب المفعول ديالو.,"Iyonat dyal زنك w nahas w lkalsyom w lhadid w silinyom m3a lvitamin si kaytsta3mlo bash y3aljo tasmom dyal lkadmyom, wakha machi sahel yatqleb lmaf3ol dyalo.","Zinc , Cu , Ca , and Fe ions , and selenium with vitamin C are used to treat Cd intoxication , though it is not easily reversed .",تُستخدم أيونات الزنك والنحاس والكالسيوم والحديد، والسيلينيوم مع فيتامين سي لعلاج التسمم بالكادميوم، على الرغم من أن ذلك لا يمكن عكسه بسهولة.,29,GENERATED
data51117,DATA_5643,A,جيني ڭود,jini goud,Get straight to the point,اذْهَبْ مُباشَرَةً إلى صُلْبِ المَوْضُوعِ,5,PARTIALLY VALIDATED
data51118,DATA_23670,B,جاك ليكوك - المسرح الجسدي اللي كيتْقَرّا ف ل'إيكول انتيرناسيونال دو تياطر جاك ليكوك اللي أسسها ليكوك، متأثر بـ نو.,"Jak Lecoq - Lmesrah Ljasadi li kaytqra f L'ecole Internationale du Theatre Jacques Lecoq li أسسها Lecoq, mta2ter b No.",Jacques Lecoq – Physical theatre taught at L 'École Internationale de Théâtre Jacques Lecoq founded by Lecoq is influenced by Noh .,يُعتبر المسرح الجسدي الذي يُدرّس في المدرسة الدولية للمسرح جاك لوكوك، التي أسسها لوكوك، متأثرًا بمسرح نو.,22,GENERATED
data51119,WIKI_C_04276,C,الدورة دابا فيها بالأساس تلاتة ديال الأنواع ديال لكويكبات: النوع C ولاّ لكويكبات الكربونية، النوع S ولاّ لكويكبات السيليكاتية، والنوع M ولاّ لكويكبات المعدنية.,"doura daba fiha bel اساس tlata dyal anwa3 dyal lkwaykbat: nawa3 C wlla lkwaykbat lkarboniya, nawa3 S wlla lkwaykbat lsiliikatiya, w nawa3 M wlla lkwaykbat lma3daniya.","The current belt consists primarily of three categories of asteroids : C @-@ type or carbonaceous asteroids , S @-@ type or silicate asteroids , and M @-@ type or metallic asteroids .",تتكون الحزام الحالي بشكل أساسي من ثلاث فئات من الكويكبات: كويكبات من النوع C أو الكربونية، وكويكبات من النوع S أو السيليكاتية، وكويكبات من النوع M أو المعدنية.,24,GENERATED
data51120,WIKI_D_10104,D,"جونز ولويز مينشين قدّمو السلسلة الوثائقية ""الجريمة والعقاب""، اللي دازت على بي بي سي وان ف 12 مارس 2012. ف 21 ماي 2012، جونز التحق ب ITV فول تايم كمراسل. ومن بعد مشا من البرنامج.","juns w-lwiz minshin qddmu s-salsla l-wtha2iqiya 'l-jrim w-l3iqab', li dazt 3la bbc wan f 12 mars 2012. f 21 may 2012, juns tlhaq b ITV ful time k-mrasil. w-mn b3d msha mn l-bnamij.","Jones and Louise Minchin presented the documentary series Crime and Punishment , which aired on BBC One on 12 March 2012 . On 21 May 2012 , Jones joined ITV <unk> full @-@ time as a reporter . He later left the show .","قدّم جونز ولويز مينشين السلسلة الوثائقية ""الجريمة والعقاب""، التي بُثّت على بي بي سي وان في 12 مارس 2012. في 21 مايو 2012، انضم جونز إلى آي تي في بدوام كامل كمراسل. وغادر البرنامج لاحقًا.",35,GENERATED
data51121,WIKI_C_06338,C,بحكم الكتلة الكبيرة ديال الكوكب، راه عملاق غازي وما عندوش سطح صلب. وبما أن الكوكب تكتشف غير بطريقة غير مباشرة، بحال الشعاع ديالو، والتركيبة ديالو، والحرارة ديالو، راه ما معروفينش.,"b7km l-kuta l-kbira dyal l-kawkab, rah 3imlaq ghazi w ma 3andoch satir solid. w bima anna l-kawkab tktchaf ghir b tari9a ghir mtachira, b7al chcho3a3 dyalo, w tarkaiba dyalo, w 7arara dyalo, rah ma ma3rofinch.","Given the planet 's high mass , the planet is a gas giant with no solid surface . Since the planet has only been detected indirectly , parameters such as its radius , composition , and temperature are unknown .",نظرًا للكتلة الكبيرة للكوكب، فإن الكوكب عملاق غازي بلا سطح صلب. وبما أن الكوكب تم اكتشافه بشكل غير مباشر فقط، فإن عوامل مثل نصف قطره، وتركيبه، ودرجة حرارته غير معروفة.,30,GENERATED
data51122,WIKI_D_08810,D,واحد العاصفة شبه مدارية مجهولة اللي ما كانتش باينة فالأول، اكتشفوها الناس ديال الـ NHC مللي سالا السيزون. هاد العاصفة اللي دوزات وقت قصير بزاف تشكلات نهار 4 أكتوبر جنوب جزر الآزور و امتصاتها شي منخفض جوي خارجي النهار اللي موراه، من بعد ما دازت من فوق هادوك الجزر.,"wa7d l3asifa shibh مدارية majhoola lli makantsh bayna fal-awwal, aktashfooha nass dyal l-NHC mlli salla s-sizon. Had l3asifa lli dawwzat waqt qsir bzzaf tashakkalat nhar 4 oktober janub jzour l-azour w-amtasstha shi mnyakh jawi khariji nhar lli morah, men ba3d ma dazet men fawq hadook l-jzour.","An initially unnoticed Unnamed Subtropical Storm was discovered by the NHC during the postseason analysis . This short @-@ lived subtropical storm formed on October 4 south of the Azores and was absorbed by an extratropical low the next day , after passing over those islands .",تم اكتشاف عاصفة شبه مدارية مجهولة لم يلاحظها أحد في البداية من قبل المركز الوطني للأعاصير خلال التحليل اللاحق للموسم. تشكلت هذه العاصفة شبه المدارية قصيرة العمر في 4 أكتوبر جنوب جزر الأزور وامتصها منخفض خارجي في اليوم التالي، بعد مرورها فوق تلك الجزر.,49,GENERATED
data51123,DATA_22840,B,ربحو مجموعين 12 بطولة ديال روما مورًّا على بعضياتها من 2005. فهاد المدة، نادال ربح 7، دجوكوفيتش 4، وموراي 1.,"rb7u mejmu3in 12 بطولة dyal roma murra 3la b3diathom mn 2005. fhad lmoda, nadal rbeh 7, djokovich 4, u moray 1.","Won a combined 12 consecutive Rome Masters titles since 2005 . During this period Nadal has won 7 , Djokovic 4 and Murray 1 .",فازوا بـ 12 لقبًا متتاليًا في بطولة روما للأساتذة منذ عام 2005. خلال هذه الفترة، فاز نادال بـ 7 ألقاب، وجوكوفيتش بـ 4، وموراي بلقب واحد.,25,GENERATED
data51124,DATA_21181,B,من بين 26 نص لي كيتّعتابرو معروفين و باقيين حتى لدابا، غير النص فيهم اللي مزيان و مضمون مئة فالمئة.,"men bin 26 ness li kayt'tabru ma'rufin u baqiyin hetta l daba, ghir n-ness fihom li mzyan u medmun miyya fl-miyya.","Of the 26 commonly accepted texts that survive , only half are in good condition and authentic beyond doubt .",من بين النصوص الستة والعشرين المقبولة بشكل شائع والتي لا تزال باقية، نصفها فقط في حالة جيدة وأصيلة بلا شك.,20,GENERATED
data51125,DATA_18912,B,"فال الحرب، جورناليست ديال نيويورك تايمز، ويليام لورانس كان ""خدام عند وزارة الدفاع وكيخلصوه"" .","fal harb, journaleest dyal New York Times, William Lawrence kan ""khddam 3nd wizarat d-difa3 o kaykhlssouh"".","During the war , The New York Times journalist William L. Laurence was "" on the payroll of the War Department "" .","خلال الحرب ، كان الصحفي في صحيفة نيويورك تايمز وليام ل. لورانس ""على كشوف رواتب وزارة الحرب"".",23,GENERATED
data51126,WIKI_C_05641,C,الريح الشرقية، بصفة عامة، هيا لي كتغلب على حركة الرياح في القطبين، الريح الغربية كتضرب في نص الكرة الأرضية، من مورا سلسلة الضغط العالي الشبه مداري، والريح الشرقية تاني كتغلب في المناطق المدارية.,"lrih lshar9iya, b-sfa 3amma, hiya li katghleb 3la 7arakt lri7 f l9otbain, lri7 lgharbia katdrob f nass lkora l-ardiya, men mora silsilt d-daght l3ali l-chibh مداري, w-lri7 lshar9iya tani katghleb f l-manati9 l- مدارية.","Easterly winds , on average , dominate the flow pattern across the poles , westerly winds blow across the mid @-@ latitudes of the earth , polewards of the subtropical ridge , while easterlies again dominate the tropics .",تهيمن الرياح الشرقية، في المتوسط، على نمط التدفق عبر القطبين، وتهب الرياح الغربية عبر خطوط العرض الوسطى للأرض، شمالاً من حافة الضغط شبه المداري، بينما تهيمن الرياح الشرقية مرة أخرى على المناطق المدارية.,33,GENERATED
data51127,DATA_12294,A,عمرك جربتي تشدّد على ولادك و ماتخليهومش يخرجو,3emrek jerebti tchedded 3la wladek ou mat5lihomch y5erjou,Have you tried inclose your kids at home,هل حاولت حصر أطفالك في المنزل؟,8,PARTIALLY VALIDATED
data51128,WIKI_D_04966,D,نهار 21 أكتوبر 2011، تعلن بلي وايت دخل فالتشكيلة النهائية ديال 12 واحد ديال فريق لندن لايتنينغ فالدوري الوطني ديال كرة السلة ديال كندا. من ديك الساعة، داروه فالاحتياط الغير نشيط.,"nhar 21 oktobar 2011, tlan blli white dkhl f t-chkala l-nihaya dyal 12 wa7d dyal فريق london lightning f-dori l-wa7di dyal kora dyal slal dyal canada. men dik sa3a, daroh f l-i7tiyat l-ghir na7it.","On October 21 , 2011 , it was announced that White had made the final twelve @-@ man roster for the National Basketball League of Canada 's London Lightning . He has since been placed on the inactive reserve list .",في الحادي والعشرين من أكتوبر عام 2011، أُعلن أن وايـت قد انضم إلى القائمة النهائية المكونة من اثني عشر لاعبًا لفريق لندن لايتنينغ في الدوري الوطني لكرة السلة الكندي. ومنذ ذلك الحين، تم وضعه في قائمة الاحتياط غير النشط.,31,GENERATED
data51129,DATA_15675,B,"هاد الضيعة عندها حق قديم وموروت ف القانون ك ""مول الحق الأسبق"" باش تستعمل كمية د الما بلا حدود من واد McCloud اللي حداها.","had ddi3a 3ndha 7eq qdim o mourout f lqanoun k ""moul l7eq l'asbaq"" bash tst3ml kmmiya d lma bla 7doud mn wad McCloud li 7daha.","The estate is grandfathered in the law as a "" senior rights holder "" to use an unlimited amount of water from the adjoining McCloud River .","يُمنح العقار بموجب القانون ""صاحب حقوق أقدم"" لاستخدام كمية غير محدودة من المياه من نهر ماكلاود المجاور.",27,GENERATED
data51130,WIKI_D_05907,D,ليندا سكايلر و ستيفن ستوهن كانو كمنتجين تنفيذيين من نهار بدات السلسلة. موظفين أخرين ديال إبيتوم بيكتشرز و أعضاء آخرين من طاقم السلسلة تاهوما تقيدو بنفس اللقب، بحال سارة سنو، بريندن يورك، جيمس هيرست، آرون مارتن، و سارة <unk>.,"linda schuyler w stephen stohn kano k منتجين تنفيذيين mn nhar bdat silsila. mozafin akhryin dyal epitome pictures w a3da2 akhryin mn ta9am silsila tahoma ta9aydou bnafs la9ab, bhal sara snow, brendon york, james hurst, aaron martin, w sara <unk>.","Linda Schuyler and Stephen Stohn have served as executive producers since the series began . Other Epitome Pictures employees and series crew members have also been credited with the title , including Sara Snow , Brendon Yorke , James Hurst , Aaron Martin . , and Sarah <unk> .","شغلت ليندا شويلر وستيفن ستوهن منصب المنتجين التنفيذيين منذ بداية المسلسل. كما تم تكريم موظفين آخرين في ""إبيتوم بيكتشرز"" وأعضاء من طاقم المسلسل بنفس اللقب، بمن فيهم سارة سنو، وبريندن يورك، وجيمس هيرست، وآرون مارتن، وسارة <unk>.",39,GENERATED
data51131,DATA_4871,A,كانخدم بالليل,kankhdem bllil,I work in the evenings,أعمل في المساء,5,PARTIALLY VALIDATED
data51132,DATA_7456,A,واحدة داوز عليها,wa7da dawz 3liha,and one you pass on her,ومن تمر بها,6,PARTIALLY VALIDATED
data51133,WIKI_D_09962,D,ما تزادت تا شي بيت و الحكم صفر فالوقت الضايع ديال الماتش، بالضبط فالدقيقة مية و جوج. تيري لي دخلوه للسبيطار خرج فراسو و رجع للتيران باش يفرح مع صحابو.,"ma tzadt ta chi beat w l7kem sofr f lwaqt ldaye3 dyal lmatch, bdlbt f ldi9a mya w jweje. tiri li dkhlo sbitar khrej frasso w rje3 l tiran bach ifr7 m3a s7abo.",No further goals were scored and the full @-@ time whistle eventually blew in the 102nd minute of play . Terry who was admitted to hospital later discharged himself and returned to the stadium to celebrate with his teammates .,لم تُسجل أهداف أخرى، وأطلق حكم المباراة صفارة النهاية في الدقيقة الثانية بعد المئة من اللعب. أما تيري، الذي أُدخل إلى المستشفى، فقد خرج منه لاحقًا وعاد إلى الملعب للاحتفال مع زملائه في الفريق.,30,GENERATED
data51134,WIKI_C_09910,C,حتى العدد π كايبان كبارامتر طيفي مهم في تحويل فورييه. هادشي هو التحويل التكاملي، اللي كايدي واحد الدالة قابلة للتكامل f ذات قيم عقدية @-@ معرفة على الخط الحقيقي للدالة اللي معرفة ب:,"7ta l3adad pi kayban kparametr tifri mohim f tahwil fourier. hadchi huwa t-tahwil t-takmoli, li kaydi wa7d da7la qabila lit-takmol f dhata qiyam 3aqdiya @-@ ma3arfa 3la l-khatt l7aqiqi lid-da7la lli ma3arfa b:","The constant π also appears as a critical spectral parameter in the Fourier transform . This is the integral transform , that takes a complex @-@ valued integrable function f on the real line to the function defined as :",يظهر الثابت π أيضًا كمعامل طيفي حاسم في تحويل فورييه. هذا هو التحويل التكاملي، الذي يأخذ دالة قابلة للتكامل f ذات قيم مركبة @-@ معرفة على الخط الحقيقي إلى الدالة المعرفة كالتالي:,33,GENERATED
data51135,DATA_23447,B,جوج سيبتمبر 2009 – سينا على عقد جديد مع فانكوفر كانوكس ديال 12 عام بـ 64 مليون دولار.,jouj septamber 2009 - sina 3la 3aqd jdid m3a vancouver canucks dyal 12 3am bـ 64 million dollar.,"September 2 , 2009 – Signed a 12 @-@ year , $ 64 million contract extension with the Vancouver Canucks .",٢ سبتمبر ٢٠٠٩ – تم توقيع عقد تمديد لمدة ١٢ عامًا بقيمة ٦٤ مليون دولار مع فريق فانكوفر كانوكس.,21,GENERATED
data51136,WIKI_D_03953,D,واحد الأوبرا اللي تحگرات ف 1987 من عند كبار النقاد ديال نيويورك - بحال شي أوبرا ديال سي إن إن ما عندها قيمة باقية ملي دارت العرض الأول ديالها هيوستون جراند أوبرا - بقات باينة عندها قيمة. وصلت للميت لأول مرة، و دابا كيشوفو فيها بحال شي حاجة كلاسيكية.,"wa7d l'opera li t7gret f 1987 mn 3nd kbar nqad dyal New York - b7al chi opera dyal CNN ma 3ndha qima baghya mli darat l3rd l'awwal dyalha Houston Grand Opera - bqat bayna 3ndha qima. Wslt lMet l'awl mrra, w daba kichefofiya b7al chi 7aja classique.","An opera that was belittled in 1987 by major New York critics – as a CNN Opera of no lasting merit when Houston Grand Opera premiered it – has clearly remained relevant . Reaching the Met for the first time , it is now hailed as a classic .",أوبراٌ سُفِّهَت في عام 1987 على يد كبار نقاد نيويورك - باعتبارها أوبرا سي إن إن بلا جدارة دائمة عندما عرضتها دار أوبرا هيوستن الكبرى لأول مرة - ظلت واضحة الأهمية بوضوح. ومع وصولها إلى المتروبوليتان لأول مرة، تُعد الآن تحفة كلاسيكية.,49,GENERATED
data51137,DATA_17817,B,التركيبة ديال هاد الخرائط ممكنة، وهادشي كيعطينا حلقة المصفوفات ديال المصفوفات نون × نون اللي كتمثل حلقة التشكل الذاتي ديال ري قوة نون.,T تركيبة ديال هاد الخرايط ممكنة، وهادشي كيعطينا حلقة المصفوفات ديال المصفوفات نون ف نون اللي كتمثل حلقة التشكل الذاتي ديال ري قوة نون.,"m composition of these maps is possible , and this gives rise to the matrix ring of n × n matrices representing the endomorphism ring of Rn .",من الممكن تأليف هذه الخرائط، وهذا يعطي حلقة المصفوفات لمصفوفات بحجم ن × ن تمثل حلقة التشاكل الذاتي للمتجه الفراغي ر ن.,28,GENERATED
data51138,WIKI_C_03658,C,جون كيتزميلر فدور كورال: واحد من جزر كايمان كان خدام عند جون سترانجوايز باش يمشي لجزيرة كراب كي بالسر باش يجيب عينات ديال الصخر؛ و كان كايخدم حتى مع فيليكس لايتر قبل ما يوصل بوند.,john kitzmiller f'dor quarrel: wa7d mn jozor cayman kan khdam 3nd john strangways bash ymshi l jzirt crab key b ser bash yjib 3ynat dyal s5or; w kan kay5dem 7ta m3 felix leiter qbl ma ywsl bond.,John Kitzmiller as Quarrel : A Cayman Islander who was employed by John Strangways to secretly go to Crab Key to collect rock samples ; he also worked with Felix Leiter before Bond 's arrival .,جون كيتزميلر في دور كورال: رجل من جزر كايمان وظفه جون سترانجوايز للذهاب سرًا إلى جزيرة كراب لجمع عينات الصخور؛ كما عمل مع فيليكس ليتر قبل وصول بوند.,35,GENERATED
data51139,WIKI_C_02515,C,بشحال هادي، الما ديال نورمان كان كيتعيب حيت فيه نسبة طالعة بزاف ديال الزرنيخ. دابا المدينة كتحاول تحارب هاد المشكل ببنيان آبار جداد و حيدان ديال القدام.,"bshal hadi, lma dyal norman kan tay3ib hit fih nsoba tale3a bzaf dyal zernikh. daba mdina kat7awl t7arbo had lmochkil b bnyan abyAr jdAd w 7ydAn dyal l9dAm.",In the past the Norman water supply has also been criticized for the presence of excessive levels of arsenic . The city is attempting to combat this problem by building new wells and removing older ones .,في الماضي، تعرضت شبكة إمدادات المياه النورمانية للانتقاد أيضًا لوجود مستويات مفرطة من الزرنيخ. تسعى المدينة جاهدة لمكافحة هذه المشكلة عن طريق بناء آبار جديدة وإزالة الآبار القديمة.,27,GENERATED
data51140,WIKI_C_06985,C,"التيوضيسي ديال الزهر والنحس فالسوسيولوجيا هي التيوري، كيفما قال ويبر، ديال كيفاش ""الناس اللي من طبقات اجتماعية مختلفة كيختارعو معتقدات مختلفة، ولا التيوضيسيات، باش يشرحو الوضعية الاجتماعية ديالهم"".","tiwdisi dyal zahar w n7s f l sociology hiya tiwri, kifma qal weber, dyal kifach ""nas li men taba9at اجتماعية mokhtalifa kichtare3o mo3ta9adat mokhtalifa, wla tiwdisiyat, bach ychar7o lwad3iya l اجتماعية dyalhom"".","The Theodicy of fortune and misfortune within sociology is the theory , as Weber suggested , of how "" members of different social classes adopt different belief systems , or theodices , to explain their social situation "" .","نظرية العدالة الإلهية للثروة وسوء الحظ في علم الاجتماع هي النظرية، كما اقترح فيبر، لكيفية ""تبني أفراد الطبقات الاجتماعية المختلفة لأنظمة معتقدات مختلفة، أو نظريات عدالة إلهية، لتفسير وضعهم الاجتماعي"".",28,GENERATED
data51141,WIKI_D_02995,D,فالحلقة، واحد الزلزلة كتخلي كلير محبوسة فالطواليط مع السباك. غلوريا كتفسر الكارثة الطبيعية كعلامة باللي الله باغي جاي يمشي للكنيسة، بينما ميتشل وكامرون كيستعملوها كعذر باش مايمشيوش لحفلة ديال بيبرز.,"f l7ala, wa7d zlzla katkhli Claire m7bousa f toilet m3a sbaq. Gloria k tfssr karita tab3iya ka 3lama bli Allah baghi Jay ymchi l knisa, b9i Mitchell w Cameron k yst3mloha ka 3odr bach maymchiwch l 7fla dyal Peppers.","In the episode , an earthquake causes Claire to be stuck in the bathroom with the plumber . Gloria interprets the natural disaster as a sign that God wants Jay to go to church while Mitchell and Cameron use it as an excuse to not attend Peppers party .",في الحلقة، يتسبب زلزال في أن تعلق كلير في الحمام مع السباك. تفسر جلوريا الكارثة الطبيعية على أنها علامة على أن الله يريد من جاي الذهاب إلى الكنيسة بينما يستخدم ميتشل وكاميرون ذلك كذريعة لعدم حضور حفلة بيبرز.,30,GENERATED
data51142,DATA_6606,A,اليوم رسمو شي أشكال زوينة فسما,l5youm ressmou chi achkal zwina fsma,the clouds painted a wonderful canvas in the sky,رسمت السحب لوحة رائعة في السماء,9,PARTIALLY VALIDATED
data51143,WIKI_D_10295,D,بهارات كاول بدور راجيش أرورا – البوليسي اللي مكلف يسيطر ويحافظ على القانون والنظام فديك لبلاصة اللي فيها الروينة @-@ تعرف على الركاب ديال الكار وعاون الإيَرز باش يلقاو فين يسكنو ف وقت حظر التجوال.,bharaat kawl b'douR rajiish arwraa - lbwliisi lli mklwf ysiTtr wyHaaSf 3laa lqawn wnnZaam fdik lblaaSa lli fihaa rruwna @-@ t3rrf 3laa rrkab dyal lkaar w3aawna liayrz baash ylqaw fiin ysknu f wqt HZwr tjjawl.,Bharat Kaul as Rajesh Arora – The police officer responsible for controlling and maintaining the law and order in the riot @-@ stricken area . He gets acquainted with the bus passengers and helps the Iyer ' couple ' find a place to stay during the curfew .,"بهارات كاول بدور راجيش أرورا – ضابط الشرطة المسؤول عن السيطرة على القانون والنظام والحفاظ عليهما في المنطقة التي تعاني من أعمال شغب. يتعرف على ركاب الحافلة ويساعد ""زوجي"" أيير في العثور على مكان للإقامة خلال فترة حظر التجول.",35,GENERATED
data51144,WIKI_C_07132,C,الغالبية هيا لي خاصو يدار على المدى الطويل باش نتحداو ارتفاع ديال البحر على طول الساحل ديال نورث نورفولك هو نرجعو اللور و نخليو البحر ياكل شوية من الأرض. راه ديجا طبقناه ف بلايص مهمة بحال تيتشويل مارش.,lghalbiya hia li khasso ydar 3la lmada ltawil bach nt7addaw irtefa3 dyal lb7ar 3la taul sa7el dyal north norfolk huwa nرجعو llooor w nkhelliw lb7ar yakul shwiya mn l2ard. rah deja tbe9nah f blaayess mohemmine b7al titchwell marsh.,Managed retreat is likely to be the long @-@ term solution to rising sea levels along much of the North Norfolk coast . It has already been implemented at other important sites like Titchwell Marsh .,من المرجح أن يكون الانسحاب المنظم هو الحل طويل الأجل لارتفاع مستويات سطح البحر على طول جزء كبير من ساحل نورفولك الشمالي. وقد تم تنفيذه بالفعل في مواقع مهمة أخرى مثل مستنقع تيتشويل.,38,GENERATED
data51145,WIKI_D_03513,D,جزر النخيل ما فيهاش تخطيط مدني اللي يتقال عليه (أغلب المدينة ما تقاسش)، واخا رسميا عندهم سميات، ما كاينين لا علامات د الشوارع ولا حتى علامات المرور اللي كيكونوا معتادين في أغلب طرقات كوينزلاند الآخرين.,"juzur nakhil mafihash takhtit madani lli ytqal 3lih (aglab mdina ma tqas 3), wakha rasmiyan 3ndhom samyat, makaynin la 3lamat shwari3 wala hatta 3lamat murur likaykun m3tad fi aglab twriqat queensland lakhriin.","Palm Island has no urban planning to speak of ( most of the town has not been surveyed ) , although they officially have names there are no street signs or even traffic signs which are standard on most other Queensland roads .",لا تخطيط حضري يُذكر في جزيرة بالم (لم يتم مسح معظم المدينة)، وعلى الرغم من أن لديها أسماء رسمية، إلا أنه لا توجد لافتات شوارع أو حتى إشارات مرور قياسية في معظم طرق كوينزلاند الأخرى.,35,GENERATED
data51146,WIKI_D_12384,D,"ف بداية ديال لي تيتخات ديال النهاية ديال الفيلم ""Citizen Kane"" مكتوب باللي ""أغلبية ديال الممثلين الرئيسيين ف ""Citizen Kane"" جداد ف عالم السينما. مسرح ميركوري كيتشرف باش يقدمهم."" و ليستة الممثلين جاية بالترتيب التالي:",f bdaya dyal li ttitkhat dyal lnhaya dyal lfilm 'Citizen Kane' mktub blli 'aghlabiya dyal lmsallin lirayisin f 'Citizen Kane' jdad f 3alam sinima. msra7 Mercury kitchrf bach yqddmhom.' w listt lmsallin jayya bttartib tttali:,"The beginning of the film 's ending credits state that "" Most of the principal actors in Citizen Kane are new to motion pictures . The Mercury Theatre is proud to introduce them . "" The cast is listed in the following order :","تنص بداية شارات نهاية الفيلم على أن ""معظم الممثلين الرئيسيين في المواطن كين جدد في عالم الصور المتحركة. ويسر مسرح ميركوري تقديمهم."" وتُسرد قائمة الممثلين بالترتيب التالي:",35,GENERATED
data51147,WIKI_D_04132,D,ما بقيناش قادين نسيرو الحرب بأي أمل في النجاح. الحل الوحيد اللي بقى هو أن مية مليون ديال الشعب ديال اليابان يضحيو بحياتهم و يهاجمو العدو باش يْفَشّلوه و يْفَقّدوه الرغبة باش يزيد يتقاتل.,ma b9ina 9adin nsiyro l7arb b ay amal f naja7. 7al li wa7id li b9a hoa anna miya milyon dyal sha3b dyal l yaban yda77o b 7yatohom w yjaahmo l3ado b aash yfa77lohom w yfa93dohom r'gaba bach ymchiw yta9taloo.,We can no longer direct the war with any hope of success . The only course left is for Japan 's one hundred million people to sacrifice their lives by charging the enemy to make them lose the will to fight .,لم نعد قادرين على توجيه الحرب بأي أمل في النجاح. السبيل الوحيد المتبقي هو أن يضحي مائة مليون من الشعب الياباني بحياتهم بمهاجمة العدو ليُفقِدوه الأمل في القتال.,34,GENERATED
data51148,DATA_5359,A,خاصنا نعيّطو لپلومبي,khaSna n3eyyTo lplombi,We had to call a plumber,كان علينا استدعاء سباك,6,PARTIALLY VALIDATED
data51149,DATA_13267,B,لمقبرة اللي كانت فالأرض ديال المعتقل ولات بلاصة مشهورة فين الناس يرتاحو و يهدنو، و حتى بلاصة فين المعتقلين والمعتقلات يتلاقاو بيناتهم على خاطرهم.,"Lmaqbra lli kanet fl ard dyal lmu'taqal, walat blasa mashhura fin n-nas yartahu w yhednu, w hetta blasa fin lmu'taqalin w lmu'taqalat ytlaqaw binathum ala khatarhum.",The cemetery on the grounds became a popular spot for quiet relaxation as well as a place for intimate meetings between male and female internees .,أصبحت المقبرة في الموقع مكانًا شعبيًا للاسترخاء الهادئ، وكذلك مكانًا للاجتماعات الحميمة بين النزيلات والنزلاء.,26,GENERATED
data51150,DATA_12298,A,عمرك جربتي تسدق حوايجك,3emrek jerebti tsede9 7wayjek,Have you tried give off your clothes,هل حاولت إعطاء ملابسك؟,7,PARTIALLY VALIDATED
data51151,WIKI_D_03380,D,واخا الحكومة الشينوية كانت فلبدية تشكرات على طريقة باش تعاملت مع الزلزال (خصوصا مقارنة مع الحصار اللي دار المجلس العسكري فميانمار على المعونات فاش ضرب الإعصار نارݣيس)، من بعد الثقة فيها نقصات بسبب الفضيحة ديال بناء المدارس.,"wakha l-7okoma ch-shnawiya kanat fl-bdya tchokkra 3la tri9a bach t3amlat m3a z-zlzal (khososan mo9arana m3a l-7iSar li dar l-majlis l-3askari f-mianmar 3la l-mo3anat fash Darb l-i3Sar nargis), men ba3d thi9a fiha na9Sa b-sbab l-fDiHa dyal bna2 l-mdaras.","Although the Chinese government was initially praised for its response to the quake ( especially in comparison to Myanmar 's ruling military junta 's blockade of aid during Cyclone Nargis ) , it then saw an erosion in confidence over the school construction scandal .",على الرغم من أن الحكومة الصينية حظيت في البداية بالثناء على استجابتها للزلزال (خاصة بالمقارنة مع حصار المجلس العسكري الحاكم في ميانمار للمساعدات خلال إعصار نارجيس)، فقد شهدت بعد ذلك تآكلاً في الثقة بسبب فضيحة بناء المدارس.,37,GENERATED
data51152,WIKI_C_07159,C,بحال بحال، نيل براون جونيور، الممثل اللي كيلعب كييَّمُو، دار واحد لانطيرفيو فين لمح بشي مشاركة محتملة في الحلقة الأولى ديال السيزون 2. هادشي ما وصلش للتصويرة في الأخير.,"b7al b7al, neil brown junior, l ممثل li kayel3ab guillermo, dar wa7d l interview fin lma7 bchi moucharaka mo7tamala f l7al9a l-oula dyal season 2. hadchi ma wsalch l-tasswira f l-akhir.","Similarly , Neil Brown Jr . , the actor who plays Guillermo , gave an interview where he obliquely referred to possible participation in the Season 2 premiere . This ultimately never made it to the screen .",وبالمثل، أجرى نيل براون جونيور، الممثل الذي يؤدي دور غييرمو، مقابلة أشار فيها بشكل غير مباشر إلى مشاركة محتملة في العرض الأول للموسم الثاني. وهذا لم يصل في النهاية إلى الشاشة.,29,GENERATED
data51153,DATA_24036,B,"ڤيديو كليب: ""I Can't Go On, I'll Go On"" بمشاركة ڤانيسا هادجنز – ""Everything I Own"".","video clip: ""I Can't Go On, I'll Go On"" bmشاركة Vanessa Hudgens – ""Everything I Own"".","Music video : "" I Can 't Go On , I 'll Go On "" featuring Vanessa Hudgens – "" Everything I Own "" .","فيديو موسيقي: ""لن أستطيع الاستمرار، سأستمر"" بمشاركة فانيسا هادجنز - ""كل ما أملكه"".",25,GENERATED
data51154,WIKI_D_00146,D,"D.P. Kirby دافع باللي هاد المعركة كانت كتر من غير صراع بين جوج ملوك على معاملة واحد النبيل منفي، بل كانت ""جزء من واحد الصراع طويل باش يتحدد القيادة العسكرية والسياسية ديال الشعوب الأنجلية"" في ديك الوقت.","d.p. kirby dafe3 blli had lma3raka kanet ktar mn ghir sra3 bin jwaj mluk 3la mo3amelt wa7d nbil mnfi, bal kanet ""juz2 mn wa7d sra3 tawil bach it7dd lqiyada l3askariya w siyasiya dyal sho3ub lanjliya"" f dik wa9t.","D.P. Kirby has argued that the battle was more than a clash between two kings over the treatment of an exiled nobleman but was "" part of a protracted struggle to determine the military and political leadership of the Anglian peoples "" at that time .","جادل دي. بي. كيربي بأن المعركة كانت أكثر من مجرد صراع بين ملكين على معاملة نبيل منفى، بل كانت ""جزءًا من صراع طويل الأمد لتحديد القيادة العسكرية والسياسية للشعوب الأنجلية"" في ذلك الوقت.",37,GENERATED
data51155,DATA_15339,B,وصف ديال المناخ فغالبية ديال المقاطعات ديال الأرجنتين. و شي وحدين فيهم إحصائيات ديال المناخ ف بلايص مختارة ف كل مقاطعة (بالإسبانية),wesf dyal lmonakh f ghalibiya dyal lmoqata3at dyal l'arjentine. o shi whdin fihom ihsa'iyat dyal lmonakh f blayes mokhtara f kol moqata3a (b l'isbaniya).,Descriptions of the climate in most provinces of Argentina . Some of them include climatic statistics of selected locations in each province ( Spanish ),وصف مناخ معظم مقاطعات الأرجنتين. يتضمن بعضها إحصاءات مناخية لمواقع مختارة في كل مقاطعة (باللغة الإسبانية).,25,GENERATED
data51156,WIKI_C_05450,C,الكارمنير حتى هي داروها بكمية قليلة ف نيوزيلاندا. التحاليل ديال الد ان ا تأكدات ف 2006 باللي الزرع ديال الكابيرني فرانك ف واحد المنطقة كان فالصراحة كارمنير.,l'karménir 7atta hiya drouha bkomya qlila f newzelanda. t'7alil dyal l'dna t'2kdatt f 2006 blli zr3 dyal l'cabernet franc f wa7d l'mantaqa kan f'ssra7a karménir.,Carménère has also been established in small amounts in New Zealand . DNA testing confirmed in 2006 that plantings of Cabernet Franc in the <unk> region were in fact Carménère .,تم تأسيس الكرمنير بكميات قليلة أيضًا في نيوزيلندا. أكدت اختبارات الحمض النووي في عام 2006 أن زراعات كابيرنيه فرانك في منطقة <unk> كانت في الواقع كرمنير.,27,GENERATED
data51157,DATA_12658,B,تنظيمات التواصل الاجتماعي بحال Crisis Camp Haiti دارو باش يعاونو في تنظيم و تنسيق جهود الإغاثة في هايتي و حتى في الكوارث الكبرى اللي غايجيو من بعد.,tandaemat tawasol alijtima3i bhal Crisis Camp Haiti daro bash y3awno fi tandeem u t تنسيق jhood al ighata fi Haiti u hta fi lkawarath lkobbra li ghayjiw mn b3d.,Social networking organizations such as Crisis Camp Haiti were developed to aid in the structure and coordination of relief efforts in Haiti and future catastrophic events as well .,تم تطوير منظمات التواصل الاجتماعي مثل مخيم الأزمات هايتي للمساعدة في هيكلة جهود الإغاثة وتنسيقها في هايتي وفي حالات الكوارث المستقبلية أيضًا.,29,GENERATED
data51158,DATA_6673,A,اشناهيا احسن عطلة دوزتيها؟,achnahiya a7ssen 3otla dweztiha ?,what's the best vacation you've ever been on?,ما هي أفضل عطلة قضيتها على الإطلاق؟,8,PARTIALLY VALIDATED
data51159,WIKI_C_04041,C,"Dull, Paul S. (1978). Tarikh l-maʿraka dyal l-ʾustūl l-imbrāṭūrī lyābānī, 1941-1945. Naval Institute Press. ISBN 0-87021-097-1.","dull, paul s. (1978). tarikh l-ma3raka dyal l-2ustul l-imbraturi lyabani, 1941-1945. naval institute press. isbn 0-87021-097-1.","Dull , Paul S. ( 1978 ) . A Battle History of the Imperial Japanese Navy , 1941 @-@ 1945 . Naval Institute Press . ISBN 0 @-@ 87021 @-@ 097 @-@ 1 .",دال، بول س. (1978). تاريخ معارك البحرية الإمبراطورية اليابانية، 1941-1945. مطبعة المعهد البحري. رقم الكتاب المعياري الدولي 0-87021-097-1.,16,GENERATED
data51160,WIKI_C_07469,C,التركيبة العامة ديال بيرل جاية تقريبا من السي. بيرل مبنية على الإجراءات، فيها متغيرات، تعابير، تعليمات الإسناد، بلوكات محصورة بين الأقواس، هياكل التحكم، و الدوال الفرعية.,"ttstmd lbnia l3ama dyal perl bshkl wasi3 mn logha C. perl tabi3tha ijra2ia, m3 mutaghayirat, w ta3birat, w 3ibarat isnad, w kutal muhaddada bil2aqwas lma3qufa, w hayakl t7akkum, w dawal far3ia.","The overall structure of Perl derives broadly from C. Perl is procedural in nature , with variables , expressions , assignment statements , brace @-@ delimited blocks , control structures , and subroutines .",تستمد البنية العامة لبيرل بشكل واسع من لغة سي. بيرل طبيعتها إجرائية، مع متغيرات، وتعبيرات، وعبارات إسناد، وكتل محددة بالأقواس المعقوفة، وهياكل تحكم، ودوال فرعية.,26,GENERATED
data51161,DATA_24756,B,"لبدية ديال الرواية د جون لو كاريه ""تينكر، تيلر، سولجر، سباي"" (1974) واقعة ف كوانتوكس.","Lbidaya dyal r-riwaya d John le Carré ""Tinker Tailor Soldier Spy"" (1974) waq3a f Quantico.","The opening of John le Carré 's novel Tinker , Tailor , Soldier , Spy ( 1974 ) is set in the Quantocks .","تدور أحداث الفصل الافتتاحي لرواية جون لو كاريه ""تيلر، خياط، جندي، جاسوس"" (1974) في منطقة كوانتوكس.",24,GENERATED
data51162,WIKI_D_11611,D,"الحلقة كتبها المشارك في إنشاء السلسلة مايكل شور و أخرجها راندال إينهورن. ""فضيحة عيد الميلاد"" كانت آخر ظهور لضيف الشرف ديال الستاند أب كوميديان لويس سي.كي. بدور ديف ساندرسون، صاحب ليزلي لي كيخدم بوليسي.","el7alaqa ktbha lmochark f l'inschaa2 dial silsila michael schur w akhrajha randall einhorn. ""fadi7t 3id milad"" kanat lakher zhoor f silsila men lmocharakat dial dyof dial stand up comedian louis c.k. b dor dave sanderson, sahib leslie li khdem b polis.","The episode was written by series co @-@ creator Michael Schur and was directed by Randall Einhorn . "" Christmas Scandal "" marked the last of a string of guest appearances by stand @-@ up comedian Louis C.K. as Dave Sanderson , Leslie 's police officer boyfriend .","كتب الحلقة المؤلف المشارك في إنشاء المسلسل مايكل شور، وأخرجها راندال إينهورن. وكان ""جدل عيد الميلاد"" آخر ظهور في سلسلة من المشاركات الضيفية للكوميديان لويس سي. كيه. في دور ديف ساندرسون، حبيب ليزلي ضابط الشرطة.",34,GENERATED
data51163,WIKI_D_10908,D,نهار 8 أكتوبر، مارتي كان مهدد بزاف حتى خلا الحكومة المكسيكية تصدر تحذير من عاصفة مدارية من مانزانيلو لأكابولكو. التحذير تحيد نهار 9 أكتوبر ملي مارتي بعد. ماكانو لا ضحايا لا خسائر متعلقين بهاد الإعصار المداري.,"nhar 8 octobre, marty kan mhedd bzzaf hatta khla l hkouma l mexicaine tsder tdhir mn 3assifa مدارية mn manzanillo l acapulco. tdhir t7ayd nhar 9 octobre mli marty b3ed. makano la d7aya la khasayer mte3leqin b had l i3sar l مداري.","On October 8 , Marty was threatening enough to prompt the Mexican government to issue a tropical storm watch from Manzanillo to Acapulco . The warning was dropped on October 9 when Marty moved away . There were no associated casualties or damages with this tropical cyclone .",في الثامن من أكتوبر، كان مارتي يمثل تهديدًا كافيًا لدفع الحكومة المكسيكية إلى إصدار تحذير من عاصفة استوائية من مانزانيلو إلى أكابولكو. تم إسقاط التحذير في التاسع من أكتوبر عندما ابتعد مارتي. لم تكن هناك خسائر بشرية أو مادية مرتبطة بهذه العاصفة المدارية.,36,GENERATED
data51164,WIKI_C_02369,C,ستراتون بدا خدمتو ف واحد ديبارطومو ديال الفلسفة، كان كيقري دروس ديال الفلسفة، ولكن دغيا دارها تجريب. من بعد مشا كيدير لبحوث ف مشاكل ديال السوسيولوجيا و العلاقات الدولية.,"stratun bda khdemto f wa7d dipartimento dyal l-falsafa, kan kayqri dorus dyal l-falsafa, walakin dghya darha tajrib. mn ba3d msha kaydir lb7o7 f machakil dyal sosiolojya w l3alaqat dawliya.","Stratton began his career working in a philosophy department , teaching philosophy courses , but branched into experimentation soon after . He tackled problems of sociology and international relations later in his career .",بدأ ستراتون مسيرته المهنية بالعمل في قسم الفلسفة، يدرس مقررات الفلسفة، لكنه سرعان ما اتجه نحو التجريب. تناول لاحقًا في مسيرته مشاكل علم الاجتماع والعلاقات الدولية.,29,GENERATED
data51165,WIKI_D_05748,D,فحالات قاهرة فين العيشة كاتولي ماتّاطاقش، شي ناس كايستعملو الانتحار كوسيلة ديال الهروب. شي معتقلين فالمعسكرات النازية معروف عليهم باللي قتلوا راسهم بالتعمد بلمس السياج المكهرب.,"f 7alat qahira fin l3icha katoli mattaqch, chi nas kaysta3mlo linti7ar kousila dyal l7roob. chi m3taqlin fel m3askar naziya ma3rofin 3lihom belli qtaloo rasom b ta3amod blams siyaj lmkarahr.","In extenuating situations where continuing to live would be intolerable , some people use suicide as a means of escape . Some inmates in Nazi concentration camps are known to have killed themselves by deliberately touching the electrified fences .",في الحالات القاهرة التي يصبح فيها الاستمرار في العيش لا يُطاق، يلجأ بعض الناس إلى الانتحار كوسيلة للهروب. ومن المعروف أن بعض المعتقلين في المعسكرات النازية قد أنهوا حياتهم عن عمد بلمس الأسلاك الشائكة المكهربة.,26,GENERATED
data51166,DATA_23244,B,R.W. Wise (2003). Asrar Dyal Tijara Dyal Ljewahr: Lmurshid Dyal Lmufahmin Lma'adin Thmina. Dar Nashr Brunswick House.,R.W. Wise (2003). Asrar dyal tijara dyal ljewahr: Lmurshid dyal lmuwahimin lma'adin thmina. Dar nashr Brunswick House.,R.W. Wise ( 2003 ) . Secrets of the Gem Trade : The Connoisseur 's Guide to Precious Gemstones . Brunswick House Press .,ر. دبليو. وايز (2003). أسرار تجارة الأحجار الكريمة: دليل الخبير للأحجار الكريمة الثمينة. دار برونزويك هاوس للنشر.,24,GENERATED
data51167,WIKI_D_01883,D,هورت وصف تلاتة ديال الطبعات ألمانية قديمة بالشروحات ديالها بلي ضروريين: طبعة شنايدر و لينك ديال 1818-1821 اللي ذكرناها قبل؛ طبعة كورت بوليكارب يواكيم سبرينجل ديال 1822 من هاله؛ و طبعة كريستيان فريدريش هاينريش ويمر ديال 1842 من بريسلاو.,hort wssef tlata dyal ttab3at lmaniya qdima bshar7at dyalhom blly daruriyyin: ttab3a dyal schneider w link dyal 1818-1821 lli dkrnaha qbl; ttab3a dyal kurt polycarp joachim sprengel dyal 1822 mn halle; w ttab3a dyal christian friedrich heinrich wimmer dyal 1842 mn breslau.,Three older German editions with commentaries are described by Hort as indispensable : Schneider and Link 's 1818 – 1821 edition already mentioned ; Kurt Polycarp Joachim Sprengel 's 1822 edition from Halle ; and Christian Friedrich Heinrich Wimmer 's 1842 edition from Breslau .,يصف هورت ثلاث طبعات ألمانية قديمة مع شروح بأنها لا غنى عنها: طبعة شنايدر ولينك التي ذكرت سابقًا (1818-1821)؛ وطبعة كورت بوليكارب يواكيم سبرينجل لعام 1822 من هاله؛ وطبعة كريستيان فريدريش هاينريش فيمر لعام 1842 من بريسلاو.,39,GENERATED
data51168,WIKI_C_09101,C,"ريبورط: ""ليكونومي ديال النيت و السخانة ديال الأرض"" (مع أرتور إتش. روزنفيلد و سوزان هيرمان) ، مركز ديال الحلول ديال الطاقة و المناخ ، المؤسسة العالمية ديال البيئة و التكنولوجيا ، 1999 – 2000","report: ""l'economie dyal net w sakhana dyal l'ard"" (m3a arthur h. rosenfeld w susan herman) , center dyal lhouloul dyal lta9a w l مناخ , l'mo2assa l3alamia dyal lbiyya w t-technologia , 1999 – 2000","Report : "" The Internet Economy and Global Warming "" ( with Arthur H. Rosenfeld and Susan Herrmann ) , Center for Energy and Climate Solutions , The Global Environment and Technology Foundation , 1999 – 2000","تقرير: ""الاقتصاد الرقمي والاحتباس الحراري"" (مع آرثر إتش. روزنفيلد وسوزان هيرمان)، مركز حلول الطاقة والمناخ، المؤسسة العالمية للبيئة والتكنولوجيا، 1999 – 2000",34,GENERATED
data51169,DATA_0764,A,مامتوقّعاش أنها طيح شتا ليوما,mamtwe993ach anaha TTi7 chta lioma,it's not supposed to rain today,من غير المتوقع أن تمطر اليوم,6,PARTIALLY VALIDATED
data51170,DATA_4406,A,ولكن غادي نوجد اقتراح ديالك، نلقى سبب واجه لمونديم,"walakin ghadi nwajad i9tira7 dyalk, nal9a sabab wajih lmonDim",But I'm going to try to set up your suggestion: Find a good reason for orgniser,لكنني سأحاول تطبيق اقتراحك: البحث عن سبب وجيه للمنظم.,16,PARTIALLY VALIDATED
data51171,DATA_1418,A,نتلاقاو قدام الفندق,ntla9aw gddam loTil,Let's meet in front of the hotel,دعنا نلتقي أمام الفندق,7,PARTIALLY VALIDATED
data51172,DATA_8452,A,راه أقصى مدير هو تمشي عند البوليس,rah a9saa madir howa tmchi 3end lboliss,you could go to the police,يمكنك الذهاب إلى الشرطة,6,PARTIALLY VALIDATED
data51173,DATA_0355,A,"تصنّت, كاتسمع هاد صداع?","tSennet, katsm3 had Sda3?","Listen, can you hear that noise?",استمع، هل تسمع هذا الضجيج؟,6,PARTIALLY VALIDATED
data51174,DATA_7755,A,بصحتك مال الحريرة مامزيانش,bsahtk mal hrira mamzyanch,why is harira not good ,لماذا الهريسة ليست جيدة؟,5,PARTIALLY VALIDATED
data51175,DATA_6898,A,إينا الرياضة لعبتي فسخرك؟,ina riyada l3ebti fse5rek ?,what sports did you play as a child?,ما هي الرياضات التي مارستها في طفولتك؟,8,PARTIALLY VALIDATED
data51176,WIKI_C_01119,C,ملي شراو اللي بقى من قطع الغيار ديال طيارات من عند Royal Aircraft Establishment و Cubana، ديك شركة ديال الطيران اللي ما معروفاش بقات خدامة ببريطانيا بريستول حتى لبدية التسعينات ف رحلات ديال السلعة من مطار نجلي لوجهات مختلفة ف البلاد.,"mali chraw li b9a mn qta3 lghyar dyal tayarat mn 3nd Royal Aircraft Establishment w Cubana, dik charika dyal tayan li ma ma3rofa b9at khadama b britania bristol 7ta l bidayt tsinat f ri7lat dyal s3la mn matar n bili lwajat mokhtalifa f blad.","Following purchase of remaining spare parts from Royal Aircraft Establishment and Cubana , <unk> airlines continued to operate Bristol Britannia into the early 1990s on regular cargo flights from N 'djili Airport to various destinations within the country .",بعد شراء قطع الغيار المتبقية من مؤسسة الطائرات الملكية وكوبانا، استمرت خطوط الطيران <unk> في تشغيل طائرات بريستول بريتانيا حتى أوائل التسعينيات في رحلات شحن منتظمة من مطار نجili إلى وجهات مختلفة داخل البلاد.,41,GENERATED
data51177,DATA_24774,B,"F wahed f abril 2003, New York Jets sinnaw Bennett. Sarhawh f telata w ʿeshreen f augustus 2003.","f wa7ed f abril 2003, New York Jets sinnaw Bennett. Sarhawh f tlata w 3eshreen f augustus 2003.","On April 1 , 2003 , the New York Jets signed Bennett . He was released on August 23 , 2003 .",في الأول من أبريل عام 2003، وقّعت نيويورك جتس مع بينيت. تم تسريحه في الثالث والعشرين من أغسطس عام 2003.,22,GENERATED
data51178,WIKI_D_09946,D,"مالكوم ماككولوك، أستاذ الطب النفسي الجنائي فجامعة كارديف، لمح باللي هاد الضْراب، والدور اللي لعب باها د هندلي فيه، يقدر يكون ""أدلة مهمة"" فمحاولة فهم الدور د هندلي فجرائم قتل المستنقعات:","malcolm makkulok, ostad l-ṭib al-nafsi l-jinā'i fi jami3at cardiff, lamaḥ bi-lli had drib, w-duro lli la3ba baha d hindley fiih, yiqdar ykun ""adila muhimma"" f-muḥāwalat fahom duro d hindley fi jara'im qatl l-mustanqa3at:","Malcolm MacCulloch , professor of forensic psychiatry at Cardiff University , has suggested that the fight , and the part that Hindley 's father played in it , may be "" key pieces of evidence "" in trying to understand Hindley 's role in the Moors murders :","اقترح مالكوم ماككولوك، أستاذ الطب النفسي الشرعي بجامعة كارديف، أن القتال، والدور الذي لعبه والد هندلي فيه، قد يكون ""قطعًا أساسية من الأدلة"" في محاولة فهم دور هندلي في جرائم قتل المستنقعات.",31,GENERATED
data51179,WIKI_D_08901,D,بدات ف 1865 ف سان فرانسيسكو، كولبريث كانت كادير لي ريونيوات ديال الأدب ف دارها، و كانت كتستضيف قراية ديال الشعر و نقاشات على مواضيع الساعة، بحال الصالونات اللي كانوا ف أوروبا. عاونات كتاب بحال جيليت بورجيس و لورا ريدن باش يوليوا معروفين كتر.,"bdaat f 1865 f san fransisko, kulbrith kanat kadiir li ryunioat dyal al adab f darha, w kanat katstaadiif qraaya dyal ash'r w nqaashaat 'ala mawadii' as-saa'a, bhaal as-saloonaat lli kanoo f orobba. 'aawanat ktaab bhaal gelett burgess w laura redden bash yuliiwu ma'rufeen ktr.","Beginning as early as 1865 in San Francisco , Coolbrith held literary meetings at her home , hosting readings of poetry , and topical discussions , in the tradition of European salons . She helped writers such as Gelett Burgess and Laura Redden <unk> gain wider notice .",بدءًا من عام 1865 في سان فرانسيسكو، كانت كولبريث تعقد لقاءات أدبية في منزلها، مستضيفةً قراءات للشعر ومناقشات حول مواضيع الساعة، على غرار الصالونات الأوروبية. وقد ساعدت كتابًا مثل جيليت بورجيس ولورا ريدن على اكتساب شهرة أوسع.,44,GENERATED
data51180,WIKI_D_06650,D,أخيرا، راه جريمة تدي ولا تكون عندك ولا تحت السيطرة ديالك شي وثيقة تخريبية. الوثيقة كاتعتبر تخريبية إذا كانت، كليًا ولا جزئيًا، عندها ميل:,"akhrin, rah jarima diri wla tkoun 3ndk wla ta7t s_tira dyalk chi wthiqa tkhribiya. lwthiqa katchof tkhribiya ila kanat, kulyan wla jzian, 3ndha mil:","Finally , it is an offence to carry or have in one 's possession or under one 's control a subversive document . A document is deemed to be subversive if , in whole or in part , it has a tendency :",أخيرًا، يُعَدُّ حمل أو حيازة أو سيطرة شخص ما على وثيقة تخريبية جريمة. وتُعتبر الوثيقة تخريبية إذا كان لديها، كليًا أو جزئيًا، ميل إلى:,24,GENERATED
data51181,DATA_8612,A,راه نهائي هاد القرار ماعندك ماتدير موراه,rah niha2i had l9arar ma3endek matdir morah,this is a final decision no going back,هذا قرار نهائي لا رجعة فيه,8,PARTIALLY VALIDATED
data51182,WIKI_D_10115,D,"ف شهر واحد 1921، بالمر، حيتاش صحة دبس كانت كتدهور، اقترح على ويلسون باللي دبس ياخد عفو رئاسي يطلق سراحو نهار 12 فبراير، عيد ميلاد لينكولن. ويلسون رجّع الأوراق مورا ما كتب عليها ""مرفوض"".","f shhar 1 1921, palmer, 7aytach s77a debs kanet katdhawwar, taq7arah 3la wilson blli debs yakhod 3fo riyasi yitlaq sra7o nhar 12 fibrayir, 3id milad linkoln. wilson rajja3 l-awraq mura ma kteb 3liha ""marfoud"".","In January 1921 , Palmer , citing Debs ' deteriorating health , proposed to Wilson that Debs receive a presidential pardon freeing him on February 12 , Lincoln 's birthday . Wilson returned the paperwork after writing "" Denied "" across it .","في يناير 1921، اقترح بالمر على ويلسون، مشيراً إلى تدهور صحة دبس، أن يحصل دبس على عفو رئاسي يطلقه سراحه في 12 فبراير، عيد ميلاد لينكولن. أعاد ويلسون الأوراق بعد أن كتب عليها ""مرفوض"" تمشياً مع ذلك.",34,GENERATED
data51183,DATA_21571,B,"فارس الصليب الأكبر مع التاج، وسام البيت والاستحقاق لبيتر فريدريك لويس (المعروف بـ ""وسام الاستحقاق"")، أولدنبورغ.","فارس الصليب الأكبر مع التاج، ويسام البيت والاستحقاق لبيتر فريدريك لويس (المعروف بـ ""ويسام الاستحقاق"")، أولدنبورغ.","Knight , Grand Cross , with Crown , House and Merit Order of Peter Frederick Louis ( a.k.a. "" Order of Merit "" ) , Oldenburg","وسام بيت and Merit Order of Peter Frederick Louis، رتبة القائد الأعلى، مع التاج، (ويعرف أيضاً بـ ""وسام الاستحقاق"")، أولدنبورغ",26,GENERATED
data51184,WIKI_C_07441,C,السيرية اللولة كانت معروفة بالكونسيبت ديالها الغريب، الباروديات خارج السياق، النكت السيمانتيكية و الفلسفية، نثر مضغوط و الاستعمال المبتكر ديال المؤثرات الصوتية و التقنيات الصوتية.,"l'serie l'oula kanat ma3roufa b l'concept dyalha l'ghrib, l'parodies kharjin 3la l'siyaq, nokat semantic w falsafiya, nathr mghwwt w istikhdam moubtakir dyal l'mouathirat sotia w taqniyat sotia.","The first series was noted for its unusual concept , out @-@ of @-@ context parodies , "" semantic and philosophical jokes "" , compressed prose and "" groundbreaking deployment of sound effects and voice techniques "" .","اشتهرت السلسلة الأولى بمفهومها غير العادي، وبارودياتها الخارجة عن السياق، و""النكات الدلالية والفلسفية""، ونثرها المكثف، و""استخدامها الرائد للمؤثرات الصوتية والتقنيات الصوتية"".",25,GENERATED
data51185,DATA_0575,A,أه راه ضحكت بتخبية موراها عليهوم كلهم.,ah rah D7kt btkhbia moraha 3lihom kolhom.,Oh I just laugh quietly afterwards at them all.,آه، أنا أضحك بهدوء بعد ذلك عليهم جميعًا.,9,PARTIALLY VALIDATED
data51186,WIKI_D_02887,D,فالمرحلة التانية ديال مشروع ميطرو حيدر أباد، غادي يتبنى خط ديال السكة ديال 28 كيلومتر بين <unk> / گاتشيبولي و RGIA. حتى اللخر ديال 2015، الدراسات ديال الجدوى ديال هاد المرحلة راها خدامة.,"f-lmr7la t-tanya dyal mrcho metro haydar abadh, ghadi ytbna khat dyal skka dyal 28 kilometer bin <unk> / gachibowli w RGIA. 7tta l-lkhr dyal 2015, d-drasat dyal l-jdwa dyal had lmr7la rah khadma.","Under the second phase of the Hyderabad Metro Rail project , a 28 @-@ kilometre ( 17 mi ) rail link between <unk> / Gachibowli and RGIA will be constructed . As of late 2015 , feasibility studies on the phase are underway .",في المرحلة الثانية من مشروع مترو حيدر أباد، سيتم إنشاء خط سكك حديدية بطول 28 كيلومترًا بين <unk> / Gachibowli و RGIA. اعتبارًا من أواخر عام 2015، تجري دراسات الجدوى للمرحلة.,33,GENERATED
data51187,DATA_12720,B,باب هيريرا كيتحل على بيت القربان، أقدم جزء فالكاتدرائية. خليط ديال الطراز النهضوي والقوطي.,"Bab Hrirra kaythall 3la bit lqorban, aqdam joz' fal-katidra2iya. Khlit dyal t-traz nnahdawi wal qoti.","The Herrera door opens into the sacristy , the oldest part of the cathedral . It is a mixture of Renaissance and Gothic styles .",يفتح باب هيريرا على المصلى، وهو أقدم جزء في الكاتدرائية. إنه مزيج من طرازي عصر النهضة والقوطي.,25,GENERATED
data51188,WIKI_D_01595,D,فالعصور الوسطى العليا، شي وحدين ديال العلماء الأوروبيين بحال هيلدڭارد ديال بينڭن، ألبرتوس ماڭنوس و فريدريك التاني وسّعو مجموعة ديال التاريخ الطبيعي. الطلعة ديال الجامعات الأوروبية، واخا مهمة للتطور ديال الفيزيك و الفلسفة، ماكان عندها تاثير كبير على الدراسات البيولوجية.,"f l3suur lwsT7 ly3lya, shi wa7din dyal l3ulama2 l2urubiyyin b7al hildegard dyal bingen, albertus magnus w frederic t-tani wss3u mzy3a dyal t-tarikh ttabi3i. T-Tal3a dyal l jam3at l2urubiyya, wakha muhimma l t-taTawwur dyal l fizik w l falsafa, makant 3ndha ta2tir kbbiir 3la d-drasat l biyulujiyya.","During the High Middle Ages , a few European scholars such as Hildegard of Bingen , Albertus Magnus and Frederick II expanded the natural history canon . The rise of European universities , though important for the development of physics and philosophy , had little impact on biological scholarship .",خلال العصور الوسطى العليا، قام عدد قليل من العلماء الأوروبيين مثل هيلدغارد من بنغين وألبرتوس ماغنوس وفريدريك الثاني بتوسيع نطاق مدونات التاريخ الطبيعي. كان لصعود الجامعات الأوروبية، على الرغم من أهميته لتطور الفيزياء والفلسفة، تأثير ضئيل على المنح الدراسية البيولوجية.,40,GENERATED
data51189,DATA_15412,B,الفلسفة اليهودية كدليل للحياة: روزنزفايغ، بوبر، ليفيناس، فيتجنشتاين. بلومنجتون: مطبعة جامعة إنديانا، 2008.,"Al falsafa al yahudiya k dalil lil hayat: Rozensweig, Buber, Levinas, Wittgenstein. Bloomington: Matba'at Jami'at Indiana, 2008.","Jewish Philosophy as a Guide to Life : Rosenzweig , Buber , Levinas , Wittgenstein . Bloomington : Indiana University Press , 2008 .",الفلسفة اليهودية كدليل للحياة: روزنزويغ، بوبر، ليفيناس، فيتغنشتاين. بلومنغتون: مطبعة جامعة إنديانا، 2008.,24,GENERATED
data51190,DATA_14550,B,"لفنانة/لمجموعة طلعات/طلقو حتى هما واحد 10' ديال ربعة ديال لي مورصو سميتو ""Let's Multiply"" سبيسيال/خاص/حصري غير نهار ديال محلات التسجيلات.","Lfenana/lmجموعة tella3at/tleqo 7tta huma wa7ed 10' dyal rb3a dyal li morsso smitu ""Let's Multiply"" sbisiyal/khas/7esri ghir nhar dyal m7allat ttesjilat.","The performers also released a four @-@ track 10 "" single "" Let 's Multiply "" exclusive for Record Store Day .","أصدر المؤدون أيضًا أغنية منفردة مدتها 10 بوصات بأربع أغانٍ بعنوان ""Let's Multiply"" حصريًا ليوم متجر التسجيلات.",22,GENERATED
data51191,WIKI_C_10849,C,العسكري و السياسي ديال البلاد روبرت كلايف كان النائب ديال شروزبري من عام 1762 حتى مات في 1774. كلايف خدم تا مرة وحدة كرئيس ديال البلدية في 1762.,l-3askarj w-l-siyasi dyal l-blad Robert Clive kan l-naib dyal Shrewsbury min 3am 1762 hatta mat f 1774. Clive khdem ta mera wa7da k-raiss dyal l-baladiya f 1762.,Local soldier and statesman Robert Clive was Shrewsbury 's MP from 1762 until his death in 1774 . Clive also served once as the town 's mayor in 1762 .,كان الجندي ورجل الدولة المحلي روبرت كلايف عضوًا في البرلمان عن شروزبري من عام 1762 حتى وفاته في عام 1774. كما شغل كلايف منصب عمدة المدينة مرة واحدة في عام 1762.,28,GENERATED
data51192,DATA_0114,A,هادي تقدر تكون تاريخية,hadi t9dr tkon taarikhia,This one may be historic,قد يكون هذا تاريخيًا,5,PARTIALLY VALIDATED
data51193,WIKI_D_04067,D,إيلا شي باطو عاون الكرو ديال الباطو @-@ لي غرق لاكونيا، ما غاديش نهاجم إلا ما هاجمونيش لبواخر ولا الطيارات. هَزّيت 193 راجل. 4 ° 53 جنوب / 11 ° 26 غرب - غواصة ألمانية.,"ila chi bato 3awen el crew dyal el bato @-@ li ghre9 laconia, ma ghadi-ch nahjem ila ma hajamunich el bawakhir wla ttiyarat. hazzet 193 rajl. 4° 53 janb / 11° 26 ghrb - ghawwassa almaniya.",""" If any ship will assist the ship @-@ wrecked Laconia crew , I will not attack providing I am not being attacked by ship or air forces . I picked up 193 men . 4 ° 53 South / 11 ° 26 West – German submarine """,إذا قامت أي سفينة بمساعدة طاقم السفينة الغارقة لاكونيا، فلن أهاجم شريطة ألا أتعرض لهجوم من قبل سفن أو قوات جوية. لقد أنقذت 193 رجلاً. 4 درجة 53 دقيقة جنوباً / 11 درجة 26 دقيقة غرباً - غواصة ألمانية.,35,GENERATED
data51194,WIKI_C_08809,C,طالبوت دار مع كورال الأصوات الشابة للعام الثاني في أوائل 2013، كانوا كايغنّيو فبلاصات فالمملكة المتحدة. كورال الدراري الصغار الأفارقة حتى هو شارك فهادشي.,"talbot dar m3a koral l-aSwat sh-shaba ll-3am t-tani f-awael 2013, kanu kayghnaw fblaSaT f-l-mamlaka l-mutaHida. koral d-drari S-Sghar l-afariqa 7ta howa sharik fhadshi.","Talbot toured with the Young Voices choir for a second year in early 2013 , performing at venues across the UK . The African Children 's Choir also took part in these events .","جال تالبوت مع كورال ""الأصوات الشابة"" للعام الثاني في أوائل عام 2013، مؤديًا في أماكن مختلفة في جميع أنحاء المملكة المتحدة. شارك كورال الأطفال الأفارقة أيضًا في هذه الفعاليات.",24,GENERATED
data51195,WIKI_D_05390,D,ملي توماس سبنس دفع على رخصة طيار تجاري، المدير العام للخدمات الطبية ديال سلاح الجو الملكي الأسترالي كان كايدير دور المقيم لصالح وزارة الطيران المدني. المدير العام ما شافش السجل الطبي ديال سبنس ف سلاح الجو الملكي الأسترالي.,"mlli Thomas Spence daf3 3la rokhsa tayyar tijaari, l-moudir l3am lilkhidemat tibbiyya dyal sla7 ljaww lmalaki l'australi kan kaydir dawr lmoqayyim lsa7t وزارة lTiyaran lmadani. l-moudir l3am ma shafsh ssil lTibbiy dyal Spence f sla7 ljaww lmalaki l'australi.",When Thomas Spence had applied for a commercial pilot licence the RAAF Director @-@ General of Medical Services had been acting as assessor for the Department of Civil Aviation . The Director @-@ General had neglected to check Spence 's RAAF medical history .,عندما تقدم توماس سبنس بطلب للحصول على رخصة طيار تجاري، كان المدير العام للخدمات الطبية بالقوات الجوية الملكية الأسترالية يقوم بدور المقيم لقسم الطيران المدني. لقد أهمل المدير العام فحص السجل الطبي لسبنس في القوات الجوية الملكية الأسترالية.,38,GENERATED
data51196,WIKI_C_05371,C,واحد التوجه ديال التفكير، اللي كيتسما غالبا الإيكوسوسياليزم ولا الماركسية الإيكولوجية، كيأكد باللي النظام الاقتصادي الرأسمالي ما يمكنش ليه يتوافق مع المتطلبات الإيكولوجية والاجتماعية ديال الاستدامة. هاد النظرية مبنية على هاد الافتراضات:,"wa7d ittowajjoh dyal ettfkir, lli kiytsma ghalban l'ecosocialisme walla l'marxismo l'ecologique, kiya2akkd bli nizam l'iqtisadi rra2smali machi momken lih itt wafq m3a lmotalabat l'ecologique w l'ijtima3iya dyal l'istidama. had nazzariya mabniya 3la had l'iftiradat:","One school of thought , often labeled ecosocialism or ecological Marxism , asserts that the capitalist economic system is fundamentally incompatible with the ecological and social requirements of sustainability . This theory rests on the premises that :",أحد مذاهب الفكر، غالبًا ما يُطلق عليه الاشتراكية البيئية أو الماركسية الإيكولوجية، يؤكد أن النظام الاقتصادي الرأسمالي غير متوافق جوهريًا مع المتطلبات البيئية والاجتماعية للاستدامة. ترتكز هذه النظرية على الافتراضات التالية:,32,GENERATED
data51197,WIKI_C_02947,C,شارل ماي (30 يونيو 1858 - 1 مارس 1932) كان مقاول وسياسي كندي. خدم ف مجلس مدينة إدمنتون ومن بعد ولا عمدة ديال إدمنتون من 1905 حتى 1906.,sharil may (30 jun 1858 - 1 mar 1932) kan m9awel w siyasi kandi. khdem f majlis madina dyal edmonton w men ba3d la 3omda dyal edmonton men 1905 hatta 1906.,"Charles May ( June 30 , 1858 – March 1 , 1932 ) was Canadian contractor and politician . He served on the Edmonton City Council and later as Mayor of Edmonton from 1905 to 1906 .",كان تشارلز ماي (30 يونيو 1858 - 1 مارس 1932) مقاولاً وسياسياً كندياً. خدم في مجلس مدينة إدمنتون، ولاحقاً عمدة لإدمنتون من عام 1905 إلى عام 1906.,28,GENERATED
data51198,WIKI_D_06720,D,خواكين فينيكس بدور كومودوس: ولد ماركوس أوريليوس الفاسد، الملتوي واللاأخلاقي، كيقتل باه فاش كيعرف باللي ماكسيموس غادي يشد سلطات الإمبراطور كامانة حتى تتشكل جمهورية جديدة.,"joaquin phoenix b'dor commodus: l'walde dyal marcus aurelius l'fasid, l'meltwi w'l-la-akhlaqi, kay9tel babah fach kay3ref belli maximus ghadi yched seltaat l'imbarator kamana hata tatchedel jomhouriya jdida.","Joaquin Phoenix as Commodus : The corrupted , twisted and immoral son of Marcus Aurelius , he murders his father when he learns that Maximus will hold the emperor 's powers in trust until a new republic can be formed .",خواكين فينيكس بدور كومودوس: الابن الفاسد، المنحرف، وغير الأخلاقي لماركوس أوريليوس، يقتل والده عندما يعلم أن ماكسيموس سيتولى سلطات الإمبراطور كوديعة حتى تتشكل جمهورية جديدة.,25,GENERATED
data51199,WIKI_C_09696,C,عند الناس اللي شاكين فيهم بلي عندهم تجلط فالوريد العميق، تقييم سريري ديال الاحتمال يقدر يعاون باش نعرفو شنو التحاليل اللي نديرو. والقياس السريري اللي تقرا بزاف هو سلم ويلز.,"3nd nass lli chakin fihom bli 3ndhom t7alod fel wared l3mi9, t9iim siriiri dyal l7timal y9dr y3awon bach n3rfo chno t7alil lli ndiro. w l9yas siriiri lli t9ra bzzaf howa slm wells.","In those with suspected DVT , a clinical assessment of probability can be useful to determine which tests to perform . The most studied clinical prediction rule is the Wells score .",عند الأشخاص الذين يشتبه في إصابتهم بجلطة وريدية عميقة، يمكن أن يكون التقييم السريري للاحتمالية مفيدًا لتحديد الاختبارات التي يجب إجراؤها. القاعدة السريرية الأكثر دراسة للتنبؤ هي درجة ويلز.,30,GENERATED
data51200,DATA_19227,B,بـ زيادة على الجوائز اللي خدا ف مسيرتو كلاعيّب، ناش خدا تا تشجيعات و تقديرات على الإمكانيات ديالو الرياضية مورا ما تقاعد.,"b ziyada 3la ljawa2iz lli khda f msirto kla3ib, nash khda ta تشجيعات و تقديرات 3la limkaniyat dyalo riyadiya mora ma tqa3ad.","In addition to the awards he received during his playing career , Nash was awarded accolades for his sporting prowess after his retirement .",بالإضافة إلى الجوائز التي حصل عليها خلال مسيرته كلاعب، نال ناش إشادة ببراعته الرياضية بعد اعتزاله.,24,GENERATED
data51201,WIKI_C_00694,C,r هو الإحداثي الشعاعي ديال المصدر (اللي كيشبه المسافة الكلاسيكية من المركز ديال الجسم، ولكن راه في الواقع إحداثي شوارزشيلد)، و,"r huwa lhaddathi shshwa3i dyal lmasdar (lli kishbah lmasafa lklassikiyya mn lmarkaz dyal ljism, walakin rah fi lwaqi3 haddathi Schwarzschild), w","r is the radial coordinate of the source ( which is analogous to the classical distance from the center of the object , but is actually a Schwarzschild coordinate ) , and",و r هو الإحداثي الشعاعي للمصدر (وهو نظير المسافة الكلاسيكية من مركز الجسم، ولكنه في الواقع إحداثي شفارتزشيلد)، و,21,GENERATED
data51202,DATA_14339,B,آخر تعبير كيبين باللي نسبة الفرق كتساوي 6 زائد h فاش h ماكتساويش صفر و غير معرفة فاش h كتساوي صفر.,akher ta3bir kaybeyen balli nisbat lferq katsawi 6 زائد h fash h makatsawish sfer w ghir mo3arrafa fash h katsawi sfer.,The last expression shows that the difference quotient equals 6 + h when h ≠ 0 and is undefined when h,يُظهر التعبير الأخير أن نسبة الفرق تساوي ٦ + ح عندما ح ≠ ٠ وأنها غير معرّفة عندما ح,21,GENERATED
data51203,DATA_14996,B,بشكل عام، هادشي كيطرح تساؤلات على مستوى التواصل بين بودريمون والمصادر ديالو وجودة (شي) مادة لي جمعها.,"Bshekl 3am, hadshi kaytr7 tsa'ulat 3la mostawa ttawasul bin بودريمون w lmasadir diyalu w jodat (shi) madda li jm3ha.","On the whole , it raises questions about the level of communication between Baudrimont and his informants and the quality of ( some of the ) material elicited .",بشكل عام ، يثير هذا تساؤلات حول مستوى التواصل بين بودريمونت ومصادر معلوماته وجودة (بعض) المواد التي تم الحصول عليها.,29,GENERATED
data51204,DATA_23009,B,الأعداد العقدية كنزيدوها بزيادة الأجزاء الحقيقية و التخيلية ديال الأعداد اللي كنجمعو. يعني:,l'a3dad l3okadiya kanzidouha bziyadat l'ajza2 lha9i9iya w ttokhayoliya dyal l'a3dad li kanjam3o. ya3ni:,Complex numbers are added by adding the real and imaginary parts of the summands . That is to say :,تُجمع الأعداد المركبة بجمع الأجزاء الحقيقية والتخيلية للحدود المضافة. وبعبارة أخرى:,20,GENERATED
data51205,DATA_24626,B,جون كروفورد (1783 – 1868)، اللي كان الريزيدون ديال سنغافورة، وصف اللوح فجورنال ديالو ف 3 فبراير 1822 بهاد العبارات:,"John Crawfurd (1783 – 1868), lli kan rrizidon dyal singhafora, wsef l-llouh f-journal dyalo f 3 fevrier 1822 b had l-3ibarat:","John Crawfurd ( 1783 – 1868 ) , who was Resident of Singapore , described the slab in his journal on 3 February 1822 in these terms :",وصف جون كروفورد (١٧٨٣ – ١٨٦٨)، الذي كان مقيماً في سنغافورة، اللوح في مذكراته بتاريخ ٣ فبراير ١٨٢٢ بهذه المصطلحات:,28,GENERATED
data51206,DATA_1488,A,واش كتظن خاطيح الشتا اليوم؟,wach katDenn khaTTi7 chta lioma?,Do you think it'll rain today?,هل تعتقد أنها ستمطر اليوم؟,6,PARTIALLY VALIDATED
data51207,WIKI_D_03261,D,ملي تقادات ليه أمورو ديال القانون، موريسون ولا عندو الحرية باش يبدا يسجل الألبوم الأول ديالو مع وارنر بروس، والتسجيل كان ف استوديوهات سينتشري ساوند فنيويورك ف 25 سبتمبر، 1 و 15 أكتوبر 1968.,"mali tqadat lih amuro dyal lqanun, morrison wlla 3ndo l7oriya bach ybda ysjil lalbum l2awal dyalo m3a warner bros, wttsgil kan f studios century sound f new york f 25 september, 1 w 15 october 1968.","With his legal matters resolved , Morrison now had the freedom to proceed with recording his Warner Bros. debut album , with the recording sessions taking place at the Century Sound Studios in New York on 25 September , 1 and 15 October 1968 .",بعد أن تم حل مسائله القانونية، أصبح لدى موريسون الحرية للمضي قدمًا في تسجيل ألبومه الأول مع وارنر بروس، حيث جرت جلسات التسجيل في استوديوهات سنتوري ساوند في نيويورك في 25 سبتمبر، و 1 و 15 أكتوبر 1968.,34,GENERATED
data51208,DATA_20456,B,وراها بدا واحد العد التنازلي ديال 10 ثواني فالسْطاد، و الدراري صغار كانوا شادين بزاف ديال البالونات اللي طرطقوا ف دقة وحدة مع الجمهور اللي كان كيغوت الأرقام.,"wrah bda wa7ed l3add ttanazouli dyal 10 tewani fessTad, w ddrari sghar kanou chadin bzzaf dyal lbalounat li terT9ou f de99a wa7da m3a ljomhour li kan kayghout l'ar9am.","There was then a 10 @-@ second countdown in the stadium , with children holding clusters of balloons that burst simultaneously with the audience shouting out the numbers .",ثم كان هناك عد تنازلي لمدة 10 ثوانٍ في الملعب، حيث حمل الأطفال عناقيد من البالونات التي انفجرت في وقت واحد مع هتاف الجمهور بالأرقام.,29,GENERATED
data51209,DATA_13091,B,"و مذكورة تا فواحد المجموعة د القصايد ديال فيليب كونيل سميتها ""Poaching on Parnassus"" لي تنشرات ف 1865.","u medkoura ta fi wa7ed lmejmu3a d lqsa2id dial Philip Connel smitha ""Poaching on Parnassus"" li tnashrat f 1865.","It is also mentioned in a collection of poems by Philip Connell called "" Poaching on Parnassus "" published in 1865 .","كما ورد في مجموعة شعرية لـ فيليب كونيل بعنوان "" صيد على بارناس "" نُشرت عام 1865 .",22,GENERATED
data51210,DATA_21312,B,"1964 – 65 , 1973 – 74 , 1985 – 86 , 1988 – 89 , 1991 – 92 , 2000 – 01 , 2005 – 06","1964-65, 1973-74, 1985-86, 1988-89, 1991-92, 2000-01, 2005-06","1964 – 65 , 1973 – 74 , 1985 – 86 , 1988 – 89 , 1991 – 92 , 2000 – 01 , 2005 – 06",١٩٦٤-٦٥، ١٩٧٣-٧٤، ١٩٨٥-٨٦، ١٩٨٨-٨٩، ١٩٩١-٩٢، ٢٠٠٠-٠١، ٢٠٠٥-٠٦,27,GENERATED
data51211,DATA_18660,B,"نهار 30 أكتوبر 2010، جامعة فول سايل سمّات ستوديو تطوير الألعاب ديال الطلبة بـ ""ستوديوهات بلاكمور ديال ديف أرنيسون"" تكريماً ليه.","nhar 30 october 2010, jamiaat ful sail smmat studio tatwir alal'aab dyal tolab b ""studiyوهات blackmore dyal dave arneson"" takriman lih.","On October 30 , 2010 , Full Sail University dedicated the student game development studio space as "" Dave Arneson 's Blackmoor Studios "" in Arneson 's honor .","في 30 أكتوبر 2010، خصصت جامعة فول سايل مساحة استوديو تطوير الألعاب الخاص بالطلاب باسم ""استوديوهات بلاكمور لديف آرنسون"" تكريمًا لآرنسون.",29,GENERATED
data51212,WIKI_D_08852,D,"فـ 13 أكتوبر 2006، اللجنة ديال نوبل عطات جائزة نوبل للسلام ديال 2006 لـ بنك گرامين والمؤسس ديالو، محمد يونس، ""على المجهودات ديالهم باش يخلقو تنمية اقتصادية واجتماعية من التحت."" الإعلان ديال الجائزة ذكر حتى هو باللي:","f 13 oktobr 2006, l'komiti dyal nobel 3ta't jayz(a) nobel l'salam dyal 2006 l bank grameen w l mo2assiss dyalo, mohamed younes, ""3la l majhoudat dyalhom bach ykhlo9o tanmiya i9tisadiya w اجتماعية mn l ta7t."" l i3lan dyal l jayza dkr 7ta howa bli:","October 13 , 2006 , the Nobel Committee awarded Grameen Bank and its founder , Muhammad Yunus , the 2006 Nobel Peace Prize "" for their efforts to create economic and social development from below . "" The award announcement also mentions that :","في الثالث عشر من أكتوبر عام 2006، منحت لجنة نوبل بنك جرامين ومؤسسه محمد يونس جائزة نوبل للسلام لعام 2006 ""لجهودهما في تحقيق التنمية الاقتصادية والاجتماعية من القاعدة"". وذكر إعلان الجائزة أيضاً أن:",37,GENERATED
data51213,WIKI_C_12396,C,الكلية كتنظم أشاريا هبا، واحد التجمع سنوي ما بين الكليات اللي كيجذب كثر من 30 ألف طالب من كثر من 300 كلية في كارناتاكا.,"elkolia katnâdâm Acharya Habba, wâhed ta3mou3 sanawi ma bein lkoliât lli kîjdhob ktar men 30 alf talib men ktar men 300 kolia f Karnataka.","The college organises the Acharya Habba , an annual inter @-@ collegiate <unk> that attracts a crowd of over 30 @,@ 000 students from over 300 colleges across Karnataka .","تنظم الكلية ""أشاريا هبا""، وهو حدث سنوي بين الكليات يجذب حشدًا من أكثر من 30 ألف طالب من أكثر من 300 كلية عبر كارناتاكا.",24,GENERATED
data51214,DATA_13955,B,السفر ديال ريفادافيا و مورينو لأوروبا عام 1937، فين زارو بريست (فرانسا)، و فيلهيلمسهافن، و بريمن، و هامبورغ (ألمانيا)؛,"s-safar dyal Rivadavia u Moreno l'Europa 3am 1937, fin zaro Brest (Fransa), u Wilhelmshaven, u Bremen, u Hamburg (Almanya);","Rivadavia 's and Moreno 's 1937 voyage to Europe , where they visited Brest ( France ) , Wilhelmshaven , Bremen , and Hamburg ( Germany ) ;",رحلة ريفادافيا ومورينو عام 1937 إلى أوروبا، حيث زارا بريست (فرنسا)، فيلهلمسهافن، بريمن، وهامبورغ (ألمانيا).,28,GENERATED
data51215,WIKI_C_09508,C,العقل ماشي هاكا كايخدم: النطاق والحدود ديال علم النفس الحسابي، منشورات إم آي تي، عام ألفين، رقم الكتاب المعياري الدولي 0 @-@ 262 @-@ <unk> @-@ 8.,"el 3a9l machi haka kaykhdem: en-neta9 w-l7doud dyal 3elm en-nefs el-7sabey, mansourat MIT, 3am alf-in, re9m lektaab el-me3yari ed-dawley 0-262-<unk>-8.","The Mind Doesn 't Work That Way : The Scope and Limits of Computational Psychology , MIT Press , 2000 , ISBN 0 @-@ 262 @-@ <unk> @-@ 8 .",العقل لا يعمل بهذه الطريقة: نطاق وحدود علم النفس الحسابي، مطبعة معهد ماساتشوستس للتكنولوجيا، 2000، رقم الكتاب المعياري الدولي 0-262-<unk>-8.,27,GENERATED
data51216,DATA_22175,B,"على معدل مرجح @-@ ، سلم 100 نقطة @-@ ، التقرير ديال الكشاف ديال نايكيرك لـ ""Baseball Cube"" هو كالآتي:","Ala m3addal mrajja7 @-@, sollom 100 noqta @-@, ttaqrir dyal lkashshaf dyal Nykerk l ""Baseball Cube"" huwa kalati:","On a weighted @-@ average , 100 @-@ point scale , Neikirk 's Baseball Cube scouting report is as follows :",بمتوسط مرجح مقياسه 100 نقطة، يتلخص تقرير كشافة نيوكيرك لكرة البيسبول على النحو التالي:,21,GENERATED
data51217,WIKI_C_03958,C,ها اللي جاي دابا راه ليستة ديال المعدات اللي كانت كتخدم بيها الإثيوبية. كانو هليكوبترات وطيارات صغار موجودين للكرا للحكومة و حتى باش يتخدمو فمشاريع الموارد الطبيعية.,hadi hiya liste dyal l' معدات li kanou kaykhdmou biha l' Ethio. Helikopterat w tayyarat sagharet kanou mawjudin l' l'ikra' l' l'wizarat w hatta bach ytkhdmou f' machari3 dyal l' mawared ttabi3iya.,Following is a list of equipment previously operated by Ethiopian . Helicopters and light aircraft were available for leasing to Government agencies as well as to be used on natural resources projects .,فيما يلي قائمة بالمعدات التي كانت تشغلها الخطوط الجوية الإثيوبية سابقًا. كانت المروحيات والطائرات الخفيفة متاحة للإيجار للوكالات الحكومية وكذلك لاستخدامها في مشاريع الموارد الطبيعية.,27,GENERATED
data51218,WIKI_D_00208,D,"""درب باطربوت فيه شي جوج فاصلة خمسة ميل ( شي ربعة كيلومترو )، معلم بالصباغة الليمونية، كيدور فواحد الغابة ديال الشجر القاصح و كيدوز فوق واد باطربوت. جوج دريبات صغار كيربطو درب باطربوت مع درب لويالسوك.""","darb batrut fih chi 2.5 mil (chi 4 km), m3alam b l-sbagha l-limoniya, kidur f wa7d l-ghaba dyal shajr l-qaSS, w kiduz fawq wad batrut. 2 dribat sggharr kayrbuTT darb batrut m3 darb loyalsock.",Butternut Trail is a 2 @.@ 5 @-@ mile ( 4 @.@ 0 km ) trail marked with orange blazes that loops through a hardwood forest and crosses over Butternut Run . Two side trails connect Butternut Trail with the Loyalsock Trail .,طريق القرع العسلي هو طريق بطول 2.5 ميل (4.0 كم) مميز بعلامات برتقالية، يلتف عبر غابة خشب صلب ويعبر فوق مجرى باترنوت. يتصل طريقان جانبيان بطريق القرع العسلي مع طريق لويالسوك.,36,GENERATED
data51219,DATA_12467,A,عمرك جربتي تسدّر هاد نوع ديال ديسّير,3emrek jerebti tsedder had new3 dial dissir,Have you tried to exportate this kind of fruit,هل حاولت تصدير هذا النوع من الفاكهة؟,9,PARTIALLY VALIDATED
data51220,DATA_20782,B,"التيارات النفاثة القطبية و شبه المدارية كيتلاقاو فشي بلايص و شي وقات , و فشي وقات خرين كيكونوا مباعدين مزيان.","Attiyarat nnafata lqotbiya w shibh almadariya kitlaqaw f shi blayss w shi wqat, w f shi wqat khrin kikunu mba`din mezian.","The polar and subtropical jets merge at some locations and times , while at other times they are well separated .",تندمج التيارات النفاثة القطبية وشبه المدارية في بعض المواقع والأوقات، بينما تكون متباعدة بشكل جيد في أوقات أخرى.,21,GENERATED
data51221,DATA_13680,B,بدات الخدمة على فيلم Temperatures Rising في غشت 1972 والتصوير كان في Burbank Studios في Burbank، كاليفورنيا.,"Bdat lkhdma 3la film Temperatures Rising f Ghusht 1972, o ttswir kan f Burbank Studios f Burbank, California.","Production of Temperatures Rising was underway by August 1972 with filming done at the Burbank Studios in Burbank , California .","كان إنتاج فيلم ""ارتفاع درجات الحرارة"" قيد التنفيذ بحلول أغسطس 1972، حيث تم التصوير في استوديوهات بوربانك في بوربانك، كاليفورنيا.",21,GENERATED
data51222,WIKI_D_03884,D,الدروس على الطفيليات الخارجية، اللي عادة كانخدوهم فاش كانشدّو الحيوانات، ولكن حتى اللي كانخدوهم من عينّات قديمة فالمتحف، مهمين بزاف للدراسات على التطور المشترك و شي حاجة أخرى. ولكن، كاين اللي كيقول باللي هاد إعادة الفحص تقدر تدار من التصاور اللي مؤرشفة بلا ما نقتلو داك الشي اللي كاندرسو.,"ddrusss dyal ltofeilait kharijiya, li 3adatan kanakhdohom flach kancheddo l7iwanat, wlakin hata lli kanakhdohom men 3aynat qdima fel mat7af, mohemmin bezzzaf lddrast 3la tatowor lmoshterk w chi 7aja okhra. Wlakin, kayen lli kaygool belli had i3adet lfa7s tqdar tdar men tasawer lli marshifa bla ma nqtollo dakchi lli kanedroso.","Studies on ectoparasites , usually obtained during capture , but also obtained from old museum specimens , are valuable for studies on coevolution and <unk> . However , it has alternatively been argued that such re @-@ examination can be undertaken from archived photographs without killing the study piece .",تُعد الدراسات على الطفيليات الخارجية، والتي تُجرى عادةً أثناء الأسر، ولكنها تُجرى أيضًا من عينات متحفية قديمة، ذات قيمة لدراسات التطور المشترك و [غير معروف]. ومع ذلك، فقد تم الجدل بشكل بديل بأن مثل هذا الفحص يمكن إجراؤه من صور مؤرشفة دون قتل القطعة المدروسة.,49,GENERATED
data51223,WIKI_C_12206,C,المعركة ديال برونانبورو طراو فيها التقابيل ف 937 بين أثيلستان، ملك ديال النڭليز، و واحد التحالف ديال أولاف ڭوتفريثسون، ملك ديال دوبلين؛ قسطنطين، ملك ديال سكتلندا؛ و أوين، ملك ديال ستراثكلايد.,"lm3raka dyal brunaburh trawe fiha ttaqabil f 937 bin athilstan, malik dyal l'ngliz, w wahd ttalayuf dyal olf gutfrithson, malik dyal dublin; qstntin, malik dyal skotland; w owen, malik dyal strathclyde.","The Battle of Brunanburh was fought in 937 between Æthelstan , King of England , and an alliance of Olaf Guthfrithson , King of Dublin ; Constantine , King of Scotland ; and Owen , King of Strathclyde .",دارت معركة برونانبوه في عام 937 بين أثيلستان، ملك إنجلترا، وتحالف بقيادة أولاف غوثفريثسون، ملك دبلن؛ وقسطنطين، ملك اسكتلندا؛ وأوين، ملك ستراثكلايد.,31,GENERATED
data51224,WIKI_D_05532,D,كيمپ شارك فالتأسيس ديال جمعية اللاعيبة ديال AFL مع توم أديسون ديال بوسطن پاتريوتس، و تنتاخب رئيس ديالها خمسة دالمرات. التأسيس و المشاركة ديالو فالنقابة ديال اللاعيبة ساهم باش كان كيميل بزاف لجهة الديموقراطيين فالمسائل ديال الشغل من بعد فالكاريير ديالو.,"kemp sharek f-tasis dyal jam3iya l-la3iba dyal AFL m3a tom addison dyal boston patriots, w tntakhab riss dyalha khamsa d-l-mrat. t-tasis w-l-mosharka dyalo f-n9aba dyal l-la3iba sahhom bsh kan kymil bzzaf ljih_t l-dime9ratiyin f-l-msa2el dyal shghl mn b3d f-l-karyer dyalo.","Kemp co @-@ founded the AFL Players Association with Tom Addison of the Boston Patriots , and was elected its president five times . His founding of and involvement in the players ' union contributed to his frequent siding with the Democrats on labor issues later in his career .",شارك كيمب في تأسيس رابطة لاعبي دوري كرة القدم الأمريكية مع توم أديسون من فريق بوسطن باتريوتس، وتم انتخابه رئيسًا لها خمس مرات. ساهم تأسيسه ومشاركته في نقابة اللاعبين في انحيازه المتكرر للديمقراطيين في قضايا العمل لاحقًا في مسيرته المهنية.,41,GENERATED
data51225,WIKI_D_06883,D,"هوف، هاينز (1928)، ""Eine <unk> der Euler @-@ <unk> <unk>""، Nachrichten von der Gesellschaft der Wissenschaften zu Göttingen. <unk> @-@ Physikalische Klasse (بالألمانية) 2: 127–36.","hof, haynz (1928), ""una <unk> der euler @-@ <unk> <unk>"", nachrichten von der gesellschaft der wissenschaften zu gottingen. <unk> @-@ physikalische klasse (belmania) 2: 127-36.","Hopf , Heinz ( 1928 ) , "" Eine <unk> der Euler @-@ <unk> <unk> "" , Nachrichten von der Gesellschaft der Wissenschaften zu Göttingen . <unk> @-@ Physikalische Klasse ( in German ) 2 : 127 – 36 .","هوبف، هاينز (1928)، ""مقال في نظرية أويلر ...""، أخبار جمعية العلوم في غوتنغن. قسم الفيزياء (بالألمانية) 2: 127-36.",25,GENERATED
data51226,WIKI_C_03846,C,الناس اللي كيهضرو بالأوتاوا خايفين على لغتهم حيت لونجلي كاتزاد و اللي كيهضرو بها مزيان كينقصو. باش يرجعو اللغة كاتقرا فالسلك الابتدائي و الاعدادي.,nass li kayhdro b l-ottawa khayfin 3la l-ghathom hit l-inglish katzad w lli kayhdro biha mzyan kayn9o. bach yrj3o l-ghah kat9ra f s-slk l-ibtida2i w l-i3dadi.,Ottawa speakers are concerned that their language is endangered as the use of English increases and the number of fluent speakers declines . Language revitalization efforts include second language learning in primary and secondary schools .,يشعر المتحدثون بلغة الأوتاوا بالقلق من أن لغتهم مهددة بالانقراض مع زيادة استخدام اللغة الإنجليزية وانخفاض عدد المتحدثين الطلاقة. تشمل جهود إحياء اللغة تعلم اللغة الثانية في المدارس الابتدائية والثانوية.,24,GENERATED
data51227,DATA_8816,A,أنا غادي نيب ليك وحدة تبقى تلحلق عليك,ana ghadi niib lik we7da tb9a tle7le7 3lik,i will bring you who loves you,سأحضر لك من يحبك,7,PARTIALLY VALIDATED
data51228,DATA_11406,A,نتحداك ت دبّر ليا على شي منحة,nt7edak t debber liya 3la chi min7a,I dare you to find my fundraising,أتحدّاك أن تجد تمويلي,7,PARTIALLY VALIDATED
data51229,DATA_21342,B,رودمان عتارف بالخروقات ديالو بزاف، و لكن أكد باللي هو عاش حياتو كيف بغاها، و بالتالي حياة صادقة كثر من بزاف ديال الناس الآخرين.,"Rodman 3tarf b lkhrou9at dialo bzzaf, u lakin akkad blli huwa 3ash hyato kif bghaha, u bttali hyat sad9a ktr mn bzzaf dial nass lakhrin.","Rodman admitted his frequent transgressions , but asserted that he lived his own life and thus a more honest life than most other people :",اعترف رودمان بانتهاكاته المتكررة، لكنه أكد أنه عاش حياته الخاصة وبالتالي حياة أكثر صدقًا من معظم الناس الآخرين.,25,GENERATED
data51230,DATA_15368,B,التاريخ ديال طريقة تصنيع أتاي مرتبط بشكل كبير بالدور اللي كان كيلعب أتاي فالمجتمع الصيني والطرق اللي كانوا كيفضلوا يشربوه بيها الناس فالمجتمع الصيني القديم.,ettarikh dyal triqt tsni3 atay mrtabit bshkl kbir bddor lli kan كيلعب atay flmojtama3 ssini wttoroq lli كانوا كييفضلوه يشربوه biha nnas flmojtama3 ssini lqdim.,The history of the tea processing corresponds intimately with the role that tea played in Chinese society and the preferred methods of its consumption in Ancient Chinese society .,يتوافق تاريخ معالجة الشاي بشكل وثيق مع الدور الذي لعبه الشاي في المجتمع الصيني والطرق المفضلة لاستهلاكه في المجتمع الصيني القديم.,29,GENERATED
data51231,DATA_6826,A,كانجرب واحد الوصفة الجديدة لعشا,kanjreb wa7d lwesfa jdida l3cha,i'm trying a new recipe for dinner,أنا أجرب وصفة جديدة للعشاء,7,PARTIALLY VALIDATED
data51232,WIKI_C_09143,C,السيزون اللول ديال هيلكاتس كان فيه تا عروض مباشرة ديال فنانين ضيوف بحال هاي مونداي و فايبر درايف و فيفي دوبسون و ثري اوه!ثري مع آشلي تيسديل و إليز إسترادا و سيارا.,lseason l2ol dyal hellcats kan fih ta 3rood dyal fannanin dyof b7al hey monday w faber drive w fefe dobson w 3oh!3 m3a ashley tisdale w elise estrada w ciara.,"The first season of Hellcats also included live performances by guest musicians , including Hey Monday , Faber Drive , Fefe Dobson , 3OH ! 3 featuring Ashley Tisdale , Elise Estrada and Ciara .",تضمنت السلسلة الأولى من مسلسل هيلكاتس أيضًا عروضًا حية لموسيقيين ضيوف، بما في ذلك هاي مونداي، وفايبر درايف، وفيفي دوبسون، وثري أوه! ثري بمشاركة آشلي تيسديل، وإليز إسترادا، وسيارة.,32,GENERATED
data51233,DATA_8069,A,فلوس صحاح تخاصرو في سبيتار,flos s7a7 t5asro fi sbitar,too much money spent on hospitl,تم إنفاق الكثير من المال على المستشفى,6,PARTIALLY VALIDATED
data51234,DATA_12066,A,عمرك ختارعتي شي حاجة واعرة,3emrek 5tare3ti chi 7aja wa3ra,you should never invent good thing,لا ينبغي لك أبداً اختراع شيء جيد,6,PARTIALLY VALIDATED
data51235,WIKI_C_09413,C,ولكن، مرضو منعو باش يرسخ سياسات وتدابير مزيانة باش يحقق هادشي، و داكشي لي قدر يدير تخلى عليه ولدو وخليفتو، فيلهلم الثاني من بعد.,"walakin, maraduh man3uh bach yrassikh syasat w tadabir b fo3aliya bach y7a9i9 hadchi, w tkhalla lah9an 3la lmova li qder ydir min طرف wlduh w khaliftuh, wilhelm athani.","However , his illness prevented him from effectively establishing policies and measures to achieve this , and such moves as he was able to make were later abandoned by his son and successor , Wilhelm II .",ولكن، حال دون ذلك مرضه من ترسيخ السياسات والتدابير بفعالية لتحقيق ذلك، وتم التخلي لاحقًا عن التحركات التي تمكن من القيام بها من قبل ابنه وخليفته، فيلهلم الثاني.,24,GENERATED
data51236,WIKI_C_12177,C,1953: ديكشي ديال فريدمان، سطوكهولم: شي حاجة. (بالفرنسية) 28 رسالة ترجمة نايلز شي واحد و بيير شي واحد. رسومات إيلياس مارتن.,"1953: dikshi dyal fredman, stockholm: shi haja. (bel fransaweya) 28 resala tarjamat nils shi wahed w pierre shi wahed. rsoom elias martin.","1953 : Les <unk> de Fredman , Stockholm : <unk> . ( In French ) 28 Epistles trans . Nils <unk> and Pierre <unk> . Illus . Elias Martin .",١٩٥٣: أعمال فريدمان، ستوكهولم: إلخ. (بالفرنسية) ٢٨ رسالة مترجمة عن طريق نيلز و بيير. رسوم إلياس مارتن.,21,GENERATED
data51237,WIKI_C_06735,C,الرباح الطاغي ديال الأوروغواي و الأرجنتين ف نص النهائي خلا الماتش ديال الفينال يتعاود بحال الماتش ديال الفينال ديال الألعاب الأولمبية ديال 1928 اللي ربحات فيه الأوروغواي 2 ل 1 من بعد ماتعاود الماتش.,rabah lta7i dyal luroghway w largentin f nss النهائي khla match dyal final yta3awd b7al match dyal final dyal alal3ab olymbia dyal 1928 lli rab7at fiha luroghway 2 l 1 mn ba3d mat3awd lmatch.,"The resounding wins for Uruguay and Argentina in the semi @-@ finals meant the final was a repeat of the matchup in the 1928 Olympic final , which Uruguay had won 2 – 1 after a replay .",أدت الانتصارات الساحقة لأوروغواي والأرجنتين في الدور نصف النهائي إلى تكرار المباراة النهائية لمباراة نهائي الألعاب الأولمبية عام 1928، والتي فازت بها أوروغواي بنتيجة 2-1 بعد إعادة.,34,GENERATED
data51238,WIKI_D_02007,D,فزون ديال روكمان، الشاشة كاتدوز على زنقة ديال الديور و أنتَ كاترمي على المجرمين و ماترميش على الناس الأبرياء حيت إلا رميتي عليهم كاتخسر حياة. فالمستويات اللي جايين، المجرمين كايوليو يجاوبو الرمي بالزربة.,"f zone dyal rockman, ch-chta katdouz 3la zne9a dyal d-diyour w nta katirmi 3la l-moujrimin w matir mich 3la n-nas l-abriya2 hit ila rmiti 3lihom katkhssar hayat. f l-mostawayat lli jayyin, l-moujrimin kaywllu yjawbu r-rmi b z-zriba.","In Rockman 's Zone , the screen scrolls through streets of houses as the player shoots criminals and refrains from shooting innocent bystanders , for which the player loses a life . In later levels , the criminals return fire faster .",في منطقة روكمان، تمر الشاشة عبر شوارع المنازل بينما يطلق اللاعب النار على المجرمين ويمتنع عن إطلاق النار على المارة الأبرياء، مما يؤدي إلى خسارة اللاعب لحياة. في المستويات اللاحقة، يعود المجرمون لإطلاق النار بشكل أسرع.,33,GENERATED
data51239,WIKI_C_09421,C,فواحد السبر ديال غالوب دارو فماي ديال 2005، 54 فالمية ديال الناس اللي جاوبو شافو كلينتون ليبرالية، 30 فالمية شافوها معتدلة، و 9 فالمية شافوها محافظة.,"f wahed sbber dyal gallup daro f may dyal 2005, 54 f lmiyya dyal nass lli jawbo shafu clinton liberaliyya, 30 f lmiyya shafuhha mo3tadilla, w 9 f lmiyya shafuhha mo7afidha.","In a Gallup poll conducted during May 2005 , 54 percent of respondents considered Clinton a liberal , 30 percent considered her a moderate , and 9 percent considered her a conservative .",في استطلاع للرأي أجرته غالوب خلال مايو 2005، اعتبر 54% من المشاركين كلينتون ليبرالية، و30% اعتبروها معتدلة، و9% اعتبروها محافظة.,26,GENERATED
data51240,DATA_0935,A,و أشناهو الموضوع لي عزيز عليا ف ناضارك?,o achnahowa lmawDo3 lli 3ziz 3lia f naDarek?,And what do you think is my favourite subject?,وما رأيك في مادتي المفضلة؟,9,PARTIALLY VALIDATED
data51241,WIKI_D_10647,D,كولويكي رجع لمدينتو، جرينفيلد، نهار عيد آلان كولويكي في يناير 1993. الصالة د الرياضة ديال ثانوية جرينفيلد كانت عامرة ومحاطة بربعة ولا خمسة آلاف واحد. فرق التلفزيون المحلية صورات الحدث. كولويكي بقى كيسيني الأوتوغرافات لمدة ستة سوايع.,"kulwicki rje3 lmdintou, greenfield, nhar 3id alan kulwicki f yanayr 1993. ssalat d riyada dyal tanoit d greenfield kanet 3amra w m7a6a b rba3a wala khamsa talaf wa7ed. foraq d talafzion lma7alia swraw l7adath. kulwicki b9a kisigni l'autographat limoddet stta sawa3.","Kulwicki returned to his hometown , Greenfield , for Alan Kulwicki Day in January 1993 . The gymnasium at Greenfield High School was filled and surrounded by four to five thousand people . Local television crews filmed the event . Kulwicki signed autographs for six hours .",عاد كولويكي إلى مسقط رأسه، جرينفيلد، بمناسبة يوم آلان كولويكي في يناير 1993. امتلأت صالة الألعاب الرياضية في مدرسة جرينفيلد الثانوية واكتظت بحوالي أربعة إلى خمسة آلاف شخص. قامت فرق التلفزيون المحلية بتصوير الحدث. وقع كولويكي على التوقيعات لمدة ست ساعات.,37,GENERATED
data51242,DATA_13178,B,الهجوم المفاجئ ديال الأدميرال ياماموتو و استراتيجية الحرب ديال البحرية اليابانية ( ف كتاب من بيرل هاربر لهيروشيما . لندن: ماكميلان، 1994 ).,"lhoujoum lmoufaji2 dyal l'admiral Yamamoto o stratigiate l7arb dyal lbahriya lyabaniya (f ktab mn Perl Harbor l Hiroshima. London: Macmillan, 1994).",""" Admiral Yamamoto 's Surprise Attack and the Japanese Navy 's War Strategy "" ( in From Pearl Harbor to Hiroshima . London : Macmillan , 1994 . )",الهجوم المفاجئ للأدميرال ياماموتو واستراتيجية الحرب البحرية اليابانية (في من بيرل هاربر إلى هيروشيما. لندن: ماكميلان، 1994).,29,GENERATED
data51243,WIKI_D_09368,D,فالعام المالي 2015، ناسا شدات ميزانية ديال 18.01 مليار دولار من الكونݣريس، شي 549 مليون دولار كتر من لي طلبو و تقريبا 350 مليون دولار كتر من الميزانية ديال ناسا لي وافق عليها الكونݣريس ف 2014.,"fel 3am el mali 2015, nasa cheddat mizaniya dyal 18.01 milyar dollar men el congress, chi 549 million dollar ktar men li talabo w ta9riban 350 million dollar ktar men el mizaniya dyal nasa li waf9 3liha el congress f 2014.","For Fiscal Year 2015 , NASA received an appropriation of US $ 18 @.@ 01 billion from Congress — $ 549 million more than requested and approximately $ 350 million more than the 2014 NASA budget passed by Congress .",في السنة المالية 2015، حصلت وكالة ناسا على اعتماد قدره 18.01 مليار دولار أمريكي من الكونغرس - بزيادة 549 مليون دولار عما تم طلبه وحوالي 350 مليون دولار أكثر من ميزانية ناسا لعام 2014 التي أقرها الكونغرس.,36,GENERATED
data51244,DATA_8116,A,سفتي ليا داك شي لي قلتي لي,sfti liya dak xi li 4lti liya,send me what you told me,أرسل لي ما قلته لي,6,PARTIALLY VALIDATED
data51245,DATA_4324,A,واش بغيتي حفلة على برّا حيت طاقس زوين بزاف,wach bghiti 7afla 3la berra 7it Ta9s zwin bzaf,Do you want an outdoor party as the weather is so good,هل تريد حفلة في الهواء الطلق مع هذا الطقس الجيد؟,12,PARTIALLY VALIDATED
data51246,WIKI_D_03060,D,جوشوا پاتريك بيكيت (تزاد نهار 15 ماي 1980) كان لاعب بيزبول أمريكي محترف سابق. شارك ثلاثة مرات في دوري البيسبول الرئيسي (MLB) أول ستار، ولعب مع فرق فلوريدا مارلينز، بوسطن ريد سوكس، ولوس أنجلوس دودجرز.,"joshua patrik bkit ( tzad nhar 15 may 1980) kan la3b baseball amriki mo7trfi sabiq. charak tlata marrat fi dawri l-baseball l-ra2isi (MLB) awl star, o la3b m3a foro9 florida marlins, boston red sox, o los angeles dodgers.","Joshua Patrick Beckett ( born May 15 , 1980 ) is an American former professional baseball pitcher . A three @-@ time Major League Baseball ( MLB ) All @-@ Star , he played for the Florida Marlins , Boston Red Sox , and the Los Angeles Dodgers .",جوشوا باتريك بيكيت (مواليد 15 مايو 1980) هو لاعب بيسبول أمريكي محترف سابق. وكان نجمًا في دوري البيسبول الرئيسي (MLB) ثلاث مرات، ولعب مع فرق فلوريدا مارلينز، وبوسطن ريد سوكس، ولوس أنجلوس دودجرز.,35,GENERATED
data51247,WIKI_D_06517,D,الحسّ لي عند احسن ناس فبلادنا هو أن الماريشال كان عندو الحق فجهدو باش يجرّد هاد الناس من السلاح، و ملي تطلق عليهم الرصاص كان خاصهم يدافعو على راسهم و هادشي لي دارو بشجاعة كبيرة.,"l7ess li 3nd a7san nas fbladna huwa ann lmarshal kan 3ndo l7aq fjdoh bach yjarrd had nass mn slah, w mli titla9 3lihom rssas kan khasso ydafe3o 3la rasom w hadchi li daro bchaja3a kbira.","The feeling among the best class of our citizens is that the Marshal was entirely justified in his efforts to disarm these men , and that being fired upon they had to defend themselves which they did most bravely .",الشعور السائد بين أفضل طبقة من مواطنينا هو أن المارشال كان مبررًا تمامًا في جهوده لنزع سلاح هؤلاء الرجال، وأنهم اضطروا للدفاع عن أنفسهم عندما تعرضوا لإطلاق النار، وهو ما فعلوه بشجاعة كبيرة.,35,GENERATED
data51248,WIKI_C_08953,C,دغيا كيطيح ليه الشوف و كيوصف النمل لي كيقطع الوريقات. كيبقى فبارا عام و نص، كيدير شي دورات قصار لداخل؛ المدينة نقية و آمنة مقارنة مع مدون خرين فالبرازيل.,"dghiya kayti7 lih shoof w kiywsf nml li kayqta3 wriqat. kaybqa f para 3am w ns, kaydir shi dawrat qsar l-dakhil; l-mdina noqya w amna mgarana m3 modon khryn f l-brazil.","He soon notices and describes the leafcutter ants . He stays in Pará for 18 months , making short trips into the interior ; the city is clean and safe compared to others in Brazil .",وسرعان ما يلاحظ ويصف النمل القاطع للأوراق. يبقى في بارا لمدة ثمانية عشر شهرًا، يقوم برحلات قصيرة إلى الداخل؛ المدينة نظيفة وآمنة مقارنة بغيرها في البرازيل.,29,GENERATED
data51249,DATA_12556,B,جورج پ. ميتشل، الرائد ف تكنولوجيا التكسير الهيدروليكي و اللي طور ذا وودلاندز، تيكساس، تزاد و تربى ف گالڤيستون.,جورج ب. ميتشل، الرائد ف تكنولوجيا تّكسير لهيدروليكي و اللي طوّر ذا وودلاندز، تيكساس، تزاد و تربّا ف گالڤيستون.,"George P. Mitchell , pioneer of hydraulic fracturing technology and developer of The Woodlands , Texas , was born and raised in Galveston .",وُلد جورج بي. ميتشل، رائد تقنية التكسير الهيدروليكي ومطور مدينة ذا وودلاندز في تكساس، وترعرع في غالفيستون.,24,GENERATED
data51250,WIKI_C_12361,C,الساعة ديال الإحصاء ديال ميريكان كاتقول باللي السكان ديال أوكلاهوما وصلو لـ 3 دالمليون و 911 ألف و 338 واحد نهار واحد ف شهر سبعة ديال 2015، بزيادة ديال 4.26% من الإحصاء ديال 2010.,"ssa3a dyal l7sab dyal merikan kat9ol belli skkan dyal oklahoma waslo l 3 dyal milyon w 911 alf w 338 wa7d nhar wa7d f chher seba3a dyal 2015, bziyada dyal 4.26% mn l7sab dyal 2010.","The United States Census Bureau estimates that the population of Oklahoma was 3 @,@ 911 @,@ 338 on July 1 , 2015 , a 4 @.@ 26 % increase since the 2010 United States Census .","يقدر مكتب الإحصاء بالولايات المتحدة أن عدد سكان ولاية أوكلاهوما بلغ 3,911,338 نسمة في 1 يوليو 2015، بزيادة قدرها 4.26% منذ تعداد الولايات المتحدة لعام 2010.",34,GENERATED
data51251,DATA_1339,A,بغيتي تمشا شوية؟,bghiti tmcha chwia?,Would you like to go for a walk?,هل تود أن نذهب في نزهة؟,8,PARTIALLY VALIDATED
data51252,WIKI_D_06030,D,"شان، كاساندرا (2003 – 2004)، ""تْهْرَاس تَّقْلِيد سْنْغَافُور ديال تَّقْيِيد حُرِّيَة التَّعْبِير بْقَوَانِين التَّشْوِيه""، لويولا أُوف لُوسْ أَنْجِلْس إِنْتِرْنَشْنَيل أَنْدْ كُومْبَارَاتِيف لُو رِيفْيُو 26: 315 – 339، مؤرشفة من الأصل فْ 5 أُكْتُوبِر 2012.","shan, kassandra (2003-2004), ""t7ras taqlid singapur dyal ta9yid 7urriyat ta3bir b9wanin tachwih"", loyola of los angeles international and comparative law review 26: 315-339, mawerreda men l'asl f 5 oktober 2012.","Chan , Cassandra ( 2003 – 2004 ) , "" Breaking Singapore 's <unk> Tradition of Chilling Free Speech with Defamation Laws "" , Loyola of Los Angeles International and Comparative Law Review 26 : 315 – 339 , archived from the original on 5 October 2012 .","تشان، كاساندرا (2003 – 2004)، ""كسر تقليد سنغافورة في تجميد حرية التعبير بقوانين التشهير""، لو 'يولا أوف لوس أنجلوس إنترناشونال أند كومباراتيف لو ريفيو 26: 315 – 339، مؤرشفة من الأصل في 5 أكتوبر 2012.",34,GENERATED
data51253,WIKI_C_05472,C,البالكونات، بزاف المرات كيكونوا مصايبين بالحديد المڭرفط الزوين من بعد 1633 (التصاور 2 و 9)، وبالبالكونات اللي سامبل قبل من داك التاريخ (التصويرة 6).,"l-balconat, bzaf l-marrat kaykunou msaybin bel-7did el-mgerfeT ez-zen men be3d 1633 (t-tsawer 2 w 9), w-bel-balconat lli sampl qbel men dak t-tarikh (t-tsoira 6).","Balconies , often complemented by intricate wrought iron balustrades after 1633 ( Illustrations 2 & 9 ) , and by plainer balustrades before that date ( Illustration 6 ) .",الشرفات، غالبًا ما تُكملها درابزينات معقدة من الحديد المطاوع بعد عام 1633 (الرسوم التوضيحية 2 و 9)، ودرابزينات أبسط قبل ذلك التاريخ (الرسم التوضيحي 6).,24,GENERATED
data51254,DATA_19410,B,الحيوانات ديال لابرادور كتشبه للحيوانات اللي كاينين فبلاصات بحالها ف أمريكا الشمالية، أما الجزيرة ديال نيوفاوندلاند فيها ثدييات قلال بزاف و ما فيهاش برمائيات أصلية.,"al-hayawanat dyal labrador katshbah l al-hayawanat li kaynin f blastat bhalha f amrika sh-shamaliya, amma l-jazira dyal newfoundland fiha thadyyat qlal bzaf o ma fiha-sh برمائيات asliya.",The fauna of Labrador is typical of that of similar areas of North America while the island of Newfoundland has considerably fewer mammals and no native amphibians .,تعد الحياة الحيوانية في لابرادور نموذجية لتلك الموجودة في مناطق مماثلة من أمريكا الشمالية، في حين أن جزيرة نيوفاوندلاند تضم ثدييات أقل بكثير ولا توجد بها برمائيات أصلية.,28,GENERATED
data51255,WIKI_C_09315,C,سرقو رويال ولا شي حاجة – زيف ديال الحرير مذهب اللي كيجي مع الكسوة الكبيرة، مطرز بالذهب والفضة مزيان، مرصع بالجواهر ومبطن بالحرير وردي وفيه الشراشف ديال الذهب.,"sr9o royal wla chi haja - zif dyal l7rir mzahab lli kayji m3a lkswa lkbiira, mttrez bldheb w lfedda mzyan, mrca3 bljwhr w mbotton b l7rir wRDi w fih lshraachf dyal dheb.","Stole Royal or <unk> – a gold silk scarf which accompanies the Robe Royal , richly and heavily embroidered with gold and silver thread , set with jewels and lined with rose @-@ coloured silk and gold fringing .",سرق ملكي أو غير معروف – وشاح حريري ذهبي يرافق الرداء الملكي، مطرز بشكل غني وثقيل بخيوط ذهبية وفضية، مرصع بالجواهر ومبطن بحرير وردي اللون وشراشف ذهبية.,28,GENERATED
data51256,WIKI_D_07381,D,"مارشال، جوان إ. ""المعونة لعائلات جنود الاتحاد: حق مريح ولاّ صدقة ديال الفقراء؟ إنديانا، 1861-1865."" Social Service Review 78 @.@ 2 (2004): 207 @-@ 242 @.@ في JSTOR.","marshall, joan e. ""l'mawna l'3aylat jnod l'iti7ad: 7a9 mri7 wala sdaqt lfoqara? indiana, 1861-1865."" social service review 78@.@2 (2004): 207@-@242@.@ fi jstor","Marshall , Joan E. "" Aid for Union Soldiers ' Families : A Comfortable Entitlement or a Pauper 's <unk> ? Indiana , 1861 – 1865 . "" Social Service Review 78 @.@ 2 ( 2004 ) : 207 @-@ 242 @.@ in JSTOR","مارشال، جوان إ. ""المساعدة لأسر جنود الاتحاد: استحقاق مريح أم صدقة الفقراء؟ إنديانا، 1861-1865."" مراجعة الخدمة الاجتماعية 78.2 (2004): 207-242. في JSTOR.",28,GENERATED
data51257,DATA_3298,A,بلاطي، نتي ماشي ماما!,"blati, nti machi mama!","Hey, you're not my mother!",مرحباً، أنت لست أمي!,5,PARTIALLY VALIDATED
data51258,WIKI_D_09222,D,كورنيش @-@ باودن ، <unk> ( 1997 ) . بيرة جديدة في قنينة قديمة . إدوارد بوخنر ونمو المعرفة البيوكيميائية . فالنسيا : جامعة فالنسيا . ISBN 84 @-@ 370 @-@ 3328 @-@ 4 . ، تاريخ علم الإنزيمات المبكر .,"kornish @-@ bowden , <unk> (1997) . bira jdida f qniniya qdima . eduard buchner w nimw lma3rfa lbiokimya2iya . valencia : jami3at valencia . isbn 84 @-@ 370 @-@ 3328 @-@ 4 . , tarikh 3ilm l2anzimat l2amkarr .","Cornish @-@ Bowden , <unk> ( 1997 ) . New Beer in an Old Bottle . Eduard Buchner and the Growth of Biochemical Knowledge . Valencia : Universitat de Valencia . ISBN 84 @-@ 370 @-@ 3328 @-@ 4 . , A history of early enzymology .",كورنيش @-@ باودن، <unk> (1997). بيرة جديدة في زجاجة قديمة. إدوارد بوخنر ونمو المعرفة الكيميائية الحيوية. فالنسيا: جامعة فالنسيا. ISBN 84 @-@ 370 @-@ 3328 @-@ 4. ، تاريخ علم الإنزيمات المبكر.,41,GENERATED
data51259,DATA_3104,A,عاود ليا على الواليدة ديالك,3awdlia 3la lwalida dyalk,Tell me about your mother,أخبرني عن والدتك,5,PARTIALLY VALIDATED
data51260,WIKI_C_07398,C,حيت انسحب بكري، بايدن ما شاركش في الانتخابات التمهيدية ديال 1988 فين الحاكم مايكل دوكاكيس غلب جيسي جاكسون، السيناتورات آل غور و بول سيمون، و مرشحين خرين قدام.,"7it ns7eb bekri, Biden maشاركsh f l'intikhabat t-tamhidiya dyal 1988 fin l7akem Michael Dukakis ghlb Jesse Jackson, s-senatorayn Al Gore w Paul Simon, w mrash7in khorin qdam.","Because of his early withdrawal , Biden did not participate in the 1988 caucuses and primaries , in which Governor Michael Dukakis defeated Jesse Jackson , Senators Al Gore and Paul Simon , and other longer @-@ standing contenders .",بسبب انسحابه المبكر، لم يشارك بايدن في الانتخابات التمهيدية لعام 1988، والتي هزم فيها الحاكم مايكل دوكاكيس جيسي جاكسون، والسيناتوران آل غور وبول سيمون، والمتنافسين الآخرين الأقدم.,28,GENERATED
data51261,DATA_13206,B,الحلقات اللي مكتابين فالجدول مرتبين على حساب الترتيب ديال الإنتاج ماشي على حساب التاريخ اللي تّعرضو فيه أول مرة.,l7al9at li mktabin f ljadwal mratbin 3la 7sab tartib dyal l'intaj machi 3la 7sab tarikh li tّ3rdo fih awl marra.,"The following episodes listed in the chart are arranged according to their production order , rather than by their original air dates .",الحلقات التالية المدرجة في الرسم البياني مرتبة حسب ترتيب إنتاجها، بدلاً من تواريخ بثها الأصلية.,23,GENERATED
data51262,WIKI_D_08618,D,نهار 4 دجنبر 1996، الجريدة دارت واحد الحفلة باش يحتفلوا بالذكرى الخمسين ديال غرس الشجرة الجديدة. دان ماڭيل، اللي كان вдохновил إعادة الغرس فاش كان دري صغير، كان هو اللي كيقدم البرنامج.,"nhar 4 d ecembre 1996, l'jarida dart wa7ed l7epla bash ye7teflo bel dikra l50 dyal gheres shjra jdida. dan magill, lli kan inspired re-ghers fash kan drey sghir, kan howa lli kay9eddmo lbarnamaj.","On December 4 , 1996 , the Garden Club staged a celebration to mark the fiftieth anniversary of the planting of the new tree . Dan Magill , who , as a boy , had inspired the replanting effort , served as master of ceremonies .",في الرابع من ديسمبر عام 1996، نظم نادي الحدائق احتفالاً بمناسبة الذكرى الخمسين لغرس الشجرة الجديدة. وكان دان ماغيل، الذي ألهم، وهو صبي، جهود إعادة الغرس، هو رئيس المراسم.,32,GENERATED
data51263,WIKI_C_06101,C,قبل ما تبدا الخدمة على الموسم الخامس، بينكر قال باللي غادي يمشي يخدم شي حوايج خرين؛ وايمان غتبقى هي المسؤولة الوحيدة على المسلسل.,"qbel ma tbda lkhdma 3la lmosm lkhams, Pinkner qal blly ghadi ymchi ykhdem chi 7wayj khryen; Wyman ghتبقى hiya lms2oula lwahda 3la lmslsl.","Prior to the start of production for the fifth season , Pinkner announced that he was leaving the production of the show to pursue other projects ; Wyman would remain as the sole showrunner for the show .",قبل بدء إنتاج الموسم الخامس، أعلن بينكر أنه سيغادر إنتاج المسلسل لمتابعة مشاريع أخرى؛ سيبقى وايمان المسؤول الوحيد عن المسلسل.,23,GENERATED
data51264,DATA_15975,B,بالنسبة ل L'Auto، الجريدة اللي نظّمات الطور د فرنسا، السباق كان ناجح؛ التوزيع ديال الجريدة طلع لـ 100 ألف نسخة.,بالنسبة ل L'Auto، الجريدة اللي نظّمات الطور د فرنسا، السباق كان ناجح؛ التوزيع ديال الجريدة طلع لـ 100 الف نسخة.,"For L 'Auto , the newspaper that organized the Tour de France , the race was a success ; the circulation had increased to 100 @,@ 000 .","بالنسبة لـ ""الأوتو""، الصحيفة التي نظمت سباق فرنسا للدراجات، كان السباق ناجحاً؛ فقد ارتفعت نسبة التوزيع إلى 100 ألف نسخة.",28,GENERATED
data51265,WIKI_D_10766,D,"""Intro"", ""School Spirit Skit 1"", ""School Spirit Skit 2"", ""Graduation Day"", ""I'll Fly Away"", و ""The Li'l Jimmy Skit"" فيهم صوت ديال DeRay Davis.","""'intro"", ""school spirit skit 1"", ""school spirit skit 2"", ""graduation day"", ""i'll fly away"", w ""the li'l jimmy skit"" fihom sot dyal DeRay Davis.",""" Intro "" , "" School Spirit Skit 1 "" , "" School Spirit Skit 2 "" , "" Graduation Day "" , "" I 'll Fly Away "" , & "" The Li 'l Jimmy Skit "" feature vocals by DeRay Davis .","تتميز ""مقدمة""، و""مونتاج روح المدرسة 1""، و""مونتاج روح المدرسة 2""، و""يوم التخرج""، و""سأطير بعيداً""، و""مونتاج جيمي الصغير"" بأداء صوتي لديريه ديفيس.",24,GENERATED
data51266,DATA_22323,B,قضية سرقة الخزنة : كولومبوس ألكسندر و ماجور ريتشاردز من بوليس واشنطن تْسَوَّلُو. *نيويورك تايمز*. 23 سبتمبر، 1876.,"qadiyat serqat l-khizna: Columbus Alexander u Major Richards men boulis Washington tsawwlu. *New York Times*. 23 September, 1876.",""" The Safe Burglary Case : Columbus Alexander and Major Richards of the Washington Police Examined "" . The New York Times . September 23 , 1876 .",قضية السطو الآمن: واشنطن ألكساندر وماجور ريتشاردز من شرطة واشنطن يحققان. نيويورك تايمز. 23 سبتمبر 1876.,28,GENERATED
data51267,WIKI_C_06276,C,مكاينش شي معبد ديال شيفا، واحد من دوك طناش مكاينش زعما، لي كيعنيو علامة نورانية ديال الله، مكاين مدفون فواحد البيت تحت الأرض.,"makaynch shi ma3bad dyal shiva, wa7d mn douk tnash makaynch za3ma, li ka3niw 3alama noraniya dyal lah, makayn madfun fwa7d byt taht l'ard.","<unk> _ Jyotirlinga Mandir is a temple dedicated to Shiva , and one of the twelve <unk> ( meaning radiant sign of The Almighty ) is deified here in a subterranean cell .",معبد جيوتيرلينجا هو معبد مخصص لشيفا، وأحد الاثني عشر (بمعنى علامة مشرقة من القدير) يُعبد هنا في خلية تحت الأرض.,23,GENERATED
data51268,DATA_5871,A,أنا خايفة على صحّتها,ana khayfa 3la Se77et8a,I'm worried about her health,أنا قلق بشأن صحتها,5,PARTIALLY VALIDATED
data51269,DATA_9051,A,أنا غادي نستبعد هاد الحتمال,ana ghadi n steb3ed had l7timal,i will show you this probaility,سأعرض عليك هذا الاحتمال,6,PARTIALLY VALIDATED
data51270,DATA_10335,A,كان كيسحاب ليا غادي نخرب عليك خدمتك,kan kis7ab liya ghadi n5erreb 3lik 5demtek,i thought that i will mess your job,اعتقدت أنني سأفسد عملك,8,PARTIALLY VALIDATED
data51271,WIKI_D_06462,D,ف شهر أبريل 2012، واحد لمحكمة ف هامبورغ حكمات باللي يوتيوب يقدر يتحمل المسؤولية على المحتوى لي فيه حقوق الطبع والنشر لي كيحطوه المستخدمين ديالو. المنظمة ديال حقوق الأداء GEMA قالت باللي يوتيوب مادارش كفاية باش يمنع تحميل الموسيقى الألمانية لي عندها حقوق الطبع والنشر. يوتيوب جاوب وقال:,"f chher abril 2012, wa7ed lma7kama f hambourg 7kemt blli youtube i9der it7emel lms2oliya 3la lmo7tawa lli fih 7ou9 tetba3 w nchour lli kay7ettohom lmostakhdimin dyalo. lmonadama dyal 7ou9 l2ada2 GEMA 9alt blli youtube madarech kifeh bch ymne3 t7mil lmosi9a l2almanya lli 3andha 7ou9 tetba3 w nchour. youtube jawb ou 9al:","In April 2012 , a court in Hamburg ruled that YouTube could be held responsible for copyrighted material posted by its users . The performance rights organization GEMA argued that YouTube had not done enough to prevent the uploading of German copyrighted music . YouTube responded by stating :",في أبريل 2012، قضت محكمة في هامبورغ بأن يوتيوب يمكن أن يتحمل المسؤولية عن المواد المحمية بحقوق الطبع والنشر التي ينشرها مستخدموه. زعمت منظمة حقوق الأداء GEMA أن يوتيوب لم يفعل ما يكفي لمنع تحميل الموسيقى الألمانية المحمية بحقوق الطبع والنشر. رد يوتيوب بالقول:,48,GENERATED
data51272,DATA_8329,A,راه مسؤول على الجريمة لي دارها ولدو,rah ms2oul 3la ljarima li darha weldou,he is responsible for his son crime,هو مسؤول عن جريمة ابنه,7,PARTIALLY VALIDATED
data51273,DATA_21396,B,"1973 . — — — . "" Fred Jay Seaver , 1877 – 1970 "" . Mycologia 65 : 721 – 724 .","1973 . --- . ""fred jay seaver , 1877 - 1970"" . mycologia 65 : 721 - 724 .","1973 . — — — . "" Fred Jay Seaver , 1877 – 1970 "" . Mycologia 65 : 721 – 724 .","١٩٧٣. — — — . ""فريد جاي سيفر، ١٨٧٧ – ١٩٧٠"". مايكولوجيا ٦٥: ٧٢١ – ٧٢٤.",23,GENERATED
data51274,DATA_5899,A,غادي نشري تموبيل جديدة,ghadi nchri tmobil jdida,I will buy a new car,سأشتري سيارة جديدة,6,PARTIALLY VALIDATED
data51275,DATA_0122,A,ممكن تشرح شنو لي مافهمتيش?,momkin tchre7 chno lli mafhemtich?,Can you explain what you don't understand?,هل يمكنك توضيح ما لا تفهمه؟,7,PARTIALLY VALIDATED
data51276,WIKI_C_00539,C,ف ظرف شي ساعات، الجثة ديال إيخمان تحرقات، و الرماد ديالو تشتت ف البحر الأبيض المتوسط، برا الما ديال إسرائيل، من طرف باطو ديال الدورية تابع للبحرية الإسرائيلية.,"f zarf shi sa3at, ljssda dyal eichmann t7r9at, w lrmad dyalo tchtat f lb7r lbyad lmtwst, bra lma dyal israel, mn tarf bato dyal ddawriya تابع lb7riya l'isra'iliya.","Within hours Eichmann 's body had been cremated , and his ashes scattered in the Mediterranean Sea , outside of Israeli territorial waters by an Israeli Navy patrol boat .",في غضون ساعات ، تم حرق جثمان أيخمان ونثر رماده في البحر الأبيض المتوسط ، خارج المياه الإقليمية الإسرائيلية بواسطة قارب دورية تابع للبحرية الإسرائيلية.,28,GENERATED
data51277,WIKI_D_07190,D,بفضل سلسلة أخرى من الحملات، داريوش الأول غادي يحكم في النهاية على أعلى توسع للإمبراطورية، فاش كانت ممتدة من أجزاء من البلقان (تراقيا @-@ مقدونيا، بلغاريا @-@ بايونيا) في الغرب، حتى وادي السند في الشرق.,"bفضل silsla khra mn l7amalat, dariouch l-awwal ghadi y7kem f l-nihaya 3la a3la tawso3 dyal l-imbaratoriya, fach kant mttda mn ajza2 mn lbolqan (traqia @-@ maqdonia, bolgharia @-@ bayonia) f l-ghreb, 7ta wadi l-sind f l-sharq.","Through another series of campaigns , Darius I would eventually reign over the territorial apex of the empire , when it stretched from parts of the Balkans ( Thrace @-@ Macedonia , Bulgaria @-@ Paeonia ) in the west , to the Indus Valley in the east .",من خلال سلسلة أخرى من الحملات، سيحكم داريوس الأول في نهاية المطاف على ذروة الإمبراطورية الإقليمية، عندما امتدت من أجزاء من البلقان (تراقيا - مقدونيا، بلغاريا - بايونيا) في الغرب، إلى وادي السند في الشرق.,35,GENERATED
data51278,DATA_24579,B,ألعاب الكمبيوتر والفيديو: موسيقى ألعاب الفيديو التصويرية: أحسن 100 لحن موسيقي على مر العصور (2012) — المرتبة 21,Al'ab al-komبيوتر wal-video: Mosiqa Al'ab al-video al-taswiria: Ahsan 100 lahn mosiqi ala mar al-'ossor (2012) — al-mortaba 21,Computer and Video Games : Video game soundtracks : The 100 best themes of all time ( 2012 ) — 21st,ألعاب الكمبيوتر والفيديو : الموسيقى التصويرية لألعاب الفيديو : أفضل 100 لحن على مر العصور ( 2012 ) — القرن الحادي والعشرون,21,GENERATED
data51279,DATA_7591,A,ملاي ديتو الطبيب,mlai dito ltbib,when the doctor saw him,عندما رآه الطبيب,5,PARTIALLY VALIDATED
data51280,DATA_24168,B,"نهار 4 شهر تسعود عام 2012، لمونتور شي ديولي حط ""Pyramids (Chi Duly Remix)""، واحد النسخة ديسكو جديدة و طالعة النيفو.","nhar rb3a chher ts3ud 3am 2012, lmontour chi diouli hott ""Pyramids (Chi Duly Remix)"", wahed nuskha disco jdida w tal3a nnivo.","On September 4 , 2012 , producer Chi Duly released "" Pyramids ( Chi Duly Remix ) "" , an uptempo nu @-@ disco version .","في 4 سبتمبر 2012 ، أصدر المنتج تشي دالي أغنية ""Pyramids (Chi Duly Remix)"" ، وهي نسخة إيقاعية سريعة من نمط الديسكو الجديد.",26,GENERATED
data51281,DATA_11585,A,تانفكّر واش نحدّد حوايجي,tanfkker wach n7edded 7wayji,I think of fix your clothes,أفكر في إصلاح ملابسك,6,PARTIALLY VALIDATED
data51282,DATA_4817,A,غانمشي نصلّي,ghanmchi nSelli,I will go to pray,سأذهب للصلاة,5,PARTIALLY VALIDATED
data51283,DATA_19988,B,المرحلة 1أ 18 @.@ 5 @-@ كيلومتر (11 @.@ 5 ميل) من نيوهيفن لمطار إدنبرة عبر شارع الأمراء، دمج أجزاء من الخطوط 1 و 2.,"lmer7ela 1أ 18 @.@ 5 @-@ kilumitr (11 @.@ 5 mil) mn niwhifn lmTar idnbra 3ber shari3 l'omara2, dmj 'ajza2 mn lkhuTut 1 w 2.","Phase 1a 18 @.@ 5 @-@ kilometre ( 11 @.@ 5 mi ) from Newhaven to Edinburgh Airport via Princes Street , combining parts of lines 1 and 2",المرحلة الأولى أ 18.5 كيلومتر (11.5 ميل) من نيوهافن إلى مطار إدنبرة عبر شارع برينسيس، مدمجة أجزاء من الخطين 1 و2.,29,GENERATED
data51284,DATA_5438,A,عندو فيم كبير,3ndo fem kbir,He has a big mouth,لديه فم كبير,5,PARTIALLY VALIDATED
data51285,WIKI_D_10757,D,ديما كيجيب أقل من المحامية العامة ديال ماساتشوستس مارثا كوكلي في استطلاعات الرأي، نهار 8 ديسمبر 2009، كابوانو خسر الانتخابات التمهيدية الديموقراطية ضد كوكلي، وربح غير 28% من الأصوات مقابل 47% ديال كوكلي، بين أربعة ديال المرشحين.,"dima kayjib aql mn lmohamiya l3ama dyal massachusetts martha coakley f istidla3at lra2y, nhar 8 december 2009, capuano khasr lintikhabat tamhidiyat dimuqratiyya d-drari dyal coakley, w rbah ghi 28% mn laswat m3a 47% dyal coakley, bīn ārba3 dyal lmrcaḥīn.","Consistently polling below incumbent Massachusetts Attorney General , Martha Coakley , on December 8 , 2009 Capuano lost the Democratic primary to Coakley , winning only 28 % of the vote to Coakley 's 47 % , amongst a field of four candidates .",بشكل ثابت، حيث كانت نتائجه في استطلاعات الرأي أقل من المحامية العامة لولاية ماساتشوستس، مارثا كوكلي، في 8 ديسمبر 2009، خسر كابوانو الانتخابات التمهيدية للحزب الديمقراطي أمام كوكلي، وحصل على 28% فقط من الأصوات مقابل 47% لكوكلي، من بين أربعة مرشحين.,37,GENERATED
data51286,WIKI_D_09789,D,لاوتن تا هي كتوفر ليها Great Plains Technology Center، اللي تابع لـ Oklahoma Department of Career and Technology Education. Great Plains كتوفر تعليم مهني، تدريب، وفرص ديال التنمية لسكان المنطقة.,"lawton ta hiya katwaffar liha great plains technology center, lli تابع l Oklahoma department of career and technology education. great plains katwaffar ta3lim mehni, tadrib, w foras dyal tatwiya lskan dyal lmnte9a.","Lawton is also served by the Great Plains Technology Center , which is part of the Oklahoma Department of Career and Technology Education system . Great Plains provides occupational education , training , and development opportunities to area residents .",تخدم مدينة لوتون أيضًا بواسطة مركز جريت بلينز للتكنولوجيا، وهو جزء من نظام إدارة التعليم المهني والتكنولوجي في أوكلاهوما. يوفر جريت بلينز فرص التعليم المهني والتدريب والتطوير لسكان المنطقة.,30,GENERATED
data51287,WIKI_D_11371,D,ف رواية ديال ريكاردو <unk> بلاتا <unk> اللي خرجات ف 1997، الشفارة اللي كاينين كيعجبهم يركبو الميترو بزاف. و ف رواية ديال إرنيستو ساباتو على الأبطال و القبور، فيرناندو، واحد من الشخصيات الرئيسية، كتجيه واحد البارانويا من الناس اللي مكيكشوفوش ف <unk>.,"f riwayt dyal ricardo <unk> plata <unk> li khrejat f 1997, chafara li kaynin kighjabhom yarkbo metro bezzaf. w f riwayt dyal ernesto sabato 3la l'batal w l9bor, fernando, wa7d men shakhsiat ra2isiya, katji 3ando wa7d paranoia men nas li makikchofosh f <unk>.","In Ricardo <unk> 's 1997 novel Plata <unk> , the bank robber protagonists enjoy riding the underground regularly . In Ernesto Sabato 's novel On Heroes and Tombs , Fernando , one of its main characters , develops a paranoia with blind people in the <unk> .","في رواية ريكاردو <unk> عام 1997 ""بلاتا <unk>""، يستمتع أبطال الرواية، سارقي البنوك، بركوب مترو الأنفاق بانتظام. وفي رواية إرنيستو ساباتو ""عن الأبطال والقبور""، يصاب فرناندو، أحد شخصياتها الرئيسية، بجنون الارتياب تجاه المكفوفين في <unk>.",42,GENERATED
data51288,DATA_19026,B,يمكن توصل ل Pinkham Notch بسهولة من الطريق رقم 16 ديال New Hampshire. كاينين بزاف ديال الفرص باش الواحد يدير أنشطة ترفيهية فهاد المنطقة.,imken twssel l Pinkham Notch bsehula mn triq rqm 16 dyal New Hampshire. kaynin bzzaf dyal lforas bash lwahed idir anshita tarfihiya fhad lmintqa.,Pinkham Notch is easily accessible by New Hampshire Route 16 . Numerous opportunities for recreation exist in the area .,يمكن الوصول إلى بينكهام نوتش بسهولة عبر طريق نيو هامبشير رقم 16. تتوفر في المنطقة العديد من فرص الترفيه.,20,GENERATED
data51289,DATA_22888,B,داود كالدر ف دور سير روبرت كينغ : با د إلكترا و مليونير ديال البترول لي كيتقتل من بعد فواحد التفجير فالمقر ديال MI6.,Daoud Calder f الدور ديال سير Robert King: ba d Elektra o millionair dial l-petrol li k-ittqtel mn b3d f wa7d t-tfjir f l-mqr dial MI6.,David Calder as Sir Robert King : Elektra 's father and an oil tycoon who is later killed during a bomb attack on MI6 headquarters .,ديفيد كالدر في دور السير روبرت كينج: والد إليكترا ورجل أعمال نفطي يُقتل لاحقًا خلال هجوم بقنبلة على مقر قيادة الاستخبارات البريطانية.,26,GENERATED
data51290,WIKI_C_01545,C,= c2 . صوب مثلث ثاني فيه الأضلاع ديالو الطول ديالهم a و b و تكون فيه زاوية قائمة. بفضل مبرهنة فيتاغورس، كايتبين باللي الوتر ديال هاد المثلث عندو الطول c =,"= c2 . صوب mutaleth thani fih l'adla3 dyalo talel dyalhom a w b w tkoun fih zewiya qa2ima. b fadl mabrouh3it fitaghoros, kaytbin belli l wtr dyal had l mutaleth 3ndo talel c =","= c2 . Construct a second triangle with sides of length a and b containing a right angle . By the Pythagorean theorem , it follows that the hypotenuse of this triangle has length c =",. أنشئ مثلثًا ثانيًا أضلاعه بطول a و b ويحتوي على زاوية قائمة. بموجب نظرية فيثاغورس، ينتج أن الوتر في هذا المثلث له الطول c =,32,GENERATED
data51291,WIKI_D_04858,D,"هاد الريسيتاتيف ديال ألتو، ""Ihr Herzen, die ihr euch in Stein und Fels verwandelt"" (يا القلوب اللي حولتو راسكم لحجر وصخر)، كيبدا مرافقة ديال الوتار، ولكن كيسالي كا أريوسو مع الكونتينو.","had l-recitatif dyal alto, ""ya l-qlob li 7awaltu rasum 7jar w s7ar"", kibda mrafqa dyal l-watar, walakin kisali ka arioso m3a l-continuo.","The alto recitative , "" Ihr Herzen , die ihr euch in Stein und Fels <unk> "" ( You hearts , which have changed yourselves into rocks and stones ) , is first accompanied by the strings , but ends as an arioso with continuo .","الافتتاحية الصوتية للألتو، ""يا قلوب قد تحولت إلى حجر وصخر""، تبدأ بمرافقة من الآلات الوترية، لكنها تنتهي كأريوسو مصحوب بالكونتينو.",31,GENERATED
data51292,WIKI_D_07625,D,"كنعلمو الركاب باللي ممنوع يركبو رابتور إلا كانت عندهم شي عملية جراحية داروها قريب, ولا مشاكل ديال القلب/الضغط الدموي طالع, ولا مشاكل فالرقبة, ولا مشاكل فالظهر, ولا أي حالة صحية تقدر تزيد مع الركوب, ولا كانوا حوامل.","kan3lamo lirkab blili mamnou3 yarkbo raptor ila kanet 3andhom chi 3amaliya jra7iya daroha qrib, wala machakil dyal l9alb/dda7t eddawi tale3, wala machakil fel reqba, wala machakil fel dher, wala ay 7ala sa7iya t9dar tzid m3a rrokob, wala kanaw 7awamel.","Passengers are advised that they must not ride Raptor if they have "" a history of recent surgery , heart trouble / high blood pressure , neck trouble , back trouble , or any other condition that may be aggravated by riding , or who are pregnant "" .","يُنصح الركاب بعدم ركوب رابتور إذا كان لديهم ""تاريخ من الجراحة الحديثة ، مشاكل القلب / ارتفاع ضغط الدم ، مشاكل الرقبة ، مشاكل الظهر ، أو أي حالة أخرى قد تتفاقم بسبب الركوب ، أو إذا كانوا حوامل"" .",37,GENERATED
data51293,DATA_0252,A,واش كان داكشي خايب بصّح?,wach kan dakchi khayb bSSe7?,Was it really so bad?,هل كان الأمر سيئاً حقاً؟,5,PARTIALLY VALIDATED
data51294,WIKI_C_04165,C,كلما دازت السنين، وهو ما زايد انعزالو، كلما كبرت قيمتو عند الناس، حتى ولاو اللي عايشين معاه كيحيرو و كيضربو الراس ف الراس من كثرة التبجيل و العبادة العمياء اللي كيشوفو.,"kullama dazat s-snin, w-howa ma zayed i3tizalu, kullama kbrt qimtu 3nd n-nas, 7tta wlaw li 3aychin m3ah kay7iro w kaydrbo r-ras f r-ras mn ktr-t t-tbjil w l-3badh l-3mya lli kaychofo.","As the years passed , with no lessening of his reclusiveness , so his public stature continued to grow , until the sense of reverence and unquestioning worship left many of his contemporaries scratching their heads in wondering admiration .",مع مرور السنوات، ودون تخفيف من انعزاله، استمرت مكانته العامة في النمو، حتى أصبح الإعجاب والتبجيل اللذين لا يتزعزعان يدفعان العديد من معاصريه إلى الحيرة والإعجاب المدهش.,31,GENERATED
data51295,DATA_20187,B,جوج مرات على عمق 66 ميترو (217 قدم) أولا كتر; نفس الحاجة تقدر توقع يلا تنفس الواحد 100% د الأوكسجين.,juj marrat 'la 'omq 66 mitru (217 qadam) awla ktr; nfs l-hajja tqdr tuqqa' ila tnfss l-wahed 100% d l-oxygen.,2 at 66 m ( 217 ft ) or more of depth ; the same thing can occur by breathing 100 % O,٢ عند ٦٦ مترًا (٢١٧ قدمًا) أو أكثر من العمق؛ يمكن أن يحدث الشيء نفسه عن طريق التنفس بنسبة ١٠٠٪ أكسجين,23,GENERATED
data51296,DATA_12070,A,عمرك ت مسّ دكشي ديالي,3emrek t mess dkchi diali,you should never touch whats mine,يجب ألا تلمس أبداً ما هو لي,6,PARTIALLY VALIDATED
data51297,DATA_20082,B,Five Thirty غناو الكوفر ديال الأغنية لألبوم اللي ضد الضريبة ديال الپول Alvin Lives (In Leeds) اللي تّطلق ف 1990.,Five Thirty ghannaw l-cover dyal l-ughniya l-album li dd الضريبة dyal الپول Alvin Lives (In Leeds) li t-tlaq f 1990.,"Five Thirty covered the song for the anti @-@ poll tax album Alvin Lives ( In Leeds ) , released in 1990 .","غطى فايف ثيرتي الأغنية لألبوم ""ألفين ليفز (إن ليدز)"" المناهض لضريبة الاقتراع، والذي صدر عام 1990.",23,GENERATED
data51298,DATA_21107,B,الحكومات د الدولة و الجماعات المحلية كيستعملو تلاتة د الأنواع الكبار ديال الصناديق: الصناديق الحكومية، و الصناديق الخاصة، و الصناديق الائتمانية.,"l-hokomat d d-dowla o l-jama3at l-ma7aliya kist3amlo tlata d l-anwa3 l-kbar dyal s-snadiq: s-snadiq l-hokomiya, o s-snadiq l-khassa, o s-snadiq l-i'timaniya.","State and local governments use three broad categories of funds : governmental funds , proprietary funds and fiduciary funds .",تستخدم الحكومات الحكومية والمحلية ثلاث فئات واسعة من الأموال: الأموال الحكومية، والأموال التشغيلية، والأموال الائتمانية.,20,GENERATED
data51299,WIKI_D_06931,D,رابينو دارت خدمه خيريه لڭاي، ليزبيان و ستريت إيديوكيشن نيتوورك (جي إل إس إي إن) و اللجنة الأولمبية ديال الولايات المتحدة. ف 2013، ولات سفيرة ديال أثليت آلي، واحد الجمعية اللي ما ربحش اللي كتركز على انهاء الخوف من المثليين و المتحولين جنسيا فالرياضة.,"rapino dar7 khdma khayriya l gay, lizzbyan w strett education network (jilsein) w l'lajnat l 'olombiya dyal l wilayat l muta7ida. f 2013, walat safira dyal athlete ally, wa7d ljam3iya li ma rab7ach li katrkkz 3la innaha' lkhuf min lmithliyin w lmutahawwin jinsiyan f rriyada.","Rapinoe has done philanthropic work for the Gay , Lesbian & Straight Education Network ( GLSEN ) and the United States Olympic Committee . In 2013 , she became an ambassador for Athlete Ally , a nonprofit organization that focuses on ending homophobia and transphobia in sports .",قدمت رابينو أعمالاً خيرية لصالح شبكة التعليم للمثليين والمثليات والمغايرين جنسياً (GLSEN) وللجنة الأولمبية للولايات المتحدة. في عام 2013، أصبحت سفيرة لمنظمة Athlete Ally، وهي منظمة غير ربحية تركز على إنهاء رهاب المثلية ورهاب المتحولين جنسياً في الرياضة.,44,GENERATED
data51300,WIKI_D_04686,D,الأصل ديال السباق كيرجع للستينات اللوالا، فاش كانو الطلبة الجداد فالجمعيات مجبرين يركبو على تريكلات فالحرم الجامعي كنوع من التبرهيش. السباق تقنن رسميا ف 1969، و دارو قوانين باش تولي ميني 500 كلاسيكية فالبلاصة.,"l2sl dyal sb9 kiyrja3 l sitinat lloola, fash kano talaba jdad f jma3iyat majburen yrkbo 3la trikelet f 7ram jami3i k no3 mn tabrhiish. sb9 t9nn rasmiyan f 1969, w daru qwanin bash twli mini 500 klassikiya f l بلاصة.","The race traces its roots back to the early 1960s , when fraternity pledges were forced to ride tricycles around campus as a form of hazing . The race was eventually formalized in 1969 , and rules were instituted to make the Mini 500 an instant classic .","يعود أصل السباق إلى أوائل الستينات، عندما أُجبر الطلاب الجدد في الأخويات على ركوب دراجات ثلاثية العجلات في الحرم الجامعي كشكل من أشكال المضايقات. وتم إضفاء الطابع الرسمي على السباق في عام 1969، وتم وضع قواعد لجعل سباق ""ميني 500"" كلاسيكيًا فوريًا.",34,GENERATED
data51301,DATA_22442,B,"باش تعرف معلومات على اللعّابة اللي كانوا كيلعبوا معاهم قبل، شوف ""List of Newcastle United F.C. players"" و ""Category: Newcastle United F.C. players"".","bash ta3raf ma3loumat 3la l-la3aba li kanu kil3bu m3ahum qbel, shuf ""List of Newcastle United F.C. players"" w ""Category: Newcastle United F.C. players"".","For details on former players , see List of Newcastle United F.C. players and Category : Newcastle United F.C. players",للحصول على تفاصيل حول اللاعبين السابقين، انظر قائمة لاعبي نيوكاسل يونايتد لكرة القدم والفئة: لاعبو نيوكاسل يونايتد لكرة القدم.,20,GENERATED
data51302,WIKI_C_05624,C,"على حساب آلن بارسونس، كان عندو ""ودينات واعرة"" و ""بصّح ستاهل لقب ""البيتل الخامس"""". و جوليان لينون سما مارتن ""البيتل الخامس، بلا شكّ"".","3la hesab alan parsons, kan 3ndo ""widinat wa3ra"" w ""bssa7 stahl l9ab ""el beatle lkhames"""". w julian lennon sma martin ""el beatle lkhames, bla shakk"".","According to Alan Parsons , he had "" great ears "" and "" rightfully earned the title of "" Fifth Beatle "" . Julian Lennon called Martin "" The Fifth Beatle , without question "" .","وفقًا لآلان بارسونز، كانت لديه ""آذان رائعة"" و ""استحق عن جدارة لقب ""البيتل الخامس"""". وسماه جوليان لينون ""البيتل الخامس، بلا شك"".",23,GENERATED
data51303,DATA_19246,B,"""Politics as Usual"" فيها شي مقاطع من ""Hurry Up This Way Again"" ديال The Stylistics.","fiha shi m9ate3 mn ""Hurry Up This Way Again"" dyal The Stylistics.",""" Politics as Usual "" contains a sample of "" Hurry Up This Way Again "" by The Stylistics .","يحتوي ألبوم ""السياسة كالمعتاد"" على عينة من أغنية ""أسرع مرة أخرى"" لفرقة ""ذا ستايليستكس"".",20,GENERATED
data51304,DATA_23491,B,فواحد الscene @-@ credits مور الفيلم، من بعد عشر سنين، إليزابيث و ولدها كيتفرجو من فوق شي جرف فالبحر فاش ويل كيرجع على متن ال Dutchman.,"f wa7ed scene @-@ credits mur lfilm, mn b3d 3shr snin, elizabeth w wldha kaytfarjo mn foq shi jerf falb7r fash wil kayrje3 3la mtun l Dutchman.","In a post @-@ credits scene , set ten years later , Elizabeth and her son watch from a sea cliff as Will returns aboard the Dutchman .","في مشهد ما بعد شارة النهاية، بعد عشر سنوات، تراقب إليزابيث وابنها من جرف بحري عودة ويل على متن سفينة ""الهولندي الطائر"".",28,GENERATED
data51305,DATA_0347,A,"صباح النور سي حميد, أش كاتعاود هاد الصباح?","Sba7 nnour ssi Hamid, ach kat3awd had SSba7?","Good morning Mr Hamid, how are you feeling this morning?",صباح الخير سيدي حامد، كيف حالك هذا الصباح؟,10,PARTIALLY VALIDATED
data51306,WIKI_D_05090,D,"نهار 14 فبراير 2010، فواحد الظهور في برنامج This Week ديال ABC، تشيني عاود أكد الدعم ديالو لاستعمال تعذيب الإيهام بالغرق و تعذيب المتهمين بالإرهاب اللي تشدو، و قال: ""كنت و مازلت من المؤيدين القويين لبرنامج الاستنطاق المكثف ديالنا.""","nhar 14 februayer 2010, f wahed t-dhur f-l-program This Week dyal ABC, cheney 3awed akked d-dhe3m dyal-u l-stikhdem ta3dhib l-iiham b-l-ghreq w ta3dhib l-muhtamien bl-irhab lli tsheddo, w qal: ""kunt w mazalt mn l-mu2yidin l-qawiyin l-program dyal-na dyal l-stintaq l-mukhtass.""","On February 14 , 2010 , in an appearance on ABC 's This Week , Cheney reiterated his support of waterboarding and for the torture of captured terrorist suspects , saying , "" I was and remain a strong proponent of our enhanced interrogation program . ""","في الرابع عشر من فبراير عام 2010، وفي ظهور له في برنامج ""هذا الأسبوع"" على قناة ABC، أعاد تشيني التأكيد على دعمه للإيهام بالغرق وتعذيب المشتبه بهم الإرهابيين الذين تم القبض عليهم، قائلاً: ""كنت ولا أزال من أشد المؤيدين لبرنامج استجوابنا المعزز.""",39,GENERATED
data51307,DATA_20964,B,غير رقمي – بحال MP3s ديال 320 كيلوبت/ثانية، مع كتيب رقمي PDF فيه 17 صفحة مصمم من طرف ستيفان ساغمايستر.,"Ghir رقmi - bhal MP3s dyal 320 kilobit/tanya, m3a ktib رقmi PDF fih 17 safha msamem mn tarf Stefan Sagmeister.","Digital only – as 320 kbit / s MP3s , with a 17 @-@ page PDF digital booklet designed by Stefan Sagmeister .",رقمي فقط – بصيغة MP3 بمعدل 320 كيلوبت/ثانية، مع كتيب رقمي مكون من 17 صفحة بصيغة PDF من تصميم ستيفان ساغمايستر.,23,GENERATED
data51308,WIKI_C_01116,C,لمعهد د لموسيقى الشعبية ف جامعة نورث كارولينا ف تشابل هيل أسسو لامار سترينجفيلد ف 1930، و تابعو التأسيس ديال السيمفونية ديال نورث كارولينا ف 1932.,"lme7ed d lmusiqa sha3biya f jami3a north carolina f chapel hill asseso lamar stringfield f 1930, w تابعو t-tasis dial s-simfonya dial north carolina f 1932.","The Institute of Folk Music at the University of North Carolina at Chapel Hill was founded by Lamar Stringfield in 1930 , followed by the founding of the North Carolina Symphony in 1932 .",أسس معهد الموسيقى الشعبية في جامعة نورث كارولينا في تشابل هيل لامار سترينجفيلد عام 1930، تلاه تأسيس أوركسترا نورث كارولينا السمفونية عام 1932.,26,GENERATED
data51309,DATA_8496,A,راه مرحي بزّفة ولدك,rah mer5i bezzfa weldek,your boy isnt thinking straight,ابنك لا يفكر بشكل صحيح,5,PARTIALLY VALIDATED
data51310,DATA_7673,A,ما شي ضويتي في الميزانية,ma shi dwiti f l-budget,you didnt evoque him in the budget,لم تستدعوه في الميزانية.,7,PARTIALLY VALIDATED
data51311,WIKI_C_11254,C,الساعات الذرية هي أدق ما كاين فآلات ديال لعبار ديال الوقت حتى لدابا. مضبوّطة بزاف، ما كتغلطش بزاف ديال الثواني على مدى آلاف السنين، و كايستعملوها باش يقادو الساعات و الآلات الأخرى اللي كتعبر الوقت.,"as-sa3at ad-dariya hiya adaq ma kayen f-alat dyal l3bar dyal lwaqt hatta ldaba. madbbuta bzzaf, ma katghlat 7ta bzzaf dyal thwaniya 3la mada alaf d-snin, w kayst3mloha bach yqadu s-sa3at w l-alat l2akhra lli kat3ber lwaqt.","Atomic clocks are the most accurate timekeeping devices known to date . Accurate to within a few seconds over many thousands of years , they are used to calibrate other clocks and timekeeping instruments .",الساعات الذرية هي أدق أجهزة قياس الوقت المعروفة حتى الآن. بدقة تصل إلى بضع ثوانٍ على مدى آلاف السنين، تُستخدم لمعايرة الساعات الأخرى وأدوات قياس الوقت.,35,GENERATED
data51312,DATA_3616,A,كانفضل نبقا حدا البيسين,kanfdel nb9a 7da lapisin,I'd rather stay by the pool,أفضل البقاء بجوار المسبح,6,PARTIALLY VALIDATED
data51313,WIKI_D_02903,D,شي 17 ألف و 316 واحد كانو خدامين فالمعمل ديال ترافورد بارك، منهم 7 آلاف و 260 مرا و جوج ديال الطبيب و الممرضة اللي ساكنين تما. الإنتاج ديال ميرلين بدا كينقص فغشت 1945، و حبس بالمرة ف 23 مارس 1946.,"shi 17 alf w 316 wa7d kanu khdamine f lma3mel dyal trafford park, منهم 7 alf w 260 mra w joj dyal tbib w lmermda lli saknine tema. l'intaj dyal merlin bda kayn9os f 8 ght 1945, w 7bes bl mra f 23 marz 1946.","Some 17 @,@ 316 people worked at the Trafford Park plant , including 7 @,@ 260 women and two resident doctors and nurses . Merlin production started to run down in August 1945 , and finally ceased on 23 March 1946 .",عمل في مصنع ترافورد بارك حوالي 17 ألفًا و316 شخصًا، منهم 7 آلاف و260 امرأة، وطبيبان مقيمان وممرضتان. بدأ إنتاج ميرلين في الانخفاض في أغسطس 1945، وتوقف نهائيًا في 23 مارس 1946.,41,GENERATED
data51314,WIKI_C_10715,C,لين كان معاهدة فرساي و عصبة الأمم. كتب مقالات كيحث، بلا فايدة، على تصديق ميريكان على المعاهدة اللي أسسات المنظمة الدولية.,"lin kan moaeyed lmoaheda dyal versay w l3osba dyal l'omam. ktb makalat kay7eth, bla fayda, 3la tasdi9 merican 3la lmoaheda li assaset lmonadama addawliya.","Lane was a supporter of the Treaty of Versailles and of the League of Nations . He wrote articles urging , in vain , U.S. ratification of the treaty establishing the international organization .",كان لين مؤيدًا لمعاهدة فرساي ولعصبة الأمم. كتب مقالات يحث، دون جدوى، على تصديق الولايات المتحدة على المعاهدة التي أسست المنظمة الدولية.,21,GENERATED
data51315,WIKI_D_07668,D,سيمپسون، روبرت (1979). كارل نيلسن، سيمفونيست. لندن: كان & <unk> ص. 260. ISBN 0 @-@ <unk> @-@ 46 @-@ 1. شوف صفحات 92 – 111. الطبعة الثانية منقحة بالكامل مع فصل إضافي.,"simpson, robert (1979). carl nielsen, symphonist. london: kahn & <unk> p. 260. isbn 0 @-@ <unk> @-@ 46 @-@ 1. شوف صفحات 92 – 111. طبعة ثانية منعشة بالكامل مع فصل زيادة.","Simpson , Robert ( 1979 ) . Carl Nielsen , Symphonist . London : Kahn & <unk> p . 260 . ISBN 0 @-@ <unk> @-@ 46 @-@ 1 . See pages 92 – 111 . Second edition completely revised with additional chapter .",سيمبسون، روبرت (1979). كارل نيلسن، المؤلف السيمفوني. لندن: كاهن آند <unk>، ص 260. ردمك 0 @-@ <unk> @-@ 46 @-@ 1. انظر الصفحات 92 – 111. الطبعة الثانية المنقحة بالكامل مع فصل إضافي.,32,GENERATED
data51316,DATA_7166,A,كايعجبك البحر أولا الجبال؟,kay3ejbek lb7er oula ljbal ?,do you prefer the beach or the mountains?,هل تفضل الشاطئ أم الجبال؟,8,PARTIALLY VALIDATED
data51317,DATA_21405,B,الوريقات د البلوط رقم 266 نهار 2 غشت 1943 بصفة ملازم أول (ضابط د الحرب) و قائد سرب ديال 7 . / JG 5,l-warriqat d l-ballut raqm 266 nhar 2 ghusht 1943 b sifa mulazim awwal (dabet d l-harb) w qa'id سرب ديال 7 . / JG 5,266th Oak Leaves on 2 August 1943 as Oberleutnant ( war officer ) and Staffelkapitän of the 7 . / JG 5,266 ورقة بلوط في 2 أغسطس 1943 بصفته ضابطًا ألمانيًا (ضابط حرب) وقائد سرب في السرب 7 / JG 5,22,GENERATED
data51318,DATA_2859,A,لي كانقصد هو راه ماكانش الخطأ ديالي...,li kan9sad hwa rah makanch lkhata2 dyali...,I mean it wasn't really my fault...,أعني، لم يكن الأمر خطئي حقًا...,7,PARTIALLY VALIDATED
data51319,WIKI_C_01165,C,"التقديم الصوتي ""مايكل مايكل ... (مافهمتش) ... ماكيسوقوش ليهم"" سجلاتو أنجليكا فييرا، المنتجة ديال مانهاتن كونيكشن.","t9dim soti ""michael michael ... (mafhemtch) ... makisou9ouch lihom"" sgelato angelica vieira, montida dyal manhattan connection.","The voice intro , "" Michael , Michael , <unk> não <unk> pra gente "" ( <unk> for "" they don 't care about us "" ) , was recorded by Angélica Vieira , producer of Manhattan Connection .","التسجيل الصوتي ""مايكل، مايكل... (لا أفهم)... لا يهتمون بنا""، سجلته أنجيليكا فييرا، منتجة برنامج مانهاتن كونيكشن.",16,GENERATED
data51320,DATA_15048,B,"جاي، آدم (27 ماي 2003). ""بوسي واقفة ثابتة على صفقة إي إم آي"". الديلي تلغراف.","jay, adam (27 may 2003). ""boussi waqfa tabta 3la safqat i em ay"". addaily telegraph.","Jay , Adam ( 27 May 2003 ) . "" Boosey Stands Firm on EMI Deal "" . The Daily Telegraph .","جاي، آدم (٢٧ مايو ٢٠٠٣). ""بوسي تصر على صفقة EMI"". الدايلي تلغراف.",22,GENERATED
data51321,DATA_24114,B,التركيبة ديال مجلس الجماعة الأصلي (ولا مجلس الجماعة كيف كان شحال هادي) تنتقدات بهاد الأسباب:,Attarkiba dyal mejliss ljama3a l'asli (wella mejliss ljama3a kif kan shhal hadi) tntaqdat bhad l'asbab:,The structure of the Aboriginal Shire Council ( or Community Council as it was previously ) has been criticised for the following reasons :,تعرض هيكل مجلس شير أبوريجينال (أو مجلس المجتمع كما كان يُعرف سابقًا) للانتقاد للأسباب التالية:,24,GENERATED
data51322,DATA_1783,A,علاش ماتجيبش قرعة حتى هيا,3lach matjibch 9ar3a 7tta hia,Why don't you bring a bottle as well,لماذا لا تحضر زجاجة أيضًا؟,8,PARTIALLY VALIDATED
data51323,WIKI_D_08448,D,"بيزلي و <unk> كيشوفو باللي تومسون شاف الشكل ""كنتيجة لقوى ديناميكية.. تشكلات بتدفقات الطاقة ومراحل النمو."" وكيمدحو ""كتابتو الفصيحة ورسوماتو الرائعة"" اللي عطاو الإلهام للفنانين والمهندسين المعماريين وحتى العلماء.","bizli w <unk> kishufou belli thompson shaf l-shkel ""kentej 9wa dynamikiyya.. tatshakel b ttaf9at l-ta9a w mar7al l-numuw"". W kimehdo ""ktabto l-fasi7a w resmatih l-ra2i3a"" li 3taw l-ilham l-fannanin w l-mhandisin l-mi3mariyin w l-3ulama 3la had sswaa'. ","Beesley and <unk> observe that Thompson saw form "" as a product of dynamic forces .. shaped by flows of energy and stages of growth . "" They praise his "" eloquent writing and exquisite illustrations "" which have provided inspiration for artists and architects as well as scientists .","يلاحظ بيزلي و<unk> أن طومسون رأى الشكل ""كنتاج للقوى الديناميكية.. يتشكل بفعل تدفقات الطاقة ومراحل النمو"". وأثنيا على ""كتاباته البليغة ورسوماته الرائعة"" التي ألهمت الفنانين والمهندسين المعماريين والعلماء على حد سواء.",29,GENERATED
data51324,WIKI_D_11361,D,المدينة كانت موضوع محاولة من طرف شركة أخرى، ديدكوت، نيوبيري و ساوثهامبتون للسكك الحديدية، باش يفتحو طريق سكة حديد آخر للشمال في ثمانينات القرن التاسع عشر و شي شغل ديال البني، بما فيه واحد السد اللي باقي، تدار في منطقة هيل لين.,"lmadiyna kanet mawdu3 ta7awlo mn tarf charika okra, l-didcot, newbury w southampton l-skek l-7adidiyya, bach ift7o tariq skka 7adid 5or l-chmal f tmaninat l-9arn l-9amach w shi chghol dyal lbni, bima fih wa7d l-sad li baki, tdar f minta9t l-hill lane.","The town was the subject of an attempt by a separate company , the Didcot , Newbury and Southampton Railway , to open another rail route to the North in the 1880s and some building work , including a surviving embankment , was undertaken in the Hill Lane area .",كانت البلدة موضوع محاولة من قبل شركة منفصلة، وهي شركة ديدكوت ونيوبوري وساوثهامبتون للسكك الحديدية، لفتح مسار سكك حديدية آخر إلى الشمال في ثمانينيات القرن التاسع عشر، وتم القيام ببعض أعمال البناء، بما في ذلك جسر متبقٍ، في منطقة هيل لين.,42,GENERATED
data51325,WIKI_D_10979,D,"Mellor, Anne K. ""A Criticism of Their Own: Romantic Women Literary Critics."" Questioning Romanticism. Ed. John Beer. Baltimore: Johns Hopkins Univ. Press, 1995. ISBN 978@ -@ 0@ -@ 8018@ -@ <unk>@ -@ 3.","mellor, anne k. ""a criticism of their own: romantic women literary critics."" questioning romanticism. ed. john beer. baltimore: johns hopkins univ. press, 1995. isbn 978@-@0@-@8018@-@<unk>@-@3.","Mellor , Anne K. "" A Criticism of Their Own : Romantic Women Literary Critics . "" Questioning Romanticism . Ed . John Beer . Baltimore : Johns Hopkins Univ . Press , 1995 . ISBN 978 @-@ 0 @-@ 8018 @-@ <unk> @-@ 3","ميلور، آن ك. ""نقد خاص بهن: نساء رومانسيون كناقدات أدبيات"". التساؤل عن الرومانسية. تحرير جون بير. بالتيمور: مطبعة جامعة جونز هوبكنز، 1995. ردمك 978-0-8018-<unk>-3.",33,GENERATED
data51326,WIKI_C_11940,C,فريذريش و واحد سميتو <unk> صنعو السيليسيوم نيتريد عام 1925 بالترجاع الكربوحراري تحت النيتروجين، يعني سخنو السيليس و الكربون و النيتروجين فواحد الحرارة ديال 1250 حتى ل 1300 درجة.,"4. friedrich w wa7d smito <unk> sنعo silisium nitrid 3am 1925 bterjaa3 elkebohari ta7t ennitrojin, ya3ni sxno essilis w lekebon w ennitrojin fwa7d l7arara dyal 1250 7ta l 1300 daraja.","4 . E. Friederich and L. <unk> made Si3N4 in 1925 via carbothermal reduction under nitrogen , that is , by heating silica , carbon , and nitrogen at 1250 – 1300 ° C.",4. قام إي. فريدريش ول. <unk> بصنع نيتريد السيليكون في عام 1925 عن طريق الاختزال الكربوحراري تحت النيتروجين، أي بتسخين السيليكا والكربون والنيتروجين عند 1250-1300 درجة مئوية.,29,GENERATED
data51327,DATA_24510,B,المشاكل ديال التحسين الخطي قابلة للتفريق. إلى عطاوك مشكل قابل للتفريق وعندو حل أمثل، نتبتو واحد الحل أمثل.,"l-mashaakil diyal t-thseen l-khatti qaabila lit-tafriiq. ila 3taawk moshkil qaabil lit-tafriiq w 3ndo hl amthal, ntbtu wahed l-hl amthal.","For example , problems of linear optimization are separable . Given a separable problem with an optimal solution , we fix an optimal solution",على سبيل المثال ، مشاكل التحسين الخطي قابلة للفصل. بالنظر إلى مشكلة قابلة للفصل لها حل أمثل ، فإننا نثبت حلاً أمثلًا,24,GENERATED
data51328,DATA_21477,B,طيلة الفترة، كان كيبين على شجاعة كبيرة، قيادة حكيمة، وإخلاص للواجب، و الخدمة ديالو كانت لا تقدر بثمن.,"tila lfatra, kan kiybin 3la shaja3a kbira, qiyada 7akima, w ikhlas l lwajib, w lkhadma dyalo kanat la tuqadar b taman.","Throughout he displayed the greatest courage , skilful leading and devotion to duty , and his work was invaluable .",طوال الوقت أظهر أعظم شجاعة، وقيادة ماهرة، وتفانياً في الواجب، وكان عمله لا يقدر بثمن.,20,GENERATED
data51329,DATA_12755,B,"حومپتي كيبان في ""مورا الزاج"" ديال لويس كارول (1872)، فين كيهضر مع أليس على المعاني وكيفاش الكلام كيتفهم.","houmpty kiban fi ""moura z-zaj"" dyal louis carol (1872), fin kiahder m3a alis 3la l-ma3ani w kifash l-klam kaytfehem.","Humpty appears in Lewis Carroll 's Through the Looking @-@ Glass ( 1872 ) , where he discusses semantics and pragmatics with Alice .","يظهر همبتي دمبتي في رواية لويس كارول ""عبر المرآة"" (1872)، حيث يناقش فيها علم الدلالة وعلم البراغماتيات مع أليس.",24,GENERATED
data51330,WIKI_D_05317,D,بحال أي كائن حي، الثدييات البحرية عرضة للعدوى الفيروسية. في 1988 و 2002، الآلاف من فقمات المرفأ ماتو في أوروبا بسبب فيروس داء الكلب الفقمي. بزاف ديال الفيروسات خرا، بحال <unk>، الهربس، الفيروسات الغدية و <unk>، كدور بين تجمعات الثدييات البحرية.,"b7al ay kine 7ayy, thdiyaat lbar7iya 3ar7a lel3odya lvirousiya. f 1988 w 2002, l-alaf men fqmat lmarfa mato f ooropa bsbab virous daa lkalab lfqmi. bzaf dyal lvirousat khra, b7al <unk>, lherpes, lvirousat lghadiya w <unk>, kador bin tjamo3at thdiyaat lbar7iya.","Like any organism , marine mammals are susceptible to viral infections . In 1988 and 2002 , thousands of harbor seals were killed in Europe by phocine distemper virus . Many other viruses , including <unk> , herpesviruses , adenoviruses and <unk> , circulate in marine mammal populations .",مثل أي كائن حي، الثدييات البحرية معرضة للإصابات الفيروسية. في عامي 1988 و 2002، قتل آلاف من فقمات المرفأ في أوروبا بسبب فيروس داء الطاعون الفقمي. العديد من الفيروسات الأخرى، بما في ذلك <unk>، والفيروسات الهربسية، والفيروسات الغدية، و<unk>، تنتشر في مجموعات الثدييات البحرية.,41,GENERATED
data51331,DATA_22637,B,هاد لي بومبونات ديال التنفس خاص حتى هما يكونو ملصقين فيهم شنو فيهم. التيكي خاص يبين شنو هو الغاز ديال التنفس اللي فالبومبا.,had li boumbounat dyal t-tanaffus khas hta homa ykounou mlasqin fihoum shnu fihoum. t-tiki khas ibayyen shnu huwa l-ghaz dyal t-tanaffus li f l-boumba.,These breathing gas cylinders must also be labeled with their contents . The label should state the type of breathing gas contained by the cylinder .,يجب أيضًا وضع ملصقات على أسطوانات غاز التنفس هذه توضح محتوياتها. يجب أن يوضح الملصق نوع غاز التنفس الذي تحتويه الأسطوانة.,26,GENERATED
data51332,DATA_5561,A,أحسن مادة عندي هي المط,2a7sen madda 3ndi hiyya lmaT,My favorite subject is math,مادتي المفضلة هي الرياضيات,5,PARTIALLY VALIDATED
data51333,DATA_3562,A,راه حاجة مزيانة ماعلجوش اسمية ديال ولادهم,rah 7aja mzyana ma3aljoch smiya dyal wladhom,It's a good thing they didn't process their kids' names,من حسن حظهم أنهم لم يعالجوا أسماء أطفالهم,10,PARTIALLY VALIDATED
data51334,WIKI_C_05400,C,"""بريسيوزا سانݣري عاودو شاركو ف نسخة 2013 ديال أولمبياد ديال الساعة. واليني ما وصلوش للدورة الثانية، جابو النقطة 19 (32 نقطة) من بين 22 فرقة اللي شاركات.""","preciosa sangre 3awdo charko f nuskha dial 2013 dial olimpiad dial sa3a. walakin ma wsloch lddorra taniya, jabo lntqta 19 (32 nqta) men bin 22 frqa lliشاركt.","Preciosa Sangre participated again in the 2013 edition of the Olimpíadas de Actualidad . However , they did not make it to the second round , obtaining the 19th score ( 32 points ) from 22 participating teams .",شاركت بريسيوزا سانغري مرة أخرى في نسخة عام 2013 من أولمبياد الحدث الحالي. ومع ذلك، لم يتأهلوا للدور الثاني، وحصلوا على المركز التاسع عشر (32 نقطة) من بين 22 فريقًا مشاركًا.,27,GENERATED
data51335,DATA_17262,B,لعائلة ديال لي زونزيم ديال غلوتاثيون بيروكسيداز ( GSH @-@ Px ) كيحفزو شي تفاعلات اللي كيحيدو جزيئات الأوكسجين المتفاعلة بحال بيروكسيد الهيدروجين و هيدروپيروكسيدات العضوية.,l-3a'ila dyal li zonzim dyal glutathione peroxidase (GSH-Px) kay7afzzo shi tafa3ulat li kay7aydu juzay'at l'oxygène lmutafa3ila b7al peroxyde l'hydrogène w hydroperoxydates l3odwiya.,The glutathione peroxidase family of enzymes ( GSH @-@ Px ) catalyze certain reactions that remove reactive oxygen species such as hydrogen peroxide and organic hydroperoxides :,تُحفِّز عائلة إنزيمات جلوتاثيون بيروكسيديز ( GSH @-@ Px ) تفاعلات معينة تزيل أنواع الأكسجين التفاعلية مثل بيروكسيد الهيدروجين وبيروكسيدات الهيدرو العضوية.,27,GENERATED
data51336,DATA_21650,B,حتى لـ 11 فصيلة فرعية تحددات، واخا علماء الحيوان كولين جروڤز و پيتر جرب كيعتابرو شي وحدين منهم كأنواع مستاقلة فواحد لمنشور ف 2011:,"7atta l 11 fassila far3iya t7adddat, wakha 3olama' l7ayawan Colin Groves u Peter Grubb kiy3tabro shi wa7din mnhom ka anwa3 mostaqilla fwa7ed lmanshour f 2011:","As many as 11 subspecies have been identified , though zoologists Colin Groves and Peter Grubb treat a few of them as independent species in a 2011 publication :",تم التعرف على ما يصل إلى 11 سلالة فرعية، على الرغم من أن علماء الحيوان كولين غروفز وبيتر جروب يتعاملان مع عدد قليل منها كأنواع مستقلة في منشور عام 2011:,29,GENERATED
data51337,DATA_22734,B,واحد الكارطة ديال T206 Wagner كانت ديال واحد الجامع معروف سميتو فرانك ناجي تباعت ب 456 ألف دولار فدجنبر 2005، عن طريق شركة المزاد ديال ماسترو.,"wa7d l-karṭa dyal T206 Wagner kanat dyal wa7d l-jami3 ma3ruf smitu Frank Naji tba3at b 456 alf dolar f Dujanbir 2005, 3an ṭariq shirka l-mazad dyal Mastro.","A T206 Wagner owned by renowned collector Frank Nagy sold for $ 456 @,@ 000 in December 2005 , through Mastro 's auction company .",باع جامع التحف الشهير فرانك ناجي بطاقة وارنر من نوع T206 بسعر 456000 دولار في ديسمبر 2005، عن طريق شركة ماسترو للمزادات.,25,GENERATED
data51338,WIKI_D_04030,D,في شهر سبعة ديال 2013، ولاية نيويورك، اللي هي سوق كبير وباب فين كيدخلو زعانف ديال القرش، منعو التجارة ديال زعانف القرش، وانضمو ل سبعة ديال الولايات أخرى من ميريكان و تلاتة ديال المناطق اللي تابعين لميريكان في المحيط الهادي باش يوفروا حماية قانونية للقروش.,"f shhr seb3a dyal 2013, wlayt new york, li hiya souq kbir w bab fin kaydkhlo z3anf dyal lqrsh, m3no tjara dyal z3anf lqrsh, w dmo l seb3a dyal wilayat lokhrin mn merikan w tlat dyal mnatiq li تابعين l merikan f l mohit l hadi bach yofro hmaya qanoniya l qrosh.","In July 2013 , New York state , a major market and entry point for shark fins , banned the shark fin trade joining seven other states of the United States and the three Pacific U.S territories in providing legal protection to sharks .",في يوليو 2013، حظرت ولاية نيويورك، وهي سوق رئيسي ونقطة دخول لزعانف أسماك القرش، تجارة زعانف أسماك القرش، لتنضم إلى سبع ولايات أخرى في الولايات المتحدة وثلاث مناطق أمريكية في المحيط الهادئ في توفير حماية قانونية لأسماك القرش.,45,GENERATED
data51339,WIKI_D_00095,D,مورا ما داز، الحلقة التجريبية شافوها كتر من تسعة د المليون ديال المتفرجين، وربحات بسهولة التوقيت ديالها، حيث تقريبا ضوبلات نسبة المشاهدة على ITV1 فنفس الوقت؛ التقييمات فاتو التوقعات ديال المنتجين. ولكن، النقاد عطاو ردود مختلفة على الحلقة.,"mura ma daz, l-hala tijribiya chafoha ktar men tesa d l-million dyal l-moutafarjin, w-rba7t b-sehula t-tewqit dyalha, 7ayt ta9riban dWbat n-sbwat l-mochahada 3la ITV1 f-ns l-wa9t; t-ta9yimat fato t-tawaqo3at dyal l-montijin. W-lakin, l-nu99ad 3taw rduud mokhtalifa 3la l-hala.","Following its broadcast , the pilot was seen by over nine million viewers , easily winning its time slot , having nearly doubled viewership from ITV1 at the same time ; the ratings went beyond the producers ' expectations . However , critics gave varied responses towards the episode .",عقب بثها، شاهد الحلقة التجريبية أكثر من تسعة ملايين مشاهد، لتفوز بسهولة بفترتها الزمنية، بعد أن ضاعفت تقريبًا نسبة المشاهدة من قناة ITV1 في نفس الوقت؛ تجاوزت التقييمات توقعات المنتجين. ومع ذلك، قدم النقاد ردودًا متباينة تجاه الحلقة.,38,GENERATED
data51340,DATA_17611,B,التدبير البيئي: الما و الأرض اللي مرتبطة بيه. Public Administration Review 28 (يوليوز – غشت) ، 1968.,"Attadbir lbi2i: lma w l'ard lli mrتبطa bih. Public Administration Review 28 (yulyuz - ghusht), 1968.",""" Environmental management : Water and related land . Public Administration Review 28 ( July – August ) , 1968 .",إدارة البيئة: المياه والأراضي ذات الصلة. مراجعة الإدارة العامة 28 (يوليو - أغسطس)، 1968.,21,GENERATED
data51341,WIKI_C_02037,C,"شحال هادي من بعد، واحد الكلمة قريبة ليها ""مافيا ديال الطيارات المقاتلة"" كانت كتوصف الناس اللي فالقوات الجوية اللي كانو كيبغيو الطيارات المقاتلة الخفيفة اللي كيعرفو يتقاتلو مزيان وجها لوجه حسن من الطيارات الثقيلة اللي كيطلقو الصواريخ.","shhal hadi mn b3d, wa7d lklimat qriba liha ""mafya dyal tayanat lmuqatila"" kanat katsawaf linnas lli fal qawat jaywiya lli kano kiybghiw tayanat lmuqatila lkhafifa lli kay3rfo ytaqato mazyan wjah lwajh 7san mn tayanat tqila lli kaytlaqo sarawikh.","Many years later a related term "" Fighter Mafia "" described those within the Air Force that favoured light weight fighters good at dog @-@ fighting instead of heavy missile @-@ firing fighters .","بعد سنوات عديدة، مصطلح قريب منه ""مافيا المقاتلين"" وصف أولئك داخل القوات الجوية الذين فضلوا المقاتلات خفيفة الوزن الجيدة في القتال الجوي بدلاً من المقاتلات الثقيلة المطلقة للصواريخ.",37,GENERATED
data51342,WIKI_D_01768,D,القياسات ديال صفحات گوتنبرگ لي نقلها جون مان ماشي قراب بزاف للنسبة الذهبية، ولكن التصميم ديال روزاريفو ولا فان دي خراڤ كيطبقو تشيخولد باش يدير مساحة نص مريحة ف صفحات بقياسات عشوائية، حتى هادوك لي جاو بالصدفة.,"lqyast dyal saf7at gutenberg li na9olha john man machi 9rab bezzaf lnsba zdahabiya, walakin tṣamim dyal rosarivo wala van de graaf kayt2bi9oh tschichold bach idir masaha naṣṣ miri7a f saf7at b9yasat 3ashwaya, 7ta hadok li jaw bṣdoff.","John Man 's quoted Gutenberg page sizes are in a proportion not very close to the golden ratio , but Rosarivo 's or van de Graaf 's construction is applied by Tschichold to make a pleasing text area on pages of arbitrary proportions , even such accidental ones .",قياسات صفحات غوتنبرغ التي استشهد بها جون مان ليست قريبة جدًا من النسبة الذهبية، ولكن بناء روزاريڤو أو فان دي جراف يطبقه تشيشولد لإنشاء منطقة نص مبهجة على صفحات ذات نسب اعتباطية، حتى تلك العرضية.,37,GENERATED
data51343,WIKI_C_01972,C,عملية البدء الرائعة في النهاية وصلات لعملية قبة الكروم. قبة الكروم كانت واحد لعملية فين طيارات ديال القصف كانوا كيبقاو ديما طايرين و حاضيين حدا حدود الاتحاد السوفياتي.,3amaliya lbdaya lra2i3a f l9enbiya waslat l3amaliya qobbat lkroom. qobbat lkroom kanet wahed l3amaliya fin tayarat dyal lqasf kanou kayb9aw deema tayrin w 7adya 7da 7odoud l2ittihad ssoviyati.,Operation Head Start eventually lead to Operation Chrome Dome . Chrome Dome was an operation where bombers would be in constant airborne alert and loiter at points just outside the Soviet Union .,"أدت عملية ""البداية الرائعة"" في النهاية إلى عملية ""قبة الكروم"". كانت ""قبة الكروم"" عملية يتم فيها إبقاء القاذفات في حالة تأهب جوي مستمر وتحوم عند نقاط تقع خارج الاتحاد السوفيتي مباشرةً.",28,GENERATED
data51344,WIKI_C_08782,C,التيردد فجناب الضوا، اوميغا سي، تقدر تلقاه من هاد ليكسبريسيون باللي تساوي القيمة ديال الربح فجناب الضوا مع لقيمة المطلقة ديال ليكسبريسيون.,"tlfrd f jnab dowa, omega c, t9dr tla9ah mn had l'expression blli tsawiy l9ima dyal rbe7 f jnab dowa m3a l9ima lmoṭla9a dyal l'expression.","The frequency at the band edges , ωc , can be found from this expression by equating the value of the gain at the band edge to the magnitude of the expression ,",يمكن إيجاد التردد عند حواف النطاق ، ωc ، من هذا التعبير بمساواة قيمة الكسب عند حافة النطاق مع مقدار التعبير،,22,GENERATED
data51345,WIKI_C_05535,C,بحال لباقي ديال المملكة المتحدة و المنطقة اللي تابع ليها، تشيشاير، براضوال عندها مناخ بحري جاي من لمحيط الأطلسي، و تا العلو ديالها كيلعب دور حيت قريبة لجبال بينين.,"b7al l'baqi dyal l'mamlaka l'mott7ida w l'mintaqa liتابع liha, cheshire, bradwall 3andha menakh bahri jay men l'mo7it l'atlasi, w ta l3lou dyalha kiyel3eb dor 7it qriba lejbel pennines.","Following the rest of United Kingdom and its parent county , Cheshire , Bradwall has an oceanic climate influenced by the Atlantic Ocean , and also by its altitude due to its proximity to the Pennines .",مثل باقي أجزاء المملكة المتحدة والمقاطعة الأم، تشيشاير، تتمتع برادوال بمناخ محيطي متأثر بالمحيط الأطلسي، وكذلك بارتفاعها بسبب قربها من جبال بنين.,29,GENERATED
data51346,WIKI_C_04742,C,مولّي، هاد الجماعة كانت مزيانة فالتسعينات ديال القرن 19 حيت كانت محطة ديال التران فيها سيّلو ديال الزرع، البوسطة، و حانوت ديال كولشي. الحقول ديال البترول ديال هاريزون تاونشيب كانو قراب ليها.,"moli — had l-jama3a kanat meziana f-tsininat dyal l-qarn 19 hit kanat m7atta dyal l-tran fiha silo dyal z-zer3, l-bosta, w 7anout dyal kolchi. l-7qol dyal l-bitrol dyal harrison township kanu qrab liha.","Mollie — This community thrived in the 1890s as a railroad stop with a grain elevator , post office , and general store . The Harrison Township oil fields were located nearby .",ازدهر هذا المجتمع في تسعينيات القرن التاسع عشر كمحطة للسكك الحديدية تضم صومعة حبوب ومكتب بريد ومتجرًا عامًا. كانت حقول النفط في بلدة هاريسون تقع بالقرب منها.,32,GENERATED
data51347,WIKI_C_11483,C,ملي تحل گوليَات، كان أطول و أسرع مانطَـن فكندا. عاماين من بعد، ملي تحل بيهيموث ف كندا ووندرلاند، گوليَات خسرات كاع الرْكُورَات.,"mali t7ell goliath, kan atwal w asra3 montan f canada. 3amayn men b3d, mali t7ell behemoth f canada wonderland, goliath khassrat ga3 lrecordat.","When Goliath opened , it was the tallest and fastest roller coaster in Canada . Two years later , when Behemoth opened at Canada 's Wonderland , Goliath lost both records .",عندما افتتحت جولياث، كانت أطول وأسرع أفعوانية في كندا. بعد عامين، عندما افتتحت بيهموت في كندا ووندرلاند، فقدت جولياث كلا الرقمين القياسيين.,22,GENERATED
data51348,DATA_18092,B,"سكادي مذكورة فالأشعار اللي فالـ ""Poetic Edda""، و فجوج كتوبة ديال ""Prose Edda"" و فواحد الكتاب ديال ""Heimskringla"".","Skadi medkoura fel ashaar li fel ""Poetic Edda"", ou fe juj ktouba dyal ""Prose Edda"" ou fe wahed lktab dyal ""Heimskringla"".","Skaði is attested in poems found in the Poetic Edda , in two books of the Prose Edda and in one Heimskringla book .",تم الإشارة إلى سكاڤي في قصائد موجودة في إيدا الشعرية، وفي كتابين من إيدا النثر، وفي كتاب واحد من هيمسكِرينغلا.,24,GENERATED
data51349,DATA_18349,B,"فيلم پاي فيه بزاف ديال الإشارات للمات و النظريات ديالو. فواحد interview دارو أرونوفسكي عام 1998، اعترف بالبزاف ديال التأثيرات اللي كانت عليه باش دار فيلم ""پاي"":","Film Pai fih bzzaf dyal al-icharat l al-mout w al-naddariyat dyalou. F wahed interview darou Aronofsky aam 1998, a'taraf b bzzaf dyal ta'thirat lli kanet alih bach dar film ""Pai"":","Pi features several references to mathematics and mathematical theories . In a 1998 interview , Aronofsky acknowledged several influences for "" Pi "" :","يحتوي فيلم باي على عدة إشارات إلى الرياضيات والنظريات الرياضية. وفي مقابلة عام 1998، اعترف أرونوفسكي بالعديد من التأثيرات على فيلم ""باي"":",24,GENERATED
data51350,DATA_11210,A,تعطلي بزّاف باش تشوف شي طونوبيل لكرا,t3etli bezzaf bach tchouf chi tonobil lkra,you are too late to borrow a car,لقد فات الأوان بالنسبة لك لاستعارة سيارة.,8,PARTIALLY VALIDATED
data51351,DATA_24863,B,"Wolf, Donald E. Ssad Kbar w Hlam Akhorin: Qessa dyal Sherikat Ssetta. Norman, Oklahoma. Matba'a dyal Jami'at Oklahoma, 1996.","Wolf, Donald E. Ssad Kbar u Hlam Akhorin: Qissa dyal Sherikat Ssetta. Norman, Oklahoma. Matba'a dyal Jami'at Oklahoma, 1996.","Wolf , Donald E. Big Dams and Other Dreams : The Six Companies Story . Norman , Oklahoma . University of Oklahoma Press , 1996 .",وولف، دونالد إي. السدود الكبرى وأحلام أخرى: قصة الشركات الست. نورمان، أوكلاهوما. مطبعة جامعة أوكلاهوما، 1996.,26,GENERATED
data51352,WIKI_C_10291,C,تمنية ديال المراكب CAM تشدو من عند مولاهم، جوج غرقو: ...، ...، Eastern City، ...، ...، Michael E (غرقات)، Novelist، Primrose Hill (غرقات).,"tmenya dyal lmraakeb CAM chedou men 3end molahom, jouj ghra9o: ..., ..., Eastern City, ..., ..., Michael E (ghra9at), Novelist, Primrose Hill (ghra9at).","Eight CAM ships were requisitioned from private owners , two of which were sunk : <unk> , <unk> , Eastern City , <unk> , <unk> , Michael E ( sunk ) , Novelist , Primrose Hill ( sunk ) .",تم الاستيلاء على ثماني سفن من طراز CAM من ملاكها الخاصين، وتم غرق اثنتين منها: <unk>، <unk>، إيسترن سيتي، <unk>، <unk>، مايكل إي (غارقة)، نوفليست، بريمروز هيل (غارقة).,23,GENERATED
data51353,DATA_10115,A,كان كيسحاب ليا غادي يتحي ملي يكون كيتزعلل.,kan kis7ab liya ghadi yti7 mli ykoun kitze3lel.,i thought that  he will fall down,ظننت أنه سيسقط,7,PARTIALLY VALIDATED
data51354,DATA_4142,A,ماخصكش تشرب فشمش,makhsskch tchrab fchamch,you shouldn't drink in the sun,لا ينبغي لك أن تشرب في الشمس,6,PARTIALLY VALIDATED
data51355,DATA_6869,A,كيفاش كتوجد القراية هنا تلمد المستقبل؟,kifach katwejed l9raya hna tlamed lmoust9bal ?,how does the education system prepare students for the future?,كيف يُعد النظام التعليمي الطلاب للمستقبل؟,10,PARTIALLY VALIDATED
data51356,DATA_19917,B,"Goldman, Richard Franko. ""John Philip Sousa."" HiFi/Stereo Review 19, nemra 1 (1967): 35–47.","Goldman, Richard Franko. ""John Philip Sousa."" HiFi/Stereo Review 19, nemra 1 (1967): 35–47.","Goldman , Richard Franko . "" John Philip Sousa . "" HiFi / Stereo Review 19 , no . 1 ( 1967 ) : 35 – 47 .","جولدسمان، ريتشارد فرانكو. ""جون فيليب سوزا"". مجلة HiFi/Stereo Review 19، العدد 1 (1967): 35-47.",28,GENERATED
data51357,WIKI_C_11616,C,ماعْرْفْتْ آشْ نْتَرْجَمْ هَادْ <unk> و هَادْ OCLC، و لكن نْقَدَرْ نْقُولْ: سطانڭ، إيڤان؛ هولاند، <unk>؛ روبينز، هال (2006) [1991]. نوض!: الفيديو د السابجينيوس (ديفيدي @-@ آر). سابجينيوس موڤينڭ پيكتشرز. OCLC <unk>.,"ma3rft ash ntrjm had <unk> w had OCLC, w lkin n9dr n9ul: stang, ivan; holland, <unk>; robins, hal (2006) [1991]. noud!: lvideo d lsubgenius (dvd @-@ r). subgenius moving pictures. OCLC <unk>.","Stang , Ivan ; Holland , <unk> ; Robins , Hal ( 2006 ) [ 1991 ] . Arise ! : the SubGenius Video ( DVD @-@ R ) . SubGenius Moving Pictures . OCLC <unk> .",ستانج، إيفان؛ هولندا، <unk>؛ روبنز، هال (2006) [1991]. قم!‏: فيديو سابجينيوس (DVD @-@ R). سابجينيوس موفينغ بيكتشرز. OCLC <unk>.,32,GENERATED
data51358,WIKI_D_08737,D,هيو باردولف ولا هيو شي واحد اخر (مات تقريبا ف 1203) كان مسؤول إداري و قاضي ملكي إنجليزي ف القرون الوسطى. معروف بالخبرة ديالو ف القانون، و كان تايخدم تا كمسؤول مالي. خدم تلاتة ديال الملوك ديال إنجلترا قبل ما يموت.,"hiu bardulf wla hiu shi wahed akhor (mat ta9riban f 1203) kan ms2ul idari w qadi malaki ingleezi f lqurun l-wusta. ma3ruf b lkhibra dyalu f lqanun, w kan taykhdem ta kمس2ul mali. khdem tlata dyal mluk dyal ingiltra qbl ma ymut.","Hugh Bardulf or Hugh <unk> ( died c . 1203 ) was a medieval English administrator and royal justice . Known for his legal expertise , he also served as a financial administrator . He served three kings of England before his death .",كان هيو باردولف، أو هيو المجهول (توفي حوالي عام 1203)، مسؤولاً إدارياً وقاضياً ملكياً إنجليزياً في العصور الوسطى. عُرف بخبرته القانونية، كما شغل منصب مسؤول مالي. خدم ثلاثة ملوك لإنجلترا قبل وفاته.,41,GENERATED
data51359,WIKI_C_12070,C,"هادي هي ديك التركيبة الساهلة بزاف اللي حفزات باش يتسمى اللوغاريتم الطبيعي ""طبيعي""؛ وهادي وحدة من الأسباب الرئيسية ديال الأهمية ديال الثابتة e.","hadi hiya dik tarkeeba sahla bzzaf lli 7afzat bach ytsamma logarithm tatabi3i ""tatabi3i""; w hadi wa7da mn asbab ra2issia dyal l2 أهمية dyal thabta e.","1 . This is this very simple formula that motivated to qualify as "" natural "" the natural logarithm ; this is also one of the main reasons of the importance of the constant e .","١ . هذه هي الصيغة البسيطة هذه التي حفزت على تسمية اللوغاريتم الطبيعي بـ ""الطبيعي""؛ وهذه أيضًا أحد الأسباب الرئيسية لأهمية الثابت e.",23,GENERATED
data51360,DATA_19067,B,"جورجيا تيك لعبو فربعا ديال ماتشات ديال بطولة ACC ديال الفوتبال, ولكن الرباح الوحيد ديال يلو جاكيتس تحيّد من بعد.","Georgia Tech le3bou frbe3a dyal matchat dyal بطولة ACC dyal football, walakin rbah lwahid dyal Yellow Jackets t7eyyed mn ba3d.","* Georgia Tech appeared in four ACC Football Championship Games , but the Yellow Jackets ' one win was later vacated .",ظهرت جورجيا تك في أربع مباريات لبطولة كرة القدم في مؤتمر ساحل الأطلسي، لكن فوزهم الوحيد تم إلغاؤه لاحقًا.,22,GENERATED
data51361,DATA_21251,B,"فالحلقة ديال ""Big Trouble in Little Langley"" من أميريكان داد! ف 2007، الوالدين البيولوجيين ديال فرانسين، نيك و كاساندرا داوسن كايعيشو تما.","falhalqa dial ""Big Trouble in Little Langley"" men american dad! f 2007, lwalidin al-biologiyin dial francine, nick w cassandra dawson kay3icho tma.","In "" Big Trouble in Little Langley "" , a 2007 episode of American Dad ! , Francine 's birth parents Nick and Cassandra Dawson live there .","في حلقة ""مشاكل كبيرة في لانغلي الصغيرة""، وهي حلقة من مسلسل ""بابا أمريكي"" عام 2007، يعيش والدا فرنسين البيولوجيان نيك وكاساندرا داوسون هناك.",28,GENERATED
data51362,WIKI_C_03130,C,الضروريّة، هي ديك لفكرة باللي كولّا نوع عندو شي خصائص ضرورية ما كيتبدلوش، واحد الكونسيبت اللي تطور من الميتافيزيك الأرسطوطاليسية ديال العصور الوسطى، واللي كانت متوافقة مزيان مع علم اللاهوت الطبيعي.,"ddaruriyya, hiya dik lfikra belli koulla naw3 3ndo chi khassa2is daruriyya ma kiybtadloch, wa7d lconcept lli ttawwr mn lmetaphysique l'aristotelisiyya dyal l3osur l'wusta, wlli kanat mtawfa9a mzyan m3 3ilm llahot ttbi3i.","essentialism , the belief that every species has essential characteristics that are unalterable , a concept which had developed from medieval Aristotelian metaphysics , and that fit well with natural theology",الجَوْهَرِيَّة، وهي الاعتقاد بأن لكل نوع خصائص أساسية غير قابلة للتغيير، وهو مفهوم تطور من الميتافيزيقا الأرسطوطاليسية في العصور الوسطى، وتناسب جيدًا مع اللاهوت الطبيعي.,31,GENERATED
data51363,DATA_2376,A,تقدر تجيب ليا معاك شي حاجة من المحل لي فالقنت,t9dar tjib liya m3ak chi 7aja man lma7al li f l9ont,Will you get me something from the shop round the corner?,هل ستجلب لي شيئًا من المتجر القريب؟,11,PARTIALLY VALIDATED
data51364,WIKI_C_12430,C,"""ديال بصح خدم راسك الحكومة""، إسكوير، أبريل 1983، الصفحات 126-28. محاولة بكري باش يقدمو أفكار سياسية ديال العصر الجديد بحال يلا براغماتية ووسطية.","dyal bse7 khdem rassek l7okuma, Esquire, Abril 1983, sseff7at 126-28. mo7awla dyal bekri bach yqaddmu afkar l3asr jdid sseiyasiya b7al ila pragmatiya wwostiya.",""" Do @-@ It @-@ Yourself Government "" , Esquire , April 1983 , pp. 126 – 28 . Early attempt to present New Age political ideas as pragmatic and centrist .","حكومة ""افعلها بنفسك"" ، أسكواير، أبريل 1983، الصفحات 126-28. محاولة مبكرة لتقديم أفكار العصر الجديد السياسية على أنها براغماتية ووسطية.",23,GENERATED
data51365,DATA_22796,B,زامير ضد وزير الدولة للشؤون الداخلية [1980] UKHL 14 ، [1980] A.C. 930 ، H.L. (UK).,"Zamire dd وزير الدولة li-shu'un ad-dakhiliya [1980] UKHL 14, [1980] A.C. 930, H.L. (UK).","Zamir v. Secretary of State for the Home Department [ 1980 ] UKHL 14 , [ 1980 ] A.C. 930 , H.L. ( UK ) .",قضية زمير ضد وزير الداخلية [ 1980 ] المملكة المتحدة HL 14، [ 1980 ] A.C. 930، مجلس اللوردات (المملكة المتحدة).,26,GENERATED
data51366,WIKI_C_04280,C,في القرن العشرين، تفاصيل دقيقة بزاف على تصميم روبات ديال النبلاء والنبيلات (واشنو كيتلبس تحتهم) تنشرات من طرف إيرل مارشال قبل كل تتويج.,"f l qrn l 3shr, tafasil d9i9a bzaf 3la tasmim robat dyal nblaa2 w nbilat (w ashnu kytlbas ta7thom) tnashrt mn tarf earl marshal qbl kol tatwij.","In the twentieth century , very precise details about the design of peers ' and peeresses ' robes ( and what is to be worn underneath them ) were published by the Earl Marshal in advance of each coronation .",في القرن العشرين، نُشرت تفاصيل دقيقة جداً عن تصميم أردية أقران النبلاء والنبيلات (وما يُلبس تحتها) من قبل إيرل مارشال قبيل كل تتويج.,23,GENERATED
data51367,WIKI_C_08090,C,لواء الطيران المقاتل، الفرقة العاشرة ديال الجبل، واحد لواء ديال الطيران تابع للجيش ديال ميريكان ومركزو ففورت درام، نيويورك. هو وحدة تابعة للفرقة العاشرة ديال الجبل.,"lwa2 tiran mqatel, lferqa 3ashra dyal jbel, wahed lwa2 dyal tiran taba3 l jaysh dyal merikan w merkazoo f fort drum, new york. howa wa7da taba3a l ferqa 3ashra dyal jbel.","The Combat Aviation Brigade , 10th Mountain Division is a combat aviation brigade of the United States Army based at Fort Drum , New York . It is a subordinate unit of the 10th Mountain Division .",لواء الطيران القتالي، الفرقة الجبلية العاشرة، هو لواء طيران قتالي تابع لجيش الولايات المتحدة ومقره في فورت درام، نيويورك. وهي وحدة فرعية تابعة للفرقة الجبلية العاشرة.,26,GENERATED
data51368,DATA_4198,A,أنا خايف شوية صراحة,ana khayf chwia sara7a,I'm quite scared in fact,أنا خائف جدًا في الواقع,5,PARTIALLY VALIDATED
data51369,DATA_16318,B,"March: Oracle Corporation كتعلن باللي غادي تحبس التطوير ديال software, middleware و Oracle Linux لـ Itanium.","March: Oracle Corporation kat3lan balli ghadi thabbes ttatwir dyal software, middleware w Oracle Linux lـ Itanium.","March : Oracle Corporation announces that it will stop developing application software , middleware , and Oracle Linux for the Itanium .",مارس: تعلن شركة أوراكل عن إيقافها تطوير البرمجيات التطبيقية والبرمجيات الوسيطة ونظام أوراكل لينكس لمعالجات Itanium.,22,GENERATED
data51370,WIKI_C_11583,C,فالجهد ديال الألعاب الأولمبية الشتوية عام 2002، كانت شاركت فرئاسة الجمعية الخيرية Olympic Aid، اللي كتوفر أنشطة وبرامج رياضية للدراري الصغار فالمناطق اللي ضرباتها الحرب.,"f-l-jhd dyal l-al3ab l-olimpia ch-chtawiya 3am 2002, kanat chartkat fr-riassa d-jam3iya Olympic Aid l-khirya, lli katwfar anshita w-baramij riadiya d-drari sghar f-l-manatiq lli drabatha l-7arb.","During the 2002 Winter Olympics effort , she co @-@ chaired the Olympic Aid charity , which provides athletic activities and programs for children in war @-@ torn regions .",خلال جهود الألعاب الأولمبية الشتوية لعام 2002، شاركت في رئاسة جمعية Olympic Aid الخيرية، التي توفر الأنشطة والبرامج الرياضية للأطفال في المناطق التي مزقتها الحرب.,25,GENERATED
data51371,WIKI_C_08214,C,البرمجة المتوازية والبيسيات اللي خدامين بالتوازي خاص تكون عندهم واحد الموديل ديال التناسق (اللي كيتسمى حتى الموديل ديال الذاكرة). هاد الموديل كيشرح القواعد ديال كيفاش العمليات على الذاكرة ديال البيسي كيطراو وكيفاش النتائج كيخرجو.,el برمجة el mtawazia w el bisiyyat elli khaddamin bel tawazi khas tkoun 3ndhom wa7d model dyal tanasouq (elli kiyetsemma 7ta el model dyal ed-dhakira). had el model kiychra7 el qawa3ed dyal kifach el 3amaliyyat 3la ed-dhakira dyal el bisi kaytrao w kifach netayej kikhrejo.,Parallel programming languages and parallel computers must have a consistency model ( also known as a memory model ) . The consistency model defines rules for how operations on computer memory occur and how results are produced .,يجب أن تمتلك لغات البرمجة المتوازية والحواسيب المتوازية نموذج اتساق (يُعرف أيضاً بنموذج الذاكرة). يحدد نموذج الاتساق قواعد لكيفية حدوث العمليات على ذاكرة الحاسوب وكيفية إنتاج النتائج.,34,GENERATED
data51372,WIKI_D_12080,D,"واحد من ولاد ولاد هيندة قال باللي هيندة كان كيبنيو ""ديور صغار ديال العواد والخشب"" فين كان كيدعي. ولاد ولادو كانو كيسميوهم ""ديور الدعاء ديال جدي"". وهيندة كان ممكن تسمع صوتو كيدعي من ""مسافة بعيدة"".","wa7d men wlad wlad hindä qal belli hindä kan kaybniw ""dyour sghar dyal l3wad w lkhshb"" fin kan kyd3i. wlad wlado kanu kaysmiwhom ""dyour ddo3a2 dyal jddi"". w hindä kan momkin tsem3 sotu kyd3i men ""msafa b3ida"".","One of Hinde 's grandchildren states that Hinde built "" little houses of sticks and wood "" where he would pray . The grandchildren called them "" Grandpa 's prayer @-@ houses "" . Hinde could be heard praying from a "" considerable distance "" .","يذكر أحد أحفاد هيندة أن هيندة كان يبني ""بيوتاً صغيرة من الأغصان والخشب"" كان يصلي فيها. وكان الأحفاد يسمونها ""مصليات جدي"". وكان يمكن سماع هيندة وهو يصلي من ""مسافة بعيدة"".",35,GENERATED
data51373,WIKI_C_04300,C,من دجنبر 2012، سان دياغو فيها تالت أكبر عدد ديال المشردين فالميريكان؛ ونسبة العساكري اللي ما عندهمش فين يسكنو تما هي الكبيرة ف البلاد كاملة.,"men december 2012, san diego fiha tlalt kbar 3adad dyal lemcharedin felmerikan; wنسبة l3asakri li ma3ndhomch fin yaskno tema hiya lekbira felblad kamla.","As of December 2012 , San Diego has the third @-@ largest homeless population in the United States ; the city 's homeless population has the largest percentage of homeless veterans in the nation .",اعتبارًا من ديسمبر 2012، تحتل سان دييغو المرتبة الثالثة من حيث عدد السكان المشردين في الولايات المتحدة؛ ويشكل المشردون من المحاربين القدامى أكبر نسبة من المشردين في البلاد.,25,GENERATED
data51374,DATA_20137,B,الرية كتخدم بحال شي فيلتر و كتشد الفقاعات فالشعيرات الدموية اللي القطر ديالها صغر. التبادل ديال الغازات فالجويصلات الرئوية كيصفي من الفقاعات.,riya katakhdem bhal shi filter o katshdd lfuqqa'at fash-shu3ayrat ddammwiya lli lqotr dyalha sgher. ttabadol dyal lghazat faljawaysilat rri'awiya kiysaffi mn lfuqqa'at.,The lungs work as a filter and trap the bubbles in the capillaries which have a smaller diameter . Gas transfer into the alveoli eliminates the bubbles .,تعمل الرئتان كمرشح وتحبس الفقاعات في الشعيرات الدموية التي يضيق قطرها. يزيل انتقال الغازات إلى الحويصلات الهوائية هذه الفقاعات.,28,GENERATED
data51375,DATA_17884,B,تاريخ مقاطعة هامبشاير، فيرجينيا الغربية: من أقدم استيطان ليها للحاضر. 1897. شارك في التأليف مع هو ماكسويل.,"Tarikh muqata'at Hampshire, Virginia l-gharbiyya: mn aqdam istitan liha l-lhadir. 1897. Sharak fi t-ta'lif m'a Hu Maxwell.","History of Hampshire County , West Virginia : From Its Earliest Settlement to the Present . 1897 . Co @-@ authored with Hu Maxwell .",تاريخ مقاطعة هامبشاير، فيرجينيا الغربية: من أقدم استيطان لها حتى الوقت الحاضر. 1897. شارك في التأليف مع هيو ماكسويل.,25,GENERATED
data51376,DATA_9787,A,علاش مابغيتيش تعجد زيف,3lach mabghitich t 3god zif,why you dont wanna tight your zif,لماذا لا تريد أن تشد سحابك,7,PARTIALLY VALIDATED
data51377,DATA_7357,A,كانو نجوم مدورينا و كاتسمع صوت ديال طبيعة,kanou njoum mdewrina ou katsme3 swat dial tabi3a,we were surrounded by stars and the soothing sounds of nature,كنا محاطين بالنجوم وأصوات الطبيعة الهادئة,11,PARTIALLY VALIDATED
data51378,DATA_22903,B,فالسباق الاحتياطي، گولدي غلبات إيزيس، و فسباق ديال مراوات، كامبريدج ربحات.,"falssibaq al-ihtiyati, Goldi ghelbat Izis, u fssibaq dial mrawat, Cambridge rbhat.","In the reserve race , Goldie beat Isis , and in the Women 's Boat Race , Cambridge were victorious .",في سباق الاحتياط، تفوقت غولدي على إيزيس، وفي سباق القوارب للسيدات، حققت كامبريدج النصر.,21,GENERATED
data51379,DATA_18099,B,أحسن رقم قياسي عالمي فالسكات بلا لبسة ديال المنشطات اللي كيتّْيرا عليه فئة الوزن الثقيل بزاف (SHW) ( + بغض النظر على أي فئة ديال الوزن ) من عام 1995.,ahsan raqm qiyasi 3alami fesskat bla lebssa dyal lmounachitat li kaytirra 3lih fi'at lwezn ttiqil bzzaf (SHW) (+ bghadd ennadar 3la ay fi'a dyal lwezn) men 3am 1995.,→ current drug tested all @-@ time world record squat without a suit in SHW class ( + regardless of weight class ) since 1995,الرقم القياسي العالمي الحالي في القرفصاء بدون بدلة في فئة الوزن الثقيل جداً (بغض النظر عن فئة الوزن) منذ عام 1995,25,GENERATED
data51380,WIKI_C_07625,C,دوبل أليرجيك هو الألبوم الثاني ديال الستوديو ديال الفرقة الأوسترالية ديال الروك ألترناتيف Powderfinger. خرج في أستراليا نهار جوج سبتمبر 1996 بوليدور، و أنتج الألبوم تيم ويتن و كيتّعتابر على نطاق واسع هو النقطة اللي Powderfinger دارو فيها طّلة للساحة.,"double allergic huwa l'album dyal studio dyal l'fir9a dyal rock alternative dyal Australia Powderfinger. khre j f Australia nhar 2 september 1996 b Polydor, w kantij l'album Tim Whitten w kite3tabar 3la نطاق واسع huwa n9ta li Powderfinger daru fiha tlla l'saha.","Double Allergic is the second studio album by the Australian alternative rock band Powderfinger . Released in Australia on 2 September 1996 Polydor , the album was produced by Tim Whitten and widely considered Powderfinger 's mainstream breakthrough .",دبل أليرجيك هو الألبوم الاستوديو الثاني لفرقة الروك البديل الأسترالية باودرفينجر. صدر الألبوم في أستراليا في 2 سبتمبر 1996 بواسطة بوليدور، وأنتجه تيم ويتن، ويُعتبر على نطاق واسع الانطلاقة الرئيسية لباودرفينجر.,40,GENERATED
data51381,WIKI_D_08282,D,"واحد السيد ويستويل من سايت آند ساوند كتب باللي المصور السينمائي باري أكرويد دار ""تصوير حاد باليد"" و باللي التصميم الصوتي ديال پول ن.ج. <unk> ""كيستعمل الطنين اللي مكادش تبان باش يزيد من التوتر."" ويستويل مدح المهارة ديال المخرج:","wa7d ssyid westwell mn sight & sound kteb bli lmsawwer cinema bARRY ackroyd dar ""tswir 7add bel yedd"" w bli ltsmim sswti dyal paul n.j. <unk> ""kyst3ml ltnin lli mkdch tbyn bach yzid mn ltwtr."" westwell mdd7 lma7ra dyal lmkhrej:","Guy Westwell of Sight & Sound wrote that the cinematographer Barry Ackroyd provided "" sharp handheld coverage "" and that Paul N.J. <unk> 's sound design "" uses the barely perceptible ringing of tinnitus to amp up the tension . "" Westwell praised the director 's skill :","كتب غاي ويستويل من ""سايت آند ساوند"" أن المصور السينمائي باري أكرويد قدم ""لقطات حادة باليد"" وأن التصميم الصوتي لبول ن.ج. <unk> ""يستخدم رنين طنين الأذن الذي لا يكاد يُدرك لزيادة التوتر"". أشاد ويستويل بمهارة المخرج:",39,GENERATED
data51382,DATA_9126,A,أنا غادي ندير معاك مسيان و سكتنا,ana ghadi ndir m3ak msian ou sketna,i will do you good,سأحسن إليك,5,PARTIALLY VALIDATED
data51383,WIKI_D_07844,D,الأزمة د الحبشة بينات باللي العصبة كانت تقدر تأثر فيها المصلحة الذاتية د الأعضاء ديالها؛ واحد من الأسباب علاش العقوبات ماكانوش قاصحين بزاف هو أن بريطانيا و فرنسا كانو خايفين من أنهم يدفعو موسوليني و أدولف هيتلر يتحالفو.,l'azma d l'hbesha baynaat belli l'osba kanet tkder t2esser fiha lmsl7a zatiya d l'a3daa2 dyalha; wa7ed men l'asbab 3lash l'o9obate makanoch 9assehin bezzaf howa anna britania w francia kanou khayfin men ennhem ydef3o mussolini w adolf hitler yet7alfo.,The Abyssinian crisis showed how the League could be influenced by the self @-@ interest of its members ; one of the reasons why the sanctions were not very harsh was that both Britain and France feared the prospect of driving Mussolini and Adolf Hitler into an alliance .,أظهرت أزمة الحبشة كيف يمكن أن تتأثر عصبة الأمم بمصالح أعضائها الذاتية؛ وكان أحد أسباب عدم كون العقوبات قاسية جدًا هو أن بريطانيا وفرنسا خافتا من دفع موسوليني وأدولف هتلر إلى التحالف.,38,GENERATED
data51384,DATA_6129,A,واش ممكن تسرفي ليا عفاك؟,wach momkin tsarfi liya 3afak?,please can you give me some change?,هل يمكنك إعطائي بعض النقود المعدنية؟,7,PARTIALLY VALIDATED
data51385,DATA_20487,B,ويبر مزوج. هو و مرتو عندهم جوج دراري. كيخدم فالبني فاش مكيلعبش البيسبول باش يعاون شوية و يقد مصروفو.,Wiber mzowwej. Huwa u mratu 3ndhum juj drari. Kikhdem fel-bni fash ma كيلعبsh l-baseball bash y3awen shwiya u yqdd msruf-u.,Weber is married . He and his wife have two children . Weber works in construction during his time away from baseball to help make ends meet .,ويبر متزوج. ولديه ولدان وزوجته. يعمل ويبر في مجال البناء خلال فترة ابتعاده عن البيسبول للمساعدة في تدبير أمور معيشته.,28,GENERATED
data51386,WIKI_D_03936,D,فْعام 1988، الترقيم د M @-@ 118 تحيّد و الطريق تبدّل الرقم ديالو ل M @-@ 222 باش ما يوقعش الخلط مع شارع 118 اللي كيجري موازي مع الطريق تقريبا بواحد الميل (1.6 كلم) فالشمال على طول المسافة.,"f 3am 1988, t-tarqim dyal M @-@ 118 t7yd w t-tariq tbdl r9mo l M @-@ 222 bach ma ywe93 lkhalt m3 shar3 118 lli kayjri mwazi m3 t-tariq ta9riban b wa7d lmil (1.6 km) f-shmal 3la tol lmsafa.","In 1988 , the M @-@ 118 designation was decommissioned and the highway was renumbered M @-@ 222 to prevent confusion with 118th street which runs parallel to the route about one mile ( 1 @.@ 6 km ) to the north for most of the length .",في عام 1988، تم إلغاء تسمية M @-@ 118، وتمت إعادة ترقيم الطريق إلى M @-@ 222 لمنع الالتباس مع شارع 118 الذي يمتد بالتوازي مع الطريق لحوالي ميل واحد (1.6 كم) إلى الشمال لمعظم طول المسار.,38,GENERATED
data51387,DATA_4730,A,بغيت نشري زيت أركان,bghit nchri zit argan,I want to buy argan oil,أريد شراء زيت الأركان,6,PARTIALLY VALIDATED
data51388,DATA_22396,B,هاد التصنيف ديال الأنواع المختلفة ديال درومايوصوريدات تابع للجدول اللي عطا هولتز ف 2011 إلا ما كانش شي حاجة أخرى مذكورة.,had tasnif dyal lanwa3 lmkhtalifa dyal dromaeosauridatتابع laljdo walawla lha holtz f 2011 ila makanch chi haja okhra madhkura.,"The following classification of the various genera of dromaeosaurids follows the table provided in Holtz , 2011 unless otherwise noted .",يتبع التصنيف التالي للأجناس المختلفة من الدرومايوصوريات الجدول المقدم في هولتز، 2011، ما لم يُذكر خلاف ذلك.,21,GENERATED
data51389,DATA_4050,A,أنا محتاج هاد الخدمة تبارمان باش تعاونني نخلص الكرا,ana m7taj had lkhdma t barman bach t3awnni nkhlls lkra,I need this bar tender job to help me pay my rent,أحتاج وظيفة ساقي البار هذه لمساعدتي في دفع إيجاري,12,PARTIALLY VALIDATED
data51390,DATA_22583,B,حتى IGN حطّات GLaDOS (من Portal) رقم واحد في لائحة ديالها لأكبر 100 شرير في ألعاب الفيديو.,7atta IGN 7attat GLaDOS (men Portal) reqm wa7ed fi la'i7a dyalha l'akbar 100 شرير fi al3ab lvideo.,"IGN also placed GLaDOS , ( from Portal ) as the # 1 Video Game Villain on its Top @-@ 100 Villains List .","وضعت IGN أيضاً ""جِلادوس"" (من لعبة ""بورتال"") في المرتبة الأولى ضمن قائمة ""أفضل 100 شرير"".",24,GENERATED
data51391,wiki_33,B,آيت سيدي داود جماعة ترابية قروية كاينة ف إقليم الحوز، جهة مراكش آسفي، ساكنين فيها 18976 واحد، على حسب لإحصاء لعام 2014,"ayte sidi dawd jamaa trabiya qawwiya kayna f iqlim lhouz, jiha marraksh asfi, sakininn fiha 18976 wahed, 3la hasb lihsa' l3am 2014","aït sidi daoud is a rural commune located in the al haouz province, marrakech-safi region, with a population of 18,976 according to the 2014 census.",آيت سيدي داود جماعة ترابية قروية تقع في إقليم الحوز، جهة مراكش آسفي، يسكنها 18976 نسمة، حسب إحصاء عام 2014.,25,active
data51392,DATA_23786,B,"شنو سميتي ؟ (لحد البيض ""Up On It"" راديو) - 3:47","شنو سميتي؟ (l7ed lbid ""Up On It"" radio) - 3:47
shnu smiti? (l7edd lbid ""Up On It"" radio) - 3:47",""" What 's My Name ? "" ( Low Sunday "" Up On It "" Radio ) – 3 : 47","ما اسمي؟ (الأحد المنخفض ""Up On It"" الراديو) - 3:47",21,GENERATED
data51393,DATA_6681,A,أش بان ليك فالاطار ديال سوشيال ميديا على المجتمع؟,ach ban lik fl2atar dial social media 3la lmoujtama3 ?,what's your opinion on social media's impact on society?,ما رأيك في تأثير وسائل التواصل الاجتماعي على المجتمع؟,9,PARTIALLY VALIDATED
data51394,DATA_14566,B,"مكدونالدز، ""اليوم تستاهل الراحة""، ""جوج ديال ليكرص ديال اللحم، صوص خاصة، الخص، الفرماج...""","mcdonald's, ""lyoum tstahal raaha"", ""jouj dyal likros dyal l-lham, soss khassa, l-khass, l-frmaj...""","McDonald 's , "" You Deserve a Break Today "" , "" Two all @-@ beef patties , special sauce , lettuce , cheese ... ""","ماكدونالدز، ""تستحق قسطاً من الراحة اليوم""، ""شطيرة لحم بقري، صلصة خاصة، خس، جبن...""",26,GENERATED
data51395,WIKI_C_03375,C,"أ واحد الكَاط والسِتِّين ديال Camp Records خرّجات واحد الأغنية كتعاير داك السلوغان بعنوان ""نْضَارْب ولا نْ..."" كيستعملوا كلمة ""سْوِيش"" اللي كتعني يدير فيها مْرِيْگل.","wa7d 1964 single dyal Camp Records khrejet wa7d aghniya kat3ayer dak slogan b3wan ""nDarreb wala n..."" kayest3emlu kelmet ""swish"" lli ka3ni ydir fiha mrigel.","A 1964 single released on the Camp Records label parodied the slogan with the song "" I 'd Rather Fight Than <unk> , "" using the slang term swish , meaning to behave <unk> .","تُحاكي أغنية صدرت عام 1964 على تسجيلات كامب الشعار بسخرية، بعنوان ""أفضل أن أقاتل بدلاً من...""، مستخدمة المصطلح العامي ""سويش""، والذي يعني التصرف بطريقة...",25,GENERATED
data51396,DATA_12476,A,عمرك جربتي تسلق شي شجرة خاصدق مهرس إيلا تحتي من لفوق,3emrek jerebti tselle9 chi chejra 5atsde9 mherres ila te7ti men lfo9,Have you tried to clim up a tree but got broken,هل حاولت التسلق إلى شجرة وانكسرت؟,11,PARTIALLY VALIDATED
data51397,DATA_22841,B,دجوكوفيتش و نادال ربحو 9 دورات ماسترز 1000 متبوعين من دورة مونتي كارلو ماسترز ديال 2013 لدورة ميامي ماسترز ديال 2014.,djokovic o nadal rb7u 9 dowrat masters 1000 mtbu3in mn dowra monti carlo masters dyal 2013 ldowra miami masters dyal 2014.,Djokovic and Nadal won all 9 Masters 1000 tournaments consecutively from the 2013 Monte @-@ Carlo Masters to the 2014 Miami Masters .,فاز ديوكوفيتش ونادال بجميع بطولات الماسترز 1000 التسع على التوالي من بطولة مونتي كارلو 2013 إلى بطولة ميامي 2014.,23,GENERATED
data51398,DATA_1939,A,البيرو ديالنا كاين فطابق رباعمية وخاصني نطلع دروج كل نهار,lbiro dyalna kayn ftaba9 rba3mia okhasni ntla3 droj kolla nhar,Our office is on the four hundredth floor and I have to take the stairs every day,يقع مكتبنا في الطابق الرابع من المئة، وعليّ أن أصعد الدرج كل يوم,17,PARTIALLY VALIDATED
data51399,DATA_1515,A,واش هاد البلاصة آمينة؟,wach had lblSa aamina?,Is this a safe area?,هل هذه منطقة آمنة؟,5,PARTIALLY VALIDATED
data51400,WIKI_D_06788,D,من بين الضيوف الآخرين البارزين من المجتمع الراقي اللي استضافوهم الريفز في لا باوزا كانو الأرستقراطيين الأمير رينيه والأميرة غريس ديال موناكو، والدوقة والدوق ديال وندسور، والممثلين غريتا غاربو، وإيرول فلين، وكلارك غيبل.,"mn bin ddyuf l2akhrin lbarzin mn lmjtama3 ra9i lli sta9balhom l revz f la paussa kanu l aristocratyin l2amir rainier w l2amira grace dyal monaco, w dduk w duket dyal windsor, w l ممثلin greta garbo, errol flynn, w clark gable.","Other notable high society guests hosted by the Reves at La Pausa included the aristocrats Prince Rainier and Princess Grace of Monaco , the Duke and Duchess of Windsor , and the actors Greta Garbo , Errol Flynn and Clark Gable .",من بين الضيوف الآخرين البارزين من المجتمع الراقي الذين استضافهم آل ريف في لا باوزا، كانوا الأرستقراطيان الأمير رينييه والأميرة غريس من موناكو، ودوق ودوقة ويندسور، والممثلون غريتا غاربو وإيرول فلاين وكلارك غيبل.,33,GENERATED
data51401,DATA_11206,A,تعطلي بزّاف باش شدد ل مراقبة,t3etli bezzaf bach chdded l mora9aba,you are too late to suprivise heavily,لقد تأخرت كثيراً لتشرف على الأمر بشكل مكثف,7,PARTIALLY VALIDATED
data51402,DATA_21812,B,الهولدن كومودور واحد الطوموبيلات اللي كانت كتصنع من عام 1978 من طرف هولدن في أستراليا و ، قبل، في نيوزيلندا.,"l-holden commodore wa7ed t-tomobilat li kanet katsenna3 men 3am 1978 men ttarf holden fi australia w, qbel, fi new zealand.","The Holden Commodore is a car manufactured since 1978 by Holden in Australia and , formerly , in New Zealand .",هولدن كومودور هي سيارة تصنعها هولدن في أستراليا منذ عام 1978، وفي السابق في نيوزيلندا.,21,GENERATED
data51403,WIKI_D_12137,D,بعض الفراشات المضيئة من نوع Photuris كايقلدوا الضو ديال فراشة مضيئة أخرى من نوع Photinus باش يجلبو الذكور ديالها كفريسة. هاكا كيحصلوا على الماكلة وعلى المواد الكيماوية الدفاعية لي سميتها <unk>، حيت Photuris ماكايقدروش يصنعوها.,"b3d lfrashat lmdwiya mn no3 Photuris kay9ldo ddo dial frasha mdwiya okhra mn no3 Photinus bach yjibdo dkor dyalha kfrisa. haka kayhsollo 3la lmakla w3la lmawadd lkimya2iya difa3iya li smitha <unk>, hit Photuris makay9droch ysn3o","Female Photuris fireflies sometimes mimic the light pattern of another firefly , Photinus , to attract its males as prey . In this way they obtain both food and the defensive chemicals named <unk> , which Photuris cannot synthesize .",تُقلّد بعض يراعات فوتوريس أحيانًا نمط إضاءة يراعة أخرى، فوتينوس، لاصطياد ذكورها كفريسة. وبهذه الطريقة يحصلن على الغذاء والمواد الكيميائية الدفاعية المسماة <unk>، والتي لا تستطيع فوتوريس تصنيعها.,35,GENERATED
data51404,DATA_0605,A,"و لكن ماكاين باس, دابا نڭادّ الديسير, و كانواعدك غانبدا نجي فلوقت و غانردّ لبال","walakin makayn bas, daba ngadd ddisir, o kanwa3dek ghanbda nji flw9t o ghanrdd lbal","But it's all right, I'll do the dessert, and I promise I'll be on time and I'll be careful!",ولكن لا بأس، سأتولى الحلوى، وأعد بأن أكون في الوقت المحدد وسأكون حذراً!,19,PARTIALLY VALIDATED
data51405,WIKI_C_05572,C,فكل خطوة k ديال الخوارزمية الإقليدية، كنحسبو الخارج qk والباقي rk لواحد الزوج ديال الأعداد الصحيحة rk ناقص جوج و rk ناقص واحد.,"fkol khotwa k dyal lkhwarizmiya l'eqlidiya, kn7asbo lkharej qk w lbaki rk lwahd zoj dyal l'a3dad ssi7a rk na9es 2 w rk na9es 1.","In each step k of the Euclidean algorithm , the quotient qk and remainder rk are computed for a given pair of integers rk − 2 and rk − 1",في كل خطوة k من الخوارزمية الإقليدية، يتم حساب الخارج qk والباقي rk لزوج معين من الأعداد الصحيحة rk − 2 و rk − 1.,23,GENERATED
data51406,DATA_0244,A,"هير فلمجرّ لي على إدّيك ليمن, دابا نجيب النضادر","hir flmjerr lli 3la iddik limen, daba njib nnDader","Just in the right hand drawer, I'll get the glasses",في الدرج الأيمن فقط، سأحضر النظارات,10,PARTIALLY VALIDATED
data51407,DATA_0138,A,الله إرحم ليك لواليدين,allah ir7m lik lwalidin,may God have mercy on your parents,رحم الله الوالدين,7,PARTIALLY VALIDATED
data51408,DATA_8546,A,راه المدربة في جهت الصيف,rah lmderba fjiht sayf,this strike is with a knife,هذه الضربة بسكين,6,PARTIALLY VALIDATED
data51409,WIKI_C_04266,C,هاد الشكل ديال التوريث ديال سيروم ناسوديجيطوأكوستيك مازال ما مقطوعش، حيت واحد البنت تقيدات عندها هاد الحالة. كيتڭال باللي خاص المزيد من التحاليل باش التوريث يتأكد رسميا.,"had chkel dyal twrith dyal syrom nasodigitoacoustic mazal ma mqtu3ch, hit wa7d lbent tqyyedt 3ndha had l7ala. kit9al bl li khas lmazid men t7alil bach twrith yt2akked rasmiyan.","This form of inheritance for Nasodigitoacoustic syndrome is not yet absolute , though , as a girl has been reported with the disorder . It is suggested that further analysis is needed for the inheritance to be formally established .",هذا الشكل من الوراثة لمتلازمة ناسوديجيتو acústica ليس مطلقًا بعد، على الرغم من أنه تم الإبلاغ عن فتاة مصابة بالاضطراب. ويُقترح أن هناك حاجة إلى مزيد من التحليل لترسيخ الوراثة رسميًا.,27,GENERATED
data51410,DATA_21923,B,فماي 2014، البيوعات ديال الديڤيدي والبلوراي ديال الستة ديال الأفلام اللوالا فالميريكان وصلات ل كتر من 620 مليون دولار.,"f may 2014, lbiou3at dyal ddividi w lbluray dyal ssta dyal l aflam llowala f lmirikan wslat l ktr mn 620 milyon dolar.","As of May 2014 , the DVD and Blu @-@ ray sales of the first six films in the United States earned more than $ 620 million .",اعتبارًا من مايو 2014، حققت مبيعات أقراص DVD و Blu-ray للأفلام الستة الأولى في الولايات المتحدة أكثر من 620 مليون دولار.,28,GENERATED
data51411,DATA_8622,A,هاد زواج غير مفروض,had zwaj ghir mefroud,this marriage is not accepted,هذا الزواج غير مقبول,5,PARTIALLY VALIDATED
data51412,WIKI_D_03424,D,"فالخدمة ديالها فالكريغسمارين ديال ألمانيا النازية، الغواصة أو 255 غرّقات عشرة ديال السفن التجارية ب 47,640 طن، و سفينة حربية ديال 1,200 طن، و غرّقات سفينة تجارية أخرى بخسارة كلية ديال 7,191 طن.","falkhdmh dyalha f lkrigsmarin dyal almania nazia, lghwasa u 255 ghrqat 3ashra dyal ssefan tJOURia b 47,640 ton, w sfina harbiyya dyal 1,200 ton, w ghrqat sfina tJOURia okhra bkhsara kllya dyal 7,191 ton.","During her service in the Nazi Germany 's Kriegsmarine , U @-@ 255 sank ten commercial ships for 47 @,@ 640 GRT , one warship of 1 @,@ 200 GRT , and sank another commercial ship for a total loss of 7 @,@ 191 GRT .","خلال خدمتها في البحرية الحربية الألمانية النازية (كريغسمارين)، أغرقت الغواصة يو-255 عشر سفن تجارية بوزن 47,640 طنًا إجماليًا، وسفينة حربية بوزن 1,200 طن إجمالي، وأغرقت سفينة تجارية أخرى بخسارة إجمالية قدرها 7,191 طنًا إجماليًا.",33,GENERATED
data51413,WIKI_D_02884,D,= 0 . لقوة الطاردة المركزية الوهمية فالإطار اللي كيدور معا هيا <unk>، بشكل شعاعي للخارج. السرعة ديال الجزيئة فالإطار اللي كيدور معا حتى هيا بشكل شعاعي للخارج، حيت dϕ ′ / dt =,"= 0 . lqowa ltardha lmarkezia lwohmia f l'itar li kaydor m3a hiya <unk>, bshkel sh3a3i lkharej. sR3a dyal ljzi'a f l'itar li kaydor m3a hatta hiya bshkel sh3a3i lkharej, 7it dϕ ′ / dt =","= 0 . The fictitious centrifugal force in the co @-@ rotating frame is <unk> , radially outward . The velocity of the particle in the co @-@ rotating frame also is radially outward , because dϕ ′ / dt =",= ٠ . القوة الطاردة المركزية الوهمية في الإطار الدوار المتزامن هي <unk>، باتجاه الخارج شعاعيًا. سرعة الجسيم في الإطار الدوار المتزامن هي أيضًا باتجاه الخارج شعاعيًا، لأن dϕ ′ / dt =,34,GENERATED
data51414,DATA_6250,A,عمري شفت شي مشا كبر من هاد,3mri chft chi mocha kbr mn hade,this is the biggest cat i've ever seen,هذه أكبر قطة رأيتها على الإطلاق,8,PARTIALLY VALIDATED
data51415,DATA_10373,A,كان كيسحاب ليا غادي يقاد ليا شي فص,kan kis7ab liya ghadi y9ad liya chi fa55,i thought that he will set me a trap,ظننت أنه سيُنصب لي فخاً,9,PARTIALLY VALIDATED
data51416,WIKI_D_06369,D,يقدر يبانو الزوابع قلال فوسط المدينة حيت المساحة الجغرافية ديال وسط المدينة صغيرة بزاف. وإذا خذينا بعين الاعتبار أن المساحة ديال مركز الأعمال صغيرة بزاف مقارنة مع حدود المدينة، الزوابع غادي يضربو برا وسط المدينة كثر.,"iqdr ybanu zwabi3 qlal f wsst mdina hit lmsaha l جغrafiya dyal wsst mdina saghira bzzaf. w ila khdina b3in l i3tibar ann lmsaha dyal markaz l a3mal saghira bzzaf moqarna m3a hdod mdina, zwabi3 radi ydrbu bra wsst mdina ktar.","Tornadoes may seem rare in downtown areas because downtown areas cover such a small geographical area . Considering the size of a central business district is very small compared to the city limits , tornadoes will strike outside of the downtown area more often .",قد تبدو الأعاصير نادرة في المناطق الحضرية لأن المناطق الحضرية تغطي مساحة جغرافية صغيرة جدًا. بالنظر إلى أن مساحة المنطقة التجارية المركزية صغيرة جدًا مقارنة بحدود المدينة، فإن الأعاصير ستضرب خارج المنطقة الحضرية بشكل متكرر أكثر.,36,GENERATED
data51417,DATA_3179,A,قلبوك ضدي، أنا عارف!,"9albouk DaDDi, ana 3arf!","They've turned you against me, I know it!",لقد حوّلوا مشاعرك ضدي، أعرف ذلك!,8,PARTIALLY VALIDATED
data51418,DATA_11262,A,تعطلتي بزّاف باش تنوّد سنان,t3etlti bezzaf bach tnewed snan,you are too late to grow up teeth,لقد فات الأوان عليك لتنبت أسنانك,8,PARTIALLY VALIDATED
data51419,WIKI_D_03822,D,في يعقوب 1 : 22 مكتوبة <unk> (ديال الكلمة) في أغلبية المخطوطات، ولكن المصحح الثاني (C2) صححها لـ <unk> (ديال الناموس)، اللي مقروءة في مخطوطات بحال 88، 621، 1067، 1852.,"f ya3qub 1: 22 mktuba '<unk> (dyal lklima)' f aghlabiya d lmkhottot, walakin lmsa77 t(tani (C2) s77ha l '<unk> (dyal lnamus)', lli m9ru2a f mkhottot b7al 88, 621, 1067, 1852.","In James 1 : 22 it reads <unk> ( of the word ) as majority of manuscripts , but the second corrector ( C2 ) corrected into <unk> ( of the law ) , which is read by manuscripts such as 88 , 621 , 1067 , 1852 .","في يعقوب 1: 22، تُقرأ ""<unk> (من الكلمة)"" في أغلبية المخطوطات، ولكن المصحح الثاني (C2) صححها إلى ""<unk> (من الناموس)""، وهي قراءة موجودة في مخطوطات مثل 88، 621، 1067، 1852.",30,GENERATED
data51420,WIKI_C_05772,C,"ماتي هوتاميكي مول أربع مرات الرقم القياسي العالمي؛ مول الرقم القياسي ديال التلة ديال هاراشوف، ب 214,5 متر؛ و جوج قفزات فوق 230 متر.","matti hautamaki - mol arba3 مرات lqiyam dial l3alam; mol lqiyam dial ttafla dial harrachov, b 214.5 meter; w jouj qafzat fawq 230 meter.","Matti Hautamäki – four @-@ time world record holder ; current hill record holder on the Harrachov flying hill , with 214 @.@ 5 m ( 704 ft ) ; two jumps over 230 m .",ماتي هوتاميكي - حامل الرقم القياسي العالمي أربع مرات؛ حامل الرقم القياسي الحالي للتلة في تل هاراشوف، بمسافة 214.5 مترًا (704 قدمًا)؛ قفزتان فوق 230 مترًا.,24,GENERATED
data51421,DATA_2962,A,هادشي صحيح، ولكن كانبغي نجي هنا حتى ملي كاطيح الشتا,"hadchi S7i7, walakin kanbghi nji 8na 7ta mli kaTi7 chta","That's true, but I like to come here even when it rains",هذا صحيح، ولكني أحب القدوم إلى هنا حتى عندما تمطر.,12,PARTIALLY VALIDATED
data51422,WIKI_D_08325,D,فالوسط ديال التلاتينات، الما آند پا ولات مفضلة عند المهووسين بالسكك الحديدية، حيتاش الخط ديالها كان فيه التلال و المنعرجات كيدوز من الماريلاند و بنسلفانيا فالعروبية. هاد السكة كانت كدير بزاف ديال الرحلات اللي كيعجبو الناس مجرورين بالماكينات دالفاپور القديمة ديالها.,"fel wsst dyal tlatinat, el ma and pa welat mfeddla 3nd el mahwusin bsekek l7didiyya, 7itash lkht dyalha kan fi tlal w mna3rjat kiduz mn el maryland w bnsilfania fel 3roubiyya. had sekka kanet kdir bzaf dyal r7elat lli ki3jbu nnas mjjurin bmakinat dyal vapor lqdima dyalha.","In the mid @-@ 1930s , the Ma and Pa became an early favorite of railfans , attracted by its hilly , curving line through rural Maryland and Pennsylvania . The railroad offered several popular fan excursions pulled by its elderly steam locomotives .","في منتصف ثلاثينيات القرن العشرين، أصبح خط ""ما آند با"" مفضلاً مبكراً لدى عشاق السكك الحديدية، وذلك بفضل خطه الجبلي والمتعرج الذي يمر عبر ريف ماريلاند وبنسلفانيا. قدمت السكة الحديدية العديد من الرحلات السياحية الشعبية التي تجرها قاطراتها البخارية القديمة.",41,GENERATED
data51423,WIKI_D_03999,D,"بدا كوط بذكر ماكبث ديال شكسبير ب ""حتى/ العظيم <unk> لتلة دونسينان/ يجي ضدو"" باش يقدم الشابتر ديالو على استعمال الماتريال كتمويه. الحيوانات من الكراب للكاطربيلار تم الوصف ديالها.","bda kott b-dkr Macbeth dyal Shakespeare b ""7ta / ... l-3ظيم l-tl dunsinan / yji 3do"" bach yqddem chaptre dyalo 3la ist3mal l-material k-tmuwih. l-7ywanat mn l-krab l-l-gaterpillar tan lmwasf dyalhom.","Cott begins by citing Shakespeare 's Macbeth with "" until / Great <unk> to the Dunsinane hill / Shall come against him "" to introduce his chapter on the use of materials as camouflage . Animals from crabs to caterpillars are described .","يبدأ كوت بالاستشهاد بمسرحية ماكبث لشكسبير ""حتى / ... العظيم إلى تل دانسينان / سيأتي ضده"" لتقديم فصله حول استخدام المواد كتمويه. توصف حيوانات من السلطعون إلى اليرقات.",29,GENERATED
data51424,DATA_7649,A,ناس لي شراو كايڭولو عيان,nas li chraw kaygoulo 3yan,people who bought it affirm its bad,يؤكد الأشخاص الذين اشتروه سوءه,7,PARTIALLY VALIDATED
data51425,DATA_11772,A,نتحداك ت قلب.ني تواحد ماكيديرها بيا,nt7edak t 9oulb.ni tawa7ed makidirha biya,I dare you to fool him,أتحدّاك أن تخدعه.,6,PARTIALLY VALIDATED
data51426,WIKI_C_07657,C,الأميرال إدموند إرنست غارسيا، مريكاني ديال البحرية، كان القايد ديال الدستروير يو إس إس سلوت و شاف الدق فاش غزو أفريقيا وصقلية و فرانسا.,"al'amirale edmund ernest garcia, mrikane dyal albahriya, kan alkayed dyal addestroyer yuss slot w chof addaq fach ghazo afriqiya w sikiliya w franssa.","Rear Admiral Edmund Ernest García , USN , was the commander of the destroyer USS Sloat and saw action in the invasions of Africa , Sicily , and France .",كان الأدميرال إدموند إرنست غارسيا، من البحرية الأمريكية، قائد المدمرة يو إس إس سلوت وشارك في غزو أفريقيا وصقلية وفرنسا.,24,GENERATED
data51427,DATA_8832,A,أنا غادي نتقدم البنتك للزواج,ana ghadi nt9eddem lbntek lzwaj,i want to marry your daughter,أريد أن أتزوج ابنتك,6,PARTIALLY VALIDATED
data51428,WIKI_C_10613,C,واحد الملاحظة: العلامات ديال الأميال في يوتا كيكونوا غاديين من الشمال للجنوب، أما ديال كولورادو ونيو مكسيكو كيكونوا غاديين من الجنوب للشمال.,"wa7ed lmola7a7a: l3alamate dyal l'myal f yuta kaykonu gadiyin men lchmel ljenoub, ama dyal kolorado w new mksiku kaykonu gadiyin men ljenoub lechmel.","Note : The Utah mileposts are posted in a north @-@ to @-@ south direction , while Colorado 's and New Mexico 's mileposts are posted in a south @-@ to @-@ north direction .",ملاحظة: توجد علامات الأميال في يوتا باتجاه من الشمال إلى الجنوب، بينما توجد علامات الأميال في كولورادو ونيو مكسيكو باتجاه من الجنوب إلى الشمال.,22,GENERATED
data51429,DATA_12095,A,عمرك تراجع قبل المتحان بليلة,3emrek t raaj3 9bel lmti7an blila,you should never revise before exam,يجب ألا تراجع قبل الامتحان أبدًا,6,PARTIALLY VALIDATED
data51430,DATA_16973,B,شي فروض تاخداو ف الاستنتاج ديالها، داكشي علاش معادلة جيبس تقدر تطبق غي على المحاليل المثالية (المخففة بزاف) اللي فيها جوج مكونات.,"shi fruud takhdaw f l'istintaaj diyalha, dakshi 3lash mu3adalat Gibbs tqdar t-t'tbaq ghi 3la l-ma7alil l-mithaliya (l-mkhiffa bzaf) li fiha juj mukawwinat.","Certain assumptions are taken in its deduction , therefore Gibbs isotherm can only be applied to ideal ( very dilute ) solutions with two components .",تُؤخَذ بعض الافتراضات في استنتاجه، لذا لا يمكن تطبيق متساوية جيبس إلا على المحاليل المثالية (المخففة جدًا) ذات المكونين.,26,GENERATED
data51431,DATA_12967,B,تندربرد 1: طيارة صاروخية أسرع من الصوت، كتستعمل باش توصل بالزربة و تستطلع مناطق الحوادث. كيسوقها منسق الإنقاذ الرئيسي سكوت تريسي.,"Thunderbird 1: Tayyara saroukhiya asra3 men s-sawt, katst3mal bash twssel bz-zrba u tstetla3 manatiq l-hawadit. Ki-souqha mnessiq l'inqad r-raissi Scott Tracy.",Thunderbird 1 : a hypersonic rocket plane used for fast response and accident zone reconnaissance . Piloted by primary rescue co @-@ ordinator Scott Tracy .,طائرة صواريخ فائقة السرعة من طراز ثندربيرد 1: تستخدم للاستجابة السريعة واستطلاع مناطق الحوادث. يقودها المنسق الرئيسي للإنقاذ سكوت تريسي.,26,GENERATED
data51432,WIKI_D_10241,D,فخمسة ففبراير عام ألف وتسعمية وخمسة وستين، مالكوم إكس سافر مرة أخرى لبريطانيا، وفثمانية ففبراير حضر أول اجتماع ديال مجلس المنظمات الإفريقية ف لندن. الغد ليه حاول يرجع لفرنسا ولكن منعوه من الدخول.,"f5 f fevrier 3am elfe w tsenya w 5 w 60, malcolm x safra marra o5ra l'britanya, w f 8 f fevrier 7adar awel اجتما3 dyal mejlis l'monadamat l'afri9ya f london. l'ghad lih 7awel yrja3 l'fransa walakin men3o men eddokhol.","On February 5 , 1965 , Malcolm X flew to Britain again , and on February 8 he addressed the first meeting of the Council of African Organizations in London . The next day he tried to return to France , but was refused entry .",في الخامس من فبراير عام 1965، سافر مالكوم إكس مجددًا إلى بريطانيا، وفي الثامن من فبراير ألقى خطابًا في الاجتماع الأول لمجلس المنظمات الأفريقية في لندن. في اليوم التالي حاول العودة إلى فرنسا، لكنه مُنع من الدخول.,33,GENERATED
data51433,WIKI_D_08494,D,الأصل ديال هاد العقيدة جا من الفشل ديال الماركسية اللينينية فدول بحال بولونيا، هنغاريا و ألمانيا الشرقية، اللي كانوا كيعانيو من تدهور مستوى المعيشة مقارنة بالازدهار ديال ألمانيا الغربية و باقي أوروبا الغربية.,"l'asl dyal had l3aqida ja men lfechel dyal lmarksiya liniyiniya f dowal bhal bolonya, hungarya w lmania charqiya, lli kanu kay3aniw men tdehur mustawa lma3isha moqarna bel izdehar dyal lmania lgharbiyya w baqi oropa lgharbiyya.","The doctrine found its origins in the failures of Marxism – Leninism in states like Poland , Hungary and East Germany , which were facing a declining standard of living contrasting with the prosperity of West Germany and the rest of Western Europe .",نشأت العقيدة من إخفاقات الماركسية اللينينية في دول مثل بولندا والمجر وألمانيا الشرقية، التي كانت تواجه انخفاضًا في مستوى المعيشة على النقيض من ازدهار ألمانيا الغربية وبقية أوروبا الغربية.,33,GENERATED
data51434,DATA_5801,A,فين نقدر نلقى أتاي؟,fin n9der nl9a atay?,Where can I find the tea?,أين يمكنني أن أجد الشاي؟,6,PARTIALLY VALIDATED
data51435,DATA_19916,B,"دفوراك، ريموند ف. "" ذكريات على عروض سوسا ديال المارشات."" الموسيقي ديال المدرسة، المخرج والأستاذ، دجنبر 1969.","dvoraak, raymond v. ""dikrayaat 3la 3roud sosa dyal l-marchaat."" l-mosiqi dyal l-madrasa, l-mokhrij w l-ostad, dujanbir 1969.","Dvorak , Raymond F. "" Recollections of Sousa 's March Performances . "" School Musician , Director and Teacher , December 1969 .","دفوراك، ريموند ف. ""ذكريات عن عروض مارشات سوسا"". مجلة موسيقي المدرسة، المدير والمعلم، ديسمبر 1969.",23,GENERATED
data51436,WIKI_C_05680,C,اللجنة الوطنية الأرمنية ديال أمريكا، تابعة لـ ARF، هي أقوى لوبي أرمني فالميريكان. وخْتها اللجنة الوطنية الأرمنية ديال كندا خدامة فكندا.,"llagna lwatanya l-armanya dyal amerika, تابعا لـ ARF, hiya aqwa lobi armani f-l-merikan. w-khtaha lagna lwatanya l-armanya dyal kanada khadama f-kanada.","Armenian National Committee of America , an @-@ ARF affiliate organization , is the strongest Armenian lobby organization in the United States . Its sister organization Armenian National Committee of Canada , operated in Canada .",اللجنة الوطنية الأرمنية لأمريكا، وهي منظمة تابعة لاتحاد الثوري الأرمني (ARF)، هي أقوى منظمة ضغط أرمنية في الولايات المتحدة. تعمل منظمتها الشقيقة، اللجنة الوطنية الأرمنية لكندا، في كندا.,21,GENERATED
data51437,WIKI_C_05004,C,تسعين وتلاتة وتسعين – تسجيل ديال الكاست اللي عاودو مسرحية تورونتو، بطولة ريبيكا لوكر، مارك جاكوبي، لونت ماكي، روبرت مورس، إلين ستريتش وميشيل بيل (في دور جو).,1993 – تسجيل ديال الكاست اللي عاودو مسرحية تورونتو، بطولة ريبيكا لوكر، مارك جاكوبي، لونت ماكي، روبرت مورس، إلين ستريتش وميشيل بيل (في دور جو).,"1993 – Toronto revival cast recording , starring Rebecca Luker , Mark Jacoby , Lonette McKee , Robert Morse , Elaine Stritch and Michel Bell ( as Joe ) .",١٩٩٣ - تسجيل إنتاج تورونتو المستعاد، من بطولة ريبيكا لوكر، ومارك جاكوبي، ولونيت ماكي، وروبرت مورس، وإلين ستريتش، وميشيل بيل (في دور جو).,27,GENERATED
data51438,WIKI_C_11854,C,التبديلات اللي غايوقعو فالمناخ ديال الجهات متوقعين يكونو فيهم السخونية زايدة فالبر، و السخونية كتر فالشمال ديال الكرة الأرضية، و قل سخونية فالجنوب ديال المحيط و شي بلايص فالمحيط الأطلسي الشمالي.,"ltabdilat lli ghaywqa3u f lmnax dyal ljihat mtowqa3in ykun fihom s-sxunia zaida f lbarr, w s-sxunia ktar f shmal dyal lkura l-ardiya, w qal sxunia f ljanub dyal lmuhit w shi blaayis f lmuhit l-atlasi sh-shamali.","Changes in regional climate are expected to include greater warming over land , with most warming at high northern latitudes , and least warming over the Southern Ocean and parts of the North Atlantic Ocean .",من المتوقع أن تشمل التغيرات في المناخ الإقليمي زيادة في الاحترار فوق اليابسة، مع وجود معظم الاحترار في خطوط العرض الشمالية العليا، وأقل قدر من الاحترار فوق المحيط الجنوبي وأجزاء من شمال المحيط الأطلسي.,31,GENERATED
data51439,WIKI_C_08491,C,"""الوقت ديال الدهب سالا فالمعرض ديال ألاسكا و يوكون و پاسيفيك ف 1909، و اللي هو اللي مسؤول بزاف على الكيفاش دايرة الجامعة د واشنطن دابا.""","waqt dyal d-dheb sala f-l-ma3red dyal Alaska w Yukon w Pacific f 1909, w lli howa lli ms2ul bzzf 3la l-kayfash dayra l-jami3a d Washington daba.","The Gold Rush era culminated in the Alaska @-@ Yukon @-@ Pacific Exposition of 1909 , which is largely responsible for the layout of today 's University of Washington campus .",بلغ عصر حمى الذهب ذروته في معرض ألاسكا - يوكون - باسيفيك عام 1909، وهو المسؤول إلى حد كبير عن تصميم حرم جامعة واشنطن الحالي.,26,GENERATED
data51440,WIKI_D_01129,D,"تشامبرلين، دانييل هنري (1902). ""تشارلز سومنر ومعاهدة واشنطن"". جمعية ماساتشوستس التاريخية (ووستر، ماساتشوستس: مطبعة جي.جي. ديفيس). تشامبرلين راجع خطاب لتشارلز فرانسيس آدمز لجمعية نيويورك التاريخية في 19 نونبر 1901.","chamberlain, daniel henry (1902). ""charles sumner w lme3ahdat wachington"". jam3iyat massachussetts taryikhiyya (worcester, massachussetts: maTba3at g.g. davis). chamberlain raje3 khitab l charles francis adams l jam3iyat new york taryikhiyya f 19 nouembre 1901.","Chamberlain , Daniel Henry ( 1902 ) . "" Charles Sumner and the Treaty of Washington "" . Massachusetts Historical Society ( Worcester , Massachusetts : Press of G.G. Davis ) . Chamberlain reviewed speech by Charles Francis Adams to New York Historical Society on November 19 , 1901 .","تشامبرلين، دانييل هنري (1902). ""تشارلز سومنر ومعاهدة واشنطن"". جمعية ماساتشوستس التاريخية (ووستر، ماساتشوستس: مطبعة جي. جي. ديفيس). راجع تشامبرلين خطابًا لتشارلز فرانسيس آدامز ألقاه أمام جمعية نيويورك التاريخية في 19 نوفمبر 1901.",29,GENERATED
data51441,DATA_15044,B,"فڭان، ماري (7 أكتوبر 2001). ""بوسي آند هوكس تواجه عرض بـ 50 مليون جنيه استرليني"". الديلي تلغراف.","fegan, mary (7 october 2001). ""bousi and hawks twajah 'ard bـ 50 milyoun jineh esterlini"". ad-daily telegraph.","Fagan , Mary ( 7 October 2001 ) . "" Boosey & Hawkes Faces £ 50m Bid "" . The Daily Telegraph .","فاجان، ماري (7 أكتوبر 2001). ""بوسي وهاركس تواجه عرضًا بقيمة 50 مليون جنيه إسترليني"". ديلي تلغراف.",23,GENERATED
data51442,DATA_5244,A,مايقدرش يتسنا مازال,may9derch ytsnna mazal,He can't wait any longer,لم يعد بإمكانه الانتظار أكثر من ذلك,5,PARTIALLY VALIDATED
data51443,WIKI_C_01669,C,باعتبارها وحدة من الخطوط المشهورة بزاف ف التاريخ، بزاف ديال التصميمات تدارو مستوحات من تصميم كاراموند ولكن تابعين طرقان مختلفة ف التصميم.,"bghr-ha wa7da mn l5toot l-mashhura bzzaf f ttarikh, bzzaf dyal t-tasammimat tdaroo mstaw7iin mn t-tasmmim dyal garamond walakin تابعين tari2iin mokhtalifin f t-tasmmim.","As one of the most popular typefaces in history , a number of designs have been created that are influenced by Garamond 's design but follow different design paths .",باعتبارها واحدة من أشهر الخطوط في التاريخ، تم إنشاء عدد من التصميمات المتأثرة بتصميم جاراموند ولكنها تتبع مسارات تصميم مختلفة.,22,GENERATED
data51444,WIKI_C_03961,C,بفضل البونيس ديال الوقت اللي خدا حيت جا التاني، ساݣان طلع للمرتبة التانية فالترتيب العام، عندو نفس الوقت ديال مالوري. ديبوشير، فنفس الوقت، شد الراس ديال الترتيب ديال النقط.,"bفضل lbonus dyal lwa9t lli khda 7it ja t-tani, Sagan tla3 l-lmerTba t-tanya f-t-tartib l3am, 3ndo nafs lwa9t dyal Malori. Debusschere, f-nafs lwa9t, shd r-ras dyal t-tartib dyal n-no9a.","Thanks to the time bonus he won for coming second , Sagan moved up into second place overall , on the same time as Malori . Debusschere , meanwhile , moved into the lead of the points classification .",بفضل العلاوة الزمنية التي فاز بها لحلوله في المركز الثاني، تقدم ساغان إلى المركز الثاني في الترتيب العام، بنفس الوقت الذي كان لدى مالوري. في هذه الأثناء، تقدم ديبوشير إلى صدارة تصنيف النقاط.,29,GENERATED
data51445,WIKI_D_02816,D,جيتو لبلادنا — هجّرتونا من بلايصنا، و روّنتونا فخدمتنا. ملي كانتمشاو فبلادنا ديالنا كايضربونا البيض; علاش البيض كايعاملو فينا هاكا؟,"jitu bladina — hjrtuna mn blayesna, w rwwnatuna fkhdmwna. mli kanatmeshaw fbladna dyalna kaydrbuna lbyed; 3lash lbyed ka3amlu fina haka?",""" You came to our country — you have driven us from our haunts , and disturbed us in our occupations . As we walk in our own country we are fired upon by the white men ; why should the white men treat us so ? """,لقد جئتم إلى بلدنا - لقد هجرتمونا من أوكارنا، وأزعجتمونا في أعمالنا. عندما نسير في بلدنا، فإن البيض يطلقون علينا النار؛ لماذا يعاملنا البيض هكذا؟,20,GENERATED
data51446,WIKI_D_07580,D,نهار 18 نونبر 2006، الطيارة ديال رافالومانانا تفرض عليها تبدل المسار على العاصمة ديال مدغشقر فاش كان راجع من أوروبا من بعد ما وصلات أخبار باللي كاين شي انقلاب واقع ف أنتاناناريفو و كاين الرصاص حدا المطار. المحاولة ديال الانقلاب ما نجحاتش ف الأخير.,"nhar 18 nounbir 2006, tayara dyal ravalomanana tfo r dit tbdel lmsar 3la l3asima dyal madagashkar fach kan raje3 men oropa men ba3d ma wslat akhbar belli kayn chi inqilab waje3 f antananarivo w kayn rصاص7da lmtar. lmo7awala dyal l inqilab ma nej7atsh f lakhir.","On 18 November 2006 , Ravalomanana 's jet was forced to divert from Madagascar 's capital during a return trip from Europe following reports of a coup underway in Antananarivo and shooting near the airport . The attempted coup was ultimately unsuccessful .",في الثامن عشر من نوفمبر عام 2006، أُجبرت طائرة رافالومانا على تغيير مسارها عن العاصمة الملغاشية خلال رحلة عودة من أوروبا، عقب ورود تقارير عن انقلاب جارٍ في أنتاناناريفو وإطلاق نار بالقرب من المطار. لم تنجح محاولة الانقلاب في نهاية المطاف.,44,GENERATED
data51447,DATA_24021,B,السيري اللولة ترشحات لواحد الجائزة ديال الكوميديا البريطانية فـ 2007، و دي حتى هو ترشح لأحسن ممثل كوميدي.,"as-siri l-luwla ترشحات l-wa7d l-ja'iza dyal l-kumidya l-britanya f 2007, u ddi 7tta huwa ترشح l-a7san mumattil kumidi.","The first series was nominated for a British Comedy Award in 2007 , with Dee also nominated for best comedy actor .",ترشحت السلسلة الأولى لجائزة الكوميديا البريطانية عام 2007، كما ترشحت دي عن أفضل ممثل كوميدي.,22,GENERATED
data51448,WIKI_D_12241,D,(iii) الدوكييمو اللي فيه الشروط، ولا فاش كيتبادلو العقود، واحد من الدوكييموات اللي فيهوم الشروط (ماشي ضروري يكون نفس واحد) خاصو يكون مْسيني من كل طرف فالعقد ولا بالنيابة عليه.,"(iii) ed-dokimo lli fiih sh-churoot, wla fash kaytbadlo l3uqood, wahed men ed-dokimoowat lli fihom sh-churoot (mashi d-darouri ykoon nafs wahed) khasso ykoon mssigni men kol tarf f-l3aqd wla b-niyaba 3lih.","( iii ) The document incorporating the terms or , where contracts are exchanged , one of the documents incorporating them ( but not necessarily the same one ) must be signed by or on behalf of each party to the contract .", ( ثالثاً ) يجب أن يوقع على الوثيقة التي تتضمن الشروط ، أو في حالة تبادل العقود ، على إحدى الوثائق التي تتضمنها ( وليس بالضرورة نفس الوثيقة ) كل طرف من أطراف العقد أو من ينوب عنه .,30,GENERATED
data51449,WIKI_C_02231,C,"ف 22 مارس 1988، سلسلة نوڤا ديال PBS دوزات واحد الفيلم وثائقي على رامانوجان، سميتو ""الراجل اللي كان كيحماق على الأرقام"" (السيزون 15، الحلقة 19).","f 22 mars 1988, silsila nova dial PBS dawazat wa7d film wathaiqi 3la Ramanujan, smitoh ""er-rajl lli kan k7ma9 3la l2arqam"" (sizo 15, l7ala 19).","On 22 March 1988 , the PBS Series Nova aired a documentary about Ramanujan , "" The Man Who Loved Numbers "" ( Season 15 , Episode 19 ) .","في الثاني والعشرين من مارس عام 1988، بثت سلسلة نوفا التابعة لـ PBS فيلماً وثائقياً عن رامانوجان، بعنوان ""الرجل الذي أحب الأرقام"" (الموسم 15، الحلقة 19).",25,GENERATED
data51450,WIKI_C_02580,C,حركة الدببة الكحلة على طول الطريق في نيو جيرسي زادت بالزربة بدات ف 2001. داكشي علاش صناديق ديال الزبل ديال الحديد مضادين للدببة كاينين في جميع المآوي ديال نيو جيرسي.,7araka dyal d'daba lk7la 3la 7ta l3=al9a f New Jersey zdat bz'rba bdaat f 2001. Dakchi 3lash s'nadi9 dyal zbel dyal l7did m'dadiyn l'daba kaynin f jmi3 l'm'aawi dyal New Jersey.,"Black bear activity along the trail in New Jersey increased rapidly starting in 2001 . Hence , metal bear @-@ proof trash boxes are in place at all New Jersey shelters .",تزايدت حركة الدببة السوداء على طول المسار في نيوجيرسي بسرعة بدءًا من عام 2001. وعليه، تم وضع صناديق قمامة معدنية مقاومة للدببة في جميع ملاجئ نيوجيرسي.,30,GENERATED
data51451,WIKI_D_10752,D,معصبة من الممارسات النفسية المؤسساتية والتساهل في إجراءات الإيداع القسري، ميليه ولات ناشطة. ومع المحامي ديالها، بدلات قانون الإيداع في ولاية مينيسوتا باش ضروري تكون محاكمة قبل ما شي واحد يتلاح قسرياً.,"m3asseba mn l mmarssat nafsia l m2ossestia w tassaroh f ijra2at l idaa3 l qosri, Millett walat nassita. w m3a lmohami dyalha, baddlet qanoun l idaa3 f wilayat Minnesota bach darouri tkoun mohakama qbel ma chi wahed ytla7 qosrian.","Angered by institutional psychiatric practices and lenient involuntary commitment processes , Millett became an activist . With her lawyer , she changed the State of Minnesota 's commitment law so that a trial is required before a person is involuntarily committed .",غاضبة من الممارسات النفسية المؤسساتية والإجراءات المتساهلة للإيداع القسري، أصبحت ميليت ناشطة. ومع محاميها، غيرت قانون الإيداع في ولاية مينيسوتا بحيث أصبح من الضروري إجراء محاكمة قبل إيداع شخص ما قسرياً.,32,GENERATED
data51452,WIKI_C_01211,C,بالنسبة لماليزيا: عبد القادر محمد، سفير متجول تابع لوزارة الخارجية الماليزية، ومستشار الشؤون الخارجية لرئيس الوزراء (وكيل ماليزيا).,"bnsba lmalizia: 3bd lqadir mohamed, safir mtjawl تابع lوزart chwoun lkharijia lmalizia, wmstachar chwoun lkharijia lirass lwzara (wakil malizia).","For Malaysia : Abdul Kadir Mohamad , Ambassador @-@ at @-@ Large , Ministry of Foreign Affairs , Malaysia ; Adviser for Foreign Affairs to the Prime Minister ( Malaysia 's Agent ) ;",بالنسبة لماليزيا: عبد القادر محمد، سفير فوق العادة وغير مقيم، وزارة الشؤون الخارجية، ماليزيا؛ مستشار الشؤون الخارجية لرئيس الوزراء (وكيل ماليزيا).,18,GENERATED
data51453,DATA_19789,B,مخرج واحد (إلمور جيمس، مارشال سيهورن، سوني بوي ويليامسون) (27 يونيو) – 4:55,"mekhraj wahed (Elmore James, Marshall Sehorn, Sonny Boy Williamson) (27 Yonyo) - 4:55",""" One Way Out "" ( Elmore James , Marshall Sehorn , Sonny Boy Williamson ) ( June 27 ) – 4 : 55",مخرج واحد (إلمور جيمس، مارشال سيهورن، سوني بوي وليامسون) (27 يونيو) - 4:55,24,GENERATED
data51454,DATA_1191,A,غادي نعيط ل مضيفة هنايا.,ghadi n3iyet l moDifa hnaya.,I'll get the stewardess out here.,سأحضر المضيفة إلى هنا.,6,PARTIALLY VALIDATED
data51455,WIKI_C_08907,C,المحاماة ديال جيليبراند لفيليب موريس دارت مشكل فالحملة. التسجيلات ديال تمويل الحملة ديالها بينات باللي شدات شي 23 ألف و 200 دولار تبرعات من الخدامة ديال الشركة فالحملة ديالها للكونغريس ف 2006.,lmohamat dial gilibrand lfilip moris dart machkil f l7amla. tasilat dial tamwil l7amla dialha banat belli cheddat chi 23 alf w 200 dollar tabar3at mn l khadamat dial sharika f l7amla dialha ll kongres f 2006.,"Gillibrand 's legal representation of Philip Morris was an issue during the campaign . Her campaign finance records showed that she received $ 23 @,@ 200 in contributions from the company 's employees during her 2006 campaign for Congress .","كان التمثيل القانوني لجيليبراند لشركة فيليب موريس قضية خلال الحملة الانتخابية. أظهرت سجلاتها المالية للحملة أنها تلقت 23,200 دولار كمساهمات من موظفي الشركة خلال حملتها لعام 2006 للكونغرس.",32,GENERATED
data51456,DATA_15534,B,RHS جزء من نظام المدارس ديال مقاطعة فولتون و معتمدة من طرف الجمعية الجنوبية للكليات و المدارس و وزارة التعليم ديال جورجيا.,RHS juz' mn nidaam l-madaaris dyaal muqata'at Fulton u m'tamda mn taraf al-jam'ia a-janoubiyya lil-kuliyyat u al-madaaris u wizarat a-t'lim dyaal Georgia.,RHS is a part of the Fulton County School System and is accredited by the Southern Association of Colleges and Schools and the Georgia Department of Education .,تعد مدارس روبرت إس. هانز جزءًا من نظام مدارس مقاطعة فالتون، وهي معتمدة من قبل الرابطة الجنوبية للكليات والمدارس ووزارة التعليم في جورجيا.,28,GENERATED
data51457,WIKI_C_01758,C,ڭوسّو، آدم (2002). بحال شي قتيلة هنا: العنف فالجنوب وتقاليد البلوز. منشورات جامعة شيكاغو. ISBN 978 @-@ 0 @-@ 226 @-@ <unk> @-@ 5.,"gusso, adam (2002). bhal shi qtilah hna: l3onf f-southel w tqalid dial l-bluz. mansourat jami3at chicago. isbn 978-0-226-<unk>-5.","Gussow , Adam ( 2002 ) . Seems Like Murder Here : Southern Violence and the Blues Tradition . University of Chicago Press . ISBN 978 @-@ 0 @-@ 226 @-@ <unk> @-@ 5 .",غوسو، آدم (2002). يبدو كأن هناك جريمة قتل هنا: عنف الجنوب وتقاليد البلوز. مطبعة جامعة شيكاغو. ردمك 978-0-226-<unk>-5.,24,GENERATED
data51458,DATA_22186,B,البوسطة د ميريكان ف سايكمور كاينة على طول إلينوي 64 (شارع ستيت)، نيشان قبالة المكتبة العمومية د سايكمور.,"l-busta d mirikan f sycamore kayna 3la tul Illinois 64 (shari3 state), nishan qbala l-maktaba l-3umumia d sycamore.","The U.S. Post Office Building in Sycamore is located along Illinois 64 ( State Street ) , directly across the street from the Sycamore Public Library .",يقع مبنى مكتب البريد الأمريكي في سيكامور على طول الطريق 64 في ولاية إلينوي (شارع الولاية)، قبالة مكتبة سيكامور العامة مباشرة.,27,GENERATED
data51459,DATA_24709,B,إليزابيث الثانية ديال المملكة المتحدة وفيليب ماونتباتن ( لي تولد أمير ديال اليونان والدنمارك ) ( 1947 ),Elizabeth attanya dial lmamlaka lmuttahida w Philip Mountbatten (li twled amir dial lyounan w ddenmark) (1947),Elizabeth II of the United Kingdom and Philip Mountbatten ( born a Prince of Greece and Denmark ) ( 1947 ),إليزابيث الثانية ملكة المملكة المتحدة وفيليب مونتباتن (ولد أميراً لليونان والدنمارك) (1947),21,GENERATED
data51460,DATA_7966,A,أش لاحة هي على هاد الشي,ach la7ha hiya 3la had chi,why does she even care,لماذا تهتم أصلاً؟,5,PARTIALLY VALIDATED
data51461,DATA_0699,A,نخاف يتهرسو ليا,knt 8na chi yomayn hadi,im afraid to break it,أخشى أن أكسره,6,PARTIALLY VALIDATED
data51462,WIKI_C_11330,C,حط @-@ سميات، ديارمويد أو <unk> و كيفين موراي، ف The Heritage of Ireland، edited by N. <unk> et al.، The Collins Press، كورك، عام 2000، الصفحات 146 – 155.,"7ot @-@ smayyat, Diarmuid O <unk> w Kevin Murray, f The Heritage of Ireland, edited by N. <unk> et al., The Collins Press, Cork, 3am 2000, s-safa7at 146-155.","Place @-@ names , Diarmuid O <unk> and Kevin Murray , in The Heritage of Ireland , ed . N. <unk> et al . , The Collins Press , Cork , 2000 , pp. 146 – 155 .",ضع الأسماء، ديارمويد أو <unk> وكيفين موراي، في كتاب The Heritage of Ireland، تحرير ن. <unk> وآخرون، دار نشر The Collins Press، كورك، عام 2000، الصفحات 146-155.,30,GENERATED
data51463,DATA_20013,B,Alias Jesse James (1959) - Bob Hope howa nejm o Hugh O'Brian bayn shwiya bhal Wyatt Earp.,Alias Jesse James (1959) - Bob Hope huwa nejem o Hugh O'Brian bayen shwiya bhal Wyatt Earp.,Alias Jesse James ( 1959 ) – Bob Hope stars and Hugh O 'Brian briefly appears as Wyatt Earp .,آلياس جيسي جيمس (1959) – بوب هوب يشارك في البطولة ويظهر هيو أوبرايان لفترة وجيزة في دور وايت إيرب.,20,GENERATED
data51464,DATA_24527,B,هاد الانهيار جلب اهتمام عالمي، و وسائل الإعلام في أستراليا، كندا، إيرلندا، جنوب أفريقيا و الولايات المتحدة غطّات الحدث.,"had l- انهيار jellb ihtimam 3alami, u wassa2il l-i3lam fi australia, canada, irland, janub ifri9ya u l-wilayat l-muttahida ghattat l-hadath.","The implosion attracted global attention , with media in Australia , Canada , Ireland , South Africa and the United States covering the event .",استقطب الانهيار اهتماماً عالمياً، حيث قامت وسائل الإعلام في أستراليا وكندا وأيرلندا وجنوب أفريقيا والولايات المتحدة بتغطية الحدث.,25,GENERATED
data51465,DATA_13874,B,لكنيسة ف المجتمع القديم: من الجليل لغريغوري الكبير (تاريخ أكسفورد ديال الكنيسة المسيحية، 2001),"lknisa f lmojtama3 l9dim: mn ljalil l ghrighouri lkbir (tarikh Oxford dyal lknisa lmasi7iya, 2001)","The Church in Ancient Society : From Galilee to Gregory the Great ( Oxford History of the Christian Church , 2001 )",الكنيسة في المجتمع القديم: من الجليل إلى غريغوريوس الكبير (تاريخ أكسفورد للكنيسة المسيحية، 2001),22,GENERATED
data51466,DATA_22887,B,أولريك تومسن ف دور ساشا دافيدوف: المسؤول على الأمن ديال إلكترا كينݣ ف أذربيجان و الوسيط السري ديال رينارد.,oulrik tomsen f dor sacha davidov: lms'oul 3la l'amn dyal electra king f azerbijan w lwassit ssirri dyal renard.,Ulrich Thomsen as Sasha Davidov : Elektra King 's head of security in Azerbaijan and Renard 's secret liaison .,أولريش ثومسن بدور ساشا دافيدوف: رئيس الأمن الخاص لإليكترا كينغ في أذربيجان وعميل رينارد السري.,20,GENERATED
data51467,DATA_19909,B,"""جرس الحرية"" (عام 1893) (اللي من بعد ولّا تيتر النهاية ديال مسلسل مونتي بايثون سيرك الطاير).",jers l7orriya (3am 1893) (lli mn b3d walla titr nnihaya dyal mosalsal Monty Python's Flying Circus).,""" The Liberty Bell "" ( 1893 ) ( later used as credits theme for Monty Python 's Flying Circus TV series )",  جرس الحرية  (  ١٨٩٣  )  (  استخدم لاحقاً كموسيقى تصويرية لبرنامج تلفزيون مونتي بايثون للطيران السيرك  )  ,23,GENERATED
data51468,DATA_13526,B,جزيرة لورد هاو عندها مناخ شبه مداري. و حسب تصنيف كوپن للمناخ، جزيرة لورد هاو عندها مناخ شبه مداري رطب (Cfa).,"Jazirat lord how 3andha monakh shibh مداري. W 7sab tassnif koppen l lmonakh, jazirat lord how 3andha monakh shibh مداري ratb (Cfa).","Lord Howe Island has a subtropical climate . Under the Köppen climate classification , Lord Howe Island has a Humid subtropical climate ( Cfa ) .",تتمتع جزيرة لورد هاو بمناخ شبه استوائي. وفقًا لتصنيف كوبن للمناخ، تتمتع جزيرة لورد هاو بمناخ شبه استوائي رطب (Cfa).,26,GENERATED
data51469,DATA_4237,A,آه، فكرة زوينة,"ah, fikra zwina","Yeah, that's a great idea",نعم، هذه فكرة رائعة.,5,PARTIALLY VALIDATED
data51470,DATA_4087,A,كانضن غادي تكون لعبة ديال بينجو قريب,kanDn ghadi tkon lo3ba dyal bingo 9rib,I think there will be bingo soon,أعتقد أن لعبة البنغو ستكون قريبًا,7,PARTIALLY VALIDATED
data51471,DATA_15684,B,من نهار تأسسات الكنيسة فـ 1786، هاد الشيوخ هما اللي رعاو الجماعة ديال كنيسة حبرون:,"mn nhar t'esssat lknissa f 1786, had shyoukh homa li r3aw ljama3a dyal knissa 7ebroun.","Since the church 's founding in 1786 , the following pastors have ministered to the congregation at Hebron Church :",منذ تأسيس الكنيسة عام 1786، خدم القساوسة التاليون الجماعة في كنيسة حبرون:,20,GENERATED
data51472,WIKI_D_07209,D,فالأخير البوليس، عاونوهم النداءات ديال اللعابة باش الجمهور يهدن، قدروا يحركوا المتفرجين لبعد الخط ديال التماس بشوية، والماتش بدا معطل بشي 45 دقيقة تقريبا، والجمهور واقف داير بالملعب.,"fel-akhir l-bolis, 3awnuhom nda2t dyal l3aba bach l-jomoher yhaddn, qdro y7arru lmtfrjin lb3d l-khat dyal t-tamas bchwiya, w-l-match bda m3tl bchi 45 dqayq taqriban, w-l-jomoher waqf dayr bl-m3lab.","Eventually the police , assisted by appeals from the players for the crowd to calm , were able to manoeuvre the spectators to just beyond the touchline , and the game began approximately 45 minutes late , while fans stood around the perimeter of the pitch .",في نهاية المطاف، تمكنت الشرطة، بمساعدة نداءات اللاعبين للجمهور بالهدوء، من توجيه المتفرجين إلى ما وراء خط التماس، وبدأت المباراة بتأخير حوالي 45 دقيقة، بينما وقف المشجعون حول محيط الملعب.,28,GENERATED
data51473,WIKI_C_11670,C,ولكن، السكن مجموعين فابارطمة ديال راستن ما صدقش، والعلاقة الرومانسية ديالهم سالات فاش تقيد كان فجامعة هوارد اللي معروفة تاريخيا بالكحلة. كان وراستن بقاو صحاب على طول وصحاب فالسياسة.,"walakin, sskn mjam3in f'apartma dyal rustin ma tsda9sh, wla3laqa romansiya dyalhom salat fash t9yd kan f'jami3t howard lli ma3rufa t3riyan dyal k7la. kan w rustin b9aw s7ab 3la tool w s7ab f'siyasa.","However , cohabiting in Rustin 's apartment proved unsuccessful , and their romantic relationship ended when Kahn enrolled in the historically black Howard University . Kahn and Rustin remained lifelong friends and political comrades .",ولكن، الإقامة المشتركة في شقة راستن أثبتت عدم نجاحها، وانتهت علاقتهما الرومانسية عندما التحقت كان بجامعة هوارد ذات التاريخ المخصص للسود. بقي كان وراستن صديقين ورفيقين سياسيين مدى الحياة.,29,GENERATED
data51474,DATA_8141,A,نحاول معاهوم ونرد عليك,n7awl m3ahom onrad 3lik,ill try with them and come to you,سأحاول معهم وأعود إليك,8,PARTIALLY VALIDATED
data51475,WIKI_C_11978,C,نتر قرر يحبس الكورة مع اللخر ديال الموسم ديال 2014-2015 باش يركز على خدمتو كأستاذ ديال الرياضة فواحد الليسي.,nter qerer yebbes lkora m3a lkher dyal lmosm dyal 2014-2015 bash yerkez 3la khdemto ka2ostad dyal riyada fwa7d lyce.,Nutter decided to retire from playing football at the end of the 2014 – 15 season so he could focus on his career as a teacher of Physical Education at a school .,قرر ناتر الاعتزال عن لعب كرة القدم في نهاية موسم 2014-2015 لكي يركز على مسيرته كمعلم للتربية البدنية في إحدى المدارس.,19,GENERATED
data51476,WIKI_D_00880,D,خيط الأمان: فاش كانشدو الورقة مقابل الضو، كيبان خيط الأمان بحال شي خط كحل. رمز ديال الأورو ( € ) و القيمة ديال الورقة كيبانو بحروف بيضين صغار بزاف داخل الخيط.,"khit l'aman: fach kanched l'waraqa mQabl dou, kayban khit l'aman bHal chi kht k7el. ramz dyal l'oro (€) w lQima dyal l'waraqa kaybano b 7roff b'idin sghar bzzaf dakhel l'khit.","Security Thread : When the note is held against the light , the security thread appears as a dark line . The Euro symbol ( € ) and the value of the banknote can be seen in tiny white lettering in the thread .",خيط الأمان: عندما تُمسك الورقة النقدية مقابل الضوء، يظهر خيط الأمان كخط داكن. يمكن رؤية رمز اليورو (€) وقيمة الورقة النقدية في حروف بيضاء صغيرة جدًا داخل الخيط.,31,GENERATED
data51477,WIKI_C_11577,C,راس المسيح، 1940 - 1941 (تباع ل دي جي. ڤان بونينجن ب 400 ألف - 475 ألف گيلدر تقريبا 225 ألف دولار و لا 3.25 مليون دولار ديال دابا),"ras l-maseeh, 1940-1941 (tbeta3 l d g van beuningen b 400 alf - 475 alf guldens taqriban 225 alf dollar wla 3.25 million dollar dyal daba)","The Head of Christ , 1940 – 1941 ( sold to D G. van Beuningen for 400 @,@ 000 – 475 @,@ 000 guldens about $ 225 @,@ 000 or $ 3 @.@ 25 million today )",رأس المسيح، 1940-1941 (بيع لـ دي جي. فان بونينغن بمبلغ 400 ألف - 475 ألف غيلدر، أي ما يعادل حوالي 225 ألف دولار أو 3.25 مليون دولار اليوم),29,GENERATED
data51478,WIKI_C_12263,C,هاد المعلم تبنى على يد واحد الشعب باش يخلدو الذكرى ديال الرجال والعيالات اللي دافعو على شنو اللي ضاع فالحرب الكبيرة ديال 1914-1918.,had lma3lem tbenna 3la yed wa7d sha3b bach ykhaldo dikr d lرجال w l3ayalat lli daf3o 3la walo li d3 f l7arb lkbira dyal 1914-1918.,THIS MONUMENT WAS ERECTED BY A <unk> PEOPLE TO THE <unk> MEMORY OF THE MEN AND WOMEN WHO <unk> THE <unk> IN THE GREAT WAR OF 1914 – 1918 .,أقيم هذا الصرح التذكاري على يد شعبٍ ... ، لذكرى ... الرجال والنساء الذين ... ... في الحرب العظمى عام 1914-1918.,23,GENERATED
data51479,WIKI_C_01177,C,بحال بزاف ديال السرطانات خرين، السرطان ديال الرئة كيبدا بتفعيل ديال الجينات الورمية ولا بتعطيل ديال الجينات الكابحة للورم. شي حاجات كيديرو طفرات فهاد الجينات اللي كيشجعو التطور ديال السرطان.,"b7al bzaf dyal sartanat khryin, sartan dyal rya kaybd lactivé dyal jinat wrmiya ola desactivé dyal jinat kab7a l wrm. chi haja kaydiru mutation f had jinat li kychj3u tatawwor dyal sartan.","Similar to many other cancers , lung cancer is initiated by activation of oncogenes or inactivation of tumor suppressor genes . <unk> cause mutations in these genes which induce the development of cancer .",على غرار العديد من أنواع السرطانات الأخرى، يبدأ سرطان الرئة بتنشيط الجينات المسرطنة أو تعطيل الجينات الكابتة للأورام. تحدث الطفرات في هذه الجينات، مما يؤدي إلى تطور السرطان.,30,GENERATED
data51480,WIKI_C_04514,C,في 22 فبراير 1973، جمعية كورة ديال أيرلندا علنات باللي الماتشات ديال نورثيرن أيرلاند اللي كيلعبو في ديورهم في البطولة البريطانية ديال 1973 غادي يدوزو في جوديسون بارك حيت كانت الروينة شاعلة في بيلفاست ديك الساعة.,"f 22 fibrayir 1973, jama3iyya dyal kora dyal irland 3alnat bli lmatchat dyal northern ireland li kayel3abo f diwrohom f lbotola britaniyya dyal 1973 gadi idozzo f goodison park hit kanat rrowina sha3la f belfast dik sa3a.",On 22 February 1973 the Irish Football Association announced that Northern Ireland 's home matches in the 1973 British Home Championship would be moved to Goodison Park due to the civil unrest within Belfast at that time .,في الثاني والعشرين من فبراير عام 1973، أعلنت جمعية كرة القدم الأيرلندية أن مباريات منتخب أيرلندا الشمالية على أرضه في بطولة المملكة المتحدة لعام 1973 سيتم نقلها إلى جوديسون بارك بسبب الاضطرابات المدنية في بلفاست في ذلك الوقت.,36,GENERATED
data51481,DATA_0725,A,بغيت نسوولّك واحد سؤال,bghit nsowllek wahd sou2al,I want to ask you a question,أريد أن أسألك سؤالاً,7,PARTIALLY VALIDATED
data51482,WIKI_C_01870,C,موديلات بحال ديال هارتل - هوكينج اللي ماعندهاش حدود، فين الزمان والمكان كاملين محدودين؛ البيغ بانغ كيمثل الحد ديال الزمان ولكن بلا حتى شي بلاصة فين كلشي كيتجمع.,"modelat bhal dyal hartl-hawking lli ma3ndhach hdou d, fin zaman w makan kamlin mahdou din; lbig bang kiyamtl lhd dyal zaman walakin bla hatta chi plasst fin kolchi kiyijm3.","Models including the Hartle – Hawking no @-@ boundary condition , in which the whole of space @-@ time is finite ; the Big Bang does represent the limit of time but without any singularity .",نماذج تتضمن شرط الحدود لهارتل - هوكينج، حيث يكون الزمكان بأكمله محدودًا؛ يمثل الانفجار العظيم حد الزمان ولكنه خالٍ من أي تفرد.,28,GENERATED
data51483,WIKI_C_04948,C,في صباح تمنية دجنبر، أو 43 تعرضات لهجوم من طرف طيارة ما معروفاش وتخسرات بزاف. رجعات لويليامشافن ستة أيام موراها، نهار 14.,"f sbah tmenya d dounbir, ou 43 t3rret l hjam mn tarf tayara ma ma3rofinsh w tkhssret bzzf. rje3at l wilhelmshaven seta ayam muraha, nhar 14.","On the morning of 8 December U @-@ 43 was attacked by an unidentified aircraft and severely damaged . She returned to Wilhelmshaven six days later , on the 14th .","في صباح الثامن من ديسمبر، تعرضت السفينة ""يو - 43"" لهجوم من قبل طائرة مجهولة وأصيبت بأضرار بالغة. عادت إلى فيلهلمسهافن بعد ستة أيام، في الرابع عشر.",22,GENERATED
data51484,WIKI_C_00838,C,واحد الكروب ديال الإصلاح، فيه ليونيد <unk> وأوليغ ماكاروف وجينادي ستريكالوف (سويوز تي @-@ 3) خدمو على المحطة الفضائية 12 يوم بدات من 27 نونبر 1980.,"wa7d l kroup dyal islah, fih leonid <unk> w oleg makarov w gennady strekalov (soyuz t @-@ 3) khdmou 3la l ma7a l fdaya 12 youm bdat mn 27 nounbir 1980.","A repair mission , consisting of Leonid <unk> , Oleg Makarov , and Gennady Strekalov ( Soyuz T @-@ 3 ) worked on the space station for 12 days starting on 27 November 1980 .",قامت مهمة إصلاح، تتكون من ليونيد <unk>، وأوليغ ماكاروف، وجينادي ستريكالوف (سويوز تي @-@ 3)، بالعمل في المحطة الفضائية لمدة 12 يومًا بدءًا من 27 نوفمبر 1980.,26,GENERATED
data51485,WIKI_D_00817,D,هيو برادنر مات ف عمر 92 عام ف دارو ف سان دييغو، كاليفورنيا، ف 5 ماي 2008، بسبب مضاعفات ديال الالتهاب الرئوي. و خلف من وراه بنتو، باري كورنيت، و ثلاثة د الأحفاد و وحدة حفيدة د الحفيد.,"hiyo bradner mat f 'omr 92 'am f daro f san diego, kalifornia, f 5 may 2008, bsbab mda'afat dyal iltihab r-ri2i. w khllf men warah bntu, bari cornet, w tlata d l-hffad w wa7da hfidt l-hfid.","Hugh Bradner died at the age of 92 at his home in San Diego , California , on May 5 , 2008 , from complications of pneumonia . He was survived by his daughter , Bari Cornet , three grandchildren and one great @-@ granddaughter .",توفي هيو برادنر عن عمر يناهز 92 عامًا في منزله بسان دييغو، كاليفورنيا، في 5 مايو 2008، إثر مضاعفات التهاب رئوي. وقد ترك وراءه ابنته باري كورنيت، وثلاثة أحفاد، وحفيدة واحدة.,38,GENERATED
data51486,DATA_22391,B,نهار خمسة نونبر عام ألفين وثمانية، برونر تعينت فالمجلس الاستشاري ديال مشروع التحول ديال أوباما @-@ بايدن.,"nhar khamsa nonber 3am alfayn w tmaniya, Brunner t3aynat felmejlis listichari dyal mshrou3 t-tahawoul dyal Obama @-@ Biden.","On November 5 , 2008 , Browner was named to the advisory board of the Obama @-@ Biden Transition Project .",في 5 نوفمبر 2008 ، تم تعيين براونر في المجلس الاستشاري لمشروع الانتقال لأوباما وبايدن.,21,GENERATED
data51487,DATA_0896,A,و يمكن ندير بريكولات ف الدار فاش كانكون كانكتب,o ymken ndir bricolat f ddar fach kankon kankteb,I can do the odd jobs round the house in-between writing.,يمكنني القيام بالأعمال المنزلية الصغيرة بين أوقات الكتابة.,11,PARTIALLY VALIDATED
data51488,DATA_11227,A,تعطلي بزّاف باش تدير فيزيتا,t3etli bezzaf bach tdir visita,you are too late to do a visite,لقد تأخرت جدًا لزيارة.,8,PARTIALLY VALIDATED
data51489,WIKI_C_00063,C,ف 775 واحد النص كيهضر على الموت ديال السيد واك شان كاك، واحد الأمير اللي كيبان باللي كان ولي العهد ومات قبل ما يشد السلطة.,"f 775 wa7d l-naS kayhdar 3la l-mut dyal s-sayid wak chan kak, wa7d l-amir lli kayban bli kan wali l-3ahd wmat qbl ma ychud s-sulta.","In 775 a text recorded the death of Lord Wak Chan K 'ak ' , a prince who appears to have been the heir to the throne and who died before he could take power .",في عام 775، سجل نصٌّ موت اللورد واك تشان كا 'اك '، أميرٌ بدا أنه كان ولي العهد، وقد توفي قبل أن يتمكن من تولي السلطة.,25,GENERATED
data51490,WIKI_D_05629,D,الاندلاع ديال الصراع عطى الذريعة للعنف بين ميرينا ديال الجبال والملغاشيين الساحليين من مجموعات عرقية أخرى. شي 1900 حتى 5000 ملغاشي من المناصرين ديال باديسم تقاتلو و تقتلو على يد المغاربة ديالهم القوميين المواليين لام دي ار ام خلال الصراع.,l-indila3 dyal s-sira3 3ta d-dari3a l-3onf bin merina dyal l-jbal w-lmalagachiyyin s-sahliyyin mn mgu3at 3irqiyya o5ra. chi 1900 hata 5000 malagachi mn l-mwanasirin dyal badesim t9atl-o w t9atlu 3la yad lmaghribiyyin dyalhom lqawmiyyin l-mwalin l-em-di-ar-em khlal s-sira3.,"The eruption of the conflict provided the pretext for violence between highland Merina and coastal Malagasy of other ethnic groups . An estimated 1 @,@ 900 to 5 @,@ 000 Malagasy PADESM supporters were killed by their pro @-@ MDRM nationalist countrymen during the conflict .",وفّر اندلاع الصراع الذريعة للعنف بين الميرينا في المرتفعات والمالاغاشيين الساحليين من مجموعات عرقية أخرى. قُتل ما يقدر بنحو 1900 إلى 5000 من أنصار باديسيم من المالاغاشيين على يد مواطنيهم القوميين الموالين لحزب إم دي آر إم خلال الصراع.,40,GENERATED
data51491,WIKI_C_09532,C,الفيلم داز حتى فمهرجان برلين الدولي بلا منافسة من 15 حتال 26 فبراير 1996. وفبلاص خرين، الفيلم بدا فمارس 1996.,"el film daz 7ta f mehrejan berlin douwali bla menafsa men 15 7tal 26 fevrier 1996. w fi blaset khryen, el film bda f mars 1996.","The film was also shown at the Berlin International Film Festival out of competition from February 15 to 26 , 1996 . Elsewhere , the film opened in March 1996 .",كما عُرض الفيلم في مهرجان برلين السينمائي الدولي خارج المسابقة في الفترة من 15 إلى 26 فبراير 1996. في أماكن أخرى، افتتح الفيلم في مارس 1996.,20,GENERATED
data51492,DATA_14345,B,"L'opérateur D , راه ما كيتعرّفش على الأعداد بوحدهم. كيتعرّف غير على الدوال.","l'operateur D, rah ma kayt3arrafsh 3la l'a3dad buhdhum. kayt3arraf ghir 3la d-dawal.","The operator D , however , is not defined on individual numbers . It is only defined on functions :",ومع ذلك، فإن المؤثر دال، غير مُعرّف على الأعداد الفردية. بل هو مُعرّف على الدوال فقط:,20,GENERATED
data51493,DATA_23384,B,الخضرة مشوية فيها فلفلة، فلفلة حارة، مطيشة، البصلة، الدنجال، و بعض المرات البطاطا و الكورجيت. و عادة كتقدم مع اللحم مشوي.,"lkhodra meshwiya fiha felfla, felfla hara, mtisha, lbasla, denjal, u b3d lmerrat lbattata u lkurjit. u 3ada katkaddam m3a llhem meshwi.","Roasted vegetables includes bell peppers , chili peppers , tomatoes , onions , eggplants and also sometimes potatoes and zucchini . Usually served with grilled meat",تشمل الخضروات المشوية الفلفل الرومي والفلفل الحار والطماطم والبصل والباذنجان، وأحيانًا البطاطس والكوسا. تُقدم عادةً مع اللحم المشوي.,26,GENERATED
data51494,DATA_0361,A,شي واحد حط الكلبي سم و مات,ma3rftch ach kenna ghandiro bla lkhariTa,someone poisoned my dog and died,لست متأكدًا مما يمكننا فعله بدون الخريطة,10,PARTIALLY VALIDATED
data51495,DATA_8770,A,أنا غادي ن تبّت خويا باش مايهربش,ana ghadi n tbbet 5oya bach mayhrebch,i will ask for my brother,سأسأل عن أخي,6,PARTIALLY VALIDATED
data51496,WIKI_C_01685,C,فالآخر لحظة، ملي تݣشف باللي تعليمات القتل الغير العمد ما كانوش مدخلين فالتعليمات اللي تقدمو، عيطو على المحلفين باش يرجعو، و عطاوهم التعليمات.,"fel akher lahtha, mli tgchaf belli ta3limat l'qetl l'ghayr l'amade ma kanouch mdakhlin fel ta3limat li t9addmo, 3ayto 3la l'm7allfin bach yrja3o, w 3tawhom ta3limat.","At the last minute , when it was discovered that instructions for manslaughter had not been included in the submitted instructions , the jury was called back , and the instructions were given .",في اللحظة الأخيرة، عندما اكتُشف أن تعليمات القتل غير العمد لم تُدرج في التعليمات المقدمة، تم استدعاء هيئة المحلفين مرة أخرى، وتم تقديم التعليمات.,23,GENERATED
data51497,WIKI_D_08366,D,وينثروب، هو و شي مسؤولين آخرين من الشركة، بداو كيديرو الإجراءات ديال تجهيز أسطول النقل و المؤن باش يهاجرو. و بقا كايقلب على ناس عندهم شي حرف اللي غايحتاجوها فالمستعمرة الجديدة، بحال الأئمة باش يهتمو بالدين ديال الناس اللي غايكونو تما.,"winthrop, howa w chi ms2oulin akhorin men l-charika, bdaaw kydiru l-ijra2at dyal tajhiz ostoul n-naql w l-moun bach yhajru. w bqa kay9ellb 3la nass 3ndhom chi 7ref lli ghay7tajuh f-l-mosta3mara l-jdida, b7al l-a2imma bach yihtemmu b-d-din dyal nass lli ghaykun tamma.","Winthrop , along with other company officials , then began the process of arranging a transport fleet and supplies for the migration . He also worked to recruit individuals with special skills the new colony would require , including pastors to see to the colony 's spiritual needs .",ثم بدأ وينثروب، بالاشتراك مع مسؤولين آخرين بالشركة، عملية ترتيب أسطول نقل وإمدادات للهجرة. كما عمل على تجنيد أفراد بمهارات خاصة ستحتاجها المستعمرة الجديدة، بما في ذلك قساوسة للعناية بالاحتياجات الروحية للمستعمرة.,41,GENERATED
data51498,DATA_16228,B,المرحلة 0: هي الفترة اللي كتكون مابين تحليل سلبي أو غير حاسم ديال HIV متبوع بتحليل إيجابي فاقل من 180 يوم.,lmer7ala 0: hiya lfetra lli katkun mabayn tahlil selbi o ghyr 7asim dyal HIV metbu3 b tahlil ijabi faql mn 180 youm.,Stage 0 : the time between a negative or indeterminate HIV test followed less than 180 days by a positive test,المرحلة صفر: الفترة الزمنية بين نتيجة فحص فيروس نقص المناعة البشرية السلبية أو غير المحددة، تتبعها نتيجة إيجابية في غضون أقل من 180 يومًا.,21,GENERATED
data51499,DATA_9475,A,كون غير قدرت ن قوة,koun ghir 9dert n 9wwa,if only i had power,لو أنني امتلك القوة,5,PARTIALLY VALIDATED
data51500,DATA_8900,A,أنا غادي نتفاهم مع واليدة بسش نلعب كورة فزنقة,ana ghadi n tfahem m3a walida bsch nle3b kora fzen9a,i will play football outside,سألعب كرة القدم في الخارج,5,PARTIALLY VALIDATED
data51501,DATA_18235,B,Prime7 (مع مرافق البث الوطنية ديال GWN7 كاينين فكانبيرا. الإدارة/المقر الرئيسي ديال Prime Media Group كاين فبيرمونت، سيدني.,"Prime7 (m3a mraf9 lbatt alwataniya dyal GWN7 kaynin f Canberra. L'idara/lmou9arr arra2issi dyal Prime Media Group kayn f Byermont, Sydney.","Prime7 ( along with GWN7 national broadcast facilities are based in Canberra . Prime Media Group head office / administration is located in Pyrmont , Sydney .",يقع المقر الرئيسي لشبكتي برايم 7 (بالإضافة إلى مرافق البث الوطنية GWN7) في كانبرا. يقع المقر الرئيسي / الإدارة لمجموعة برايم ميديا في بيرمونت، سيدني.,27,GENERATED
data51502,WIKI_C_11357,C,ولكن يمكن گاران يكون مشهور كثر كخبير في القانون الدستوري، كثر من المساهمات الأخرى ديالو في الخدمة العمومية. في التجربة ديالو في الفيدرالية والدستور، گاران كان ديما متحمس:,"walakin yemken garran yekoun machhour ktar k khabir f l qanoun ad-dastouri, ktar mn l mosahemmat l okhrin dyalo f l khidma l 3ammiya. f tajriba dyalo f l federation w l دستور, garran kan dima mthammés:","However Garran is perhaps best remembered as an expert on constitutional law , more so than for his other contributions to public service . On his experience of Federation and the Constitution , Garran was always enthusiastic :",ولكن ربما يُذكر غاران على أفضل وجه كخبير في القانون الدستوري، أكثر من مساهماته الأخرى في الخدمة العامة. بشأن تجربته في الاتحاد والدستور، كان غاران دائمًا متحمسًا:,28,GENERATED
data51503,DATA_23760,B,مادلين سميث بدور الآنسة كاروزو: عميلة طاليانية اللي بوند كيغازلها و كيحيد ليها حوايجها بالساعة المغناطيسية ديالو.,Madline Smith bdoor al aanissa Karuzo: amila Talyaniya lli Bond kighazlha o kihayyd liha hwayjha bessa3a lmaghnatissiya dialo.,Madeline Smith as Miss Caruso : An Italian agent whom Bond romances and strips of her clothing by way of his magnetic watch .,مادلين سميث بدور الآنسة كاروزو: عميلة إيطالية يغرم بها بوند ويجردها من ملابسها بواسطة ساعته المغناطيسية.,24,GENERATED
data51504,DATA_23994,B,شارع آلان تورينج ف Surrey Research Park و طريق آلان تورينج، اللي هو جزء من الطريق الدائري الداخلي فمانشستر، تسمّاو على اسم آلان تورينج.,"chari' alan turing f Surrey Research Park o triq alan turing, li howa juz' mn triq da'iri dakhili f manchester, tsmmew 3la sm alan turing.","Alan Turing Road in the Surrey Research Park and the Alan Turing Way , part of the Manchester inner ring road are named after Alan Turing .","سميت ""طريق آلان تورينج"" في ""منتزه ساري البحثي"" و""شارع آلان تورينج""، وهو جزء من الطريق الدائري الداخلي لمدينة مانشستر، على اسم آلان تورينج.",27,GENERATED
data51505,DATA_6007,A,بغيت نسبن حوايجي,bġit nsbbn 7wayji,i want to do laundry,أود أن أغسل الثياب.,5,PARTIALLY VALIDATED
data51506,WIKI_D_12297,D,فالحرب العالمية الثانية، الـ M19 والـ M19A1 شاركو فالمعارك فمسرح العمليات الأوروبي كمدفع هجومي، حيت كانو الحلفاء مسيطرين على الجو ديال أوروبا. الـ M19 والـ M19A1 تخدمو تا فالحرب الكورية فنفس الدور.,"fel7arba l3alamia d-tania, el M19 w el M19A1 sharko felma3arek f masra7 el 3amaliyat el-orobbi kamadfa3 hogoumi, 7ayt kanou l7olafa mosaytreen 3la l jaw dyal oropa. el M19 w el M19A1 tkhedmo ta fel7arba l koriyya f nafs d-dor.","During World War II , the M19 and M19A1 saw action in the European Theater of Operations as an assault gun , since the Allies had air supremacy over the skies of Europe . The M19 and M19A1 were also used during the Korean War in the same role .",خلال الحرب العالمية الثانية، شارك كل من M19 و M19A1 في العمليات في مسرح العمليات الأوروبي كمدفع هجومي، حيث كان للحلفاء التفوق الجوي على سماء أوروبا. كما استخدم كل من M19 و M19A1 خلال الحرب الكورية في نفس الدور.,32,GENERATED
data51507,DATA_9574,A,كون غير قدرت نراجع دروسي بلا صداع,koun ghir 9dert n raaj3 dorossi bla sda3,if only i revised calmly,لو أنني راجعت بهدوء,5,PARTIALLY VALIDATED
data51508,DATA_15998,B,2007 — سلسلة حفلات الاستوديو: إليس پول. مقابلة فيديو/أداء تسجل ف استوديوهات بلو روك ف ويمبرلي، تكساس.,"2007 — Silsilat hafalat al-istiudiu: إليس Paul. Muqabala fidiu/ada' tsajjlat f istiudiuhat Blu Rock f Wimberley, Texas.","2007 — Studio Concert Series : Ellis Paul . Video interview / performance recorded at Blue Rock Studios in Wimberley , Texas .",٢٠٠٧ - سلسلة حفلات الاستوديو: إليس بول. مقابلة فيديو / أداء مسجل في استوديوهات بلو روك في ويمبرلي، تكساس.,23,GENERATED
data51509,WIKI_D_03949,D,تّقسمو لموسيقيين لجوج فرقان مفرّقين. الفرقة أ (جايسن بويسل، ديفي فاراغر، جوناثان رايس، و بليك ميلز) غالبا كانوا كيلعبو لأغاني ديال الروك أند رول، أما الفرقة ب كانت كيلعبو لبالادات.,"tqesmo lmusiqin ljuj frqan mferreqin. lferqa a (jason boesel, davey faragher, jonathan rice, w blake mills) ghalban kanu kyla3bo laghany dyal rock and roll, ama lferqa b kanet kyla3bo lbalad. ","The musicians were split into two separate bands . The Band A setup ( Jason Boesel , Davey Faragher , Johnathan Rice , and Blake Mills ) would generally play the more rock and roll songs , while Band B would play the ballads .","انقسم الموسيقون إلى فرقتين منفصلتين. الفرقة ""أ"" (جايسون بويزل، ديفي فاراغر، جوناثان رايس، وبليك ميلز) كانت تلعب عمومًا الأغاني الأكثر صخبًا، بينما كانت الفرقة ""ب"" تلعب الأغاني الهادئة.",30,GENERATED
data51510,WIKI_D_11758,D,ف شهر ماي ديال 2015، البلان ديال WMATA باش يبدلو 192 كارو من دوك الكيران ديال السيري 5000 لي فيهم المشاكل بزاف و تصاوبو ف بداية الألفينات ب 220 كارو جداد ديال السيري 7000 كان مهدد حيت الكيران القدم ممولين بالفلوس ديال الحكومة و خاص موافقة ديال FTA.,"f shher may dyal 2015, l plan dyal WMATA bach ybedlu 192 caru men douk lkirana dyal l sirya 5000 li fihom l machakil bzaf w tsaweb f bidayt lalfinat b 220 caru jdud dyal l sirya 7000 kan mhdud hit lkirana l qdam mfulin b lflus dyal l hukum w khas mowafqa dyal FTA.","In May , 2015 , WMATA 's plan to replace 192 of the chronically problematic 5000 @-@ series cars built in the early 2000s with 220 new 7000 @-@ series cars was at risk because the older cars were funded by federal money and requires FTA approval .",في شهر مايو من عام 2015، كان مخطط هيئة النقل في واشنطن العاصمة (WMATA) لاستبدال 192 سيارة من سلسلة 5000 التي تعاني من مشاكل مزمنة، والتي بنيت في أوائل العقد الأول من القرن الحادي والعشرين، بـ 220 سيارة جديدة من سلسلة 7000، معرضًا للخطر لأن السيارات القديمة مولت بأموال فيدرالية وتتطلب موافقة إدارة النقل الفيدرالية (FTA).,48,GENERATED
data51511,WIKI_D_11802,D,"شين ميݣامي تينسي: ناين (باليابانية:真・女神転生<unk>، بمعنى ""التناسخ الحقيقي للإلهة: ناين"") هي واحد اللعبة د الفيديو جاپونية ديال لعب الأدوار طوروها أتلس و <unk> للإكس بوكس، و نشراتها أتلس نهار 5 دجنبر 2002.","shin megami tensei: nine (bil-yabaniya: shin me-kami tensei <unk>, b-ma3na ""t-tanasokh l-haqi9i li-l-ilaha: nine"") hiya wa7d l-le3ba dyal video japoniya dyal le3b l-adwar 7addrha atlus w <unk> li-l-xbox, w nashratha atlus nhar 5 dyjnabir 2002.","Shin Megami Tensei : Nine ( Japanese : 真 ・ 女神転生 <unk> , lit . "" True Goddess Reincarnation : Nine "" ) is a Japanese role @-@ playing video game developed by Atlus and <unk> for the Xbox , and published by Atlus on December 5 , 2002 .","شين ميجامي تينسي: ناين (باليابانية: 真・女神転生<unk>، حرفياً ""تناسخ الإلهة الحقيقية: ناين"") هي لعبة فيديو يابانية تقمص أدوار طورتها أطلس و<unk> لجهاز الإكس بوكس، ونشرتها أطلس في 5 ديسمبر 2002.",32,GENERATED
data51512,WIKI_C_05701,C,هاد التفاقية كتفرض على هيرد و گاروني يعلمو ال إف تي سي ب أي تبديلة طرات ف السمية، العنوان، ولا الخدمة، وحتى أي شراكة جديدة دارو، لمدة خمس سنين.,"had ttfaqiya katfard 3la herd w garroni y3almu l ftc b ay tbdila tra f smya, l3nwan, wla lkhidma, w 7ta ay chiraka jdiida daru, lmoda dyal khms snin.","The agreement also requires Herd and Garroni to notify the FTC of any change of name , address or employment status , and of any new business affiliations , for five years .",كما يتطلب الاتفاق من هيرد وغاروني إخطار لجنة التجارة الفيدرالية (FTC) بأي تغيير في الاسم أو العنوان أو الوضع الوظيفي، وبأي انتماءات تجارية جديدة، لمدة خمس سنوات.,29,GENERATED
data51513,WIKI_C_03465,C,التصلب اللويحي (MS) واحد المرض مزمن فيه الالتهاب و كيدمر النخاعين اللي كيغلف الأعصاب و كياثر على الجهاز العصبي المركزي. كاينين شي دوايات يقدروا يعاونوا واخا ما كاينش شي علاج نهائي.,eltasalloob el lwey7i (MS) wa7ed el merd meznin fih el tlhab w kydmmr nkhayon li kyghllf l'asab w kyt'ather 'la ljhaz l'asabi l mrczi. Kaynin shi dwayet yeqdrou y'awno wakha makayench shi 'ilaj nhai.,"Multiple sclerosis ( MS ) is a chronic inflammatory demyelinating disease that affects the central nervous system ( CNS ) . Several therapies for exist , although there is no known cure .",التصلب المتعدد (MS) هو مرض التهابي مزمن يسبب نزع الميالين ويؤثر على الجهاز العصبي المركزي (CNS). توجد علاجات متعددة له، على الرغم من عدم وجود علاج معروف له.,31,GENERATED
data51514,WIKI_C_09813,C,أوجين ويغنر عاود نفس الحكاية، غي هو بدل الذبانة بالسنونو، و قال باللي ماكس بورن هو اللي طرح السؤال على فون نويمان في العشرينات.,"owjin wigner 3awed nafs l7kayat, ghi howa bdel ddabana bssanaw, w qal bli max born howa lli tra7 sou2al 3la fon niwman fi l3chrinat.","Eugene Wigner told a similar story , only with a swallow instead of a fly , and says it was Max Born who posed the question to von Neumann in the 1920s .",حكى يوجين فيغنر قصة مشابهة، لكن مع سنونو بدلاً من ذبابة، ويقول إن ماكس بورن هو من طرح السؤال على فون نيومان في عشرينيات القرن الماضي.,24,GENERATED
data51515,DATA_3071,A,إمكن غادي يتعذب المرا جاية,imken ghadi itda3eb lmra jaya,Maybe he'll get caressed next time,ربما سيُداعب في المرة القادمة,6,PARTIALLY VALIDATED
data51516,DATA_2766,A,خصك نيت تجربو,khssk nit tjrrbo,You should really try it,ينبغي لك حقاً تجربته,5,PARTIALLY VALIDATED
data51517,DATA_15992,B,ميكس بوب: مستعمل ف الفيديو و خرج فالألبوم ديال Carry On و فالسيمگلات الألمانية كتراك 2.,mix pop: mstaml f lvideo w khrej f lalbum dyal Carry On w f simglat l2almanya track 2.,Pop Mix : used in the video and released on the Carry On album and on German singles as Track 2,ريمكس بوب: مستخدم في الفيديو وصدر في ألبوم Carry On وفي الأغاني المنفردة الألمانية كالمسار الثاني.,21,GENERATED
data51518,WIKI_C_03583,C,الحماية الحكومية بالنيابة هيا فاش الدولة كتعطي لحماية ديالها من شي قانون لشي واحد ماشي تابع ليها، حيت الدولة غاتضرر يلا طبق القانون على الطرف لاخور.,"l7maya l7okomiya bniyaba hiya fash ddaula kat3ti l7maya dyalha mn shi qanun lshi wa7d machi تابع liha, 7it ddaula ghatdarar ila ttebbaq lqanun 3la ṭṭarf la5or.",Derivative governmental immunity refers to the extension of a government 's immunity from a statute to a non @-@ government party on the basis the government would be affected if the statute was to apply to the other party .,تشير الحصانة الحكومية المشتقة إلى توسيع نطاق حصانة الحكومة من قانون معين إلى طرف غير حكومي على أساس أن الحكومة ستتأثر إذا طُبق القانون على الطرف الآخر.,26,GENERATED
data51519,DATA_4004,A,مادرليك والو,maderlik walu,he done nothing to you,لم يفعل لك شيئًا,6,PARTIALLY VALIDATED
data51520,DATA_5373,A,لملحة ضرورية ف الطياب,lml7a Daroriyya f TTyab,Salt is crucial for cooking,الملح ضروري للطبخ,5,PARTIALLY VALIDATED
data51521,DATA_16513,B,"Uncanny X @-@ Men Annual N° 9 @-@ 10, 12, 14 (maâ Chris Claremont, Marvel, 1985 – 1990)","Uncanny X @-@ Men Annual N° 9 @-@ 10, 12, 14 (m3a Chris Claremont, Marvel, 1985 – 1990)","Uncanny X @-@ Men Annual # 9 @-@ 10 , 12 , 14 ( with Chris Claremont , Marvel , 1985 – 1990 )",رجال-إكس الخارقون السنوي # 9 - 10 ، 12 ، 14 (مع كريس كليرمونت ، مارفل ، 1985 - 1990),24,GENERATED
data51522,DATA_2224,A,إيلا زتت شربت نقدر نردد عليك.,ila ztt chrabt n9dar nrDD 3lik.,If I have any more alcohol I may be sick on you.,إذا تناولت المزيد من الكحول فقد أتقيأ عليك.,12,PARTIALLY VALIDATED
data51523,DATA_17224,B,من بعد الدورة العادية، رايس خدمات ف لجنة إصلاح معاشات موظفين البوليس ورجال المطافئ ديال البرلمان، ولجنة المراجعة المؤقتة لقوانين النقل.,"men ba3d doura l3adiya, rrays kheddam f lajna isla7 m3achat muwadafin lboulis w rjal lmatfa dial lbarlaman, w lajna lmuraja3a lmuwa9ita l9awanin nna9l.","Following the regular session , Rice served on the legislature 's Police Officers ' and Firefighters ' Pension Reform Commission and the interim Transportation Legislation Review Committee .",عقب الجلسة الاعتيادية، شغلت رايس عضوية لجنة الإصلاح المعنية بمعاشات ضباط الشرطة ورجال الإطفاء التابعة للمجلس ولجنة استعراض تشريعات النقل المؤقتة.,28,GENERATED
data51524,WIKI_D_05384,D,فالميريكان، فين وقت الفاكية كايكون من شهر سبعة لشهر عشرة، البلايص اللي كاينة فيها كاتبدا من كارولينا فالشمال حتى لنيويورك ونيو إنجلاند، و فالغرب حتى لمينيسوتا. ولقاوها حتى فكوستاريكا، والصين، وتايوان.,"f l-merikan, fin waqt l-fakiya kaykun mn shhar sb3a l-shhar 3shra, l-blays li kayna fiha katbda mn karolina f-shmal 7ta l-nyuw yurk w-nyu ingland, w f-l-ghrb 7ta l-minnesota. W laqawha 7ta f-kostarika, w-l-sin, w-taywan.","In the United States , where the fruiting season occurs from July to October , its range extends from the Carolinas north to New York and New England , and west to Minnesota . It has also been collected from Costa Rica , China , and Taiwan .",في الولايات المتحدة، حيث يحدث موسم الإثمار من يوليو إلى أكتوبر، يمتد نطاقها من كارولينا شمالًا إلى نيويورك ونيو إنجلاند، وغربًا إلى مينيسوتا. وقد جُمعت أيضًا من كوستاريكا والصين وتايوان.,31,GENERATED
data51525,WIKI_C_03047,C,جيروكاستر كتوصل ليها طريق كيدي لتيبلين بالشمال و كيدي لمنطقة... و الحدود ديال اليونان على بعد 30 كيلومتر فالجنوب.,jiyrokaster katchofha tariq ... ally kaywslha ltiblin fshmal wltilbi lminteqa ... wlhdd dyal lyunan 30 km fjanub.,"Gjirokastër is served by the <unk> Highway , which connects it to Tepelenë in the north and the <unk> region and Greek border 30 km ( 19 mi ) to the south .",تخدم مدينة جيروكاستر طريق <unk> السريع، الذي يربطها بتيبلين شمالاً وبمنطقة <unk> والحدود اليونانية على بعد 30 كيلومترًا إلى الجنوب.,19,GENERATED
data51526,WIKI_D_05157,D,"هاد السيستيم تعرفات بيه PAGASA بحالا منخفض مداري. تكون على بعد مئات الكيلومترات شرق الفلبين ف 29 غشت, و تبع طريق شمال لجهة الغرب, و تلاشا ف 30 غشت قبل ما يوصل للأرخبيل ديال الجزر.","had sistim t3rrafat bih PAGASA b7ala mnkhafed مداري. tkoun 3la b3d myat km charq lfilibin f 29 8ozt, w tbe3 tri9 chmal ljiht lghrb, w tlasha f 30 8ozt qbl ma ywsal llarxibil dyal ljzoz.","This system was recognized as a tropical depression by PAGASA . It formed several hundred miles east of the Philippines on August 29 , tracking north of due west , and dissipating on August 30 before reaching the island archipelago .",تم الاعتراف بهذا النظام باعتباره منخفضًا استوائيًا من قبل باجاسا. تشكل على بعد مئات الأميال شرق الفلبين في 29 أغسطس، متتبعًا الشمال من الغرب مباشرة، وتلاشى في 30 أغسطس قبل الوصول إلى الأرخبيل الجزر.,35,GENERATED
data51527,DATA_6004,A,بغيت نتيح,bghit nteh.,i want to take a shower,أريد أن أستحم.,6,PARTIALLY VALIDATED
data51528,DATA_18799,B,ملي سال هاريسون الكلية، بدا كيقرا القانون كتلميذ (أو متدرب) فواحد المكتب ديال المحاماة فسينسيناتي سميتو ستورر & غوين.,"melli sal Harrison l-kolliya, bda kiqra l-qanun ket-tilmid (ow mutadarrib) f-wahd l-maktab dyal l-muhamat f-Cincinnati smitu Sturr & Gwin.","After completing college , Harrison took up the study of law as a legal apprentice in the Cincinnati law office of Storer & Gwynne .",بعد إتمامه للجامعة، انكب هاريسون على دراسة القانون كمتدرب قانوني في مكتب ستورر وغوين للمحاماة في سينسيناتي.,25,GENERATED
data51529,DATA_9699,A,علاش مابغيتيش تحسّن,3lach mabghitich t 7essen,why you dont wanna get a cut,لماذا لا تريد أن تقص شعرك؟,7,PARTIALLY VALIDATED
data51530,DATA_18465,B,الفيلم ترشح تا هو لجائزة أحسن فيلم ماشي بالإنجليزية فجوائز البافتا البريطانية للفنون السينمائية والتلفزيونية ديال 2007.,lfilm tarchah ta huwa lja'iza ahssan film machi bel'englizia f jawayz lbafta lbritania l lfun sinima'iya o telfizyonia dyal 2007.,The film was also nominated for the Best Film not in English language at the 2007 British Academy of Film and Television Arts awards .,كما ترشح الفيلم لجائزة أفضل فيلم أجنبي في حفل جوائز الأكاديمية البريطانية لفنون السينما والتلفزيون عام 2007.,25,GENERATED
data51531,DATA_24781,B,"جورج مارتن – منتج، منتج تنفيذي؛ وتار، نحاس، كلارينيت، توزيع وتأليف موسيقي أوركسترالي وقيادة الأوركسترا؛ بيانو في ""روكي راكون"".","George Martin - Montij, Montij Tanfidi; Gitar, Nhas, Klarinit, Touzi3 o Ta2lif Mousiqi Ourkistrali o Qiyadat l'Ourkistra; Piano fi ""Rocky Racoon"".","George Martin – producer , executive producer ; string , brass , clarinet , orchestral arrangements and conducting ; piano on "" Rocky Raccoon ""","جورج مارتن – منتج، ومنتج تنفيذي؛ توزيع أوتار ونحاس وكلارينيت وتوزيعات أوركسترالية وإشراف موسيقي؛ بيانو في أغنية ""روكي راكون""",25,GENERATED
data51532,WIKI_D_02207,D,مورا الحرب هيلبيݣ بنا حياة مدنية و ولا مدير ديال شركة شولتييس د الشراب ف كروزبيرݣ ف برلين. مات ف 5 أكتوبر 1985 ف <unk>، مورا كسيدة د الطريق كان غادي يدوزvacances ف إسبانيا يومين قبل.,"mora l7arb helbig bna 7ayat madaniya w wala modir dyal charikat schultheiss d chrab f kreuzberg f berlin. mat f 5 oktoobar 1985 f <unk>, mora kssida d tri9 kan ghadi ydowiz vacation f espanya yomine qbel.","After the war Helbig built a civilian life and became a manager of the Schultheiss Brewery on the Kreuzberg in Berlin . He died on 5 October 1985 in <unk> , following a road accident on his way to vacation in Spain two days earlier .",بعد الحرب، بنى هيبلب حياة مدنية وأصبح مديرًا لمصنع جعة شولتييس في كروزبرغ ببرلين. توفي في 5 أكتوبر 1985 في <unk>، بعد حادث طريق أثناء توجهه لقضاء عطلة في إسبانيا قبل يومين.,36,GENERATED
data51533,WIKI_D_10552,D,نهار سبعة شهر تسعود عام ألف وتسعمية وأربعة وأربعين، مع الحرب ما كانتش غاديا مزيان لليابانيين، الوزير اللول كويزو وعد بالإستقلال لإندونيسيا، ولكن حتى تاريخ ما تحددش. بالنسبة للمناصرين ديال سوكارنو، هاد الإعلان كان كيتشاف كتبرير للتعاون ديالو مع اليابانيين.,"nhar sab3a chhar tsu3ud 3am alf w tsomya w 44, m3a l7arb makantch ghadiya mzyan liyabaniyin, l-wazir l-awwal kuiso 3dd b-listiqlal lindunisya, walakin 7ta tarikh ma t7ddch. b-lnisba l-lmunasirin dyal sukarno, had l-i3lan kan kitchaf ktbyir l-lta3awun dyalu m3a liyabaniyin.","On 7 September 1944 , with the war going badly for the Japanese , Prime Minister Koiso promised independence for Indonesia , but no date was set . For supporters of Sukarno , this announcement was seen as vindication for his collaboration with the Japanese .",في السابع من سبتمبر عام 1944، ومع سير الحرب بشكل سيء لصالح اليابانيين، وعد رئيس الوزراء كويزو بالاستقلال لإندونيسيا، ولكن لم يتم تحديد أي موعد. وبالنسبة لمؤيدي سوكارنو، شوهد هذا الإعلان على أنه تأكيد لتعاونه مع اليابانيين.,40,GENERATED
data51534,WIKI_C_04995,C,الرأي الغالب ديال القاضي لويس ف. پاول الصغير عطا الحق لقبيلة أونيدا باش يدعيو على حساب القانون الفيدرالي العرفي، ورفض كاع الدفوعات الإيجابية ديال المقاطعات.,"rrai lghaleb dyal lqadi lwis f. powell s-sghir 3ta lhaqq lqbilt 3unayda bach yid3u 3la hasab lqanun lfidrari l3urfi, wrefd k3 ldfu3t l-ijabiyya dyal lmaqata3at.","The majority opinion by Justice Lewis F. Powell , Jr. recognized the Oneida 's federal common law cause of action , and rejected all the counties ' affirmative defenses .",اعترف رأي الأغلبية الذي أصدره القاضي لويس ف. باول الابن، حق الدفع القانوني الفيدرالي لقبيلة أونيدا، ورفض جميع الدفاعات الايجابية للمقاطعات.,25,GENERATED
data51535,DATA_7865,A,تكدبها ودور تعطيك,tkdbha odor t4ol lik yak,if she is lying she tells you,إذا كانت تكذب، فستخبرك,7,PARTIALLY VALIDATED
data51536,DATA_18570,B,سوزانا و الشيوخ (1647) - زيت على لوحة، 76 × 91 سم، گيميلديگاليري، برلين,"Suzana w shyoukh (1647) - zit 'la louta, 76 x 91 cm, Gemaldegalerie, Berlin","Susanna and the Elders ( 1647 ) – Oil on panel , 76 × 91 cm , Gemäldegalerie , Berlin",سوزانا والشيوخ (١٦٤٧) – زيت على لوح خشبي، ٧٦ × ٩١ سم، جيمالد غاليري، برلين,20,GENERATED
data51537,WIKI_D_08422,D,واحد لقصيدة ويلزية قديمة كتربط آرثر بالتور فواحد لحكاية ديال مواجهة بين آرثر و <unk> اللي خطف الملكة جينيفر. على حساب شي نسخ ديال الأسطورة ديال آرثر، لانسلوت تقهقر لدير غلاستونبري توبة من بعد لموت ديال آرثر.,"wa7d lqasida weliziya qdima katrbet Arthur b-Tor fwa7d l7kaya dyal mowaja7a bin Arthur w <unk> lli khatf mlka jennifer. 3la 7sab chi nsox dyal l'ostoura dyal Arthur, Lancelot t9hqr l-dayr Glastonbury towba men b3d l-mt dyal Arthur.","An early Welsh poem links Arthur to the Tor in an account of a confrontation between Arthur and <unk> , who had kidnapped Queen Guinevere . According to some versions of the Arthurian legend , Lancelot retreated to Glastonbury Abbey in penance following Arthur 's death .","تربط قصيدة ويلزية مبكرة آرثر بـ ""تور"" في رواية لمواجهة بين آرثر و<unk>، الذي اختطف الملكة جينيفر. وفقًا لبعض روايات أسطورة آرثر، انسحب لانسلوت إلى دير غلاستونبري تكفيرًا بعد وفاة آرثر.",37,GENERATED
data51538,WIKI_D_00183,D,أول شخصية كحلة يمكن تلعب بيها ف سلسلة فاينل فانتسي، باريت، الشكل ديالو و بعض المرات الهضرة الخايبة ديالو تشبهو بزاف للممثل مستر تي، الشي اللي جاب ليه بزاف ديال المدح، و لكن حتى الانتقادات و الاتهامات بالعنصرية من عند شي ناس.,"awwel shakhsiya kahla yumkin tl3ab biha f silsila final fantasy, barret, lshkel dyalo w ba3d lmerrat lhdra lkhayba dyalo tshebho bezzaf l ممثل mr. T, shshi lli jab lih bezzaf dyal lmadh, w lakin hatta linti9adat w l'ittihamat bel3unsriya men 3nd shi nas.","The first dark @-@ skinned playable character in the Final Fantasy series , Barret 's appearance and sometimes profane speech has been heavily compared to that of actor Mr. T , earning much praise , but also criticism and accusations of racism by some .",أول شخصية داكنة البشرة قابلة للعب في سلسلة فاينل فانتسي، باريت، وقد تمت مقارنة مظهره أحيانًا بخطابه البذيء بالممثل مستر تي، وحصل على الكثير من الثناء، ولكن أيضًا انتقادات واتهامات بالعنصرية من قبل البعض.,42,GENERATED
data51539,WIKI_D_08412,D,واحد لمسرحية غنائية، اللي سميتها رّجوع للمستقبل، قادة كاتوجد باش تبان أول مرة ف مسرح ويست إند ف لندن فالذكرى 30 ديال الفيلم ف 2015. زيميكس وكيل رجعو تلاقاو باش يكتبو لمسرحية، وسيلفستري وغلين بالارد عطاو لموسيقى.,"wa7ed lmsra7iya ghenaiya, lli smitha rje3 llmst9bel, qada katwjed bash teban awel mera f msra7 west end f londen fal dikra 30 dyal lfilm f 2015. zemeckis w gale rej3o tlaqaw bash yktebo lmsra7iya, w silvstri w glen ballard 3taw lmusiqa.","A musical theater production , also called Back to the Future , is in development for a debut in London 's West End theatre during the film 's 30th anniversary in 2015 . Zemeckis and Gale reunited to write the play , while Silvestri and Glen Ballard provide music .","يجري تطوير عرض مسرحي موسيقي، يُطلق عليه أيضًا ""العودة إلى المستقبل""، ليُعرض لأول مرة في مسرح ويست إند بلندن بمناسبة الذكرى الثلاثين للفيلم في عام 2015. اجتمع زيميكس وغيل لكتابة المسرحية، بينما قدم سيلفستري وغلين بالارد الموسيقى.",37,GENERATED
data51540,WIKI_C_06521,C,المدارات التوافقية و شبه التوافقية أنواع خاصة من هاد المدارات المغلقة. واحد المسار مغلق كيتسما مدار توافقي إلا كان k عدد صحيح، يعني إلا كان n,"l-mdarat tawafoqiya w shb tawafoqiya nwa3 khas mn had l-mdarat l-mghloqa. wahed l-msar mghloq kytssma madar tawafoqi ila kan k 3adad sih, ya3ni ila kan n","Harmonic and subharmonic orbits are special types of such closed orbits . A closed trajectory is called a harmonic orbit if k is an integer , i.e. , if n",المدارات التوافقية وشبه التوافقية هي أنواع خاصة من المدارات المغلقة. يُسمى المسار المغلق مداراً توافقياً إذا كان k عدداً صحيحاً، أي إذا كان n,26,GENERATED
data51541,DATA_17377,B,تصويرة د الفينيل (1985) – مادونا: الألبوم الأول فيه نفس الأغاني اللي فالألبوم الأصلي.,tsawira d lfinil (1985) - madonna: l'album l'awwal fih nefs l'aghani li fl'album l'asli.,Vinyl Picture Disc ( 1985 ) – Madonna : The First Album includes the same tracks as the original album .,أسطوانة صور فينيل (1985) – مادونا: الألبوم الأول يتضمن نفس مقطوعات الألبوم الأصلي.,21,GENERATED
data51542,WIKI_D_06526,D,ولكن هادشي كيبان بعيد، حيث تا واحد عمره وثق باللي النثاوة ديال <unk> كينتجوا الفيرومونات؛ الذكورة ديال <unk> كينتجوا الفيرومونات باستعمال الكيماويات اللي كيجمعوا من الأوركيد، وهاد الفيرومونات كيجذبوا النثاوة، ماشي العكس، كيفما كيقترح <unk> (2004).,"walakin hadchi kayban b3id, 7it ta wa7d 3mro wati9 bli ntiwata dyal <unk> kayntjo lferomonat; dkor <unk> kayntjo lferomonat bisti3mal lkimawiyat lli kayjma3o mn lorkid, w had lferomonat kayjbdbo ntiwata, machi l3aks, kifma kay7tar7 <unk> (2004).","However , this seems unlikely , given that no one has ever documented that female <unk> produce pheromones ; male <unk> produce pheromones using the chemicals they collect from orchids , and these pheromones attract females , rather than the converse , as <unk> ( 2004 ) suggests .",ولكن يبدو هذا مستبعداً، نظراً لأنه لم يوثق أحد على الإطلاق أن إناث <unk> تنتج فرمونات؛ ذكور <unk> تنتج فرمونات باستخدام المواد الكيميائية التي تجمعها من زهور الأوركيد، وهذه الفرمونات تجذب الإناث، وليس العكس، كما يقترح <unk> (2004).,36,GENERATED
data51543,WIKI_D_05548,D,"Bignell, D.E. ; Roisin, Y. ; Lo, N. (2010). Biology of Termites: a Modern Synthesis (1st ed.). Dordrecht: Springer. ISBN 978 @-@ 90 @-@ 481 @-@ <unk> @-@ 4.","bignell , d.e. ; roisin , y. ; lo , n. (2010) . biology of termites : a modern synthesis (1st ed . ) . dordrecht : springer . isbn 978 @-@ 90 @-@ 481 @-@ <unk> @-@ 4 .","Bignell , D.E. ; Roisin , Y. ; Lo , N. ( 2010 ) . Biology of Termites : a Modern Synthesis ( 1st ed . ) . Dordrecht : Springer . ISBN 978 @-@ 90 @-@ 481 @-@ <unk> @-@ 4 .",بيجنل، دي. إي؛ رويسين، واي؛ لو، إن. (2010). بيولوجيا النمل الأبيض: توليف حديث (الطبعة الأولى). دوردريخت: سبرينغر. ردمك 978-90-481-<unk>-4.,29,GENERATED
data51544,DATA_20950,B,"فيليب جوزيف ""جو"" كولبيك (تزاد فـ 29 نونبر 1986) هو كوايري نݣليزي كيلعب جناح أيمن لـ هاروغيت تاون.","Filipp Jozif ""Jo"" Kolbek (tzad f 29 nonber 1986) huwa kwairi nnglizi كيلعب جناح أيمن l Harrogate Town.","Philip Joseph "" Joe "" Colbeck ( born 29 November 1986 ) is an English footballer who plays as a right winger for Harrogate Town .","فيليب جوزيف ""جو"" كولبيك (مواليد 29 نوفمبر 1986) هو لاعب كرة قدم إنجليزي يلعب كجناح أيمن لنادي هاروغيت تاون.",26,GENERATED
data51545,WIKI_C_01295,C,"لاوركسترا السيمفونية د لندن سجلات الموسيقى اللي كتخدم ف الطريق كاملة ف ستوديوات آبي رود ف 25 مارس 2014. و الموسيقى ديال الطريق اللي غادية ل الشمال سميتها ""قطار الربط - هوجسميد للندن"".","laorkestra simfoniya d londen سجلات lmosi9a li katkhdem f tri9 kamla f studioat abi rod f 25 mars 2014. w lmosi9a dyal tri9 li ghadiya l chamaal smitha ""qiTar tarabit - hogsmid l londen"".","The London Symphony Orchestra recorded the music played throughout the journey at Abbey Road Studios on 25 March 2014 . The music for the northbound journey is called "" Connector Train – Hogsmeade to London "" .","سجلت أوركسترا لندن السيمفونية الموسيقى التي عزفت طوال الرحلة في استوديوهات آبي رود في 25 مارس 2014. والموسيقى الخاصة بالرحلة المتجهة شمالاً تسمى ""موسيقى قطار الربط - من هوجسميد إلى لندن"".",33,GENERATED
data51546,DATA_13994,B,نيكولو فالكوني ديال الطاليان غلب لعابة من 27 دولة بالإضافة لبطل العالم اللي دافع على اللقب ديالو فبطولة العالم 2015 اللي كانت فمنتجع ڤينيسيان ف ماكاو.,Nikolo Falkoni dyal Talyan ghleb l3aba men 27 dawla bel'idafa l batal l3alam li dfa3 3la lleqab dyalu f b البطولة l3alam 2015 li kanet f muntaja3 Vinisian f Makaw.,Nicolò Falcone of Italy defeated players from 27 countries plus the defending champion in the 2015 World Championship held at The Venetian resort in Macau .,هزم نيكولو فالكوني من إيطاليا لاعبين من 27 دولة بالإضافة إلى حامل اللقب في بطولة العالم لعام 2015 التي أقيمت في منتجع فينيشيان في ماكاو.,26,GENERATED
data51547,DATA_8084,A,حتى العرس نشاهد الله ونهدر,hta l3ars nchae lah onhdar,wait till my wedding day,انتظر حتى يوم زفافي,5,PARTIALLY VALIDATED
data51548,DATA_21346,B,نهار 24 يوليوز 2015، رودمان علنياً أيد الحملة الرئاسية ديال دونالد ترامب ديال 2016. رودمان و ترامب كانو تلاقاو من قبل ف برنامج Celebrity Apprentice.,"nhar 24 yulyuz 2015, rodman عللنiyan ayyed l7amla rri'asiya dyal donald trump dyal 2016. rodman o trump kanu tlaqaw mn qbl f program celebrity apprentice.","On July 24 , 2015 , Rodman publicly endorsed Donald Trump 's 2016 presidential campaign . Rodman and Trump had previously appeared together on Celebrity Apprentice .",في 24 يوليو 2015، أعلن رودمان دعمه علنًا لحملة دونالد ترامب الرئاسية لعام 2016. وكان رودمان وترامب قد ظهرا معًا سابقًا في برنامج The Celebrity Apprentice.,27,GENERATED
data51549,WIKI_D_11096,D,الشارجور ديال الماكب بوك معروف عليه كيتخسر، كيتقطع، وكيحبس من الخدمة. مورا دعوة قضائية، أبل كتعوض هاد الشواحن للمواطنين اللي ساكنين فالمريكان اللي عندهم الشواحن اللي فيها المشكل، اللي شريوها (أو جاتهم كادو) مع البيسي ولا بوحدها كا أكسيسوار.,"shارجour dyal lmakbok marof 3lih kytkhsr, kytqtt3, wkyt7bs mn lkhdma. mora dwa9 qdaiya, apple kta3wD had shwayhn limwatnin lli sakin f lmarikan lli 3ndhom shwayhn lli fihom lmshkil, lli shraywha (aw jatohm kado) m3 lbisi wala bohdo ka aksesswar.","The <unk> power adapter of MacBooks has been known to fray , break , and stop working . Following a lawsuit , Apple replaces these adapters for US residents with affected adapters , purchased ( or received as a gift ) with computers or as an accessory .",من المعروف أن محول الطاقة الخاص بأجهزة ماك بوك يتعرض للتلف والتمزق ويتوقف عن العمل. بعد دعوى قضائية، تقوم شركة أبل باستبدال هذه المحولات للمقيمين في الولايات المتحدة الذين لديهم محولات متضررة، والتي تم شراؤها (أو استلامها كهدية) مع أجهزة الكمبيوتر أو كملحق.,39,GENERATED
data51550,DATA_11245,A,مانضنش غادي نقعد حوايجي ديال خدة,mandench ghadi n9aad 7wayji dial 5edda,I dont think will make up my clothes,لا أعتقد أنني سأقوم بترتيب ملابسي,8,PARTIALLY VALIDATED
data51551,DATA_12313,A,عمرك جربتي تعيش في شي عصيفة,3emrek jerebti t3ich fchi 3assifa,Have you tried living in a storm,هل جربت العيش في عاصفة؟,7,PARTIALLY VALIDATED
data51552,WIKI_D_05822,D,"الحلقة ديال ""تيلطون""، ومعاها 23 حلقة خرين ديال السيزون التاني ديال باركس آند ريكريايشن، تّلاحو فواحد الديڤيدي فيه ربعة ديال الديڤيديات فالميريكان نهار 30 نونبر 2010. الديڤيدي كانو فيه مقاطع محذوفة لكل حلقة.","l7ala dyal ""telethon"", w ma3aha 23 7ala kharin dyal sizon t2ani dyal parks and recreation, tl7aw f wa7d DVD fih rba3a dyal DVD f l'amrika nhar 30 november 2010. DVD kanu fih mqaTi3 ma7zuufa likl 7ala.",""" Telethon "" , along with the other 23 second season episodes of Parks and Recreation , was released on a four @-@ disc DVD set in the United States on November 30 , 2010 . The DVD included deleted scenes for each episode .","صدرت حلقة ""تيلثون""، بالإضافة إلى 23 حلقة أخرى من الموسم الثاني من مسلسل ""پاركس آند ريكريايشن""، في مجموعة أقراص دي ڤي دي رباعية في الولايات المتحدة في 30 نوفمبر 2010. تضمنت الأقراص مشاهد محذوفة لكل حلقة.",33,GENERATED
data51553,DATA_8356,A,ولاو ديما غادين فطوبيس ملي المزود خلا,wlaw dima ghadin ftobis mli lmazout 5la,we only go on the bus,نحن نذهب فقط بالحافلة,6,PARTIALLY VALIDATED
data51554,DATA_12845,B,روب ناير، واحد الخبير في sabermetrics و كاتب عمود في إي إس پي إن دوت كوم، عارض أي واحد كيأكد باللي المهارات ديال هاملز تدهورت، و علّق عوض هذا،...,"Rob Neyer, wahed lkhabir fi sabermetrics o kateb 'amoud fi ESPN dot com, 'arad ay wahed kay'akked balli lmaharat dyal Hamels tdehwrat, o 'allaq 'awad hada,...","Rob Neyer a sabermetrician and columnist for ESPN.com , contradicted anyone who asserted Hamels ' skills had deteriorated , instead commenting ,",روبر نير، باحث إحصائي رياضي وكاتب عمود في ESPN.com، ناقض أي شخص أكد أن مهارات هاميلز قد تدهورت، وعلق بدلاً من ذلك،,22,GENERATED
data51555,WIKI_C_03347,C,عامين من بعد، الرجوع ديال پيتر كاناڤان من الإصابة كاحتياطي في العشرة دقايق اللخرة، جا الترتيب ديالو رقم 14 في سلسلة ديال RTÉ ديال عام 2005 أحسن 20 لحظة في GAA.,"3ammin mn b3d, l rjou3 dyal peter canavan mn l isaba ka7tiyati f l3chra dyal daqaiq lukhra, ja t-tartib dyalo raqm 14 f silsila dyal RTÉ dyal 3am 2005 a7san 20 la7dha f GAA.","Two years later , Peter Canavan 's return from injury as a substitute in the final ten minutes finished 14th in RTÉ 's 2005 series Top 20 GAA Moments .","بعد عامين، عودة بيتر كانافان من الإصابة كبديل في الدقائق العشر الأخيرة احتلت المرتبة الرابعة عشرة في سلسلة ""أفضل 20 لحظة في GAA"" لعام 2005 التي أنتجتها RTÉ.",31,GENERATED
data51556,WIKI_D_02949,D,كاينة واحد الكمية قليلة ديال المحفزات بيولوجية مبنية على لارني سميتها الريبوزيمات، واللي عاود تقدر تخدم بوحدها ولا معقدة بالبروتينات. الأكثر شيوعا في هادو هو الريبوزوم اللي هو معقد من البروتين و مكونات لارني المحفزة.,"kayna wa7d l-kmia qlila dyal l-m7affizat biyolojikya mabniya 3la l-RNA smitha l-ribozimat, wlli 3awd t9der t5dem bwa7dha wala m3a99da bl-protinat. l-aktar chiw3an f hado hoa l-ribozom lli hoa m3a99ad mn l-protein w mkawnat l-RNA l-m7affiza.","A small number of RNA @-@ based biological catalysts called ribozymes exist , which again can act alone or in complex with proteins . The most common of these is the ribosome which is a complex of protein and catalytic RNA components .",توجد كمية صغيرة من المحفزات البيولوجية القائمة على الحمض النووي الريبوزي (RNA) والتي تسمى الريبوزيمات، والتي يمكنها مرة أخرى أن تعمل بمفردها أو في مركب مع البروتينات. الأكثر شيوعًا من بين هذه هو الريبوسوم، وهو مركب من مكونات البروتين والحمض النووي الريبوزي التحفيزي.,35,GENERATED
data51557,DATA_15019,B,Ma 3amri she haja f hyati 3tatek l qalb dyali l wja3 kter men l fraq dyaal nass li khedamt m3ahoum o bghithoum.,Ma 3amri shi haja f hyati 3tatk l qalb dyali l wja3 kter men l fraq dyaal nass li khdamt m3ahoum o bghithoum.,Nothing in life has given me more pain in heart than the separation from those I have heretofore worked with and loved,لم يمنحني شيء في الحياة ألمًا في القلب أكثر من الفراق ممن عملت معهم وأحببتهم من قبل.,22,GENERATED
data51558,DATA_19064,B,الألعاب اللي فيها الخيل اللي كاينين فالألعاب البارالمبية هما غير ديال الترويض (Dressage). خمسة ديال الفرسان مريكان شاركو، فالمسابقات الفردية و الفرق.,"l'al3ab li fiha lkhil li kaynin fl'al3ab lbaralambiya homa ghir dyal t-trwid (Dressage). khamsa dyal lforsan mrikan sharko, flmosaba9at lfordiya w lfro9.","The only equestrian events held in the Paralympic Games are in the Dressage discipline . Five American riders competed , in both individual and team events .",الفعاليات الوحيدة للفروسية التي تقام في دورة الألعاب البارالمبية هي في تخصص ترويض الخيل. تنافس خمسة فرسان أمريكيين، في كل من الفعاليات الفردية والفرق.,27,GENERATED
data51559,WIKI_C_04394,C,يمكن ليك تسمع التسجيلات اللي فالمجموعة فشي قاعات القراءة محددة فالمكتبة عن طريق داكشي ديالهم و خدمة الاستماع و المشاهدة اللي كاينة ف قاعة القراءة ديال الكتب النادرة و الموسيقى.,ybken lik tsma3 t تسجيلات li f l majmou3a f chi 9a3at l 9ira2a mohadda f l maktaba 3n tari9 dakchi dyalhom w khidmat l istima3 w l mochahada li kayna f 9a3at l 9ira2a dyal l kotob nnadra w l mousi9a.,"It is possible to listen to recordings from the collection in selected Reading Rooms in the Library through their <unk> and Listening and Viewing Service , which is based in the Rare Books & Music Reading Room .",يمكن الاستماع إلى التسجيلات الموجودة في المجموعة في قاعات قراءة مختارة في المكتبة عن طريق قسم <unk> وخدمة الاستماع والمشاهدة، والتي تقع في قاعة قراءة الكتب النادرة والموسيقى.,30,GENERATED
data51560,WIKI_D_02644,D,"حيوان خلد الماء حتى هو كان ف أغاني، بحال ""Platypus (I Hate You)"" ديال Green Day و ""Platypus"" ديال Mr. Bungle. و حتى هو موضوع ديال قصيدة ديال الدراري الصغار ديال بانجو باترسون.","7iwan khald lma 7ta howa kan f aghani, b7al ""Platypus (I Hate You)"" dyal Green Day w ""Platypus"" dyal Mr. Bungle. w 7ta howa mawdu3 dyal qasida dyal drari sghar dyal banjo patterson.","The platypus has also been featured in songs , such as Green Day 's "" Platypus ( I Hate You ) "" and Mr. Bungle 's "" Platypus "" . It is the subject of a children 's poem by Banjo Paterson .","كما ظهر خلد الماء أيضًا في أغنيات، مثل أغنية ""Platypus (I Hate You)"" لفرقة غرين داي وأغنية ""Platypus"" لفرقة مستر بانجل. وهو موضوع لقصيدة أطفال للشاعر بانجو باترسون.",33,GENERATED
data51561,DATA_6901,A,واش عندك شي فرقة ديال كورة عزيز عليك؟,wach 3endek chi fer9a dial kora 3ziz 3lik ?,do you have a favorite football team?,هل لديك فريق كرة قدم مفضل؟,7,PARTIALLY VALIDATED
data51562,WIKI_C_12380,C,"لاركين، رالف و. (1970). ""المحافظة على النمط والتغيير في التعليم"". سجل كلية المعلمين (كلية المعلمين، جامعة كولومبيا) 72 (1): 111-120.","larkin, ralf w. (1970). ""lmaqHaDHa 3ala an-namat w-at-taghyir fi at-ta3lim"". sijil kilyat al-mu3allimin (kilyat al-mu3allimin, jami3at kolombia) 72 (1): 111-120.","Larkin , Ralph W. ( 1970 ) . "" Pattern Maintenance and Change in Education "" . The Teachers College Record ( Teachers College , Columbia University ) 72 ( 1 ) : 111 – 120 .","لاركين، رالف. (1970). ""الحفاظ على النمط والتغيير في التعليم"". مجلة كلية المعلمين (كلية المعلمين، جامعة كولومبيا) 72 (1): 111-120.",20,GENERATED
data51563,DATA_9029,A,أنا غادي ن تحدّاه يسبقني,ana ghadi n t7eddah ysbe9ni,i dare you to outrace me,أتحداك أن تتسابق معي وتفوز,6,PARTIALLY VALIDATED
data51564,WIKI_C_10012,C,فالمدة ديال يوليوز 2006 حتى ليونيو 2007 ، المؤسسة كانت عندها تقريبا شي 30 واحد خدامين بالتوقيت الكامل و الجزئي، و ميزانية ديال 27.8 مليون دولار.,"felمدة dyal yulyuz 2006 hta lyunyu 2007 , lmo2assa kant 3andha ta9riban chi 30 wa7din khdamine bitawtit kamel w ljs2i , w mizanya dyal 27.8 milyon dollar.","During the period July 2006 - June 2007 , the Foundation had approximately 30 full @-@ time and part @-@ time employees , and a budget of $ 27 @.@ 8 million .",خلال الفترة من يوليو 2006 إلى يونيو 2007 ، كان لدى المؤسسة حوالي 30 موظفاً بدوام كامل وجزئي ، وميزانية قدرها 27.8 مليون دولار .,26,GENERATED
data51565,DATA_5615,A,هاد الجامع خصو عمام جديد,8ad jjame3 kheSSo 2imam jdid,This mosque needs a new imam,هذا المسجد بحاجة إلى إمام جديد,6,PARTIALLY VALIDATED
data51566,WIKI_C_00837,C,الحلقة كتبدا بواحد الفلاش باك ديال جاكي تايلر كتعاود لواحد روز صغيرة على باها بيت لي مات فواحد الاكسيدون ديال ضرب وهرب ف الطريق لعرس ديال واحد صاحبهم.,l7ala9a katbdaw b wa7d flashback dyal jackie tyler kat3awd l wa7d rose sghira 3la baba 7a pete li mat f wa7d accident dyal dorb w hrb f tari9 l 3ers dyal wa7d sa7ebhom.,"The episode opens with a flashback of Jackie Tyler telling a younger Rose about her father Pete , who died in a hit @-@ and @-@ run accident on the way to a friend 's wedding .",يبدأ المشهد باسترجاع للماضي تروي فيه جاكي تايلر لروز الصغيرة عن والدها بيت، الذي توفي في حادث دهس وفرار أثناء توجهه إلى حفل زفاف أحد أصدقائه.,28,GENERATED
data51567,DATA_14873,B,"Thio, Su Mien (1969), ""[The Presidential Council:] Paper I,"" Singapore Law Review 1: 2–8.","Thio, Su Mien (1969), ""[The Presidential Council:] Paper I,"" Singapore Law Review 1: 2–8.","Thio , Su Mien ( 1969 ) , "" [ The Presidential Council : ] Paper I "" , Singapore Law Review 1 : 2 – 8 .","ثيو، سو مين (١٩٦٩)، ""[المجلس الرئاسي:] الورقة الأولى""، سنغافورة للقانون، العدد ١، الصفحات ٢-٨.",28,GENERATED
data51568,WIKI_D_08690,D,"الفطر كيتعرف بزاف ب ""قبعة الشمع العاجية""، ""قبعة الشمع البيضاء""، أولا ""منديل الراعي"". والصفة المحددة eburneus هي نعْت لاتيني كتعني ""من العاج"".","lfitr kit3rf bzaf b ""qabba dyal shme3 l3ajja"", ""qabba dyal shme3 lbyeda"", awla ""mndil rra3i"". w sifa lmohadda dyal eburneus hiya na3t latiini kay3ni ""mn l3aj"".","The mushroom is commonly known as the "" ivory waxy cap "" , the "" white waxy cap "" , or the "" cowboy 's handkerchief "" . The specific epithet eburneus is a Latin adjective meaning "" of ivory "" .","يُعرف الفطر عادةً باسم ""القبعة الشمعية العاجية""، أو ""القبعة الشمعية البيضاء""، أو ""منديل الراعي"". والاسم المحدد eburneus هو صفة لاتينية تعني ""من العاج"".",22,GENERATED
data51569,wiki_9,B,"بلي لممتلة لمغريبية توريا جبران سميتها لحقيقية سعدية قريطيف؟
بلي أول دار مغريبية دخلات ضو هي دار لوزير لمقري ف 1907؟




بدل




  ويكيپيديا دارجة
سمع&nbsp;(معاونة·معلومات)
مشروع تشاركي باش نّتجو إنسيكلوپيديا حورة، فابور، ؤ متكاملة","Bli lmtl lmaghribiya torya jabran smytha lhaqiqya saadia qraytif?
Bli awl dar maghribiya dkhlt dou hi dar lwezir lmqri f 1907?","is the moroccan actress touria jabran's real name saadia qraytif?
is the first moroccan house to get electricity the house of al-wazir al-maqri in 1907?","هل الممثلة المغربية توريا جبران اسمها الحقيقي سعدية قريطيف؟
هل أول دار مغربية أدخلت الكهرباء هي دار الوزير المقري في 1907؟

تغيير

ويكيبيديا الدارجة
استمع (مساعدة·معلومات)
مشروع تشاركي لإنتاج إنسيكلوبيديا حرة، مجانية، ومتكاملة",25,active
data51570,DATA_3339,A,أنا عارف، هادي حفلة ديالي نقدر نبكي إيلا بغيت,"ana 3araf, hadi 7afla dyali na9dar nabki ila bghit","I know, it's my party I can cry if I want to",أعلم، إنه حفلي يمكنني البكاء إذا أردت,12,PARTIALLY VALIDATED
data51571,DATA_8040,A,ماما كاتقول ليا تعلمي,mama katgol liya t3almi,mom says i need to learn,تقول أمي إنني بحاجة إلى التعلم,6,PARTIALLY VALIDATED
data51572,WIKI_C_09593,C,طابلوات ديال هوگينز ما مجربينش رسميا، ولكن زايدين فالاحتياط كتر من طابلوات ديال البحرية الأمريكية ديال 1956. تحسبو من حدود لي نظريا يقدروا يديرو فقاعات فالعروق بنسبة عشرة حتال عشرين فالمية.,"tablowat dyal huggins ma mjarbinech rasmiyan, walakin zaydin flihtiyat ktr mn tablowat dyal lbahriya l-amrikiya dyal 1956. t7sebaw mn hdod li nazariyan yeqdero ydiru fqayqaat f l3roq bnisbt 3achra 7tal 3achrin f l miya.","The Huggins tables have not been officially tested , but are more conservative than the 1956 US Navy tables . They have been calculated from limits which would theoretically produce venous bubbles 10 to 20 % of the time .",لم يتم اختبار جداول هوغينز رسميًا، لكنها أكثر تحفظًا من جداول البحرية الأمريكية لعام 1956. تم حسابها من حدود من شأنها نظريًا أن تنتج فقاعات وريدية في 10 إلى 20٪ من الوقت.,31,GENERATED
data51573,DATA_17220,B,بالإضافة للحوافز التجارية ديال السوق الحرة، شي دول ومناطق عندهم برامج خاصة باش يشجعو تركيب ديال منشآت الطاقة الشمسية.,"b idafa lil hawafiz tijariya dyal souq l horra, shi douwal ou mnaatiq 3ndhom baramij khasa bash yshaj3u tarkib dyal mnsha'at ttaqa ashamsiya.","In addition to free market commercial incentives , some countries and regions have specific programs to support the deployment of solar energy installations .",بالإضافة إلى الحوافز التجارية للسوق الحرة، تمتلك بعض البلدان والمناطق برامج محددة لدعم نشر منشآت الطاقة الشمسية.,24,GENERATED
data51574,DATA_6464,A,عندي بزّاف ديال لخدمة,3endi bezzaf dial l5edma,i've got too much work to do,لدي الكثير من العمل الذي يتعين علي القيام به,7,PARTIALLY VALIDATED
data51575,DATA_19003,B,هاريسون تكرم من بعد الموت بجائزة غرامي لإنجاز العمر من الأكاديمية التسجيلية في حفل توزيع جوائز غرامي في فبراير 2015.,Harrison tkarram mn b3d l mout b ja2izat Grammy li injaz l3mr mn l'akاديمية t'tassjiliya f 7afl tawzi3 jawa2iz Grammy f fibrayr 2015.,Harrison was posthumously honoured with The Recording Academy 's Grammy Lifetime Achievement Award at the Grammy Awards in February 2015 .,تم تكريم هاريسون بعد وفاته بجائزة جرامي للإنجاز مدى الحياة من أكاديمية التسجيل في حفل توزيع جوائز جرامي في فبراير 2015.,21,GENERATED
data51576,DATA_10233,A,كان كيسحاب ليا غادي ينقص ليا فالخلصة مورا الفضيحة لي درت,kan kis7ab liya ghadi yen9ess liya fl5elssa mora lfdi7a li dert,i thought that he will cut my paycheck,اعتقدت أنه سيخصم من راتبي,8,PARTIALLY VALIDATED
data51577,DATA_23206,B,"أحمد أباد تخيّرات باش تكون وحدة من مية مدينة هندية لي غادي تطوّر على أساس مدينة ذكية تحت برنامج ""سمارت سيتيز ميشن"" ديال رئيس الوزراء ناريندرا مودي.","ahmed abad tkhayrat bash tkun wahda mn miya mdina hindia li ghadi ttoor ala asas mdina dkiya taht program ""smart cities mission"" dial rais lwuzara narendra modi.",Ahmedabad has been selected as one of the hundred Indian cities to be developed as a smart city under PM Narendra Modi 's flagship Smart Cities Mission .,تم اختيار أحمد آباد كواحدة من مائة مدينة هندية ليتم تطويرها كمدينة ذكية في إطار مهمة المدن الذكية الرائدة التي أطلقها رئيس الوزراء ناريندرا مودي.,28,GENERATED
data51578,DATA_1294,A,و من بعد كانواعدك أنخليك على راحتك و نمشيو غدا نتمششاو غير شويا.,o men b3d kanwa3dek ankhellik 3la ra7tek o nmchiw ghedda ntmechchaw ghir chwia.,Then I promise to leave you alone and we will go for a shorter walk tomorrow.,حينها أعدك بأن أتركك وشأنك، وسنذهب في نزهة أقصر غدًا.,16,PARTIALLY VALIDATED
data51579,WIKI_D_01645,D,الغاز د السفر كيتستعمل فالهبوط والطلوع. غالبا كيكون هوا ولا نيتروكس بنسبة ديال الأكسجين ما بين 21% و 40%. الغاز د السفر كيكون ضروري فاش الغاز د القاع كيكون فيه نقص ديال الأكسجين وبالتالي ما صالحش للتنفس فالمياه الضحلة.,elghaz d sefar kitsta3mel f l hobot w ttala3. ghalban kaykon hawa wla nitroks b nseba dyal l oxygen ma bin 21% w 40%. elghaz d sefar kaykon drori fash elghaz d l qa3 kaykon fih naqs dyal l oxygen w ttf9an ma sali7sh ll tnaffos f l miyah dahla.,""" travel gas "" is used during the descent and ascent . It is typically air or nitrox with an oxygen content between 21 % and 40 % . Travel gas is needed when the bottom gas is hypoxic and therefore is unsafe to breathe in shallow water .",يُستخدم غاز السفر أثناء الهبوط والصعود. وعادة ما يكون هواءً أو نيتروكس بنسبة أكسجين تتراوح بين 21% و 40%. يلزم غاز السفر عندما يكون الغاز السفلي ناقص الأكسجين وبالتالي غير آمن للتنفس في المياه الضحلة.,39,GENERATED
data51580,WIKI_C_06153,C,دار الثقافة ديال مانشستر اللي تابعة للبلدية اللي كاينة فزنقة موزلي فيها مجموعة دايمة ديال التصاور ديال الرسامة ديال أوروبا، و عندها وحدة من أهم الكولكسيونات ديال بري-رافالايت فبريطانيا.,"dar t-thaqafa dyal manchester lli تابعا l-baladiya lli kayna f-zna9a mozli fiha majmu3a dayma dyal t-tassawer dyal r-rassama dyal urubba, w 3andha wa7da mn aham l-kolekisyun dyal pre-raphalite f-britanya.","The municipally owned Manchester Art Gallery on Mosley Street houses a permanent collection of European painting , and has one of Britain 's most significant collections of Pre @-@ Raphaelite paintings .",يضم معرض مانشستر الفني المملوك للبلدية الواقع في شارع موزلي مجموعة دائمة من اللوحات الأوروبية، ويحتوي على واحدة من أهم مجموعات اللوحات ما قبل الرفائيلية في بريطانيا.,29,GENERATED
data51581,WIKI_D_09994,D,"بحال بزاف ديال النواع , الثمار ديال T. plumbeoviolaceous ما كايتوصاوش باش يتكالو حيت مذاقهم مر . الوجود ديال شي بوليط مر كايخسر الماكلة, حيت المذاق المر ما كايزولش بالطياب.","bhal bezzaf dyal nawa3, tmar dyal T. plumbeoviolaceous ma kaytwasawch bach ytakalu hit mad’a9hom mor. lwjud dyal shi bolet mor kaykhsser lmakla, hit lmad’a9 lmor ma kayzwlsh bttayab.","Like most <unk> species , the fruit bodies of T. plumbeoviolaceous are not recommended for consumption because of its bitter taste . The presence of a bitter bolete may spoil a meal , as the bitter taste does not disappear with cooking .",مثل معظم الأنواع غير المعروفة، لا يُنصح بتناول الثمار الفطرية لـ T. plumbeoviolaceous بسبب مذاقها المر. قد يؤدي وجود فطر البوليط المر إلى إفساد الوجبة، حيث لا يختفي المذاق المر بالطهي.,30,GENERATED
data51582,WIKI_C_11149,C,"1976 [5 يناير 1977]. كاري سي تي، روجرسون سي تي. ""التصنيف و المورفولوجيا ديال نوع جديد ديال <unk> على ماراسميوس"". بريتونيا 28: 381-389.","1976 [5 yanayr 1977]. Carey ST, Rogerson CT. ""tasnif w morfologia dyal naw3 jdid dyal <unk> 3la Marasmius"". Brittonia 28: 381-389.","1976 [ 5 Jan 1977 ] . Carey ST , Rogerson CT . "" Taxonomy and morphology of a new species of <unk> on Marasmius "" . Brittonia 28 : 381 – 389 .","1976 [5 يناير 1977]. كاري سي تي، روجرسون سي تي. ""تصنيف وشكل نوع جديد من <unk> على ماراسميوس"". بريتونيا 28: 381-389.",23,GENERATED
data51583,DATA_0920,A,"سمح ليا, غير مامولّفش نركب ف طيارة.","sme7 lia, ghir mamwellefch nrkeb f tiyara.","i'm sorry, i'm just not used to being in a plane.",أنا آسف، أنا فقط لست معتادًا على التواجد على متن طائرة.,11,PARTIALLY VALIDATED
data51584,DATA_1884,A,ولكن إمكن خصك تشتارك في هاد الانشطة؟,walakin imkn khssk tchtarak f had l anchiTa?,But maybe you should also sign up for these activities?,ولكن ربما ينبغي لك أيضاً التسجيل في هذه الأنشطة؟,10,PARTIALLY VALIDATED
data51585,DATA_13890,B,إليزابيث ( 19 غشت 1596 – 13 فبراير 1662 ). تزوجات 1613، فريدريك الخامس، ناخب بالاتينات. ماتت عندها 65 عام.,"Elizabeth (19 ghusht 1596 - 13 fibrayer 1662). Tzewwjat 1613, Fridirik l-khamess, nakhib Balatinat. Mattet 3endha 65 3am.","Elizabeth ( 19 August 1596 – 13 February 1662 ) . Married 1613 , Frederick V , Elector Palatine . Died aged 65 .",إليزابيث (19 أغسطس 1596 – 13 فبراير 1662). تزوجت عام 1613، فريدريك الخامس، ناخب بالاتينات. توفيت عن عمر يناهز 65 عامًا.,24,GENERATED
data51586,WIKI_C_06785,C,"تݣݣليد ديال ""Mmm Mmm Mmm Mmm"" ديال كراش تيست داميز؛ الأغنية كتعاود على تلاتة د القصص اللي دارو البوز فالتسعينات. هاد السانݣل تسجل لهاد الكومپيلاسيون.","taglid dyal ""Mmm Mmm Mmm Mmm"" dyal crash test dummies; l'aghniya kata3awd 3la tlata d lqosas lli daro lbuz flts3inat. had single tsjil lhad compilation.","Parody of "" Mmm Mmm Mmm Mmm "" by Crash Test Dummies ; the song details three major tabloid stories of 1993 . This single was recorded for this compilation .","محاكاة ساخرة لأغنية ""Mmm Mmm Mmm Mmm"" لفرقة كراش تيست داميز؛ تروي الأغنية ثلاث قصص رئيسية من قصص التابلويد لعام 1993. تم تسجيل هذه الأغنية المنفردة لهذا الألبوم المجمع.",25,GENERATED
data51587,DATA_12029,A,عمرك ت حضر البلاد بلا ماتكون متيقن أنك ديتي ڭاع دكشي لي حاسّك,3emrek t 5ader lblad bla matkoun mtii9en anaka diti ga3 dkchi li 5assek,you should never leave your country,يجب ألا تغادر بلدك أبداً,6,PARTIALLY VALIDATED
data51588,WIKI_D_02581,D,"فـ 2003، فرقة نحاسية يانغبلود براس باند (من أوريݣون، ويسكونسن، ميريكان) سجلو نسخة ريوت جاز ديال الأغنية تحت سمية ""هيوْمن نيتشر بارتي 2"" فالألبوم ديالهم سنتر: ليڤل: روْر.","f 2003, fer9a n7asiya Youngblood Brass Band (mn Oregon, Wisconsin, merican) sgelo nusha Riot Jazz dyal l-ughniya ta7t smiya ""Human Nature Pt. 2"" f l-album dyalhom Center: Level: Roar.","In 2003 , Brass band Youngblood Brass Band ( from Oregon , Wisconsin , U.S. ) recorded a Riot Jazz version of the song under the name "" Human Nature Pt . 2 "" on their album Center : Level : Roar .","في عام 2003، سجلت الفرقة النحاسية يونغبلود براس باند (من أوريغون، ويسكونسن، الولايات المتحدة الأمريكية) نسخة Riot Jazz من الأغنية تحت اسم ""Human Nature Pt. 2"" في ألبومهم Center: Level: Roar.",28,GENERATED
data51589,WIKI_D_04057,D,11% من إنتاج الدهب. أكبر 3 مصادر ديال الزئبق اللي كاينين فالمريكان هما أكبر 3 مناجم ديال الدهب. الإطلاق ديال الزئبق من مخلفات التنقيب على الدهب كيتعتابر مصدر مهم ديال الزئبق ف الجو ف الشرق ديال كندا.,11% mn intaj dehb. kbar 3 mswadr dyal lz9 li kaynin f lmrikan homa kbar 3 manajim dyal dehb. il9a2 dyal lz9 mn mkhalfat tan9ib 3la dehb kyt3tabr msdr mohim dyal lz9 f ljw f char9 dyal canada.,11 % from gold production . The three largest point sources for mercury emissions in the U.S. are the three largest gold mines . <unk> release of mercury from gold @-@ mine tailings has been accounted as a significant source of atmospheric mercury in eastern Canada .,11% من إنتاج الذهب. أكبر ثلاث مصادر لانبعاثات الزئبق في الولايات المتحدة هي أكبر ثلاث مناجم للذهب. تم حساب انبعاث الزئبق من مخلفات مناجم الذهب كمصدر مهم للزئبق الجوي في شرق كندا.,37,GENERATED
data51590,DATA_18509,B,الجردة ديال الجنان ديال كليڤدون كورت مصنفة (Grade II*) في السجل الوطني ديال المنتزهات والجنان التاريخية.,Ljarda dyal jenan dyal Clivedon Court mssanfa (Grade II*) fi ssijjl lwattani dyal lmountazahat o ljnan ttarikhiya.,The gardens of Clevedon Court are listed ( Grade II * ) on the National Register of Historic Parks and Gardens .,تُدرج حدائق كليفدن كورت (الدرجة الثانية *) في السجل الوطني للحدائق والمتنزهات التاريخية.,22,GENERATED
data51591,DATA_15401,B,فكتوريا ماريا لويزا كونروي (1819 – 9 فبراير 1866)، تزوجات من سير ويندهام إدوارد هانمر، البارون الرابع.,"Victoria Maria Louisa Conroy (1819 - 9 feبراير 1866), tzowjat mn Sir Wyndham Edward Hanmer, lbaron rrab3.","Victoria Maria Louisa Conroy ( 1819 – 9 February 1866 ) , married Sir Wyndham Edward Hanmer , 4th Baronet .",فيكتوريا ماريا لويزا كونروي (١٨١٩ - ٩ فبراير ١٨٦٦)، تزوجت السير ويندهام إدوارد هانمر، البارون الرابع.,21,GENERATED
data51592,DATA_5139,A,ماغاديش يمشي للمدرسة غدا,maghadich ymchi l mdraSa ghdda,He won't go to school tomorrow,لن يذهب إلى المدرسة غدًا,6,PARTIALLY VALIDATED
data51593,DATA_19828,B,"سيمز كيكون قريب لـ أوليڤر ""دوك"" كوهن، اللي كان كيلعب كوارترباك (quarterback) ديال ڤاندربيلت، و جون سيمز ""شيپريك"" كيلي، اللي كان كيلعب كوارترباك ديال كنتاكي.","Simms kikon qrib l Oliver ""Duck"" Cohen, lli kan كيلعب quarterback dyal Vanderbilt, o John Simms ""Chiprique"" Keely, lli kan كيلعب quarterback dyal Kentucky.","Simms is a relative of former Vanderbilt quarterback Oliver "" Doc "" Kuhn and former Kentucky quarterback John Simms "" Shipwreck "" Kelly .","سيمز هو أحد أقارب لاعب كرة القدم السابق في فاندربيلت، أوليفر ""دوك"" كوهن، ولاعب كرة القدم السابق في كنتاكي، جون سيمز ""شيبراك"" كيلي.",24,GENERATED
data51594,DATA_9999,A,كان كيسحاب ليا غادي تظهر بالفقر,kan kis7ab liya ghadi tdaaher blfe9r,i thought that he will pretend poverty,ظننت أنه سيتظاهر بالفقر,7,PARTIALLY VALIDATED
data51595,WIKI_D_07835,D,"ستراتيجية و تاكتيكات السوفيات في إفريقيا الاستوائية OCLC <unk> أوبرامرجاو: فرقة الجيش الميدانية الأمريكية ""R""، مكتب مساعد رئيس الأركان، قسم الاستخبارات، معهد الدراسات الروسية المتقدمة للجيش (1961)","stratjya w taktikyat sofrat f afriqa liStiwa2iya OCLC <unk> oberammergau: firqat larmy lmidayniya lamerica'iya ""R"", maktab mosa3ed ra'is larkan, qism liStikhabarat, lma3had dyal li dirasat lroosiya lmoqaddama dyal larmy (1961)","Soviet strategy and tactics in tropical Africa OCLC <unk> Oberammergau : U.S. Army Field Detachment "" R "" , Office of the Assistant Chief of Staff , Intelligence Dept. of the Army , the Army 's Institute of Advanced Russian Studies ( 1961 )","استراتيجية السوفييت وتكتيكاته في أفريقيا الاستوائية OCLC <unk> أوبرامرجاو: فرقة الجيش الميدانية الأمريكية ""R""، مكتب مساعد رئيس الأركان، قسم الاستخبارات بالجيش، معهد الدراسات الروسية المتقدمة للجيش (1961)",27,GENERATED
data51596,WIKI_D_07611,D,USS Taylor (DD @-@ 94) كانت مدمرة من نوع ويكس اللي تبنات في 1918 للبحرية ديال الولايات المتحدة، واللي دارت الخدمة في الحرب العالمية الأولى والسنوات اللي تبعاتها. تسمات على اسم الأدميرال هنري تايلور.,"uss taylor (dd-94) kanet mdmdra mn type wikes lli tbanat f 1918 l lb7reya dyal liyat l mt7da, wlli dar7t l khdma f l 7arba l 3alamiya l oula w l snwat lli tba3atha. tsamt 3la ism l admeral henry taylor.","USS Taylor ( DD @-@ 94 ) was a Wickes @-@ class destroyer built in 1918 for the United States Navy , which saw service in World War I and the years following . She was named for Rear Admiral Henry Taylor .",كانت المدمرة يو إس إس تايلور (DD-94) من فئة ويكس، والتي بنيت عام 1918 للبحرية الأمريكية، وشهدت الخدمة في الحرب العالمية الأولى والسنوات التي تلتها. سميت تيمنًا باللواء البحري هنري تايلور.,34,GENERATED
data51597,WIKI_C_00155,C,بحال النڭليز و ويلز و سكتلندا، إيرلندا الشمالية حتى هي وحدة من المناطق القانونية منفصلة فالمملكة المتحدة، و كلهم عندهم المحكمة العليا ديال المملكة المتحدة هي اللي كتحكم فاللخر.,"bhal l'ingliz w wales w skotlandia, irelanda shamalia 7ta hi wa7da mn l'manaṭiq lqanounia mtofṣla f l'mamlaka lmt7da, w kllhom 3ndhom lma7kama l3olya dyal l'mamlaka lmt7da hi lli kta7km f l'5r.","Along with England , Wales and Scotland , Northern Ireland forms one of the three separate legal jurisdictions of the UK , all of which share the Supreme Court of the United Kingdom as their court of final appeal .",إلى جانب إنجلترا وويلز واسكتلندا، تشكل أيرلندا الشمالية إحدى الدوائر القضائية المنفصلة الثلاث في المملكة المتحدة، وتشترك جميعها في المحكمة العليا للمملكة المتحدة بصفتها محكمة الاستئناف النهائية.,29,GENERATED
data51598,DATA_22042,B,بمعنى أخور، ln(t) كتساوي المساحة اللي كاينة بين محور السينات (x) والمنحنى ديال الدالة 1 على x، من x,"= 1 حتا ل t.
bi ma3na akhor, ln(t) kattsawi lmssaha li kayna bin mihwar sinat (x) walmonhana dial ddala 1 3la x, mn x = 1 htta l t.","In other words , ln ( t ) equals the area between the x axis and the graph of the function 1 / x , ranging from x",بعبارة أخرى ، يساوي اللوغاريتم الطبيعي لـ ( t ) المساحة بين المحور السيني ورسم الدالة ١ / س ، والتي تتراوح من س,28,GENERATED
data51599,DATA_17903,B,الوصية ديال البارون فيرديناند كانت محددة بزاف، و أي إخلال بالشروط ديالها غادي يخليها لاغية. كانت كاتقول باللي المجموعة خاصها تكون...,"al wasiya dyal lbaron ferdinand kanet m7edda bzzaf, w ayy ikhlal b shshurot dyalha ghadi ykhalliha laghiya. kanet katgul belli lmjmo3a khassha tkun...","Baron Ferdinand 's bequest was most specific , and failure to observe the terms would make it void . It stated that the collection should be",كان وصية البارون فرديناند محددة للغاية، وكان عدم الالتزام بشروطها يبطلها. ونصت على أن المجموعة يجب أن تكون,26,GENERATED
data51600,WIKI_C_05013,C,قال الباطرون ديال مونتريال جورج كينيدي واحد القصة على واحد الماتش ضد مونتريال واندررز اللي كان بيطر فيه بيتري وكان كيتكركل وكيضربو بجنب العصا الجناح القوي گوردون روبرتس.,qal l-batron dyal montreal george kennedy wa7d l-qissa 3la wa7d l-match ddo montreal wanderers li kan bitri fih kan kaytkrkl w kaydrbo bjnib l-3ssa l-jnah l-qwi gordon roberts.,“ Montreal boss George Kennedy told a story of a game against the Montreal Wanderers in which Pitre was being tripped and butt @-@ ended by rugged winger Gordon Roberts .,حكى رئيس مونتريال جورج كينيدي قصة مباراة ضد مونتريال واندررز، تعرض فيها بيتر للعرقلة والدفع من قبل الجناح القوي غوردون روبرتس.,28,GENERATED
data51601,DATA_24994,B,لاماتريس S ديال واحد الكوبلر التوجيهي مثالي (عزل لا نهائي ومطابق تماما) ومتماثل كتعطى بـ ،,lamatris S dyal wa7ed coupler tawjihi mit'ali (3zel la nihai2i o mutabiq tamaman) o mutamati kath3ta bـ ،,"The S @-@ matrix for an ideal ( infinite isolation and perfectly matched ) symmetrical directional coupler is given by ,",تُعطى مصفوفة S للمقرن الاتجاهي المتماثل المثالي (عزل لانهائي وتطابق تام) بالصيغة:,21,GENERATED
data51602,DATA_12664,B,بلوفيلد كيأكتيفي السستم ديال التدمير الذاتي ديال لاباز و كيهرب. بوند، كيسي، تاناكا، و النينجا اللي بقاو كيخرجو قبل ما لاباز تنفجر.,"Bluefield ki'activate l-system dyal t-tadmir a-dati dyal la-base o kay-herb. Bond, Kissi, Tanaka, o n-ninja li bqaw kay-khْرجو qbel ma la-base t-tenfjer.","Blofeld activates the base 's self @-@ destruct system and escapes . Bond , Kissy , Tanaka , and the surviving ninjas leave before the base explodes .",يقوم بلوفلد بتفعيل نظام التدمير الذاتي للقاعدة ويهرب. يغادر بوند، كيسي، تاناكا، والنينجا الناجون قبل انفجار القاعدة.,28,GENERATED
data51603,WIKI_D_06437,D,القصة ديالي هي واحد المذكرات كتعاود كلشي ديال الكندية جولي كويار.  تكتبات باللغة الفرنسية أولاً، ومن بعد في صيف 2008، ترجموها للإنجليزية. بجوج النسخ تنشروا في جميع أنحاء كندا في أكتوبر 2008.,"lqissa dyali hi wa7d lm2akkrat kat3awd kolchi dyal lkanadiya julie couillard. tktbt blfransiya lawwal, w mn ba3d f s7if 2008, trjmoha llinglizya. bjooj nsoos tnashro f jmi3 anha2 canada f octobre 2008.","My Story ( or Mon histoire ) is a tell @-@ all memoir by Canadian Julie Couillard . It was first written in French , then during summer 2008 , translated into English . Both versions were published across Canada in October 2008 .",قصتي هي مذكرات شاملة للكندية جولي كويلار. كُتبت باللغة الفرنسية أولاً، ثم في صيف عام 2008، تُرجمت إلى اللغة الإنجليزية. نُشر كلا الإصدارين في جميع أنحاء كندا في أكتوبر 2008.,32,GENERATED
data51604,DATA_10450,A,ماندينش غادي نشري شي لافابو جديد,mandench ghadi nchri chi lavabo jdid,I dont think i will  take off your freedom,لا أعتقد أنني سأسلب منك حريتك,9,PARTIALLY VALIDATED
data51605,DATA_9171,A,مابقيتش باغي نتيح فيهاد التلج صافي خاصي نتعلم ندير باتيناج,mab9itch baghi nti7 fhad telj safi 5adsi nt3lem ndir patinage,i will not fall i need to learn skating,لن أسقط، أحتاج إلى تعلم التزلج.,9,PARTIALLY VALIDATED
data51606,WIKI_D_11814,D,الحفلات الرسمية ديال الافتتاح دارو في 15 فبراير، واخا دارو جوج حفلات صغار في 14 فبراير باش يوافقو جدول المنافسات. من 15 فبراير حتى ل 25 فبراير، نهار ديال الحفل الختامي، كانت على الأقل واحد النهاية ديال شي منافسة كل نهار.,"l7flat dima dyal lftit7 dart f 15 fevrier, wakha dart jouj 7flat sghar f 14 fevrier bash ywafqo jawl lmnawsa. mn 15 fevrier hatta l 25 fevrier, nhar dyal l7fl lakhtami, kanat 3la lقل واحد nhaya dyal chi monafasa kol nhar.","The official opening ceremonies were held on 15 February , although two smaller ceremonies were held on 14 February to conform with competition schedules . From 15 February until 25 February , the day of the closing ceremonies , at least one event final was held each day .",أقيمت مراسم الافتتاح الرسمية في 15 فبراير، على الرغم من إقامة حفلين أصغر في 14 فبراير امتثالاً لجدول المنافسات. من 15 فبراير حتى 25 فبراير، يوم مراسم الختام، أقيم نهائي مسابقة واحد على الأقل كل يوم.,41,GENERATED
data51607,DATA_8980,A,أنا غادي نشتارك فلا كارت ديال تيران,ana ghadi n chtarek fla carte dial tiran,i will subscribe to this field,سأشترك في هذا المجال,6,PARTIALLY VALIDATED
data51608,DATA_19967,B,Qalbek el khayen (kompoza Hank Williams; ghnatha Kitty Wells) – sm3naha mnin Jake u Elwood dkholu l Bob's Country Bunker.,Qalbek l-khayen (kompoza Hank Williams; ghnatha Kitty Wells) - sma3naha mnin Jake u Elwood dkholu l Bob's Country Bunker.,""" Your Cheatin ' Heart "" – composed by Hank Williams ; performed by Kitty Wells ( heard when Jake and Elwood first enter Bob 's Country Bunker )","قلبُك الخائن"" – من تأليف هانك ويليامز؛ أداء كيتي ويلز (تُسمع عندما يدخل جيك وإلwood لأول مرة إلى Country Bunker الخاص بـ Bob)",29,GENERATED
data51609,WIKI_D_03837,D,مسؤولين ديال IFP هجمو على واحد المكتب ديال ANC في ألكساندرا و شدّو أعضاء ديال ANC رهائن من بعد ما IFP عاقو باللي خسرو كاع المقاطعات لي كانو كيصوّتو ليهم لصالح ANC. المكتب ديال ANC كان جا في واحد المركز متعدد @-@ الأغراض مع مكاتب ديال IEC و IFP.,ms22ulin dyal IFP 7ajmo 3la wa7d lmaktab dyal ANC f Alexandra w shaddo 3ad2a2 dyal ANC r22a2in mn ba3d ma IFP 322o bli khrro k3 lmd7r2t li kanu kts2wt lihom lsa7t ANC. lmaktab dyal ANC kan j3 f wa7d lmarkz mt3dd l2g7rad m3 mkateb dyal IEC w IFP.,IFP officials stormed an ANC office in Alexandra and held ANC members hostage after the IFP had realised that they had lost all previous IFP voting districts to the ANC . The ANC office was situated in a multi @-@ purpose centre along with IEC and IFP offices .,اقتحم مسؤولون في حزب IFP مكتبًا لحزب ANC في ألكساندرا واحتجزوا أعضاء في حزب ANC كرهائن بعد أن أدرك حزب IFP أنه خسر جميع دوائر التصويت السابقة لحزب ANC. كان مكتب ANC يقع في مركز متعدد الأغراض إلى جانب مكاتب IEC و IFP.,49,GENERATED
data51610,DATA_3060,A,هوا كايعتقد بللي تعطي الخبز للمشاش ماشي مزيان ليهم,hoa kay3ta9d blli t3Ti lkhobz lmchach machi mazyan lihom,He believes that giving cats bread is not good for them,يعتقد أن إعطاء القطط الخبز ليس جيدًا لها,11,PARTIALLY VALIDATED
data51611,DATA_14913,B,"الـ IPC كتعرّف هاد التصنيف ديال بارا ألپين بـ ""يد وحدة مقطوعة فوق الكوع، واليد الأخرى تحت الكوع"".","l-IPC kat3rrf had t-tasnif dyal para alpine b ""idd wa7da mqtou3a fouq l-kou3, w l-idd lokhra t7t l-kou3"".","The IPC defines this para @-@ Alpine classification as "" One arm amputated above the elbow , the other below the elbow "" .","يُعرّف الاتحاد الدولي للبارالمبيك هذا التصنيف البارالمبي "" بتر أحد الذراعين فوق المرفق ، والآخر تحت المرفق "".",24,GENERATED
data51612,DATA_17871,B,سانتا (كين بوينتون) – هو العالم الرئيسي ديال يونيتي والمخترع ديالهم، كيعطي لكيت الأدوات بين المهمات.,"Santa (kin baynton) - hu al3alim rra2isi dial yuniti w almokhtari3 dialhom, kay3ti l kit l2adawat bin lmuhimat.","Santa ( Ken Boynton ) – UNITY 's main scientist and inventor , he provides Cate with gadgets between the missions .",سانتا (كين بوينتون) – العالم والمخترع الرئيسي في UNITY، وهو يزود كيت بالأدوات بين المهام.,22,GENERATED
data51613,WIKI_C_00749,C,القوة z = ex + iy تقدر تحسبها بحال ex مضروبة ف <unk>. العامل الحقيقي ex هو القيمة المطلقة ديال z والعامل المركب <unk> كيبين الاتجاه ديال z.,l9owwa z = ex + iy t9dr t7sbha b7al ex mdrub f <unk>. l3amel l79i9i ex huwa l9ima lmotla9a dyal z w l3amel lmurakkab <unk> kaybin l-ittijah dyal z.,The power z = ex + iy can be computed as ex ⋅ <unk> . The real factor ex is the absolute value of z and the complex factor <unk> identifies the direction of z .,يمكن حساب القوة z = ex + iy كـ ex مضروبة في <unk>. المعامل الحقيقي ex هو القيمة المطلقة لـ z والمعامل المركب <unk> يحدد اتجاه z.,28,GENERATED
data51614,wiki_4,B,"لهدف ديالنا نوصلو لـ 100.000 أرتيكل باش نزيدو نطوّرو لموسوعة.\nلمحتوى ديال ويكيپيديا منشور تحت [https://www.gnu.org/copyleft/fdl.html رخصة ڭنو ل لوثائق لحورة]، شي لّي كايعني بلي حور باش يتعاود يتستعمل.\n\n [[فيشي:Datum{{LOCALDAY2}}.svg|30px|link=|alt=]] حوايج وقعو نهار &quot;,{&quot;template&quot;:{&quot;target&quot;:{&quot;wt&quot;:&quot;CURRENTDAY&quot;,&quot;function&quot;:&quot;currentday&quot;},&quot;params&quot;:{},&quot;i&quot;:8}},&quot; &quot;,{&quot;template&quot;:{&quot;target&quot;:{&quot;wt&quot;:&quot;CURRENTMONTHNAME&quot;,&quot;function&quot;:&quot;currentmonthname&quot;},&quot;params&quot;:{},&quot;i&quot;:9}},&quot;\n&quot;,{&quot;template&quot;:{&quot;target&quot;:{&quot;wt&quot;:&quot;بحال هاد نهار/{{CURRENTDAY}} {{CURRENTMONTHNAME}}&quot;,&quot;href&quot;:&quot;./موضيل:بحال_هاد_نهار/29_يناير&quot;},&quot;params&quot;:{},&quot;i&quot;:10}},&quot;\n\n'''[[موضيل:بحال هاد نهار/{{CURRENTDAY}} {{CURRENTMONTHNAME}}|بدل]]'''\n\n\n [[فيشي:HSAktuell.svg|30px|link=|alt=]] أش طاري ؟ \n&quot;,{&quot;template&quot;:{&quot;target&quot;:{&quot;wt&quot;:&quot;ويكيپيديا:لخبار ديال الصفحة اللولا&quot;,&quot;href&quot;:&quot;./ويكيپيديا:لخبار_ديال_الصفحة_اللولا&quot;},&quot;params&quot;:{},&quot;i&quot;:11}},&quot;\n\n'''[[ويكيپيديا:لخبار ديال الصفحة اللولا|بدّل]]'''\n\n\n\n\n&quot;,{&quot;template&quot;:{&quot;target&quot;:{&quot;wt&quot;:&quot;كيفاش تساهم&quot;,&quot;href&quot;:&quot;./موضيل:كيفاش_تساهم&quot;},&quot;params&quot;:{},&quot;i&quot;:12}},&quot;\n\n\n [[فيشي:Wikimedia-logo-circle.svg|30px|link=|alt=]] لمشاريع ديال ويكيميديا\n&quot;,{&quot;template&quot;:{&quot;target&quot;:{&quot;wt&quot;:&quot;لمشاريع ديال ويكيميديا&quot;,&quot;href&quot;:&quot;./موضيل:لمشاريع_ديال_ويكيميديا&quot;},&quot;params&quot;:{},&quot;i&quot;:13}},&quot;\n\n&quot;,{&quot;template&quot;:{&quot;target&quot;:{&quot;wt&quot;:&quot;حاشية صفحة لولا&quot;,&quot;href&quot;:&quot;./موضيل:حاشية_صفحة_لولا&quot;},&quot;params&quot;:{},&quot;i&quot;:14}},&quot;\n&quot;,{&quot;template&quot;:{&quot;target&quot;:{&quot;wt&quot;:&quot;MPFrameClose&quot;,&quot;href&quot;:&quot;./موضيل:MPFrameClose&quot;},&quot;params&quot;:{},&quot;i&quot;:15}},&quot;\n__NOTOC____NOEDITSECTION__\n\n[[تصنيف:ليستة د تجاهل ديال پكڤبوت]]&quot;]}"">









كتاتبي
تبديلات
صفحات جداد
شحال من كاراكطير






&quot;},{&quot;html&quot;:&quot;&quot;}]]}"">





1IyyasTihlah589
1061
180
686130+





2DERDAKI ILIAS
79
15
87020+





3سنوببي
66
1
88737+





4Lucyin
22
2
3019+





5Legoktm
20
0
223-






محسوبين غير المساهمات ف 30 يوم اللخرةديال كتاتبيا ماعندهمش صلاحيات د أمغار


@media screen and (max-width:720px){.mw-parser-output #main_content{display:flex;flex-direction:column}.mw-parser-output .main_left,.mw-parser-output .main_right{width:100%!important}.mw-parser-output #mf-section-0 div div:nth-child(2){margin-right:0!important}.mw-parser-output #mf-section-0 div div:nth-child(3){float:none!important}}@media screen and (max-width:480px){.mw-parser-output #main_content{display:flex;flex-direction:column;width:100%!important}.mw-parser-output .main_left,.mw-parser-output .main_right{width:100%!important}.mw-parser-output #mf-section-0 div div:nth-child(2){margin-right:0!important}.mw-parser-output #mf-section-0 div div:nth-child(3){float:none!important}}




  لأرتيكل لمزيانة ديال ليوم 

كورة ؤلا لفوت (بلعربية: كرة القدم، بالنݣليزية: Soccer أولّا Association Football)، كاتكنّى باللعبة الزوينة أولّا رياضة لعالام (بالنݣليزية: World Game) هي رياضة جماعية كيلعبوها جوج ديال لفراقي ضد بعضياتهم","LHDf DYALNA NOWSLO L 100.000 ARTICL BASH NZIDU NTAWROU LMOSOU3A.
LMHTWA DYAL L WIKIPEDIA MANSHUR TAHT [HTTPS://WWW.GNU.ORG/COPYLEFT/FDL.HTML RAKSIA GNU L LOTAYIQ L HURRA], SHI LLI KAY3NI BLI HURRA BASH YETA3AWAD YESTA3MAL.

[[FILE:Datum{{LOCALDAY2}}.SVG|30PX|LINK=|ALT=]] HAWAYIJ WAQ3OU NHAR "",{""template"":{""target"":{""WT"":""CURRENTDAY"",""function"":""currentday""},""params"":{},""i"":8}},"" "",""{""template"":{""target"":{""WT"":""CURRENTMONTHNAME"",""function"":""currentmonthname""},""params"":{},""i"":9}},""
"",""{""template"":{""target"":{""WT"":""BHAL HAD NHAR/{{CURRENTDAY}} {{CURRENTMONTHNAME}}"",""href"":""./MAWDOU3:BHAL_HAD_NHAR/29_YANAYIR""},""params"":{},""i"":10}},""

'''[[MAWDOU3:BHAL HAD NHAR/{{CURRENTDAY}} {{CURRENTMONTHNAME}}|BDAL]]'''


[[FILE:HSAktuell.SVG|30PX|LINK=|ALT=]] ASH TARI ?
"",""{""template"":{""target"":{""WT"":""WIKIPEDIA:LKHBAR DYAL SSFAHA LLULA"",""href"":""./WIKIPEDIA:LKHBAR_DYAL_SSFAHA_LLULA""},""params"":{},""i"":11}},""

'''[[WIKIPEDIA:LKHBAR DYAL SSFAHA LLULA|BDEL]]'''



{""template"":{""target"":{""WT"":""KIFASH TASAHEM"",""href"":""./MAWDOU3:KIFASH_TASAHEM""},""params"":{},""i"":12}},""

[[FILE:Wikimedia-logo-circle.SVG|30PX|LINK=|ALT=]] LMASHARI3 DYAL WIKIMEDIA
"",""{""template"":{""target"":{""WT"":""LMASHARI3 DYAL WIKIMEDIA"",""href"":""./MAWDOU3:LMASHARI3_DYAL_WIKIMEDIA""},""params"":{},""i"":13}},""
"",""{""template"":{""target"":{""WT"":""HASHIA SSFAHA LULA"",""href"":""./MAWDOU3:HASHIA_SSFAHA_LULA""},""params"":{},""i"":14}},""
"",""{""template"":{""target"":{""WT"":""MPFRAMECLESE"",""href"":""./MAWDOU3:MPFRAMECLESE""},""params"":{},""i"":15}},""
__NOTOC____NOEDITSECTION__

[[TASNIF:LISTA D TAJAHOL DIAL PKGBOT]]","our goal is to reach 100,000 articles to further develop the encyclopedia.
the content of wikipedia is published under the gnu free documentation license (https://www.gnu.org/copyleft/fdl.html), which means it is free to reuse.

[[file:datum{{localday2}}.svg|30px|link=|alt=]] events that happened on "" 29 january ""

'''[[module:on this day/29 january|change]]'''

[[file:hsaktuell.svg|30px|link=|alt=]] what's happening?
'''[[wikipedia:news from the front page|change]]'''

'''[[module:how to contribute|how to contribute]]'''

[[file:wikimedia-logo-circle.svg|30px|link=|alt=]] wikimedia projects
(template:wikimedia projects)
(template:footer footnote)
(template:mpframeclose)
__notoc____noeditsection__
[[category:pvgbot ignore list]]

*editors
*history
*new pages
*character count

1iyyastihlah589 1061 180 686130+
2derdaki ilias 79 15 87020+
3سنوببي 66 1 88737+
4lucyin 22 2 3019+
5legoktm 20 0 223-

calculated based on contributions in the last 30 days, they do not have administrator privileges.

@media screen and (max-width:720px){.mw-parser-output #main_content{display:flex;flex-direction:column}.mw-parser-output .main_left,.mw-parser-output .main_right{width:100%!important}.mw-parser-output #mf-section-0 div div:nth-child(2){margin-right:0!important}.mw-parser-output #mf-section-0 div div:nth-child(3){float:none!important}}@media screen and (max-width:480px){.mw-parser-output #main_content{display:flex;flex-direction:column;width:100%!important}.mw-parser-output .main_left,.mw-parser-output .main_right{width:100%!important}.mw-parser-output #mf-section-0 div div:nth-child(2){margin-right:0!important}.mw-parser-output #mf-section-0 div div:nth-child(3){float:none!important}}

the featured article of the day

football (arabic: كرة القدم, english: soccer or association football), also known as the beautiful game or the world game (english: world game), is a team sport played by two teams against each other.","هدفنا هو الوصول إلى 100.000 مقال لزيادة تطوير الموسوعة.
محتوى ويكيبيديا منشور تحت [https://www.gnu.org/copyleft/fdl.html رخصة جنو للوثائق الحرة]، وهذا يعني أنه مجاني لإعادة الاستخدام.

[[ملف:Datum{{LOCALDAY2}}.svg|30px|link=|alt=]] أحداث وقعت في يوم "",&quot;template&quot;:{&quot;target&quot;:{&quot;wt&quot;:&quot;CURRENTDAY&quot;,&quot;function&quot;:&quot;currentday&quot;},&quot;params&quot;:{},&quot;i&quot;:8}},&quot; &quot;,{&quot;template&quot;:{&quot;target&quot;:{&quot;wt&quot;:&quot;CURRENTMONTHNAME&quot;,&quot;function&quot;:&quot;currentmonthname&quot;},&quot;params&quot;:{},&quot;i&quot;:9}},&quot;\n&quot;,{&quot;template&quot;:{&quot;target&quot;:{&quot;wt&quot;:&quot;مثل هذا اليوم/{{CURRENTDAY}} {{CURRENTMONTHNAME}}&quot;,&quot;href&quot;:&quot;./موضوع:مثل_هذا_اليوم/29_يناير&quot;},&quot;params&quot;:{},&quot;i&quot;:10}},&quot;\n\n'''[[موضوع:مثل هذا اليوم/{{CURRENTDAY}} {{CURRENTMONTHNAME}}|تغيير]]'''\n\n\n [[ملف:HSAktuell.svg|30px|link=|alt=]] ما الجديد؟ \n&quot;,&quot;template&quot;:{&quot;target&quot;:{&quot;wt&quot;:&quot;ويكيبيديا:أخبار الصفحة الأولى&quot;,&quot;href&quot;:&quot;./ويكيبيديا:أخبار_الصفحة_الأولى&quot;},&quot;params&quot;:{},&quot;i&quot;:11}},&quot;\n\n'''[[ويكيبيديا:أخبار الصفحة الأولى|تغيير]]'''\n\n\n\n\n&quot;,&quot;template&quot;:{&quot;target&quot;:{&quot;wt&quot;:&quot;كيف تساهم&quot;,&quot;href&quot;:&quot;./موضوع:كيف_تساهم&quot;},&quot;params&quot;:{},&quot;i&quot;:12}},&quot;\n\n\n [[ملف:Wikimedia-logo-circle.svg|30px|link=|alt=]] مشاريع ويكيميديا\n&quot;,&quot;template&quot;:{&quot;target&quot;:{&quot;wt&quot;:&quot;مشاريع ويكيميديا&quot;,&quot;href&quot;:&quot;./موضوع:مشاريع_ويكيميديا&quot;},&quot;params&quot;:{},&quot;i&quot;:13}},&quot;\n\n&quot;,&quot;template&quot;:{&quot;target&quot;:{&quot;wt&quot;:&quot;حاشية صفحة أولى&quot;,&quot;href&quot;:&quot;./موضوع:حاشية_صفحة_أولى&quot;},&quot;params&quot;:{},&quot;i&quot;:14}},&quot;\n&quot;,&quot;template&quot;:{&quot;target&quot;:{&quot;wt&quot;:&quot;MPFrameClose&quot;,&quot;href&quot;:&quot;./موضوع:MPFrameClose&quot;},&quot;params&quot;:{},&quot;i&quot;:15}},&quot;\n__NOTOC____NOEDITSECTION__\n\n[[تصنيف:قائمة تجاهل بوك بوت]]&quot;}"">


مساهمات
سجل التغييرات
صفحات جديدة
عدد الأحرف


1IyyasTihlah589
1061
180
686130+


2DERDAKI ILIAS
79
15
87020+


3سنوببي
66
1
88737+


4Lucyin
22
2
3019+


5Legoktm
20
0
223-


فقط المساهمات في آخر 30 يومًا، لا يملك المستخدمون صلاحيات إداريين.

@media screen and (max-width:720px){.mw-parser-output #main_content{display:flex;flex-direction:column}.mw-parser-output .main_left,.mw-parser-output .main_right{width:100%!important}.mw-parser-output #mf-section-0 div div:nth-child(2){margin-right:0!important}.mw-parser-output #mf-section-0 div div:nth-child(3){float:none!important}}@media screen and (max-width:480px){.mw-parser-output #main_content{display:flex;flex-direction:column;width:100%!important}.mw-parser-output .main_left,.mw-parser-output .main_right{width:100%!important}.mw-parser-output #mf-section-0 div div:nth-child(2){margin-right:0!important}.mw-parser-output #mf-section-0 div div:nth-child(3){float:none!important}}




  المقالة المميزة لليوم

كرة القدم (بالعربية: كرة القدم، بالإنجليزية: Soccer أو Association Football)، تُعرف باللعبة الجميلة أو رياضة العالم (بالإنجليزية: World Game) هي رياضة جماعية يلعبها فريقان ضد بعضهما البعض.",176,active
data51615,DATA_6566,A,البرد دا لوراق ديال شجر,lberd da lwra9 dial chjer,the wind rustled the leaves,حركت الرياح الأوراق,5,PARTIALLY VALIDATED
data51616,WIKI_D_12351,D,ملي كانت الطلبية ديال F @-@ 4M قربات تسالا، جات واحد الاقتراح اخر، و هاد الاقتراح جا حيت بريطانيا كانت محتاجة طيارة باش دير مهمات الاستطلاع التكتيكي. و باش يحققو هادشي، ماكدونيل اقترحات جوج ديال الحلول:,"mlli kanet talbiya dyal F @-@ 4M qrba tsala, jat wa7d iqtirah akhor, w had iqtirah ja hit britanya kanet me7ajya tayaara bach ddr mohemmate l istikhbar taktikiy. w bach yha99o hadchi, mc donnel iqtara7t joj dyal 7lool:","A further proposal came after the order for the F @-@ 4M was being finalized , and was a result of the UK 's need for an aircraft to perform the tactical reconnaissance role . For this , McDonnell offered two options :",جاء اقتراح آخر بعد أن كانت الموافقة على طلبية طائرات F-4M قيد الإنهاء، وكان نتيجة لحاجة المملكة المتحدة إلى طائرة لتأدية دور الاستطلاع التكتيكي. ولهذا الغرض، عرضت ماكدونيل خيارين:,36,GENERATED
data51617,WIKI_D_10272,D,واخا دارو محاولات كبيرة مؤخرا باش يحددو البلايص بالظبط فين تكتبو الأوبانيشاد، النتايج باقة ماشي أكيدة. ويتزل كيقول باللي المركز ديال النشاط فِ البْريهادارَنيَاكا أوبانيشاد هو المنطقة ديال فيديها، اللي الملك ديالها جانَاكا، باين بزاف فِ الأوبانيشاد.,"wakha daro mohawlat kbar morak w9tash bach yhddo lbayes blzbt fin ktbo l'upanishad, natayj bagha machi m2akkda. witzel kaygool bli lmarkz dyal lنشاط f l'brihadaranyaka upanishad hoa lmantqa dyal vidha, lli lmalik dyalha janaka, bayen bzaf f l'upanishad.","While significant attempts have been made recently to identify the exact locations of the individual Upanishads , the results are tentative . Witzel identifies the center of activity in the Brihadaranyaka Upanishad as the area of Videha , whose king , Janaka , features prominently in the Upanishad .",بينما بُذلت محاولات كبيرة مؤخراً لتحديد المواقع الدقيقة للأوبانيشاد الفردية، إلا أن النتائج غير حاسمة. يحدد فيتزل مركز النشاط في أوبانيشاد برهادارانياكا في منطقة فيديها، التي يظهر ملكها جاناكا بشكل بارز في الأوبانيشاد.,37,GENERATED
data51618,WIKI_D_05116,D,"نويل غالاغير - غيتار رئيسي و أكوستيك، غناء (رئيسي ف ""Don't Look Back in Anger"" و ""Bonehead's Bank Holiday"")، غيتار الباس، البيانو، ميلوترون، إي-باو، إنتاج","noel gallagher - guitar ra2issi w acoustic, ghnawa (ra2issi f ""Don't Look Back in Anger"" w ""Bonehead's Bank Holiday""), guitar l-bass, l-piano, mellotron, e-bow, intaj","Noel Gallagher – lead and acoustic guitar , vocals ( lead on "" Don 't Look Back in Anger "" and "" Bonehead 's Bank Holiday "" ) , bass guitar , piano , mellotron , e @-@ bow , production","نويل غالاغر – الغيتار الرئيسي والأكوستيك، غناء (رئيسي في ""لا تنظر للخلف بغضب"" و ""عطلة بنهيد المصرفية"")، غيتار البيس، البيانو، الميلوترون، إي-باو، الإنتاج",25,GENERATED
data51619,DATA_20396,B,1998-1999: اللاعبة الشينوية ديال الجيمناستيك سانغ لان (لي كانت تجرحات ف ألعاب النوايا الحسنة عام 1998 وكانت كتعالج ف مدينة نيويورك).,1998-1999: Lla3iba chinuia dial l jimnastik Sang Lan (lli kanet tjerhat f al3ab nnawaya l hassana 3am 1998 o kanet kat3alaj f mdina New York).,1998 – 1999 : Chinese gymnast Sang Lan ( who was injured during the 1998 Goodwill Games and was being rehabilitated in New York City ),١٩٩٨ - ١٩٩٩: لاعبة الجمباز الصينية سانغ لان (التي أصيبت خلال دورة ألعاب النوايا الحسنة عام ١٩٩٨ وكانت تتلقى التأهيل في مدينة نيويورك),26,GENERATED
data51620,WIKI_C_00258,C,النهائي ديال ويمبلدون عام 2007 : فيديرر ضد نادال (2007). كلتور وايت ستار، تاريخ صدور الديڤيدي: 30 أكتوبر 2007، المدة: 180 دقيقة، ASIN <unk>.,"l النهائي dyal wimbledon 3am 2007 : federer d d nadal (2007). kultur white star, tar5 dyal sdor dyal dvd : 30 oktober 2007, l modda : 180 d9i9a, ASIN <unk>.","Wimbledon 2007 Final : Federer vs. Nadal ( 2007 ) . Kultur White Star , DVD release date : 30 October 2007 , run time : 180 minutes , ASIN <unk> .",نهائي ويمبلدون 2007: فيدرر ضد نادال (2007). كالتور وايت ستار، تاريخ إصدار الدي في دي: 30 أكتوبر 2007، مدة التشغيل: 180 دقيقة، ASIN <unk>.,24,GENERATED
data51621,WIKI_C_07506,C,المعلمة د الحرب وصّاو مّور باش يرسم شي تصاور كبار، بحال ديال الجنرالات دوغلاس ماكآرثر و آرثر صامويل ألن. ف 2015، المعلمة د الحرب كانت عندها كتر من 200 عمل فني ديالو.,"lme3lama d l7arb wssaw moore bach yersem shi tsaweer kbar, b7al dyal lcniralt douglas macarthur w arthur samuel allen. f 2015, lme3lama d l7arb kant 3ndha ktar men 200 3mel fni dyalo.","The War Memorial also commissioned Moore to paint several large portraits , including of Generals Douglas MacArthur and Arthur Samuel Allen . As of 2015 the War Memorial holds more than 200 of his works .",كلّف النصب التذكاري للحرب مور برسم عدة لوحات كبيرة، بما في ذلك للجنرالين دوغلاس ماكارثر وآرثر صامويل ألن. اعتبارًا من عام 2015، يحتفظ النصب التذكاري للحرب بأكثر من 200 عمل من أعماله.,32,GENERATED
data51622,DATA_10715,A,مانضنش غادي نشارك فيهادشي,mandench ghadi ncharek fhadchi,I dont think  i will subscribe,لا أعتقد أنني سأشترك,6,PARTIALLY VALIDATED
data51623,DATA_7411,A,فيلم و عشا أحسن كومبو,film ou 3cha a7ssen combo,"dinner and a movie, the ultimate combo",العشاء ومشاهدة فيلم، المزيج المثالي,7,PARTIALLY VALIDATED
data51624,DATA_1154,A,و لكن خصنا فالغالب نرجعو فحالنا.,walakin khSna flghalib nrj3o f7alna.,But we should probably be heading back soon.,لكن ربما ينبغي لنا أن نعود قريبًا.,8,PARTIALLY VALIDATED
data51625,WIKI_D_04092,D,"مورا شوية من الملاحظات اللي دارو إيفريت، لينكولن هضر غي شي دقايق قليلة. بشي ""ملاحظات مناسبة""، قدر يلخص التصور ديالو للحرب فعشرة ديال الجمل وصافي.","mora shwiya mn lmola7adat lli daro everett, lincoln hdar ghi chi daqa2iq qlila. bchi ""mola7adat mnasba"", qder ilkhs tasawor dyalo lhreb f3achr dyal jomla w safi.","Shortly after Everett 's well @-@ received remarks , Lincoln spoke for only a few minutes . With a "" few appropriate remarks "" , he was able to summarize his view of the war in just ten sentences .","بعد فترة وجيزة من الملاحظات الجيدة التي أدلى بها إيفريت، تحدث لينكولن لبضع دقائق فقط. ببضع ""ملاحظات مناسبة""، تمكن من تلخيص رؤيته للحرب في عشر جمل فقط.",25,GENERATED
data51626,WIKI_C_07841,C,كولشي لمعلومات ديال الانتخابات مجبودة من Elections Canada و Elections Ontario. المصاريف اللي مكتوبة بمايلان كتعني المجموع اللي تّقدم، و كيكونو محطوطين فاش المجموع النهائي اللي تراجع مازال ما واجدش.,"kolshi lma3lomat dyal lintikhabat majbouda men Elections Canada w Elections Ontario. lmasarif lli maktaba bmaylan kat3ni lmjmou3 lli t9ddm, w kaykounou ma7toutin fach lmjmou3 nna2i lli trja3 mazal ma wajdch.","All electoral information taken from Elections Canada and Elections Ontario . Italicized expenditures refer to submitted totals , and are presented when the final reviewed totals are not available .","جميع المعلومات الانتخابية مأخوذة من ""إنتخابات كندا"" و ""إنتخابات أونتاريو"". تشير النفقات المكتوبة بالخط المائل إلى الإجماليات المقدمة، وتُعرض عندما لا تكون الإجماليات النهائية المراجعة متاحة.",30,GENERATED
data51627,WIKI_D_01600,D,"شلبي برد هاد الالتزام لي ماشي حتى لهيه بضمانات لجفرسون باللي ""أنا، فجميع الأوقات، غانعتبر من واجبي نخدم أي حاجة كاينة فالقانون اللي طالبني بيها كرئيس ديال ولاية كنتاكي رئيس الولايات المتحدة.""","shelby brred had liltizam li machi hatta lhih bضmanat ljefferson bli ""ana, fjamii3 alatwaate, ghan3tebr mn wajebi nkhdem ayy 7aja kayna fel qanoun lli talebni biha krasis dyal wilayat kentaki raiis dyal wilayat lmt7da"".","Shelby tempered this lukewarm commitment by assuring Jefferson that "" I shall , at all times , hold it my duty to perform whatever may be constitutionally required of me , as Governor of Kentucky , by the President of the United States . ""","وأخفَت شيلبي هذا الالتزام الفاتر بتأكيدها لجفرسون أنها ""ستعتبر دائمًا من واجبها أداء كل ما قد يقتضيه القانون منها بصفتها حاكمة كنتاكي، من قبل رئيس الولايات المتحدة"".",32,GENERATED
data51628,WIKI_D_01035,D,الاقتصاد النازي ديال الحرب كان خليط ما بين اقتصاد السوق والاقتصاد الموجه؛ المؤرخ ريتشارد أوڤري وصفو بحال شي حاجة ما بين الاقتصاد ديال التخطيط المركزي ديال الاتحاد السوفياتي والنظام الرأسمالي ديال الولايات المتحدة.,l9tisad l-nazi dyal l-7arb kan khaliT ma bin i9tisad s-soq w-l9tisad l-mowajjah; l-mu'arrikh richard overy waSfuh b7al shi 7aja ma bin i9tisad t-ta7tiT l-markazi dyal l-itti7ad s-sovyati w-nizam l-ra'smali dyal l-wilayat l-muttahida.,The Nazi war economy was a mixed economy that combined a free market with central planning ; historian Richard Overy described it as being somewhere in between the command economy of the Soviet Union and the capitalist system of the United States .,كان الاقتصاد الحربي النازي اقتصادًا مختلطًا يجمع بين السوق الحرة والتخطيط المركزي؛ ووصف المؤرخ ريتشارد أوڤري بأنه كان في مكان ما بين اقتصاد التخطيط السوفيتي والنظام الرأسمالي الأمريكي.,33,GENERATED
data51629,DATA_2289,A,أيخاصني نتلاقى مع صديق آخور ف الطاج لأول دابا,aykhasni ntla9a m3a Sadi9 akhor f liTaj lawal daba,I have to meet another friend on the first floor now,يجب أن ألتقي بصديق آخر في الطابق الأول الآن,11,PARTIALLY VALIDATED
data51630,DATA_18478,B,من بداية القرن 20، الحيوانات ديال التزاوج تصدرات بزاف ديال البلايص في العالم، وبالخصوص لأوستراليا وأمريكا الشمالية.,"mn bidayat lqarn 20, lHayawanat dyal ttazawoj tsaddrat bzzaf dyal blayss fel3alam, w b lkHصوص l'australia w amrika shshimalia.","Since the early 20th century , breeding stock has been exported to many parts of the world , especially Australia and North America .",منذ بداية القرن العشرين، تم تصدير قطعان التربية إلى العديد من أنحاء العالم، وخاصة أستراليا وأمريكا الشمالية.,24,GENERATED
data51631,WIKI_C_09284,C,"الحيرا باياشي زاد وصف الضرر اللي داروه دوك التعابير الملطفة و هضر تا على واش غير معسكرات النازي هي اللي ممكن تتسمى ""معتقلات"".","el hirabaayashi zad wsaf ddar li daro dak taabir meltfa w hdar ta 3la wach ghir mo3askar nazzi homa li momken tsammaw ""mo3tqalat"".","Hirabayashi went on to describe the harm done by the use of such euphemisms and also addressed the issue of whether or not only the Nazi camps can be called "" concentration camps . ""","استرسل هيرا باياشي في وصف الضرر الناجم عن استخدام مثل هذه التعبيرات الملطفة، وتناول كذلك مسألة ما إذا كانت معسكرات النازي وحدها هي التي يمكن تسميتها ""معسكرات اعتقال"".",23,GENERATED
data51632,WIKI_C_08075,C,جردة حيوانات ديال آلاميدا بارك، أقدم جردة ف الجنوب الغربي ديال ميريكان، كاينة ف المدينة. شي معارك ما بين الإتحاد و الأباتشي دارو حدا بارك ديال أوليڤر لي ميموريال.,"jardit 7ayawanat dyal alameda park, aqdam jardit f l-janub l-ghirbi dyal mirikan, kayna f l-mdina. chi ma3ark ma bin l-ittihad w l-apatxi daro 7da park dyal oliver lee memorial.","The Alameda Park Zoo , the oldest zoo in the U.S. Southwest , is located in the city . Several Union @-@ Apache battles were fought near Oliver Lee Memorial State Park .",حديقة حيوانات ألاميدا بارك، أقدم حديقة حيوانات في جنوب غرب الولايات المتحدة، تقع في المدينة. دارت عدة معارك بين الاتحاد والأباتشي بالقرب من حديقة أوليفر لي التذكارية الحكومية.,29,GENERATED
data51633,WIKI_C_01511,C,نهار الافتتاح، كانت بزاف ديال الهضرة على اللبسة ديال المضيفات ديال الجناح ديال بريطانيا. الفساتين كانو مصاوبين على شكل الميني جوب اللي كانت موضة ديك الساعة، واللي شهراتها ماري كوانط عام قبل.,"nhar l-iftitah, kanet bezzef dial l-hadra 3la l-libsa dial l-moudayafat dial l-jnah dial britania. l-fousatin kanou mesawbine 3la shakl l-minijupe lli kanet moda dik sa3a, wlli chaharthat mary quant 3am qbel.","On opening day , there was considerable comment on the uniform of the hostesses from the UK Pavilion . The dresses had been designed to the then @-@ new miniskirt style , popularized a year earlier by Mary Quant .",في يوم الافتتاح، كان هناك الكثير من التعليقات حول زي المضيفات من الجناح البريطاني. وقد تم تصميم الفساتين على طراز التنورة القصيرة الجديد آنذاك، والذي اشتهرت به ماري كوانت قبل عام.,32,GENERATED
data51634,DATA_8588,A,راه هاد العيد لي كايحتفلو بيه اليهود,rah had l3id li kay7atflou bih lyahoud,this is a jewish day,هذا يوم يهودي,5,PARTIALLY VALIDATED
data51635,DATA_10007,A,كان كيسحاب ليا غادي تصيفت ليا ديك لورقا,kan kis7ab liya ghadi tsifet liya dik lwer9a,i thought that he will send me the papers,اعتقدت أنه سيرسل لي الأوراق,9,PARTIALLY VALIDATED
data51636,DATA_23014,B,"واش هاد الشومبينيون كيتكال ولا لا ما معروفش. داود أرورا كيقول باللي ""ملس بزاف باش يكون فيه شي نفع"".","wach had shampion kيتكال wla la ma m3roufsh. Daoud Arora kaygoul balli ""mlas bzzaf bash ikoun fih shi nfe3"".","The edibility of the mushroom is not known . David Arora notes that it is "" much too slippery to be of value "" .","غير معروف مدى صلاحية الفطر للأكل. يلاحظ ديفيد أرورا أنه ""لزج للغاية لدرجة أنه لا قيمة له"".",25,GENERATED
data51637,DATA_22072,B,[b] : M3touwat mjadda b t-tebbaa d qawa3id dyal UK GAAP. M3touwat jdida m3adda b t-tebbaa d International Financial Reporting Standards.,m3touwat mjadda b t-tebba3 d qawa3id dyal UK GAAP. m3touwat jdida m3adda b t-tebba3 d International Financial Reporting Standards.,[ b ] : Data prepared using UK GAAP guidelines . Recent data prepared using International Financial Reporting Standards .,[ ب ]: بيانات مُعدة وفقًا لمبادئ المحاسبة المقبولة عمومًا في المملكة المتحدة. بيانات حديثة مُعدة وفقًا للمعايير الدولية لإعداد التقارير المالية.,20,GENERATED
data51638,WIKI_C_09522,C,ملي كانوكلوا شي حاجة مغلفنة لفران ديال الضو، الزنك كانجبدوه من الغبرة بواحد شوية ديال الطرق، و بالخصوص طريقة وايلز (شي 90% من 2014).,"melli kanwaklou chi haja mghalfna lfran dyal ddo, zznc kanghedou min lghbra bwahed shwiya dyal ttorq, w bkhsous ttarfa dyal waelz (chi 90% min 2014).","When galvanised feedstock is fed to an electric arc furnace , the zinc is recovered from the dust by a number of processes , predominately the Waelz process ( 90 % as of 2014 ) .",عندما يتم تغذية المواد الخام المجلفنة إلى فرن القوس الكهربائي، يتم استعادة الزنك من الغبار عن طريق عدد من العمليات، وأهمها عملية فايلز (90% اعتبارًا من عام 2014).,24,GENERATED
data51639,WIKI_D_00944,D,"""The Convention Conundrum"" هي الحلقة اللولة اللي تقيدات فيها كايلي كوكو، اللي كتلعب دور بيني، بسمية كايلي كوكو سويتينغ. هي تزوجات ريان سويتينغ في 31 دجنبر 2013، و هادي هي الحلقة التالتة اللي دازت مورا زواجهم.","""the convention conundrum"" hiya l7ala llowla lli tqaydat fiha kaley cuoco, lli katel3eb dor penny, bssmiya kaley cuoco sweeting. hiya tzewejat ryan sweeting f 31 decembre 2013, w hadi hiya l7ala ttalta lli dazet mora zwajehom.",""" The Convention Conundrum "" is the first episode to credit Kaley Cuoco , who plays Penny , as Kaley Cuoco @-@ Sweeting . She married Ryan Sweeting on December 31 , 2013 ; this was the third episode to air after their wedding .","""معضلة المؤتمر"" هو أول حلقة تُنسب إلى كايلي كوكو، التي تجسد شخصية بيني، باسم كايلي كوكو سويتنيغ. تزوجت من رايان سويتنيغ في 31 ديسمبر 2013؛ وكانت هذه الحلقة الثالثة التي تُبث بعد زفافهما.",36,GENERATED
data51640,DATA_11698,A,تانفكّر واش نسدّق هاد لحوايج,tanfkker wach nsedde9 had l7wayj,I think of  giving off my clothes,أفكر في التخلي عن ملابسي,7,PARTIALLY VALIDATED
data51641,DATA_2827,A,يا إما فالداخل، أولا فالجردة، على حساب الوقت,"ya imma fldakhl, ola fjjrda, 3la 7sab lw9t","Either inside, or in the garden, depends on time",إما في الداخل، أو في الحديقة، يعتمد على الوقت,9,PARTIALLY VALIDATED
data51642,WIKI_C_07188,C,المارك 2 فيه مونطاج كحل و السلايد كحلة، و الكنترولات كحلين مكلاتيين بلاصة الرماديين ديال الموديلات ديال IOM و USG. و كاينة حتى في لون ترابي غامق مكلات.,"el mk2 fih montage kehhel w slide kehla, w l'controls kehhelin mestowwiin blaset el rmadiiin dyal el modil dyal IOM w USG. w kayen hatta f lon torabi ghammeq mestowwi.","The MK2 has a black frame and slide , with flat black controls in place of the grey controls of the IOM and USG models . It is also available with a flat dark earth frame color .",يتميز موديل MK2 بإطار وشريحة سوداء، مع أدوات تحكم سوداء مسطحة بدلاً من الأدوات الرمادية لطرازي IOM و USG. يتوفر أيضًا بإطار بلون ترابي داكن مسطح.,28,GENERATED
data51643,WIKI_C_05037,C,من النهار اللول فاش خرج فيلم رجوع الجيداي، بالباتين ولا علامة معروفة بزاف فالثقافة الشعبية كترمز للشر، و الخبث، و التخلاع، و الطغيان، و تخريب الديموقراطية.,"mn nhar llawl fash khrej film ruj3 dial jedi, palpatine wla 3alama ma3roufa bzaf f thaqafa sha3biya katrmoz lchar, w lkhobth, w tkhrab, w taghyan, w takhrib diamondiya.","Since the initial theatrical run of Return of the Jedi , Palpatine has become a widely recognized popular culture symbol of evil , sinister deception , tyranny , and the subversion of democracy .","منذ العرض المسرحي الأولي لفيلم ""عودة الجيداي""، أصبح بالباتين رمزًا شائعًا ومشهورًا في الثقافة الشعبية للشر، والخداع الشرير، والطغيان، وتقويض الديمقراطية.",26,GENERATED
data51644,DATA_11777,A,نتحداك ت عدم داك لقطّال,nt7edak t 3dem dak l9ettal,I dare you to  execture the murderer,أتحدّاك أن تنفّذ حكم الإعدام على القاتل,7,PARTIALLY VALIDATED
data51645,DATA_21728,B,المدينة ديال بلكورت، نورث داكوتا تسمّات على سمية ذاك الكاهن اللي مات تكريمًا للجهود ديالو فالمنطقة.,"lmdina dyal belcourt, north dakota tsemmat 3la smya dak lkahan lli mat تكريما lljohod dyalo fel-mntqa.","The town of Belcourt , North Dakota was named after the late priest in honour of his efforts in the region .",تم تسمية بلدة بيلكورت في نورث داكوتا على اسم الكاهن الراحل تكريماً لجهوده في المنطقة.,22,GENERATED
data51646,WIKI_D_06555,D,"KMFM Thanet wa7ed l-iDa3a f l-frequency <unk> , dyal KM Group o kano kay smmiwha qbel TLR ( Thanet Local Radio ). L-iDa3a l-mjtama3iya Academy FM ( Thanet ) tlançaat f 2010 f 107 @.@ 8 .","kmfm thanet wa7ed l-idaa3a f l-frequency <unk>, dyal km group o kano kay sammiwha qbel tlr (thanet local radio). l-idaa3a l-mjtama3iya academy fm (thanet) tlan3at f 2010 f 107@.@8.","KMFM Thanet is a radio station on frequency <unk> , owned by the KM Group and previously known as TLR ( Thanet Local Radio ) . Community radio station Academy FM ( Thanet ) launched in 2010 on 107 @.@ 8 .",محطة راديو KMFM Thanet تعمل على التردد <unk>، وهي مملوكة لمجموعة KM، وكانت تُعرف سابقًا باسم TLR (راديو ثانت المحلي). أُطلقت محطة الراديو المجتمعية أكاديمي إف إم (ثانت) في عام 2010 على تردد 107.8.,37,GENERATED
data51647,WIKI_C_08731,C,قبل ما يبدا الماتش و داز نيشان بالخلاص، دار واحد الماتش ظلامي اللي فيه إيڤان بورن غلب جون موريسون بواحد الطيحة ديال النجمة.,"qbl ma ybda lmatsh w daz nishan b lkhalas, dar wahd lmatsh tlami lli fiih evan bourne ghlb john morrison b wahd tti7a dyal njaama.","Before the event began and aired live on pay @-@ per @-@ view , a dark match was featured in which Evan Bourne defeated John Morrison with a shooting star press .","قبل أن يبدأ العرض وينقل مباشرةً بنظام الدفع مقابل المشاهدة، أقيمت مباراة غير رسمية فاز فيها إيفان بورن على جون موريسون بتنفيذ حركة ""الصحوة النجمية"".",23,GENERATED
data51648,WIKI_C_06604,C,"هو مصور بحال شي محارب واعر وعندو بزاف ديال الصفات مشتركة مع الإله الإسكندنافي أودين ولكن واش بصاح كان فالتاريخ مافيهاش الشك. علاش كيعيطو ليه ""تربة"" هادشي ماشي أكيد.",howa mswr b7al shi m7areb w3er w3ndo bzaf dyal ssefat mchtra m3a l-ilah l-iskandinafi odin walakin wach bse7 kan f-tari5 mafiha-sh chek. 3lash kay3yTOLI H *turba* hadshi machi a9id.,"He is portrayed as a successful warrior and has various characteristics in common with the Norse God Odin but his historicity is not in doubt . The reasons for his nickname of "" Turf "" are not certain .","يُصوَّر كمحارب ناجح ويشترك في سمات مختلفة مع الإله الإسكندنافي أودين، لكن تاريخيته ليست موضع شك. أسباب لقبه ""التراب"" غير مؤكدة.",29,GENERATED
data51649,WIKI_C_09669,C,الأنواع ديال بوكسباوميا تقدر تلقاها ف بزاف ديال المناطق المعتدلة و الشبه القطبية فالنصف الشمالي ديال الكرة الأرضية، و حتى فالمناطق اللي باردة ف أستراليا و نيوزيلندا.,"l-anwa3 dial buxbaumia t9dr tl9aha f bzaf dial l-manati9 l-mo3taddla w chibh l-9otbiya f nussf ch-charqi dial l-kura l-arḍiya, w ḥta f-l-manati9 lli barda f australia w new zealand.","Species of Buxbaumia may be found across much of the temperate to subarctic regions of the Northern Hemisphere , as well as cooler regions of Australia and New Zealand .",يمكن العثور على أنواع جنس بوكسباوميا في معظم المناطق المعتدلة إلى شبه القطبية في نصف الكرة الشمالي، وكذلك في المناطق الباردة من أستراليا ونيوزيلندا.,27,GENERATED
data51650,WIKI_D_09709,D,المركز الأصلي ديال الزوار، اللي تحل نهار 19 أبريل 1971 من طرف الدوق ديال ديفونشاير، كان كيجذب شي 120 ألف زائر تقريبا كل عام. كان كيهضر على التاريخ ديال جودريل بانك و كانت فيه واحد السينما ثلاثية الأبعاد كيديرو فيها رحلات تخيلية للمريخ.,"el markez l' asli dyal zowar, li t7el nhar 19 pril 1971 men tarf ed-duq dyal devonshire, kan kiyjbed chi 120000 zowar ta9riban kol 3am. kan kihder 3la tarikh dyal jodrell bank w kant fi7t cinema tridimensionnel kidiro fiha ri7lat tkhiyoliyyin lel merch.","The original visitors ' centre , opened on 19 April 1971 by the Duke of Devonshire , attracted around 120 @,@ 000 visitors per year . It covered the history of Jodrell Bank and had a 3D theatre hosting simulated trips to Mars .",مركز الزوار الأصلي، الذي افتتحه دوق ديفونشاير في 19 أبريل 1971، كان يجذب حوالي 120 ألف زائر سنويًا. كان يتناول تاريخ جودريل بانك ويضم مسرحًا ثلاثي الأبعاد يستضيف رحلات محاكاة إلى المريخ.,43,GENERATED
data51651,WIKI_C_12046,C,الديكوباج اللي تابع التيتراج فين سكارسكارد فدور إيريك سيلفيج كيواجه سامويل إل جاكسون فدور نيك فيوري دارها جوس ويدون اللي دار فيلم مارفل د لي زافونجرز (2012).,lkopaj lliتابع ltiitraj fin skarsgard f dor erik selvig kiwaji samuel l jackson f dor nick fury darha joss whedon lli dar film marvel d l Avengers (2012).,"The post @-@ credits scene in which Skarsgård 's Erik Selvig comes face @-@ to @-@ face with Samuel L. Jackson 's Nick Fury was directed by Joss Whedon , who directed Marvel 's The Avengers ( 2012 ) .","المشهد الختامي الإضافي الذي يواجه فيه إريك سيلفيج، الذي يؤدي دوره سكارسكارد، نيك فيوري، الذي يؤدي دوره صامويل إل جاكسون، أخرجه جوس ويدون، الذي أخرج فيلم مارفل ""المنتقمون"" (2012).",27,GENERATED
data51652,WIKI_D_02173,D,واحد المارينا تبدات ف 1979 فاش نقاو الفوقاني ديال المينا و حطو الطابليات العايمة. الصناعة الخفيفة و الباركينڭ ديال الطوموبيلات كاينين فالارض اللي حداها. طابليات عايمة اخرين تكملو ف 1991 و 1995. مركز التسهيلات ديال مارينا ويتباي تحل ف شهر ستة ديال 2010.,wa7ed l marina tbedat f 1979 fach nqaw lfo9ani dyal l mina w 7etto ttabliyat l3ayma. ssina3a lkhfiffa w l parking dyal tomobilat kaynin lard li 7daha. ttabliyat 3ayma akhoren tkemlo f 1991 w 1995. markaz tasehilat dyal marina whitby t7ell f chher sitta dyal 2010.,A marina was started in 1979 by dredging the upper harbour and laying pontoons . Light industry and car parks occupy the adjacent land . More pontoons were completed in 1991 and 1995 . The Whitby Marina Facilities Centre was opened in June 2010 .,تم إنشاء مرسى عام 1979 عن طريق تجريف الميناء العلوي وتركيب العوامات. تحتل الصناعة الخفيفة ومواقف السيارات الأراضي المجاورة. تم الانتهاء من عوامات إضافية في عامي 1991 و 1995. تم افتتاح مركز مرافق مرسى ويتبي في يونيو 2010.,43,GENERATED
data51653,DATA_7980,A,بهرا هاد الإجازة,bhra xad l2ijaza,he only has bachelor degree,ليس لديه سوى درجة البكالوريوس,5,PARTIALLY VALIDATED
data51654,WIKI_D_10912,D,واخا هاكاك، جونسون لعب دور مهم باش يحافظ على الفريق ديال أستراليا بلا خسارة، لعب كثر ديال لي overs من أي واحد آخر من غير بيل جونسون – و خلاه برادمان يريّح كيث ميلر و راي ليندوال، الكوبل ديالو ديال اللي كيّرميو بالزربة، للماتشات اللي مهمين.,"wakha hakak, johnson la3eb dor mohim bach y7afed 3la l'fari9 dyal australia bla khsara, la3eb ktar dyal li overs mn ay wa7ed akhor mn ghir bill johnson - w khallo bradman yriye7 keith miller w ray lindwall, l'couple dyalo dyal li kermiw bezzerba, l'matchat lli mohimin.","Nonetheless , Johnson played an important role in maintaining the Australian team 's unbeaten record , bowling more overs than anyone other than Bill Johnston — allowing Bradman to rest Keith Miller and Ray Lindwall , his fast bowling pair , for the important matches .",ومع ذلك ، لعب جونسون دورًا هامًا في الحفاظ على السجل الخالي من الهزائم للفريق الأسترالي ، حيث لعب عددًا من الأوفرات أكثر من أي شخص آخر بخلاف بيل جونسون - مما سمح لبرادمان بإراحة كيث ميلر وراي ليندوال ، ثنائي الرماة السريعين لديه ، للمباريات الهامة.,46,GENERATED
data51655,DATA_4193,A,شنو غادي ندير بلا ودن متعطفة منين نرجع لدار,chno ghadi ndir bla wdan mat3atfa mnin nrja3 ldar,What would I do without a sympathetic ear when I get home,ماذا سأفعل بدون أذن صاغية عندما أعود إلى المنزل؟,12,PARTIALLY VALIDATED
data51656,WIKI_D_02202,D,أليسا جين هيلي (تزادت ف 24 مارس 1990 ف غولد كوست، كوينزلاند) كريكيتورة كاتلعب مع نيو ساوث ويلز و المنتخب الأسترالي د النسا. دارت أول مقابلة دولية ليها ف فبراير 2010.,"alisa jin healy (tzadt f 24 mars 1990 f gold coast, queensland) krikitori katl3b m3 new south wales w l-montakhab al-ustrali dyal n-nssa. dart awl moqabla dawli liha f febryer 2010.","Alyssa Jean Healy ( born 24 March 1990 on the Gold Coast , Queensland ) is a cricketer who plays for New South Wales and the Australian women 's team . She made her international debut in February 2010 .",أليسا جين هيلي (مواليد 24 مارس 1990 في غولد كوست، كوينزلاند) هي لاعبة كريكت تلعب لصالح نيو ساوث ويلز والمنتخب الأسترالي للسيدات. خاضت أول ظهور دولي لها في فبراير 2010.,31,GENERATED
data51657,DATA_11560,A,نتحداك ت نتج هاد نوع ديال ليمون هنا,nt7edak t ntej had new3 dial limoun hna,I dare you to produce these oranges,أتحدّاك أن تنتج هذه البرتقالات,7,PARTIALLY VALIDATED
data51658,DATA_9166,A,مابقيتش باغي نسب على ولاد ناس,mab9itch baghi nsseb 3la wlad nass,i will not scam good people,لن أخدع الناس الطيبين,6,PARTIALLY VALIDATED
data51659,WIKI_C_00622,C,الدولة والجماعات المحلية ملزومين قانونيا، ومؤسسات ومنظمات آخرين وحتى المواطنين كاملين مشجعين يرفرفو الراية د بولونيا فهاد الأيام:,"d-doulah w-l-jama3at l-ma7alliya malzumin qanuniyan, w-m-mؤسassat w-m-mounadamat akhirin w-7atta l-mouwatunin kamlin mshaj3in yrafarfu raiya dyal bulunja f-had l-ayam:","State and local government organs are legally required , and other institutions and organizations as well as all citizens are encouraged to fly the Polish flag on the following days :",يُلزم القانون أجهزة الدولة والحكومات المحلية، وتشجَّع المؤسسات والمنظمات الأخرى وجميع المواطنين على رفع العلم البولندي في الأيام التالية:,18,GENERATED
data51660,DATA_5681,A,كان كايغير و كايغوت,kan kay3ayer o kayghewwet,He was cursing and shouting,كان يلعن ويصرخ,5,PARTIALLY VALIDATED
data51661,WIKI_D_07312,D,الفرقة خططات باش يكتبو و يسجلو الألبوم السابع ديالهم مورا ما يرجعو من التيراج. ناوين يطلقو الألبوم اللي باقي ما تسمّاش ف شي وقت ما بين نصّ حتال لخر د 2011، اللي شرحو الباسيست ريان ومباتشر ف واحد لانترفيو ف شهر 11 عام 2010:,"lferqa khoTtat bash yktebo w ysejlo l'album sseba3 dyalhom mora ma yerja3o men tiraaj. nawyin yTlaqo l'album lli baqi ma tsmmash f shi waqt mabina nass 7tal larx dyal 2011, lli xar7o lbassist ryan wombacher f wa7ed l'interview f shhar 11 3am 2010:","The band planned to write and record their seventh studio album once they returned from touring . They planned to release the yet to be titled album anywhere from mid to late 2011 , which bassist Ryan Wombacher explained in a November 2010 interview :",خططت الفرقة لكتابة وتسجيل ألبومها الاستوديو السابع عند عودتها من الجولة. خططوا لإصدار الألبوم الذي لم تتم تسميته بعد في أي وقت ما بين منتصف أواخر عام 2011، وهو ما أوضحه عازف البيس ريان ومباتشر في مقابلة أجريت في نوفمبر 2010:,44,GENERATED
data51662,WIKI_D_09128,D,ف 1995، اتفاقية دايتون، واحد لاتفاق ديال السلام بين الأطراف اللي كانو متخاصمين ف الصراع ديال البوسنة و الهرسك و يوغوسلافيا اللي كانت، تفاوضو عليها ف القاعدة الجوية رايت-باترسون، حدا فيربورن، أوهايو، من واحد حتال 21 نونبر.,"f 1995, ittifaqiyat dayton, wa7d l'itifaq dyal salam bin l'atraf li kano mkhasmin f sseghra' dyal l'bousna w l'hirska w yougoslavia li kanat, tafawdu 3liha f l'qa3ida ljawiya wright-patterson, 7da fairborn, ohayo, mn wa7d 7tal 21 noufmber.","In 1995 , the Dayton Agreement , a peace accord between the parties to the hostilities of the conflict in Bosnia @-@ Herzegovina and the former Yugoslavia , was negotiated at Wright @-@ Patterson Air Force Base , near Fairborn , Ohio , from November 1 – 21 .",في عام 1995، تم التفاوض على اتفاقية دايتون، وهي اتفاقية سلام بين أطراف النزاع في البوسنة والهرسك ويوغوسلافيا السابقة، في قاعدة رايت-باترسون الجوية، بالقرب من فيربورن، أوهايو، في الفترة من 1 إلى 21 نوفمبر.,37,GENERATED
data51663,WIKI_C_11159,C,1991. — — —، روسمان أي واي، لاوين آر، روجرسون سي تي. شي ملخص ديال نيكتريا <unk>. <unk>. مايكول باب 164: 1-48.,"1991. — — —، rossman ay, lowen r, rogerson ct. shi molkhass dyal nectria <unk>. <unk>. mycol pap 164: 1-48.","1991 . — — — , Rossman AY , Lowen R , Rogerson CT . "" A synopsis of Nectria <unk> . <unk> "" . Mycol Pap 164 : 1 – 48 .","١٩٩١. — — —، روسمان أي واي، لاوين آر، روجرسون سي تي. ""ملخص عن النكتريا <unk>. <unk>"". مايكول باب ١٦٤: ١-٤٨.",22,GENERATED
data51664,WIKI_D_07842,D,لي دخّلاتو الاتفاقية الدولية الثانية ديال الأفيون، اللجنة المركزية الدائمة ديال الأفيون كان خاصها تراقب التقارير الإحصائية على التجارة ديال الأفيون، المورفين، الكوكايين والهيروين. اللجنة أسسات حتى واحد السيستيم ديال شهادات الاستيراد والتصدير باش التجارة الدولية القانونية ديال المخدرات تكون منظمة.,"li d5alat l'ittifaqiya dawliya tania dyal l'afyun, l-lajna lmarkaziya d-dayma dyal l'afyun kan 5as-ha traqeb t-taqarir l-ihsa2iya 3la t-tijara dyal l'afyun, l-morfin, l-kokayin w l-heroin. L-lajna assstet 7ta wa7d system dyal shahadat l-isti'rad w t-tasdir bash t-tijara dawliya lqanuniya dyal l-makhdarat tkun munazama.","Introduced by the second International Opium Convention , the Permanent Central Opium Board had to supervise the statistical reports on trade in opium , morphine , cocaine and heroin . The board also established a system of import certificates and export <unk> for the legal international trade in narcotics .",بموجب الاتفاقية الدولية الثانية للأفيون، كان على المجلس المركزي الدائم للأفيون الإشراف على التقارير الإحصائية المتعلقة بتجارة الأفيون والمورفين والكوكايين والهيروين. كما أسس المجلس نظاماً لشهادات الاستيراد والتصدير للتجارة الدولية المشروعة في المخدرات.,41,GENERATED
data51665,DATA_22266,B,"Hiden, John, او John E. Farquharson. ""شرح ألمانيا ديال هتلر: المؤرخين و الرايخ الثالث"" (باتسفورد أكاديميك أند إديوكيشنال ليمتد، 1989).","Hiden, John, aw John E. Farquharson. ""Sharh Almania dyal Hitler: almu'arrikhin w arraykh attalit"" (Batsford Academic and Educational Ltd, 1989).","Hiden , John , and John E. Farquharson . Explaining Hitler 's Germany : Historians and the Third Reich ( Batsford Academic and Educational Ltd . , 1989 )",هايدن، جون، وجون إي. فاركوهارسون. شرح هتلر ألمانيا: مؤرخون والرايخ الثالث (باتسفورد أكاديمي وإدوكيشنال ليمتد، 1989).,29,GENERATED
data51666,DATA_23957,B,داڤيد نيڤن بدور سير جيمس بوند – جاسوس بريطاني أسطوري اضطر يرجع من التقاعد باش يحارب سميرش.,David Niven b-دور Sir James Bond - jassous Britani ostouri ddar irjaa men ttaqa'oud bash iharb SMERSH.,David Niven as Sir James Bond – A legendary British secret agent forced out of retirement to fight SMERSH .,ديفيد نيفن في دور السير جيمس بوند – عميل بريطاني سري أسطوري أُجبِر على الخروج من التقاعد لمحاربة سميرش.,20,GENERATED
data51667,WIKI_C_02685,C,ماشي بحال السكان الأصليين والأنويت، ماكانش شي فرق بين لي عندهم صفة ولي ماعندهمش، و لميتيس، التراث ديالهم و الأصل ديالهم د السكان الأصليين غالبا ماذابو و اندامجو ف السكان اللي دايرين بيهم.,"machi b7al soukan l2asliyyin w l2inwit, makanch chi far9 bin li 3andhom sifa w li makayndhomch, w lmitis, ttirat dyalhom w l2a5l dyalhom dyal soukan l2asliyyin ghalban madabaw w ndamjou f soukan lli dayrin bihom.","Unlike First Nations people and Inuit , there has been no distinction between status and non @-@ status , and the Métis , their heritage and aboriginal ancestry have often been absorbed and assimilated into their surrounding populations .",على عكس السكان الأصليين والإينويت، لم يكن هناك تمييز بين الأشخاص ذوي الصفة والأشخاص غير ذوي الصفة، أما الميتيس، فقد تم استيعاب تراثهم وأصولهم الأصلية ودمجهم في مجتمعاتهم المحيطة في كثير من الأحيان.,33,GENERATED
data51668,WIKI_D_04512,D,أجزاء كبيرة من قلب مفاعل TMI @-@ 2 ذابت، واخا هادشي ديال الذوبان ما تأكد حتى ل 1985. أكبر تخوف فحادثة TMI كان فقاعة ديال الهيدروجين فالجزء الفوقاني ديال الوعاء المضغوط اللي كان فيه القلب ديال المفاعل.,"ajza2 kbibra mn qlb myf3al TMI @-@ 2 dbt, wakha hadchi dyal dwban ma ta2aked 7ta l 1985. kbar tkhtof f 7adith TMI kan foqa3a dyal l hydrogen f l joz2 fawqani dyal l w3a2 l madghut lli kan fih qlb l myf3al.","Large portions of the TMI @-@ 2 reactor core melted , though the fact that a meltdown had occurred was not established until 1985 . The greatest concern during the TMI accident was a hydrogen bubble in the top of the pressure vessel which held the core :",انصهرت أجزاء كبيرة من قلب المفاعل TMI @-@ 2، على الرغم من أن حقيقة وقوع انصهار لم تُثبت حتى عام 1985. كان أكبر قلق أثناء حادث TMI يتمثل في فقاعة هيدروجين في الجزء العلوي من وعاء الضغط الذي يحوي القلب.,37,GENERATED
data51669,DATA_10562,A,مانضنش غادي يتبع البوليسي داك شفار,mandench ghadi ytbe3 lbolissi dak chfar,I dont think he will follow the thief,لا أعتقد أنه سيتبع اللص,8,PARTIALLY VALIDATED
data51670,DATA_0312,A,ماشفت تا واحد فيهوم.,machft tta wahd fihoum.,I haven't seen any of them.,لم أرَ أيًا منهم.,6,PARTIALLY VALIDATED
data51671,WIKI_D_12069,D,اللواء التالت، الفرقة السابعة مشاة، اللي كانت معروفة فالأصل باللواء 14 مشاة، كان لواء مشاة تابع لجيش ميريكان، و جزء من الفرقة السابعة مشاة. هاد اللواء كان مستقر ففورت أورد، كاليفورنيا، أغلبية تاريخو.,"el liwa2 et talt, el ferqa essabe3a mshat, elli kanet ma3roufa fel asel bel liwa2 14 mshat, kan liwa2 mshat taba3 la jeych merikan, w juz2 men el ferqa essabe3a mshat. had el liwa2 kan mesteqerr fe fort ord, california, aghlabya dyalo.","The 3rd Brigade , 7th Infantry Division , originally known as the 14th Infantry Brigade was an infantry brigade of the United States Army , and a part of the 7th Infantry Division . The brigade was based at Fort Ord , California for most of its history .",كان اللواء الثالث، الفرقة السابعة مشاة، المعروف في الأصل باسم اللواء الرابع عشر مشاة، لواء مشاة تابع للجيش الأمريكي، وجزءًا من الفرقة السابعة مشاة. تمركز اللواء في فورت أورد، كاليفورنيا، لمعظم تاريخه.,33,GENERATED
data51672,DATA_14881,B,المحطة دابا خدّامين فيها غير الطّوبيسات المحليين ديال 'Abellio Greater Anglia' اللي كيدوزو على الخط ديال Bittern من نورويتش لشيرينغهام.,lme7tta daba kheddamin fiha ghir ttobisat lme7alliyin dial 'Abellio Greater Anglia' li kidozo 3la lkhett dial Bittern men Norwich l Sheringham.,The station is currently served only by local services operated by ' Abellio Greater Anglia ' on the Bittern Line from Norwich to Sheringham .,تخدم المحطة حالياً خدمات محلية فقط تشغلها شركة 'أبيلو غريتر أنجليا' على خط بيترن من نورويتش إلى شيرينغهام.,25,GENERATED
data51673,WIKI_D_03402,D,لفيلم ديال التلفازة، ماركو پولو (2007)، اللي مثل فيه براين دينيهي دور قوبلاي خان، وإيان سومرهالدر دور ماركو، كايورّي ماركو پولو تخلى عليه ف الشينوا ملي عمو و بّاه رجعو لڤينيس، باش يتلاقاو معاه مورا سنين طويلة.,"lfilm dyal tlfeza, Marco Polo (2007), li mthel fih Brian Dennehy dor Kublai Khan, w Ian Somerhalder dor Marco, kaywri Marco Polo tkhla 3lih f China mlli 3mmo w bah rj3o l Venice, bach tltaw m3ah mora snin tawila.","The television film , Marco Polo ( 2007 ) , starring Brian Dennehy as Kublai Khan , and Ian Somerhalder as Marco , portrays Marco Polo being left alone in China while his uncle and father return to Venice , to be reunited with him many years later .","يصوّر الفيلم التلفزيوني ""ماركو بولو"" (2007)، بطولة براين دينيهي بدور قوبلاي خان، وإيان سومرهالدر بدور ماركو، ماركو بولو وقد تُرك وحيداً في الصين بينما عاد عمه ووالده إلى البندقية، ليجتمعا به بعد سنوات عديدة.",37,GENERATED
data51674,DATA_19065,B,ميريكان صيفطات جوج ديال الرياضيين (واحد الراجل و وحدة مرا) باش يشاركو فمنافسات الرماية ف الألعاب البارالمبية.,mirikan siffTat juj dyal rriyadiyyin (waHed rrajel w waHda mra) bash ysharku fmunafasat rrimaya fl-al3ab l-paralambiya.,The U.S. sent two athletes ( one man and one woman ) to compete in the shooting events at the Paralympics .,أرسلت الولايات المتحدة رياضيين اثنين (رجل واحد وسيدة واحدة) للمنافسة في مسابقات الرماية في دورة الألعاب البارالمبية.,22,GENERATED
data51675,DATA_11274,A,تعطلتي بزّاف باش تجرب هاد سپور,t3etlti bezzaf bach tjreb had sport,you are too late to  try this sport,لقد فات الأوان بالنسبة لك لتجربة هذه الرياضة,8,PARTIALLY VALIDATED
data51676,DATA_0311,A,كيدازت الدويرة لبارح?,kidazt ddwira lbar7?,How was the tour yesterday?,كيف كانت الجولة أمس؟,5,PARTIALLY VALIDATED
data51677,WIKI_D_05428,D,المركبات اللي فيها الكريپتون كيدير رابطة أحادية مع النيتروجين والأوكسيجين حتى هي تعرفات، ولكن كايكونو مستقرين غير تحت ناقص 60 درجة مئوية و ناقص 90 درجة مئوية على التوالي.,"lmerkat li fiha lakripton kaydir rabta wahda m3a nitrojin o loxijen hlhi t3rft, walakin kaykon mo5tqrin ghir ta7t na9s 60 darja mya o na9s 90 darja mya 3la twali.","Compounds in which krypton forms a single bond to nitrogen and oxygen have also been characterized , but are only stable below − 60 ° C ( − 76 ° F ) and − 90 ° C ( − 130 ° F ) respectively .",كما تم تمييز المركبات التي يشكل فيها الكريبتون رابطة أحادية مع النيتروجين والأكسجين، ولكنها مستقرة فقط دون 60 درجة مئوية (76 درجة فهرنهايت) و 90 درجة مئوية (130 درجة فهرنهايت) على التوالي.,29,GENERATED
data51678,DATA_20136,B,الفقاعات عادةً كيتكونو فالأوعية الدموية وكيديهم السيستيم الوريدي للقلب، ومن بعد للرية.,"lfou9a3at 3adatan kaytkounou fal'aw3iya ddamawiya o kayddihom s-sistim lwaridi l l9alb, o men ba3d l rriya.","Bubbles are normally produced in the vascular bed and transported by the venous system to heart , then to the lungs .",تُنتَجُ الفقاعاتُ عادةً في السريرِ الوعائيِّ وتُنقَلُ عبرَ الجهازِ الوريديِّ إلى القلبِ، ثمَّ إلى الرئتينِ.,22,GENERATED
data51679,DATA_17428,B,خطاب ألقاه ماثيو پ. ديدي في پورتلاند ... 4 يوليو 1885 . إ. ج. والينڭ : پورتلاند . (1885).,khitab alqah Matthew P. Deady fi Portland ... 4 Yulyu 1885 . I.G. Walling : Portland. (1885).,"Oration Delivered at Portland by Matthew P. Deady ... July 4 , 1885 . A. G. Walling : Portland . ( 1885 ) .",خطاب ألقاه ماثيو بي. ديدي في بورتلاند في 4 يوليو 1885. إيه. جي. والينغ: بورتلاند. (1885).,24,GENERATED
data51680,WIKI_D_08308,D,"الروائي والناقد البريطاني كينغسلي أميس دوز كامبل بحدة: ""نزيد غير كملاحظة سوسيولوجية أن المحرر ديال أستاوندينغ، اللي هو براسو شخصية منحرفة وبشراسة باينة، كيبان ليه بحالا هو اللي اخترع شي ماكينة ديال بسي.""","erriwayi wel na9ed el britani kingsley amis dozz campbell behadda: ""nzid ghir kemla7a sosyolojikya enn lmo7err dyal astounding, lli howa b rasou chakhsiya mon7arafa w b charassa bayna, kayban lih b7ala howa lli khtara3 chi makina dyal psi.""","British novelist and critic Kingsley Amis dismissed Campbell brusquely : "" I might just add as a sociological note that the editor of Astounding , himself a deviant figure of marked ferocity , seems to think he has invented a psi machine . ""","رفض الروائي والناقد البريطاني كينغسلي أميس كامبل بفظاظة: ""قد أضيف كملاحظة اجتماعية أن محرر مجلة ""أستاوندينغ""، وهو شخصية منحرفة ذات وحشية واضحة، يبدو أنه يعتقد أنه اخترع آلة للقوى الخارقة للطبيعة.""",33,GENERATED
data51681,WIKI_D_11672,D,إنجيل يوحنا مختلف بزاف على الأناجيل المتوافقة، مع اختلافات كبيرة في المحتوى، والتركيز اللاهوتي، والتسلسل الزمني، والأسلوب الأدبي. كاينين حتى شي اختلافات بين يوحنا والمتوافقة، شي وحدين فيهم كيوصلو للتناقضات.,"injil yuhana mokhtalef bezzzaf 3la l-anjil l-motawfeqa, m3a mokhtalefat kbira f l-mahtawa, w l-tarkiz l-lahuti, w l-tsalsol z-zamani, w l-osloob l-adabi. kaynin hatta chi mokhtalefat bin yuhana w l-motawfeqa, chi whdin fihom kaysaloh l-tanakodot.","The Gospel of John is significantly different from the synoptic gospels , with major variations in material , theological emphasis , chronology , and literary style . There are also some discrepancies between John and the synoptics , some amounting to contradictions .",يختلف إنجيل يوحنا اختلافًا كبيرًا عن الأناجيل المتوازية، مع اختلافات رئيسية في المادة، والتركيز اللاهوتي، والتسلسل الزمني، والأسلوب الأدبي. هناك أيضًا بعض التناقضات بين يوحنا والأناجيل المتوازية، وبعضها يصل إلى درجة التعارض.,30,GENERATED
data51682,WIKI_C_06216,C,تقد تشوف بزاف ديال أنواع الطيور البرية فالشعبة ديال تشيدر، بحال الشواهين والعقبان والمهيلات والغربان والهازجة الجرادية.,"t9dr tchof bzaf dyal anwa3 dyal tyou9 lbriya fchou3ba dyal cheddar, bhal chawahin w l3qban w lmehyalat w lghrban w lhazja ljaradiya.","A wide variety of wild birds may be seen in Cheddar Gorge including peregrine falcons , buzzards , kestrels , ravens and the grasshopper warbler ( Locustella naevia ) .",يمكن رؤية مجموعة واسعة من الطيور البرية في مضيق تشيدر، بما في ذلك صقور الشاهين، والعقبان، والصقور، والغربان، والهازجة الجرادية (Locustella naevia).,17,GENERATED
data51683,WIKI_D_04431,D,"هاريسون كتب ""Piggies"" ك هجوم على الطمع والتّزميت فالمجتمع ديال دابا. يماه و لينون عاونوه باش يكمّل الكلمات. توماس لعب الهاربسكورد فالأغنية، و لينون زاد واحد الشريط مسجّل ديال الخنازير كيكركروا.","harison ktb ""Piggies"" ka hjam 3la ttf3 w lmateria f lmojtma3 dyal dba. ymah w lennon 3awnu f kaml lklmat. tomas l3b lharpsichord f l2oghnia, w lennon zad wa7d chit w mojl j3alat dyal lkhnzir kykrkro.","Harrison wrote "" Piggies "" as an attack on greed and materialism in modern society . His mother and Lennon helped him complete the lyrics . Thomas played harpsichord on the track , while Lennon supplied a tape loop of pigs grunting .","كتب هاريسون أغنية ""Piggies"" كهجوم على الجشع والمادية في المجتمع الحديث. ساعده والدته ولينون في إكمال الكلمات. عزف توماس على الهاربسيكورد في المقطوعة، بينما زود لينون بشريط مسجل لخرخرة الخنازير.",31,GENERATED
data51684,DATA_2931,A,إمكان ليا نعطيك شوية ديال مددات الاكتئاب,imkan lia n3tik chwiya dyal modadat l2ikti2ab,I can give you some anti depressants,يمكنني أن أعطيك بعض مضادات الاكتئاب,7,PARTIALLY VALIDATED
data51685,WIKI_D_05207,D,"ستيمبسون، كاثرين ر. (شتاء 1981). ""زيرو ديگري <unk>: الرواية الليزبيانية بالإنجليزية"".  كريتيكال إنكوايري 8 (2): 363-379 @.@ doi: 10 @.@ 1086 / <unk>. JSTOR <unk>.","stimpson, catharine r. (shitaa 1981). ""zero degree <unk>: lriwaya liyizbiyaniya belinjiliiziyya"". critical inquiry 8 (2): 363-379 @.@ doi: 10 @.@ 1086 / <unk>. jstor <unk>.","Stimpson , Catharine R. ( Winter 1981 ) . "" Zero Degree <unk> : The Lesbian Novel in English "" . Critical Inquiry 8 ( 2 ) : 363 – 379 @.@ doi : 10 @.@ 1086 / <unk> . JSTOR <unk> .","ستيمبسون، كاثرين ر. (شتاء 1981). ""درجة الصفر <unk>: الرواية المثلية باللغة الإنجليزية"". كريتيكال إنكوايري 8 (2): 363 – 379 @.@ doi: 10 @.@ 1086 / <unk>. JSTOR <unk>.",25,GENERATED
data51686,WIKI_D_04044,D,"العبارة ديال الراجل ديال الكوميكس ""أخيب حلقة. ديما."" سمّاها الـ A.V. Club كعبارة اللي تقدر تستعملها في الحياة اليومية، و هي وحدة من العبارات اللي معروفة بزاف من السلسلة.","l3ebara dyal rajel dyal lcomic ""akhayeb halqa. dyma."" smaha l.A.V. club k3ebara lli t9dr t3temlha f l7ayat lyawmiya, w hiya wa7da men l3ebarat lli ma3roufa bezzaf men silsila.","Comic Book Guy 's phrase "" Worst . Episode . Ever "" was named by The A.V. Club as a quote that could be used in everyday life , as well as being one of the most popular quotes from the show .","عبارة ""أسوأ حلقة على الإطلاق"" التي قالها رجل القصص المصورة، أطلق عليها موقع ""ذا إيه. في. كلوب"" لقب اقتباس يمكن استخدامه في الحياة اليومية، بالإضافة إلى كونه أحد أشهر الاقتباسات من المسلسل.",29,GENERATED
data51687,WIKI_C_06195,C,"الدقة ديال ""Disgraced"" ف @-@ Broadway اللي خرجت خايبة كانت كترشح ف 2012 @-@ 13 باش تاخد شي جوايز ديال Off @-@ Broadway بحال Drama Desk، الشي اللي خلا غير الممثلين الجداد و التكنيسيان هما اللي كان ممكن يترشحو ف النسخة ديال Broadway ف 2015.","dti9a dyal 'Disgraced' f @-@ Broadway lli khrejt khayba kanet ktr7 f 2012 @-@ 13 bach takhod chi jwayez dyal Off @-@ Broadway b7al Drama Desk, shih lli khla ghi l ممثلين ljodad w tkniycian homa lli kan momkin ytrsh7o f nsskha dyal Broadway f 2015.","Disgraced 's Off @-@ Broadway premiere competed in the 2012 @-@ 13 season for Off @-@ Broadway awards such as Drama Desk , leaving only new actors and technical staff eligible in the Broadway transfer in 2015 .","تنافست مسرحية ""Disgraced"" التي عُرضت في برودواي والتي وصفت بأنها مخزية في موسم 2012-2013 على جوائز أوف برودواي مثل ""دراما ديسك""، مما جعل الممثلين الجدد والموظفين الفنيين فقط مؤهلين للانتقال إلى برودواي في عام 2015.",45,GENERATED
data51688,WIKI_D_08411,D,"هوبارد: ""شحال من مرة تزوجت؟ تزوجت جوج مرات. ودابا أنا مزوج وفرحان بزاف. عندي مرا زوينة، وعندي ربعة ديال الولاد. مرتي اللولة ماتت.""","hubbard: ""sh7al mn mrra tzewjt? tzewjt jwj mrt. w dba ana mzewej wf7ran bzaf. 3ndi mra zwina, w 3ndi rba3 dyal l wlad. mrty l lawla matet.""","HUBBARD : "" How many times have I been married ? I 've been married twice . And I 'm very happily married just now . I have a lovely wife , and I have four children . My first wife is dead . ""","هوبارد: ""كم مرة تزوجت؟ تزوجت مرتين. وأنا الآن متزوج بسعادة بالغة. لدي زوجة رائعة، ولدي أربعة أطفال. زوجتي الأولى متوفاة.""",23,GENERATED
data51689,WIKI_D_06160,D,محاضرات على تأثير الأبحاث في الكيمياء العضوية على العلاج، وخاصة فيما يتعلق بـ <unk> ديال الدم، اللي تدارت في الكلية الملكية للأطباء، لندن: ويلسون وأوجيلفي، 1848 OCLC <unk>.,"m7adarat 3la ta2thir al-ab7ath f l-kimiya2 l-3udwiya 3la l-3ilaj, wakha m3amdin b-khusus fima yta3allaq bi [majhoool] dyal dam, li tdar f l-koliya l-malakiya dyal l-atibba2, london: wilson w ogilvy, 1848 oclc [majhoool].","Lectures on the Influence of Researches in Organic Chemistry on Therapeutics , especially in relation to the <unk> of the blood , delivered at the Royal College of Physicians , London : Wilson & Ogilvy , 1848 OCLC <unk> .",محاضرات حول تأثير الأبحاث في الكيمياء العضوية على العلاج، لا سيما فيما يتعلق بـ [مجهول] الدم، ألقيت في الكلية الملكية للأطباء، لندن: ويلسون وأوجيلفي، 1848 OCLC [مجهول].,28,GENERATED
data51690,WIKI_C_08535,C,"روبيرت هيريك ف هيسپيريديس كيوصف واحد العراضة حضرات فيها الملكة تيطانيا بواحد الكتابة: ""دقان ديال الفيران، طاجين ديال فخض النيوت ، شي ودينة منفوخة ودبانة:""","robert herrick f hespirides kiywsf wa7d l3arDa HaDrat fiha l-malika titania b wa7d l-kitaba: ""dqan dyal l-firan, 7ajin dyal fXd l-newt, shi wdina mnfuXa wdbana:""","Robert Herrick in Hesperides describes a feast attended by queen Titania through writing : "" Beards of mice , a newt 's stew 'd thigh , A bloated Earwig and a fly : ""","يصف روبرت هيريك في ""هيسبيريدس"" وليمة حضرتها الملكة تيطانيا بالكتابة: ""لحى الفئران، وفخذ نيوت مطبوخ، وأذن برغوث منتفخة وذبابة.""",25,GENERATED
data51691,WIKI_D_00765,D,كاين تشابه بين متتالية ماير-فيتوريس (خصوصا بالنسبة لمجموعات الهومولوجيا ذات البعد 1) ونظرية سيفرت-فان كامبن. فاش كيكون A ∩ B مرتبطين مسارياً، متتالية ماير-فيتوريس المختزلة كتعطي التشاكل.,"kayn tashaboh bin matalit mayer-vietoris (khossosan bnisba l majmu3at l homology zat l b3d 1) w nazariyat seifert-van kampen. fash kaykon A ∩ B mtwaslin masariyan, matalit mayer-vietoris l mokhtazla kat3ti teshakol.",There is an analogy between the Mayer – Vietoris sequence ( especially for homology groups of dimension 1 ) and the Seifert – van Kampen theorem . Whenever A ∩ B is path @-@ connected the reduced Mayer – Vietoris sequence yields the isomorphism,هناك تشابه بين متتالية ماير-فيتوريس (خاصة بالنسبة لمجموعات الهومولوجيا ذات البعد 1) ونظرية سيفرت-فان كامبن. عندما يكون التقاطع A ∩ B متصلاً بالمسار، فإن متتالية ماير-فيتوريس المختزلة تعطي التشاكل.,27,GENERATED
data51692,DATA_0473,A,"فراسي مشا لحال شوية على التنضيم, و لكن... راه عيد ميلادي!","frasi mcha l7al chwia 3la ttnDim, walakin... rah 3id miladi!","I know it's a little late for the organization, but... it's my birthday!",أعلم أن الوقت متأخر قليلاً على التنظيم، لكن... إنه عيد ميلادي!,13,PARTIALLY VALIDATED
data51693,WIKI_D_00061,D,ف 1957، كان بريسلي مصنف الرابع كأكتر واحد كيجيب لفلوس فسينما. على حساب ڤاريتي، ف 1969، الدخل اللي دخل فيلم Jailhouse Rock فميريكان و كانادا كان بحال الدخل ديال The Wizard of Oz اللي خرج ف 1939.,"f 1957, kan presley msofaf rrab3 k'aktr wa7d kijiib lflous f cinema. 3la 7sab variety, f 1969, dd5l lli d5l film Jailhouse Rock fmerican w Canada kan b7al dd5l dyal The Wizard of Oz lli khrj f 1939.","In 1957 , Presley was ranked the fourth leading box office commodity in the film industry . According to Variety , by 1969 , Jailhouse Rock 's gross income in the United States and Canada was comparable to that of The Wizard of Oz ( 1939 ) .","في عام 1957، احتل بريسلي المرتبة الرابعة كأكثر سلعة إيرادات في صناعة السينما. ووفقًا لمجلة فارايتي، فبحلول عام 1969، كان إجمالي دخل فيلم ""سجن الروك"" في الولايات المتحدة وكندا يضاهي إجمالي دخل فيلم ""ساحر أوز"" (1939).",37,GENERATED
data51694,DATA_7121,A,فندارك حفادنا خايعجبوهوم القصاص لي عجبونا حنا فسخرنا,fanadarek 7fadna 5ay3jbohom l9issass li 3jbouna 7na fs5erna,do you think our grandchildren will be as amused by our childhood stories as we are?,هل تعتقد أن أحفادنا سيستمتعون بقصص طفولتنا كما نستمتع بها؟,16,PARTIALLY VALIDATED
data51695,WIKI_D_01783,D,"فـ 1971، ڭور بدا تا هو يخدم النوبة ديال الليل فـ ""ذي تينيسيان"" كصحفي تحقيق. التحقيقات ديالو على الفساد بين أعضاء مجلس مدينة ناشفيل أدت للاعتقال والمحاكمة ديال جوج ديال المستشارين بسبب جرائم منفصلة.","f 1971, gor bda ta howa ykhdem l'nowba dyal l'lil f ""the tennessean"" kṣa7fi ta7qi9. ta79i9ato dyalo 3la lfsad bin a3da2 majlis mdint nashvil adt l'i3ti9al wlm7akama dyal joj dyal lmstشارين bsbab jra2im mnfasla.","In 1971 , Gore also began to work the night shift for The Tennessean as an investigative reporter . His investigations of corruption among members of Nashville 's Metro Council resulted in the arrest and prosecution of two councilmen for separate offenses .","في عام 1971، بدأ غور أيضًا العمل في النوبة الليلية لصالح صحيفة ""ذي تينيسيان"" كمراسل تحقيقي. أدت تحقيقاته في الفساد بين أعضاء مجلس مدينة ناشفيل إلى اعتقال ومحاكمة اثنين من أعضاء المجلس لارتكابهما جرائم منفصلة.",34,GENERATED
data51696,WIKI_D_02488,D,"ف شهر ماي 2008، واحد المقطوعة أوركسترالية اللي ألفها أوسمو فانسكا سميتها ""القنطرة"" تعزفات لأول مرة من طرف أوركسترا متروبوليتان سيمفوني، و كان كيقودها ويليام، معاون باس رئيسي ديال أوركسترا مينيسوتا. فانسكا براسو حضر للعرض العالمي الأول.","f shher may 2008, wa7d lmqttoa orchestralia lli allafha osmo vanska smitha ""lqntra"" t3zft l'awl mrra mn tarf orchestra metropolitan symphony, w kan kigdha william, m3awn bass ra2issi dyal orchestra minnesota. vanska b'raso 7dr l3rd l3alami l'awwal.","In May 2008 , an orchestral piece composed by Osmo Vänskä titled "" The Bridge "" was premiered by the Metropolitan Symphony Orchestra , led by William <unk> , assistant @-@ principal bassist of the Minnesota Orchestra . Vänskä himself attended the world premiere .","في مايو 2008، عُرضت مقطوعة أوركسترالية ألفها أوسمو فانسكا بعنوان ""الجسر"" لأول مرة من قبل أوركسترا متروبوليتان السيمفونية، بقيادة ويليام <unk>، عازف الباص الرئيسي المساعد في أوركسترا مينيسوتا. حضر فانسكا نفسه العرض العالمي الأول.",37,GENERATED
data51697,WIKI_D_08978,D,هاد المرحلة عطات خليط ديال الكوريوم المنتج المرافق و العنصر 97 اللي توقعناه على شكل ثلاثي فلوريد. هاد الخليط تحول ل هيدروكسيدات المناسبة بالمعاملة ديالو ب هيدروكسيد البوتاسيوم، و من بعد الطرد المركزي، ذوبناه ف حمض البيركلوريك.,"3) . had lmar7la 3tat khaliT dyal lkurium l منتج l marāfiq w l3unSur 97 lli tawaq3nah 3la shkl thulāthī florīd. had lkhaliT t7awwal l hydroxīdāt lmunāsiba blmu3āmala dyālo b hydroxīd lbotāsiyūm, w min ba3d lTard lmarkazi, dhbawnah f 7amḍ lberklōrīk.","3 ) . This step yielded a mixture of the accompanying product curium and the expected element 97 in form of trifluorides . The mixture was converted to the corresponding hydroxides by treating it with potassium hydroxide , and after centrifugation , was dissolved in perchloric acid .",3) . أسفرت هذه الخطوة عن خليط من الناتج المرافق الكوريوم والعنصر المتوقع 97 في شكل ثلاثي فلوريد. تم تحويل الخليط إلى الهيدروكسيدات المقابلة عن طريق معالجته بهيدروكسيد البوتاسيوم، وبعد الطرد المركزي، تم إذابته في حمض البيركلوريك.,37,GENERATED
data51698,DATA_6545,A,هاد المحل حسّن,had lma7al 7ssen,this shop is much nicer,هذا المتجر أجمل بكثير,5,PARTIALLY VALIDATED
data51699,DATA_2035,A,وكنبقى نضرب في ناس كيعمو بشوية,o kanb9a ndrab fnas kay3omo bchwiya,And I keep bumping into people swimming slowly,وأظل أصادف أناساً يسبحون ببطء,8,PARTIALLY VALIDATED
data51700,WIKI_C_08226,C,إيلا شي واحد تشخص بـ HIT، شي ناس كينصحو يديرو دوبلر ديال العروق ديال الرجلين باش يعرفو واش كاين تخثر دموي عميق، حيت هادشي كيوقع بزاف مع HIT.,"ila shi wahed teshkhs b HIT, shi nas kayns7o ydiru doppler dyal l3roq dyal rjlin bach y3rfo wach kayn tkhttr damwi 3mi9, hit hadshi kaywqe3 bzaf m3a HIT.","If someone has been diagnosed with HIT , some recommend routine Doppler <unk> of the leg veins to identify deep vein <unk> , as this is very common in HIT .",إذا تم تشخيص شخص ما بـ HIT ، يوصي البعض بإجراء دوبلر روتيني للأوردة الساقية لتحديد تجلط الأوردة العميقة ، نظرًا لأن هذا أمر شائع جدًا في HIT.,28,GENERATED
data51701,DATA_8095,A,ختاك ماعرفتيهاك,5tak ma3rftihax,dont you know you sister,ألا تعرف أختك؟,5,PARTIALLY VALIDATED
data51702,DATA_15092,B,. الأكسيد Sb2O3 بوليميري، أمفوتيري، وكيشكل الزاج. الأنتيموان عندو كيمياء عضوية-فلزية واسعة (شوف كيمياء الأورغانو-أنتيموان).,"L'oksid Sb2O3 polimiri, amfotiri, o kishkel z-zaj. L'antimwan 3ndo kimya 3odwiya-flziya wasi3a (shuf kimya l'organo-antimwan).","2 . The oxide Sb2O3 is polymeric , amphoteric , and a glass former . Antimony has an extensive organometallic chemistry ( see organoantimony chemistry ) .",2 . أكسيد الأنتيمون الثلاثي (Sb2O3) بوليمري، متردد، وشكل للزجاج. يمتلك الأنتيمون كيمياء عضوية فلزية واسعة (انظر كيمياء الأنتيمون العضوية).,27,GENERATED
data51703,DATA_20086,B,فالحفل ديال جورج ف 29 نوفمبر 2002، الأغنية غناها بيلي پريستون، و سام براون كانت معاه فلي ريفران.,"fal-hafl dyal George f 29 nuwanbir 2002, l-ughniya ghannaha Billy Preston, u Sam Brown kant m'ah f-li Riveran.","At the Concert for George on 29 November 2002 , the song was performed by Billy Preston , with Sam Brown joining on backing vocals .",في حفل جورج في 29 نوفمبر 2002، أدى الأغنية بيلي بريستون، وانضمت سام براون في الغناء المرافقة.,26,GENERATED
data51704,WIKI_D_11620,D,"Roth, Michael S., Claire L. Lyons, w Charles Merewether. Irresistible decay: ruins reclaimed. Los Angeles, CA: Getty Research Institute for the History of Art and the Humanities, 1997. ISBN 0 @-@ 89236 @-@ 468 @-@ 8","roth, michael s., claire l. lyons, w charles merewether. irresistible decay: ruins reclaimed. los angeles, ca: getty research institute for the history of art and the humanities, 1997. isbn 0-89236-468-8","Roth , Michael S. , Claire L. Lyons , and Charles Merewether . Irresistible decay : ruins reclaimed . Los Angeles , CA : Getty Research Institute for the History of Art and the Humanities , 1997 . ISBN 0 @-@ 89236 @-@ 468 @-@ 8",روث، مايكل إس.، كلير إل. ليونز، وتشارلز ميريويذر. انحلال لا يقاوم: آثار مستعادة. لوس أنجلوس، كاليفورنيا: معهد غيتي لأبحاث تاريخ وفنون الإنسانيات، 1997. رقم ISBN 0-89236-468-8.,36,GENERATED
data51705,WIKI_C_10192,C,مخدومين فداكشي اللي كيتسماو تجارب سندان الماس باش يخلقو ضغط طالع بزاف، الماس قادر يصبر لواحد الضغط اللي يقدر يهرس كثر من 600 جيجا باسكال (6 مليون ديال الضغط الجوي).,mkhdoumin f dakchi lli kiytsmayaw tajareb sandan l'mas bach ykhla9o daght 9ader yharress ktr men 600 giga pascal (6 milyon dyal daght jawi).,"Used in so @-@ called diamond anvil experiments to create high @-@ pressure environments , diamonds are able to withstand crushing pressures in excess of 600 gigapascals ( 6 million atmospheres ) .",تُستخدم الألماس في تجارب ما يسمى بسندان الألماس لخلق بيئات عالية الضغط، ويمكن للألماس تحمل ضغوط ساحقة تزيد عن 600 جيجا باسكال (6 ملايين ضغط جوي).,30,GENERATED
data51706,WIKI_D_01902,D,"Mehta, Harish C. & Julie B. (2013). Strongman: The Extraordinary Life of Hun Sen. Singapore: Marshall Cavendish International Asia Pte Ltd. ISBN 981 @-@ <unk> @-@ 60 @-@ 1.","mehta, harish c. & julie b. (2013). strongman: the extraordinary life of hun sen. singapore: marshall cavendish international asia pte ltd. isbn 981 @-@ <unk> @-@ 60 @-@ 1.","Mehta , Harish C. & Julie B. ( 2013 ) . Strongman : The Extraordinary Life of Hun Sen : The Extraordinary Life of Hun Sen. Singapore : Marshall Cavendish International Asia Pte Ltd . ISBN 981 @-@ <unk> @-@ 60 @-@ 1 .",ميهتا، هاريش سي. وجولي بي. (2013). سترونغ مان: الحياة الاستثنائية لهون سين: الحياة الاستثنائية لهون سين. سنغافورة: مارشال كافنديش إنترناشونال آسيا برايفت ليمتد. ردمك 981-@-@-60-1.,29,GENERATED
data51707,WIKI_C_10929,C,فاش كايكون داكشي مكفس ما كتخدمش الكارما. الكارما عاد كاتخدم فاش كايسالي داك التكفاس.,fash kaykun dakchi mkfs ma katchdemch l karma. l karma 3ad katkhdem fash kayessali dak ttfass.,<unk> ( state of subsidence ) – During this state the operation of karma does not occur . The karma becomes operative only when the duration of subsidence ceases .,خلال هذه الحالة، لا تحدث عملية الكارما. تصبح الكارما فعالة فقط عندما تتوقف مدة السكون.,14,GENERATED
data51708,DATA_0084,A,فاش تانكون معطّل شوية ولّا ماتانديرش شي حاجة بغاتها,fach tankon m3TTel chwia olla matandirch chi haja bghat8a,when I'm running a little late or I don't do whatever she wants,عندما أتأخر قليلاً أو لا أفعل ما تريده,13,PARTIALLY VALIDATED
data51709,DATA_5221,A,شنو نقدر ندير ليك؟,chnou n9der ndir lik?,What can I do for you?,ماذا يمكنني أن أفعل لك؟,6,PARTIALLY VALIDATED
data51710,DATA_0012,A,و لكن غانجاوب عليهوم ف الأوقات ت لخدمة,walakin ghanjawb 3lihom fl aw9at t lkhdma,But I will only answer them during working hours,ولكنني سأجيبهم فقط خلال ساعات العمل,9,PARTIALLY VALIDATED
data51711,DATA_21274,B,الكتاب السنوي ديال الكتاب و الفنانين ديال 2007 فيه مقال ديال براتشيت على العملية ديال كتابة الفانتازي.,l-ktab s-snawi dyal l-ktab u l-fannanin dyal 2007 fih mqal dyal Pratchett 3la l-3amaliya dyal ktabt l-fantazi.,The Writers ' and Artists ' Yearbook 2007 includes an article by Pratchett about the process of writing fantasy .,"تتضمن ""دليل الكتاب والفنانين"" لعام 2007 مقالاً لبراتشيت حول عملية كتابة الخيال.",20,GENERATED
data51712,WIKI_D_01155,D,كانو تا هوما شي دي ديكتورات ديال غاما و نوترونات، وخا قلال اللي بقاو عايشين مورا الانفجار، ݣاع لي كونتورات اللي كانوا ف 200 قدم (61 ميترو) قريبة للنقطة ديال الانفجار تخربو، ولكن داكشي اللي تجمع ديال المعلومات كان كافي باش نعبرو الكمية ديال غاما اللي خرجات من الإشعاع المتأين.,"kano ta homa chi dyal detecteurs dial gamma w neutronat, wakha qlal li bqaw 3aychin mora l'infijar, ga3 li kounturat li kanu f 200 qdam (61 mitrou) qriba l nqta dial l'infijar tkhrebu, walakin dakchi li tjemme3 dial lma3lumat kan kafich bach n3ebbru l quantite dial gamma li khrejt mn l-icha3a l mutaayyin.","There were also several gamma ray and neutron detectors , although few survived the blast , with all the gauges within 200 feet ( 61 m ) of ground zero being destroyed , however sufficient data were recovered to measure the gamma ray component of the ionizing radiation released .",كانت هناك أيضاً عدة كواشف لأشعة غاما والنيوترونات، على الرغم من أن القليل منها نجا من الانفجار، حيث تم تدمير جميع المقاييس الموجودة على بعد 200 قدم (61 مترًا) من نقطة الصفر، ومع ذلك تم استعادة بيانات كافية لقياس مكون أشعة غاما للإشعاع المؤين المنبعث.,50,GENERATED
data51713,DATA_7596,A,قالي حاجة حساسية,gali 7aga 7sasiya,he told me she has allergic skin,أخبرني أن بشرتها حساسة,7,PARTIALLY VALIDATED
data51714,WIKI_C_08230,C,ف شهر ستة ديال 1967، شي شوية من النقابة ديال الكتّاب التشيكيين تعاطفو مع الاشتراكيين الراديكاليين، بالخصوص لودڤيك ڤاكوليك، ميلان كونديرا، و يان [غير معروف]، و أنطونين ياروسلاف [غير معروف]، و پاڤيل [غير معروف] و إيڤان [غير معروف].,"f shahr systa dyal 1967, chi shwiya mn lnaqaba dyal lkttab tchikyin ta3tafu m3a liskirakiyin radicalyin, b lkhtous ludvik vaculik, milan kundera, w yan <unk>, w antonin jaroslav <unk>, w pavel <unk> w ivan <unk>.","In June 1967 , a small fraction of the Czech writer 's union sympathized with radical socialists , specifically Ludvík Vaculík , Milan Kundera , Jan <unk> , Antonín Jaroslav <unk> , Pavel <unk> and Ivan <unk> .",في يونيو ١٩٦٧، تعاطفت نسبة ضئيلة من اتحاد الكتاب التشيكيين مع الاشتراكيين الراديكاليين، وبالتحديد لودفيك فاكوليك، وميلان كونديرا، ويان <unk>، وأنطونين ياروسلاف <unk>، وباڤيل <unk>، وإيڤان <unk>.,38,GENERATED
data51715,WIKI_D_09741,D,شحال من مرض فطري كيصيب وكيقتل الزيزان لكبار فاش فونڭا وحدة خرا قاتلة د لحشرات، كورديسپس، كتهاجم الصغار. فونڭا <unk> <unk> بالظبط كتهاجم الزيزان الدورية لكبار، و الجراثيم ديالها كيبقاو ناعسين فالتراب بين النوبات.,"sh7al mn marad fTori kaySib wkay9tl zizan likbar fash fungus wa7da kHra gatla d l7shrat, cordyceps, ktahajm sghar. fungus <unk> <unk> bDbt ktahajm zizan dawriya likbar, w ljartim dyalha kayb9aw na3sin f traab bin nubat.","Several fungal diseases infect and kill adult cicadas while another entomopathogenic fungus , Cordyceps spp . , attacks nymphs . <unk> <unk> specifically attacks the adults of periodical cicadas , the spores remaining dormant in the soil between outbreaks .",تصيب أمراض فطرية متعددة الزيزان البالغة وتقتلها، بينما يهاجم فطر ممرض آخر للحشرات، وهو جنس الفطر المقطوع (Cordyceps spp.)، الحوريات. يهاجم هذا الفطر بشكل خاص الزيزان الدورية البالغة، وتبقى الأبواغ كامنة في التربة بين فترات تفشيها.,34,GENERATED
data51716,WIKI_D_01898,D,"Burchett, William G.; Norodom, Sihanouk (1973). Ḥarbi mʿa CIA: Nidal d Cambodja bāsh t-qādar t-ʿīsh. L-Imārāt l-Mottaḥida l-Amrīkiya: Penguin Books. ISBN 0-14-*-8.","burchett, william g.; norodom, sihanouk (1973). ḥarbi m3a cia: nidal d cambodja bash tqadar t3ish. l-imarat l-mottahida l-amrikiya: penguin books. isbn 0-14-*-8.","Burchett , William G. ; Norodom , Sihanouk ( 1973 ) . My War with the CIA : Cambodia 's fight for survival . United States of America : Penguin Books . ISBN 0 @-@ 14 @-@ <unk> @-@ 8 .",بورشيت، ويليام جي.؛ نورودوم سيهانوك (1973). حربى مع وكالة المخابرات المركزية: كفاح كمبوديا من أجل البقاء. الولايات المتحدة الأمريكية: بنجوين بوكس. ISBN 0-14-*-8.,22,GENERATED
data51717,DATA_6709,A,اشناهيا البلاصة لي ماكرهتش تزورها؟,achnahiya lblassa li makrehtich tzourha ?,what's your dream travel destination?,ما هي وجهة سفر أحلامك؟,5,PARTIALLY VALIDATED
data51718,WIKI_D_06496,D,"قبل، كاع الموت اللي ماشي قتل كانو كيتسمّاو ""قتل غير عمدي"" – ولكن، القانون دابا كيطلب الموت يكون فيه واحد النوع محدد من القتل غير العمدي. القتل غير العمدي ديال دابا، واخا هكاك، باقي عندو واحد النطاق واسع بزاف.","qbl, ka3 l-mut dyal lli ma-kyn-sh qtl kano kytssmmo ""qtl ghir 3amdi"" - walakin, l-qanon daba kaytlob l-mut ykon fih wa7d an-now3 l-mo7addd men l-qtl ghir l-3amdi. l-qtl ghir l-3amdi dyal daba, wa7a haka, baqi 3ndo wa7d n-t9 wss3 bzzaf.","Previously , all deaths which were not murder were classified as "" manslaughter "" – however , the law now requires that the death fit a particular type of manslaughter . Modern manslaughter does , however , retain a very wide scope .","في السابق، كانت جميع الوفيات التي لا تُعد قتلًا تُصنف على أنها ""قتل خطأ"" - ومع ذلك، يتطلب القانون الآن أن تتناسب الوفاة مع نوع معين من القتل الخطأ. ومع ذلك، يحتفظ القتل الخطأ الحديث بنطاق واسع جدًا.",39,GENERATED
data51719,DATA_2856,A,جا واحد عطقني، الحسن الحاض,"ja wahd 3t9ni, l7osn l7aDD","Somebody came to rescue me, thankfully",لقد جاء أحدهم لإنقاذي، لحسن الحظ,6,PARTIALLY VALIDATED
data51720,DATA_21009,B,كاينين تا شي مساحات خلاوية ديال الكليات @-@ لي مملوكة ليهم ومفتوحة للعموم، بحال غابة باڭلي وخصوصا مرج كرايست تشيرش.,"kaynin ta shi msahat khlawiya dyal l-kulliyat @-@ li mmlouka l-ihum u mftouha l-l'umum, bhal ghaba Bagli u khususan Merj Christ Church.","There are also various collegiate @-@ owned open spaces open to the public , including Bagley Wood and most notably Christ Church Meadow .",توجد أيضاً مساحات مفتوحة مختلفة تملكها الكليات ومفتوحة للعامة، بما في ذلك باغلي وود، وأبرزها مروج كنيسة المسيح.,24,GENERATED
data51721,WIKI_C_11323,C,ما عرفتش/مفهمتش أولدي گوموندور هما ما عرفتش/مفهمتش ما عرفتش/مفهمتش ما عرفتش/مفهمتش على ود O [ما عرفتش/مفهمتش] عين (?) لي ما عرفتش/مفهمتش ف ما عرفتش/مفهمتش. كان مول الدار ما عرفتش/مفهمتش، مات فاليونان (؟).,"ma 3rftch/mfehmtch awldi gumundr hma ma 3rftch/mfehmtch ma 3rftch/mfehmtch ma 3rftch/mfehmtch 3la wd O [ma 3rftch/mfehmtch] 3in (?) li ma 3rftch/mfehmtch f ma 3rftch/mfehmtch. kan mol dar ma 3rftch/mfehmtch, mat felyunan (?).","<unk> / <unk> ok Guðmundr þau <unk> <unk> <unk> æftiʀ O [ <unk> ] aug ( ? ) , eʀ <unk> i <unk> . Hann vaʀ bondi <unk> , dauðr i Grikkium ( ? ) .",<unk> / <unk> حسناً غوموندور هما <unk> <unk> <unk> تذكاراً لـ أو [ <unk> ] عين (؟)، الذي <unk> في <unk>. كان فلاحاً <unk>، مات في اليونان (؟).,32,GENERATED
data51722,DATA_22980,B,"Günter Schulz - guitarat, vocal (2, 6), bass (5), pre @-@ production","Günter Schulz - guitarat, vocal (2, 6), bass (5), pre @-@ production","Günter Schulz – guitars , vocals ( 2 , 6 ) , bass ( 5 ) , pre @-@ production",غونتر شولتز - جيتار، غناء (2، 6)، باس (5)، ما قبل الإنتاج,20,GENERATED
data51723,DATA_19149,B,"Ktab Sghir Dyâl Ttirjja Ldderri Sghar (Ttabεa Rrabεa, 1791) [Machī f Llist Dyâl Wills]","Ktab Sghir Dyal Ttirjja Ldderri Sghar (Ttabεa Rrabεa, 1791) [Mashi f Llist Dyal Wills]","The Little Spelling Book for Young Children ( 4th ed . , 1791 ) [ not on Wills ' list ]",كتاب الإملاء الصغير للأطفال الصغار (الطبعة الرابعة، 1791) [غير موجود في قائمة ويلز],21,GENERATED
data51724,WIKI_C_02445,C,"واخا، ها هي:

واحد الشكل آخر اللي كيتّابع بزاف هو ديال تيودور هادا (عام 1960). العناصر مرتبة فواحد الحلزون داير، الهيدروجين كاين فالوسط، و الفلزات الانتقالية و اللانثانيدات و الأكتينيدات شادين بلايص بحال شبه الجزيرة.","wakha, ha hiya: wahed l-chekel akhor li kayttabe3 bezzaf howa dyal Theodor hada (3am 1960). l-3anasir mrettba f-wahed 7elzoûn dayer, l-hydrogen kayen fel-west, w l-felazat l-intiqaliya w l-lanthanidat w l-actinidat chaddin blayes b7al shibeh jzira.","A popular alternative structure is that of Theodor <unk> ( 1960 ) . The elements are arranged in a continuous spiral , with hydrogen at the center and the transition metals , lanthanides , and actinides occupying peninsulas .",الهيكل البديل الشائع هو هيكل ثيودور <unk> (1960). ترتب العناصر في حلزون مستمر، مع وجود الهيدروجين في المركز، والمعادن الانتقالية واللانثانيدات والأكتينيدات تحتل شبه جزر.,35,GENERATED
data51725,WIKI_C_00239,C,"من هادو، الزولوجيين كولين غروڤز و بيتر گروب كيعتابرو O. o. hastata, O. o. montana, O. o. ourebi و O. o. <unk> كأنواع بوحدهم في كتابهم اللي نشروه في 2011 <unk> Taxonomy.","men hadu, zologiyin colin groves w peter grubb kiy3tabru O. o. hastata, O. o. montana, O. o. ourebi w O. o. <unk> ka2anwa3 bo7dhom f ktobhom lli nashro f 2011 <unk> Taxonomy.","Of these , zoologists Colin Groves and Peter Grubb identify O. o. hastata , O. o. montana , O. o. ourebi and O. o. <unk> as independent species in their 2011 publication <unk> Taxonomy .",من بين هذه الأنواع، يحدد علماء الحيوان كولين غروڤز وبيتر گروب كلاً من O. o. hastata و O. o. montana و O. o. ourebi و O. o. <unk> كأنواع مستقلة في منشورهم لعام 2011 بعنوان <unk> Taxonomy.,32,GENERATED
data51726,WIKI_C_06618,C,فالعصر ديال دابا، دخلات الهندسة المعمارية على طريقة آرت ديكو. بزاف ديال هاد الأمثلة كتشوفهم فالتماثيل فكاع البلاد، بالخصوص فالبلايص العمومية و الجرادي.,"fel3asr dyal daba, dkhlat lhindasa lma3mariya 3la tari9a art deco. bezzzaf dyal had lamsila katchoufehom fttamathil fakka3 lablad, blkhooss fblayiess l3amoumiya wljrradi.","In the modern period , the integration of architecture in the Art Deco style happened . Many of these examples can be seen in statues all over the country especially in public parks and spaces .",في الفترة الحديثة، تم دمج العمارة بأسلوب آرت ديكو. يمكن رؤية العديد من هذه الأمثلة في التماثيل في جميع أنحاء البلاد، خاصة في الحدائق والأماكن العامة.,23,GENERATED
data51727,WIKI_C_11473,C,الاختيارات اللي كاينين: روض ديال اللومنيوم مفرّجين، فيهم سبعة عشر بوصة وخمسة ديال الصباع، مضوّيين ومصاوبين مزيان؛ كاميرا اللور، سيستيم ديال المعاونة فالباركينغ؛ فولون ديال الجلد؛ والكراسة القدامية سخونة بالجلد وكتشعل راسها.,"lkhtiyarat likaynin: rwod dyal l'aluminyum mfarjin, fihom 17 bosa w 5 dyal sba3, mdwiyin wmsawbin mzyan; kamera lor, sistim dyal lmo3awna falparking; volan dyal l'jld; wkrasa lqodamiya skhona b l'jld wkatch3l rasah.","Available options include ; 17 @-@ inch 5 @-@ spoke forged polished @-@ aluminum wheels ; rearview camera system , parking assist package ; leather @-@ wrapped steering wheel ; and heated leather front seats with selectable automatic activation .",تشمل الخيارات المتاحة عجلات من الألمنيوم المفرّغ والمصقول ذي 17 بوصة و5 أذرع؛ ونظام كاميرا الرؤية الخلفية، وحزمة المساعدة على الركن؛ وعجلة قيادة مغلفة بالجلد؛ ومقاعد أمامية جلدية مدفأة مع تفعيل تلقائي قابل للتحديد.,32,GENERATED
data51728,WIKI_D_10613,D,فالتالي ديال العرض كان فيه ماتش ديال الكفن على بطولة WWF، اللي فيه يوكوزونا دافع بنجاح على اللقب ضد ذا أندرتيكر. وزيادة على هادشي، الكيبيكرز غلبو بريت وأوين هارت باش يحافظو على بطولة WWF للفرق الثنائية و ريزر رامون دافع بنجاح على بطولة القارات.,"f tali dyal l 3ard kan fih match dyal l kfana 3la btulat WWF, li fih Yokozuna df3 bnjah 3la l9b 3d l Undertaker. w zyad 3la hadchi, l Quebecers 3lbw Bret w Owen Hart bach y7fdo 3la btulat WWF dyal l forq dyalinyya w Razor Ramon df3 bnjah 3la btulat l 9arrat.","The undercard included a Casket match for the WWF Championship , in which Yokozuna successfully defended the title against The Undertaker . In addition , The Quebecers beat Bret and Owen Hart to retain the WWF Tag Team Championship and Razor Ramon successfully defended his Intercontinental Championship .",تضمنت المباريات التمهيدية مباراة تابوت على بطولة WWF، والتي نجح فيها يوكوزونا في الدفاع عن اللقب ضد ذا أندرتيكر. بالإضافة إلى ذلك، تغلب فريق الكيبيك على بريت وأوين هارت للاحتفاظ ببطولة WWF للفرق الزوجية، ونجح ريزر رامون في الدفاع عن بطولة القارات.,44,GENERATED
data51729,wiki_24,B,"سياسة الخصوصية
	معلومات على ويكيپيديا
	إخلاء مسؤولية
	قواعد د السلوك
	مُطوِّرين
	إحصائيات
	بيان متعلق ب لكوكيز
	ڤيرسيون موبيل


	
	
	




		
	 
 

	
		
			
				

قلّب
			
		
			
		
			
				
					
						
							
								
								
							
							
						
						قلّب
					
				
			
		
		
				الصفحة اللولا
			
		
		
			
				


			
			


			
			


			
			


			
			


			
			


			
			


			
		
			
				

343 لوغات
			
			

زيد شي موضوع
			
		
			
				
				
			
		
	


	
		
	

(RLQ=window.RLQ||[]).push(function(){mw.config.set({""wgHostname"":""mw-web.eqiad.main-7845fc4659-8j5d7"",""wgBackendResponseTime"":170,""wgPageParseReport"":{""limitreport"":{""cputime"":""0.383"",""walltime"":""0.486"",""ppvisitednodes"":{""value"":2967,""limit"":1000000},""revisionsize"":{""value"":5646,""limit"":2097152},""postexpandincludesize"":{""value"":49381,""limit"":2097152},""templateargumentsize"":{""value"":9284,""limit"":2097152},""expansiondepth"":{""value"":32,""limit"":100},""expensivefunctioncount"":{""value"":4,""limit"":500},""unstrip-depth"":{""value"":0,""limit"":20},""unstrip-size"":{""value"":2737,""limit"":5000000},""entityaccesscount"":{""value"":0,""limit"":500},""timingprofile"":[""100.00%  277.520      1 -total"","" 24.53%   68.076      1 موضيل:تضمين_ديال_ترتيب_د_لكتاتبيا_ف_صفحة_لولة"","" 23.49%   65.201      1 موضيل:ترتيب_د_لكتاتبيا_د_صفحة_لولة"","" 22.74%   63.121      1 موضيل:طابلو_منمر"","" 14.10%   39.117      1 موضيل:طابلو_منمر/elem1"","" 10.78%   29.920      1 موضيل:طابلو_منمر/all_items"",""  8.61%   23.897      5 موضيل:طابلو_منمر/each_item"",""  7.99%   22.172      5 موضيل:طابلو_منمر/process_item"",""  6.17%   17.121      2 موضيل:طابلو_منمر/display_item"",""  5.82%   16.159      1 موضيل:التصويرة_المزيانة_د_الصفحة_اللولة""]},""cachereport"":{""origin"":""mw-web.codfw.main-59cc57db4d-vcxvn"",""timestamp"":""20260129230101"",""ttl"":3541,""transientcontent"":true}}});});
{""@context"":""https:\/\/schema.org"",""@type"":""Article"",""name"":""\u0627\u0644\u0635\u0641\u062d\u0629 \u0627\u0644\u0644\u0648\u0644\u0627"",""url"":""https:\/\/ary.wikipedia.org\/wiki\/%D8%A7%D9%84%D8%B5%D9%81%D8%AD%D8%A9_%D8%A7%D9%84%D9%84%D9%88%D9%84%D8%A7"",""sameAs"":""http:\/\/www.wikidata.org\/entity\/Q5296"",""mainEntity"":""http:\/\/www.wikidata.org\/entity\/Q5296"",""author"":{""@type"":""Organization"",""name"":""\u0627\u0644\u0645\u0633\u0627\u0647\u0645\u0648\u0646 \u0641\u064a \u0645\u0634\u0627\u0631\u064a\u0639 \u0648\u064a\u0643\u064a\u0645\u064a\u062f\u064a\u0627""},""publisher"":{""@type"":""Organization"",""name"":""\u0645\u0624\u0633\u0633\u0629 \u0648\u064a\u0643\u064a\u0645\u064a\u062f\u064a\u0627"",""logo"":{""@type"":""ImageObject"",""url"":""https:\/\/www.wikimedia.org\/static\/images\/wmf-hor-googpub.png""}},""datePublished"":""2009-01-15T23:12:04Z"",""dateModified"":""2025-07-07T20:48:02Z"",""image"":""https:\/\/upload.wikimedia.org\/wikipedia\/commons\/4\/42\/Football_in_Bloomington%2C_Indiana%2C_1995.jpg"",""headline"":""\u0635\u0641\u062d\u0629 \u062f \u0644\u067e\u0631\u0648\u062c\u064a \u062f \u0648\u064a\u0643\u064a\u0645\u064a\u062f\u064a\u0627""}","Siyaset el khsusiya
Ma3lumatt 3la el wikipedia
Ikhla2 mas2uliya
Qawa3ed d selok
Mottawirin
Ihsa2iyat
Bayan muta3alliq b el cookies
Version mobil

Qellib
Qellib
Safa7a el lula
343 loghat
Zid chi mawdu3","privacy policy
about wikipedia
disclaimer
code of conduct
developers
statistics
cookie statement
mobile view

toggle navigation
home
343 languages
add topic
{""@context"":""https://schema.org"",""@type"":""article"",""name"":""the first page"",""url"":""https://ary.wikipedia.org/wiki/الصفحة_الولا"",""sameas"":""http://www.wikidata.org/entity/q5296"",""mainentity"":""http://www.wikidata.org/entity/q5296"",""author"":{""@type"":""organization"",""name"":""contributors to wikimedia projects""},""publisher"":{""@type"":""organization"",""name"":""wikimedia foundation"",""logo"":{""@type"":""imageobject"",""url"":""https://www.wikimedia.org/static/images/wmf-hor-googpub.png""}},""datepublished"":""2009-01-15t23:12:04z"",""datemodified"":""2025-07-07t20:48:02z"",""image"":""https://upload.wikimedia.org/wikipedia/commons/4/42/football_in_bloomington%2c_indiana%2c_1995.jpg"",""headline"":""page of a wikimedia project""}","سياسة الخصوصية
معلومات على ويكيبيديا
إخلاء مسؤولية
قواعد السلوك
مطورون
إحصائيات
بيان متعلق بملفات تعريف الارتباط
إصدار الهاتف المحمول
قلّب
الصفحة الأولى
343 لغة
أضف موضوعاً",32,active
data51730,WIKI_C_08200,C,كتكون متقاربة إلا و غير إلا كانت هاديك e ناقص e صغر أو كتساوي x صغر أو كتساوي e واحد على e (أو تقريبا بين زيرو فاصلة شحال هادي و واحد فاصلة شحال هادي)، بسباب واحد التيوريم ديال ليونارد أويلر.,"ktkon mtqarba ila w ghir ila kant hadik e naqes e sghar aw tsawi x sghar aw tsawi e wahd 3la e (aw ta9riban bin zero f., chhal hadi w wahed f., chhal hadi), bsbab wahed theorem dyal leonhard euler.","converges if and only if e − e ≤ x ≤ e1 / e ( or approximately between 0 @.@ <unk> and 1 @.@ 4447 ) , due to a theorem of Leonhard Euler .",تتقارب إذا وفقط إذا كانت هـ - هـ ≤ س ≤ هـ¹ / هـ (أو تقريبًا بين 0.0 و 1.4447)، بفضل نظرية ليونهارد أويلر.,40,GENERATED
data51731,DATA_22762,B,حتى لماتش ديال 11 يونيو 2016. النتيجة ديال النڭليز مكتوبة اللولة، و الخانة ديال النتيجة كاتبيّن النتيجة من بعد كل ڭول ماركاه ميلنر.,"Hetta lmatch dial 11 yunyu 2016. Natija dial Ngliz mektouba lowla, o lkhana dial natija katbeyyen natija men be3d koll ڭoul markah Milner.","As of match played 11 June 2016 . England score listed first , score column indicates score after each Milner goal .",حتى المباراة التي لُعبت في 11 يونيو 2016. منتخب إنجلترا هو المسجل أولاً، وعمود النتيجة يشير إلى النتيجة بعد كل هدف سجله ميلنر.,22,GENERATED
data51732,DATA_20937,B,"آش س. ٳ. (1946). "" تكوين انطباعات على الشخصية"". مجلة علم النفس الاجتماعي الشاذ، 41، 258 @-@ 290.","ash S. I. (1946). ""Takwin intiba'at 'ala ash-shakhsiya"". Majallat 'ilm an-nafs al-ijtima'i ash-shadh, 41, 258 @-@ 290.","Asch S. E. ( 1946 ) . "" Forming impressions of personality "" . Journal of Abnormal and Social Psychology , 41 , 258 @-@ 290 .","آش، س. إ. (1946). ""تكوين الانطباعات عن الشخصية"". مجلة علم النفس غير الطبيعي والاجتماعي، 41، 258-290.",27,GENERATED
data51733,DATA_7274,A,كيفاش ديما كتخليني حسّا بلحوب ديالك ?,kifach dima kat5lini 7assa bl7oub dialk ?,how do you always know how to make me feel so loved and cherished?,كيف تعرف دائمًا كيف تجعلني أشعر بالحب والتقدير؟,14,PARTIALLY VALIDATED
data51734,WIKI_D_04105,D,وقع العنف مع التسعود ديال الليل فساحة تقسيم فإسطنبول، فواحد المضاربة بين الجمهور ديال ليدز و الجمهور ديال غلطة سراي، النهار اللي قبل النص النهائي ديال الكأس دالاتحاد الأوروبي فالتيران ديال علي سامي يان ديال غلطة سراي فإسطنبول، فستة ديال شهر أربعة عام ألفين.,"waq3 l3onf m3a tss3oud dyal l lil f sa7t taqsim f istanbul, f wa7d lmDarba byn ljomhour dyal leeds w ljomhour dyal galatasaray, nhar lli qbl nss النهائي dyal lkass dyal itti7ad l2oropi f tiran dyal 3ali sami yen dyal galatasaray f istanbul, f stta dyal chhar 4 3am 2000.",The violence occurred at 21 : 00 in Istanbul 's Taksim Square during a fight between Leeds fans and Galatasaray fans the day before their UEFA Cup semi @-@ final first leg at Galatasaray 's Ali Sami Yen Stadium in Istanbul on 6 April 2000 .,وقع العنف في الساعة الحادية والعشرين مساءً في ميدان تقسيم بإسطنبول خلال اشتباك بين مشجعي ليدز ومشجعي غلطة سراي قبل يوم واحد من مباراتهما الأولى في نصف نهائي كأس الاتحاد الأوروبي على ملعب علي سامي ين لغلطة سراي في إسطنبول في 6 أبريل 2000.,44,GENERATED
data51735,WIKI_C_02888,C,العافية الكبيرة دازات فالتيلي ديال إيتيڤي ف 2014. دوزوها في ربعة ديال الحلقات. كاتعاود واحد القصة من الخيال فيها عائلة ديال الخباز ديال زنقة بودين فواحد المؤامرة زعما ديال البابا.,laafya lkbiira daazat f tele dyal itv f 2014. dawzuha f rba3 dyal l7laqat. kaat3awd wa7d lqissa mn lkhiyal fiha 3aelt dyal lbazzaz dyal zne9a pudding f wa7d lmo2amara za3ma dyal lbaba.,The Great Fire was released on ITV television in 2014 . It was shown in four episodes . It constructs a fictional scenario involving the Pudding Lane baker 's family in an alleged popish plot .,"تم عرض ""الحريق الكبير"" على تلفزيون آي تي في عام 2014. تم بثه في أربع حلقات. يصور سيناريو خياليًا يتعلق بعائلة خباز ""بودينغ لين"" في مؤامرة بابوية مزعومة.",30,GENERATED
data51736,WIKI_D_08823,D,ف 2008، طلعات واحد الترقيعة ماشي رسمية باش تبقى C & C خدامة ف النسخ ديال 32 و 64 بيت ديال ويندوز إكس بي والفوق. هاد الترقيعة كتصاوب شي عيوب ف اللعبة، و كتزيد تحسينات بحال الدقة العالية و الدعم ديال حزمات اللغة.,"f 2008, tll3at wa7d trqia3a machi rasmiya bach tbqa C & C khadama f lns5 dyal 32 w 64 bit dyal windows xp w lfoq. had trqia3a katSowb chi 3yob f lbgh, w katzid t7sinat b7al d'a l3alya w d3m dyal 7ezmat llogha.","In 2008 , an unofficial patch was released to keep C & C working on both 32 and 64 bit versions of Windows XP and higher . The patch fixes several bugs in the game , and adds upgrades like higher resolution and support for language packs .",في عام 2008، صدر تصحيح غير رسمي للحفاظ على عمل لعبة C & C على كل من نسختي 32 و 64 بت من نظام التشغيل ويندوز XP وما بعده. يقوم التصحيح بإصلاح العديد من الأخطاء في اللعبة، ويضيف تحسينات مثل دقة أعلى ودعم لحزم اللغات.,43,GENERATED
data51737,WIKI_C_06645,C,الفحم والزيت بداو كيتحرقو بكميات كبيرة فالقرن 19. بجوج قدام بزاف لدرجة فيهم شوية ديال 14C اللي ممكن يتشاف، ونتيجة لهادشي، الCO,"lf7am wel zit bdao k7er9o bkomyat kbar f l9arn 19. bjoj qdam bzaf ldarafa fihom shwiya dyal 14C lli momkin يتشاف, w netijta la hadshi, l CO","Coal and oil began to be burned in large quantities during the 19th century . Both are sufficiently old that they contain little detectable 14C and , as a result , the CO",بدأ حرق الفحم والنفط بكميات كبيرة خلال القرن التاسع عشر. كلاهما قديمان بما يكفي ليحتويا على كمية قليلة قابلة للكشف من الكربون 14، ونتيجة لذلك، فإن ثاني أكسيد الكربون,22,GENERATED
data51738,WIKI_D_11808,D,فطيلة هاد الفترة، الجيش الفدرالي، الجيش الشعبي اليوغسلافي، و قوات الدفاع الإقليمية المحلية بقاو كيتسيروهم السلطات الفدرالية اللي مسيطر عليها ميلوسيفيتش. هلسنكي واتش بلّغات باللي السلطات الصربية ديال كرايينا قتلو الصرب اللي كانو باغين يتصالحو مع المسؤولين الكرواتيين.,"fthila had lftra, l jaysh l federal, l jaysh sh3by lyogoslavy, w qwat l dfa3 l i9limiya l ma7liya bqaw kaytsirohom sulta t l federaliya li msaytar 3liha milosevic. Helsinki Watch bl7gat bli sulta t srbiya dyal krajina qtalou srb li kanou baghin ytsalhou m3 lms2olin l krowatiyin.","Throughout this period , the federal army , the JNA , and the local Territorial Defense Forces continued to be led by Federal authorities controlled by Milošević . Helsinki Watch reported that Serb Krajina authorities executed Serbs who were willing to reach an accommodation with Croat officials .",خلال هذه الفترة، استمرت السلطات الفيدرالية التي يسيطر عليها ميلوسيفيتش في قيادة الجيش الفيدرالي، والجيش الشعبي اليوغوسلافي، وقوات الدفاع الإقليمية المحلية. أفادت منظمة هلسنكي ووتش أن سلطات كرايينا الصربية أعدمت الصرب الذين كانوا على استعداد للتوافق مع المسؤولين الكرواتيين.,38,GENERATED
data51739,DATA_13990,B,فركاعة في الفم (بوط كبير طاير لوجه الخصم اللي جالس [ديوس]، و كتكون مسبوقة عادة بسنابمار [دومينو]),"frka3a fl fem (boot kbir tayr lwjeh l-khsm li galess [dyus], w katkon msboqa 3ada b snabmar [domino])","Crack ' em in da Mouth ( Running big boot to a seated opponent 's face ( Deuce ) , usually preceded by a snapmare ( Domino ) )",كسرهم في الفم (تطبيق ضربة قوية بحذاء ضخم على وجه الخصم الجالس (ديوس)، وعادة ما يسبقها حركة السنّاب مير (دومينو)),29,GENERATED
data51740,DATA_0269,A,هاني كانحاول نسيفت ميساج ل داك لي خدّام معايا فل بيرو.,hani kan7awel nsift message l dak lli khddam m3aya fl biro.,I'm trying to text the co-worker at the desk.,أحاول مراسلة زميل العمل الذي على المكتب.,9,PARTIALLY VALIDATED
data51741,DATA_1149,A,علاه ماعندكش لحيوانات ل أليفا ف الدار?,3lah ma3ndkch l7ayawanat l alifa f ddar?,Do you not have lots of pets at home?,أليس لديكم الكثير من الحيوانات الأليفة في المنزل؟,9,PARTIALLY VALIDATED
data51742,WIKI_C_06763,C,"تقليد ديال أغنية ""Beat It"" ديال مايكل جاكسون; أغنية كتهضر على المعاناة ديال واحد الواليد باش يكل ولدو اللي مكياكل والو. من الألبوم ديال 1984 ""Weird Al"" Yankovic in 3-D.","ta9lid dyal aghniya ""Beat It"" dyal michael jackson; aghniya kathedar 3la lma3anat dyal wa7d lwalid bach ykal wldo lli makyakol waloo. men l'album dyal 1984 ""Weird Al"" Yankovic in 3-D.","Parody of "" Beat It "" by Michael Jackson ; a song about a parent 's exasperating quest to get their picky child to eat . From the 1984 album "" Weird Al "" Yankovic in 3 @-@ D.","محاكاة ساخرة لأغنية ""Beat It"" لمايكل جاكسون؛ أغنية عن مهمة الوالدين المزعجة لإقناع طفلهم الانتقائي بتناول الطعام. من ألبوم عام 1984 ""Weird Al"" Yankovic in 3-D.",30,GENERATED
data51743,WIKI_D_09386,D,هاد العاصفة الشمالية الشرقية طرات فواحد المرحلة إيجابية ديال تأرجح شمال الأطلسي (NAO)، واخا القيم السلبية ديال NAO كيتعتبرو عادة مثاليين لعواصف التلج فالشمال الشرقي ديال الولايات المتحدة. كانت هي الأولى من بين تلاتة ديال العواصف الشديدة خلال موسم الشتاء ديال 1960-1961.,"had l'asfa dyl-shmal dyal-shrq trrt f wajd marhala ijabiya dyal ta'aroj shmal l'atlasi (NAO), wakhá l-qiyam slybiya dyal NAO kiyta3tabro 3adtan mithaliya l'wasaf talj f shmal shrq dyal l-wilayat dyal-muta7da. kanat hi l-ula min bayn tlata dyal l'wasaf shdida khlal mawsim chtá dyal 1960-1961.","The nor 'easter occurred during a positive phase of the North Atlantic oscillation ( NAO ) , though negative NAO values are typically considered optimal for snowstorms in the northeastern United States . It was the first of three severe storms during the 1960 – 1961 winter season .",وقعت العاصفة الشمالية الشرقية خلال مرحلة إيجابية من تذبذب شمال الأطلسي (NAO)، على الرغم من أن القيم السلبية لـ NAO تُعتبر عادةً مثالية لعواصف الثلوج في شمال شرق الولايات المتحدة. كانت الأولى من بين ثلاث عواصف شديدة خلال موسم الشتاء 1960-1961.,42,GENERATED
data51744,WIKI_C_03401,C,الغد ليه هاد الضابط طرطق تلاتة د لي تانك خرين بالبيات ديالو، بلا ما يتخشى، كان كيخرج للعرصة نيشان و ما مسوقش كاع لراسو.,"lghd lih had ddebab tqg 3 tank khrin bpiat dyalo, bla ma ytkha, kan ykhroj l3rsat swa99a w ma msawwqch k3 li razo.","In the next morning this officer drove off three more tanks by the fearless use of his Piat , on each occasion leaving cover and taking up position in open ground with complete disregard for his personal safety .","في الصباح التالي، قام هذا الضابط بتفجير ثلاث دبابات أخرى باستخدام سلاح ""بيا"" الخاص به بشجاعة، وفي كل مرة كان يغادر موقعه الاحتياطي ويتخذ موقعًا في العراء دون اكتراث كامل بسلامته الشخصية.",24,GENERATED
data51745,WIKI_C_03495,C,لاندزفيركيون الشركة الوطنية ديال الضو ديال جمهورية آيسلندا كتقلب على الهيدروثيرمال و الجيوثيرمال و كتمول بزاف ديال البحوث فهاد المجال فالبلاد.,landsvirkjun chareka natiounal dyal ddo dyal joumoriyat ayslanda kat9allab 3la hydro thermal w geo thermal w katmoawel bezzaf dyal lbhoht fhad lmajall falblad.,"Landsvirkjun the national electricity company of the Republic of Iceland , is both in research of hydro and geothermal as well and funding a great deal of research work in the field in the country .",تجري شركة لاندسفيركيون، شركة الكهرباء الوطنية لجمهورية آيسلندا، بحثًا في الطاقة المائية والطاقة الحرارية الأرضية، وتمول قدرًا كبيرًا من الأعمال البحثية في هذا المجال في البلاد.,21,GENERATED
data51746,DATA_22139,B,"على الأقل 111 @,@ 091 واحد تّعدمو فاش كانت العملية لبولونية ديال NKVD (1937-38).","3la l'a9al 111 @,@ 091 wa7ed tّ3dmou fach kanet l3amaliya lboulouniya dyal NKVD (1937-38).","At least 111 @,@ 091 people were executed during the Polish Operation of the NKVD ( 1937 – 38 ) .",أُعدم ما لا يقل عن 111091 شخصاً خلال العملية البولندية لـ NKVD (1937-1938).,21,GENERATED
data51747,DATA_23730,B,مقطع حزين (الحركة 3، 4) ← جوج حركات ف نفس المقام الكبير (5، B),"maqtaa hazin (lharaka 3, 4) ← juj harakat f nfs lmqam lkbir (5, B)","Verse in minor key ( mvt . 3 , 4 ) → two movements in the same major key ( 5 , B )",مقطوعة في سلم صغير (حركة ثالثة، رابعة) → حركتان في نفس السلم الكبير (خامسة، بي),24,GENERATED
data51748,DATA_19822,B,كيت و روث جرينفيلد / ريبيكا بيرمان بدور إيلورا دانان، واحد الأميرة صغيرة لي النبوءة كتقول غتجيب الطيحة لالملكة بافموردا.,"Kit u Roth Greenfield / Rebecca Berman bدور Elora Danan, wa7ed l'amira sghira li n-nubuu'a katgul ghatjib ti7a l'melka Bavmorda.","Kate and Ruth Greenfield / Rebecca Bearman as Elora Danan , an infant princess that prophecy says will bring about Queen Bavmorda 's downfall .",كيت وروث غرينفيلد / ريبيكا بيرمان في دور إيلورا دانان، أميرة رضيعة تقول النبوءة إنها ستؤدي إلى سقوط الملكة بافموردا.,25,GENERATED
data51749,DATA_10671,A,مانضنش غادي يوڭف عليك شي حد يڭريسيك,mandench ghadi ywggef 3lik chi 7ed ygrissik,I dont think i will stole someone,لا أعتقد أنني سأسرق أحداً,7,PARTIALLY VALIDATED
data51750,DATA_0454,A,إذن واش خسّنا نديرو استدعاءات غير بل كحل ولبيض?,idan wach khssna ndiro stid3a2at hir bl k7el olbyeD?,So shall we do some invitations just in black and white?,فهل نجري بعض الدعوات باللونين الأسود والأبيض فقط؟,11,PARTIALLY VALIDATED
data51751,WIKI_D_00978,D,"المجلس وصّى تا ب تّفْتِيشْ مُنْتَظْمْ لْقَوَاعِدْ ديالْ الجْنِيحْ باشْ يْكْتَشْفُو شي صْدِيعَاتْ ديالْ العْيَا , و يزيدو فالْغْلُضْ ديالْ الجْزْءْ ديالْ الجْنِيحْ اللي مْلَصْقْ مع لْهَيْكَلْ ديالْ الطّيَارَة , و يْنَقْصُو فالسُّرْعَة ديالْ الطَّيْرَانْ ب 10% .","l-majlis wssa ta b ttfetish muntadm lqwa3id dyal ljni7 bash yktchfu chi sdi3at dyal l3ya, w yzidu f lghlod dyal ljuz dyal ljni7 lli mslq m3 lhaykal dyal ttyara, w yynqsu f ssur3a dyal ttyaran b 10%.","The Board also recommended frequent inspections of wing root fittings for the development of fatigue cracks , increasing the thickness of the portion of the wing attached to the fuselage , and reduction of operating speeds by 10 % .",كما أوصى المجلس بإجراء فحوصات متكررة لقواعد تركيب الأجنحة للكشف عن تطور شقوق الإجهاد، وزيادة سماكة الجزء من الجناح المتصل بالهيكل، وتقليل سرعات التشغيل بنسبة 10%.,38,GENERATED
data51752,WIKI_C_00947,C,بزاف ديال لحالات طبية متعلقة بالدهون بحال الحبوب، وكيس دهني، وتضخم، والورم الحميد الدهني. هادو عادة كيكونو سبابهم غدد دهنية ناشطة بزاف اللي كتنتج الدهون بزاف.,"bzaf dial l7alat tbibiya mtlqa b l'dhan b7al l7bob, w kyss d'hni, w tdwkhom, w l'worm l7mid d'hni. hado 3adatan kikon sababhom ghad d'hniya nchita bzaf lli katntj l'dhan bzaf.","Several related medical conditions involve sebum — including acne , sebaceous cysts , hyperplasia , and sebaceous adenoma . These are usually attributable to overactive sebaceous glands , which produce excess sebum .",تتضمن العديد من الحالات الطبية ذات الصلة الدهون - بما في ذلك حب الشباب، والأكياس الدهنية، والتضخم، والورم الغدي الدهني. ويرجع ذلك عادةً إلى فرط نشاط الغدد الدهنية، التي تنتج كمية زائدة من الدهون.,26,GENERATED
data51753,DATA_6609,A,مولود الكايس سلمات على الزبون كبيرة,moulat la caise slmat 3la cliant bebstisama kbira,the cashier greeted the customer with a warm smile,حيا أمين الصندوق الزبون بابتسامة دافئة,9,PARTIALLY VALIDATED
data51754,WIKI_D_04770,D,"بسباب طريقة اللعب ديالو الهجومية اللي فيها الخيال، وصفو نادانيان ب ""عبقري غريب الأطوار""، و ""تال الأرميني"" و ""خو كاسباروف من جيهة بو"". الفصل السادس من كتاب ""عبقري في الخلفية"" ديال تيبور كاروليي عام 2009 مخصص ل نادانيان.","bsbab taret le3b dyalo lehdoumia lli fiha lkhyal, wsso nadanian b ""3ab9ari ghrib l2atwar"", w ""tal larmeni"" w ""kho kasparov men jiha dyal bo"". lfasl ssedis men ktab ""3ab9ari f lkhalfia"" dyal tibor karolyi 3am 2009 mkhssos l nadanian.","Due to his imaginative attacking style , Nadanian has been described as a "" brilliant eccentric "" , the "" Armenian Tal "" and "" Kasparov 's half @-@ brother "" . The sixth chapter of Tibor Karolyi 's 2009 book Genius in the Background is devoted to Nadanian .","بسبب أسلوبه الهجومي المبتكر ، وُصف نادانيان بأنه ""غريب الأطوار لامع"" ، و ""تيل الأرميني"" و ""أخو كاسباروف من جهة"" . الفصل السادس من كتاب تيبور كاروليي ""عبقرية في الخلفية"" الصادر عام 2009 مخصص لنادانيان .",38,GENERATED
data51755,DATA_3111,A,و كاتحس بحال هي فمحاكمة؟,o kat7as b7al hya fmo7akama?,And you feel like she's on trial?,وهل تشعر كأنها في محاكمة؟,7,PARTIALLY VALIDATED
data51756,WIKI_C_10828,C,الهجوم ديال الفرقة الخامسة دالخَيالة على الناصرة و المقر ديال مجموعة جيش يلدريم ديال ليمان فون ساندرز على بعد سبعين ميل (مية و عشرة كيلومتر) من آسورف، قبل ما يقادّو السهل اللي غادي لأفولة.,"ljouhoma dyal lferqa l5amsa dyal lkhayala 3la nnasra w lmqar dyal mjmo3at jeich yildirim dyal lyman fon sanders 3la b3d sb3in mil (mya w 3achra km) men asurf, qbl ma yqaddo sse7l lli radi l'afoula.","The 5th Cavalry Division 's attack on Nazareth and Liman von Sanders ' Yildirim Army Group 's headquarters 70 miles ( 110 km ) from Asurf , before clearing the plain to Afulah .",هجوم الفرقة الخامسة من سلاح الفرسان على الناصرة ومقر مجموعة جيش يلدريم التابعة ليمان فون ساندرز على بعد سبعين ميلاً (110 كم) من آسورف، قبل تطهير السهل المؤدي إلى أفلح.,34,GENERATED
data51757,DATA_20050,B,التبعيات ديالو يقدروا يتغطاو بالبッケージات اللي كاينين ديجا في Testing أولا بالبッケージات اللي غادي يهاجرو فنفس الوقت.,"t-taba3iyat diyalou y-qadro itghattaw b l-package-at li kaynin deja fi Testing, awla b l-package-at li ghadi y-hajrou f n-nفس l-waqt.",Its dependencies can be satisfied by packages already in Testing or by packages being migrated at the same time .,يمكن تلبية تبعياته عن طريق حزم موجودة بالفعل في Testing أو عن طريق حزم يتم ترحيلها في نفس الوقت.,20,GENERATED
data51758,DATA_19342,B,الجرعات الزايدة ديال ألبرازولام كيديرو اكتئاب زايد في الجهاز العصبي المركزي (CNS) و يقدر يكون فيها واحد ولا كثر من هاد الأعراض:,L جر3at zayda dial albrazolam kidiro ikti2ab zayed fi l-jihaz l3asabi lmarkazi (CNS) w i9dar ikon fiha wa7ed wella kter mn had l-a3rad:,Alprazolam overdoses cause excess central nervous system ( CNS ) depression and may include one or more of the following symptoms :,تسبب جرعات الألبرازولام الزائدة تثبيطًا مفرطًا للجهاز العصبي المركزي (CNS) وقد تشمل عرضًا واحدًا أو أكثر مما يلي:,22,GENERATED
data51759,DATA_16559,B,الإيمان ديالو بلي المسيح، بحال اللوغوس، كان تخلق بشي طريقة، عكس يوحنا 1 و ماشي مع يوحنا 1 ولكن تابع فيلون.,"liman diyalo belli l-masih, b7al l-logos, kan t-xallaq b-shi tariqa, 3aks yu7anna 1 u mashi m3a yu7anna 1 walakin taba3 filon.","His belief that Christ , as Logos , was in some sense created , contrary to John 1 but following Philo .",اعتقاده بأن المسيح، باعتباره اللوغوس، قد خُلق بمعنى ما، خلافًا ليوحنا 1 ولكن اتباعًا لفيلون.,22,GENERATED
data51760,DATA_3617,A,اويدي هير اجي، راه ملليت من نتحرق فشمس ونلعب الكلمات المتقاطعة,"awdi hir aji, rah mllit man nt7r9 fchms onl3ab lkalimat lmota9ati3a","Oh come on, I've had enough of getting burnt in the sun and doing crosswords",كفى، لقد سئمت من الاحتراق في الشمس وحل الكلمات المتقاطعة,15,PARTIALLY VALIDATED
data51761,DATA_7167,A,باينة كايعجبني البحر كتر,bayna kay3jebni lb7er kter,i'm definitely more of a beach person,أنا بالتأكيد من محبي الشاطئ أكثر,7,PARTIALLY VALIDATED
data51762,DATA_7581,A,ولا فيها في شهرين,wla fiha fi chehryn,he become like this in two months,لقد أصبح هكذا في شهرين,7,PARTIALLY VALIDATED
data51763,DATA_23626,B,جوج @-@ مراحل، جوج @-@ سرعات فلبواط ديال لفيتاس مع إنتركولر: بالأساس ميرلين 60، 70 و 80 سيريز (1942 – 1946).,"juj @-@ marahl, juj @-@ sur'at felbwat dyal levitass m'a intercooler: bel'asas Merlin 60, 70 u 80 Series (1942 – 1946).","Two @-@ stage , two @-@ speed gearbox with intercooler : mainly Merlin 60 , 70 , and 80 series ( 1942 – 1946 ) .",علبة تروس ذات مرحلتين وسرعتين مع مبرد داخلي: بشكل أساسي سلسلة ميرلين 60 و 70 و 80 (1942-1946).,26,GENERATED
data51764,DATA_10652,A,مانضنش غادي نقدرك شي نهار,mandench ghadi n9eddrek chi nhar,I dont think  i can appreciate you sometime,لا أعتقد أنني أستطيع تقديرك في وقت ما,8,PARTIALLY VALIDATED
data51765,DATA_16485,B,"فالخريف ديال 2012، دارو شي وحدين نسخة جديدة ديال الأغنية فالتلفزة ديال فوكس، فالسلسلة ديال ݣلي، فالحلقة ديال ""عيد الشكر"".","fal-khareef dyal 2012, daru shi wahdin noskha jdida dyal l'oghniya fat-talfza dyal Fox, fas-silsila dyal Glee, fal-halqa dyal ""Eid ash-shokr"".","In Fall 2012 , a cover version of the song was performed on the Fox TV show Glee in the episode "" Thanksgiving "" .","في خريف عام 2012، تم أداء نسخة غلاف للأغنية في برنامج فوكس التلفزيوني ""غلي"" في حلقة ""عيد الشكر"".",25,GENERATED
data51766,WIKI_D_10505,D,تخدمو الليزر ديال ييتريوم ألومنيوم گارنيت مدوپي بالنيوديميوم فواحد التجربة ديال استئصال البروستاتا الجذري بمساعدة الروبو عند الكلاب باش ينقصو الضرر ديال الأعصاب والأنسجة الجانبية، والليزر مدوپي بالإربيوم بداو كيستعملوه باش يجددو البشرة ديال الوجه.,"tkhdm lizar dyal yitrium aluminium garnet dopi bniudimiyum fwa7d tajriba dyal istisal lprostatat ljadri bmsa3dt lirubu 3nd lklab bach ynqsu ddrr dyal l3sab wlansija lijanbiya, walizar dopi lirbiyum bdaaw kist3mluh bach yjddu lbashra dyal lwajh.","A neodymium @-@ doped yttrium @-@ aluminium @-@ garnet laser has been used in an experimental , robot @-@ assisted radical prostatectomy in canines in an attempt to reduce collateral nerve and tissue damage , and erbium @-@ doped lasers are coming into use for cosmetic skin resurfacing .",تم استخدام ليزر من نوع نيوديميوم-يوتريوم-ألومنيوم-جارنيت في عملية استئصال جذري للبروستاتا بمساعدة الروبوت على الكلاب في محاولة لتقليل تلف الأعصاب والأنسجة الجانبية، ويجري حاليًا استخدام ليزرات الإربيوم لتجديد البشرة التجميلي.,35,GENERATED
data51767,WIKI_D_08688,D,هادي سباق كاتواتيني نهار نكون مزيان. من جهة أخرى، إلا ماكانوش رجليك حاضرين، هاد البلاصة هي أسوأ بلاصة تقدر تكون فيها.,"hadi sbaq katwatiini nhar nkuun mzyan. mn jiha ukhra, ila makansh rjlik hadrin, had l'بلاصa hiya aswa2 bla9a tqder tkuun fiha.",""" This is a race that suits me when I 'm having a good day . On the other hand , if you don 't have the legs , this is the worst place you could possibly be . "" - Jo Planckaert , 2004",هذا سباق يناسبني عندما أكون في يوم جيد. من ناحية أخرى، إذا لم تكن لديك الأرجل، فهذا هو أسوأ مكان يمكن أن تكون فيه على الإطلاق.,21,GENERATED
data51768,WIKI_D_07287,D,"من بعد ما مات كانينݣهام في 2002، الميداليات ديالو ديال الخدمة و الدكريات ديال الطيران دازو لـ""دي هافيلاند إيركرافت كومپاني تراست"". و من بعد تباعو الميداليات بـ 384 ألف پوند باش يجمعو لفلوس لـ""بنتلي پرايوري باتل أوف بريتن تراست آپيل"" في 7 سبتمبر 2012.","mn ba3d ma mat cunningham f 2002, lmidalat dyalo dyal lkhdma w ddakriyat dyal tiran dazo l 'de havilland aircraft company trust'. w mn ba3d tbacho lmidalat b 384 alf pound bach yjam3o lflous l 'bentley priory battle of britain trust appeal' f 7 september 2012.","Following Cunningham 's death in 2002 his service medals and flying memorabilia passed to the de Havilland Aircraft Company Trust . The medals were subsequently sold for £ 384 @,@ 000 to raise funds for the Bentley Priory Battle of Britain Trust Appeal on 7 September 2012 .",بعد وفاة كانينغهام في عام 2002، انتقلت ميدالياته الخدمية وتذكارات الطيران الخاصة به إلى صندوق شركة دي هافيلاند للطائرات. بيعت الميداليات لاحقًا بسعر 384 ألف جنيه إسترليني لجمع الأموال لصالح نداء صندوق معركة بريطانيا في بنتلي برايوري في 7 سبتمبر 2012.,44,GENERATED
data51769,WIKI_D_10834,D,نهار 10 دجنبر 1974، روكفلر تصادقو عليه ف مجلس الشيوخ ب 90 ضد 7. و نهار 19 دجنبر 1974، روكفلر تصادقو عليه ف مجلس النواب ب 287 ضد 128 و حلف اليمين باش يبدا الخدمة ديالو موراها فنفس النهار ف قاعة مجلس الشيوخ.,"nhar 10 djinbir 1974, rokfeler tsadaw9o 3lih f majlis chyoukh b 90 ddd 7. w nhar 19 djinbir 1974, rokfeler tsadaw9o 3lih f majlis nwayab b 287 ddd 128 w 7laf lyman bach ybd9 ddam dyalo mura bzaf f nafs nhar f 9a3at majlis chyoukh.","On December 10 , 1974 , Rockefeller was confirmed 90 – 7 by the Senate . On December 19 , 1974 , Rockefeller was confirmed 287 – 128 by the House and sworn into office later that day in the Senate chamber .",في العاشر من ديسمبر عام 1974، صادق مجلس الشيوخ على روكفلر بأغلبية 90 صوتاً مقابل 7. وفي التاسع عشر من ديسمبر عام 1974، صادق مجلس النواب على روكفلر بأغلبية 287 صوتاً مقابل 128، وأدى اليمين لاحقاً في نفس اليوم في قاعة مجلس الشيوخ.,43,GENERATED
data51770,WIKI_D_06723,D,"راديو KQAC (89 @.@ 9 FM، ""All Classical Portland"") دوز الألبوم نهار 8 يناير 2015 و دارو متاح باش يتسمع فالسيت ديالهم. الراديو قدم الألبوم كهدية شكر للمتبرعين فواحد الحملة ديال جمع التبرعات.","radio KQAC (89 @.@ 9 FM, ""All Classical Portland"") dawaz lalbum nhar 8 yanayir 2015 w daro mta7 bach yetsma f site dyalhom. radio qaddam lalbum ka hadiya dyal shukr lil mutabar3in f wa7d l7amla dyal jam3 tbar3at.","KQAC ( 89 @.@ 9 FM , "" All Classical Portland "" ) broadcast the album on January 8 , 2015 and made it available to stream on its website . The station offered the album as a thank you gift to donors during a fundraising campaign .","بثت إذاعة KQAC (89.9 FM، ""All Classical Portland"") الألبوم في 8 يناير 2015 وجعلته متاحًا للبث على موقعها الإلكتروني. وقدمت الإذاعة الألبوم كهدية شكر للمتبرعين خلال حملة لجمع التبرعات.",33,GENERATED
data51771,DATA_11474,A,نتحداك ت ودّح ليا كيفاش كاتدي هاد لفلوسّ كاملين,nt7edak t wdde7 liya kifach katdi had lflouss kamlin,I dare you to clarify how you make money,أتحدّاك أن توضح كيف تجني المال,9,PARTIALLY VALIDATED
data51772,WIKI_C_09145,C,فنهاره التالت فصوبيبور، ألكسندر بيتشيرسكي ربح احترام ديال الحابسين اللي معاه فاش وقف ضد كارل فرينزل، واحد الضابط كبير ديال الإس إس، كيفما عاودها ليون فيلدهاندلر.,"fnharo t-talt f-Sobibor, Alexander Pechersky rab7 ihtiram dyal l-habsin li m3ah fach waqaf dda7t Karl Frenzel, wa7d dobit kbir dyal SS, kifma 3awd-ha Leon Feldhendler.","During his third day at Sobibor , Alexander Pechersky earned the respect of fellow prisoners by standing up to Karl Frenzel , an SS senior officer , as the incident was recalled by Leon Feldhendler .",خلال يومه الثالث في سوبيبور، نال ألكسندر بيتشيرسكي احترام زملائه السجناء بوقوفه في وجه كارل فرينزل، ضابط كبير في قوات الأمن الخاصة، كما روى ليون فيلدهاندلر الحادثة.,26,GENERATED
data51773,DATA_18946,B,فاللخر، الصحاب ديال الضيعات كيعترفوا باللي دارو الغلط و كيتّافقوا باش يوزّعوا الفلوس بطريقة مقادة كتر.,"fallakher, s-shab dyal d-diyya3at kay3tarfu balli daru l-ghalat u kaytaffqu bash yuz3u l-flus b tariqa m9adda ktar.","In the end , however , the planters admit their wrongdoing and agree to a more equitable distribution of capital .",في نهاية المطاف، ومع ذلك، يعترف المزارعون بخطئهم ويوافقون على توزيع أكثر إنصافًا لرأس المال.,21,GENERATED
data51774,WIKI_D_05456,D,ف 1963 والدرون طرات ليه واحد الانهيار كبير سبابو جرعة زايدة ديال الهيروين. عاود ف 1998 باللي بزاف ديال لموسيقيين ف لخمسينات و الستينات كانو كيحسّو باللي التّعاطي ديال لمخدرات ضروري باش يتْقدّمو ف لكاريير ديالهم. البوليس كانو كيحسبو باللي كولشي كان كيديرها، على حساب والدرون.,"f 1963 waldron trat lih wa7d elنهار kbira sabbo jor3a zaida dyal elheroin. 3awed f 1998 belli bzaf dyal lmusiqin f lekhmcinat w lstcinat kanu k7sso belli t3ati dyal lmkhdrat drori bach ytkddmu f lekarier dyalhom. Lblis kanu k7sbo belli kolchi kan kydirha, 3la 7sab waldron.","In 1963 Waldron had a major breakdown caused by a heroin overdose . He recounted in 1998 that a lot of musicians in the 1950s and 1960s felt that taking drugs was necessary for career progression . The police assumed they were all doing it , according to Waldron :",في عام 1963، تعرض والدريون لانهيار كبير سببه جرعة زائدة من الهيروين. وروى في عام 1998 أن العديد من الموسيقيين في الخمسينيات والستينيات شعروا بأن تعاطي المخدرات كان ضروريًا للتقدم في حياتهم المهنية. وافترضت الشرطة أن الجميع كانوا يفعلون ذلك، بحسب والدريون.,46,GENERATED
data51775,WIKI_D_01107,D,من بعد، الحكومة ديال جزر الباهاما عطات تحذير ديال عاصفة مدارية على الوسط و من بعد على الشمال ديال الباهاما، واخا هاد التحذير تحيد حيت هاد الإعصار ضعف. و بسبب الإعصار كلاوس، الإطلاق ديال مكوك الفضاء كولومبيا تأخر.,"mn ba3d, l7koma dyal jozor l-bahama 3tat ta7dir dyal 3asfa مدارية 3la l-waset w mn ba3d 3la chmal dyal l-bahama, wakha had ta7dir t7ayd 7it had l-i3sar 7saf. w bsbab l-i3sar klaus, l-i7la9 dyal mkok l-fada2 kolombia ta25ar.","Later in its duration , the government of The Bahamas issued a tropical storm warning for the central and later northern Bahamas , though it was discontinued as the cyclone dissipated . Due to Hurricane Klaus , Space Shuttle Columbia 's launch was delayed .",لاحقًا خلال مدتها، أصدرت حكومة جزر الباهاما تحذيرًا من عاصفة استوائية لجزر الباهاما الوسطى ولاحقًا الشمالية، على الرغم من إلغائه مع تبدد الإعصار. بسبب الإعصار كلاوس، تأخر إطلاق مكوك الفضاء كولومبيا.,38,GENERATED
data51776,WIKI_C_09320,C,هربرت هنزلي هينسون (8 نونبر 1863 - 27 شتنبر 1947) كان قس أنجليكاني، باحث و واحد كيقلب الصداع. كان بيشوب ديال هيريفورد، من 1918 ل 20 و بيشوب ديال دورهام، من 1920 ل 39.,"herbirt hinsli hinson (8 nubir 1863 - 27 shubtumbir 1947) kan qiss anjilikan, bahi7 w wa7d kiyi9lab sda3. kan bishop dyal hereford, mn 1918 l 20 w bishop dyal durham, mn 1920 l 39.","Herbert Hensley Henson ( 8 November 1863 – 27 September 1947 ) was an Anglican priest , scholar and controversialist . He was Bishop of Hereford , 1918 – 20 and Bishop of Durham , 1920 – 39 .",هربرت هينسلي هينسون (8 نوفمبر 1863 – 27 سبتمبر 1947) كان قسيسًا أنجليكانياً، وعالماً، ومجادلاً. كان أسقف هيريفورد، من 1918 إلى 1920، وأسقف دورهام، من 1920 إلى 1939.,34,GENERATED
data51777,WIKI_D_06017,D,الحكام ديال الماتش تعلن عليهم في 14 يونيو. بروس فرومينغ، أقدم حكم دابا فالدوري ديال البيسبول، تعين كرئيس ديال الطاقم ديال الماتش. و بان داك النهار باللي فرومينغ غادي يتقاعد مورا موسم 2007.,"lhkam dyal lmatch t3nnu 3lihom f 14 yuni. bruce froemming, aqdd hakim daba f l'douri dyal l'bisbol, t3n kra'is dyal ttaqm dyal lmatch. w ban dak nhar billi froemming ghadi ytqa3d mura mowsim 2007.","Umpires for the game were announced on June 14 . Bruce Froemming , the most tenured current umpire in Major League Baseball , was named crew chief for the game . It was also revealed that day that Froemming would retire following the 2007 season .",أُعلن عن حكام المباراة في الرابع عشر من يونيو. وتم تعيين بروس فرومينغ، الحكم الحالي الأقدم في دوري البيسبول الرئيسي، قائدًا للطاقم. كما كُشف في ذلك اليوم أن فرومينغ سيعتزل بعد موسم 2007.,33,GENERATED
data51778,DATA_1205,A,"مازال شاب, و لكن هادشي ماكايشفعش ليه على ديك ل أنانية ديالو.","mazal chab, walakin hadchi makaychfe3ch lih 3la dik l anania dialo.","He's young, but that doesn't excuse his selfishness.",إنه شاب، لكن ذلك لا يعفيه من أنانيته.,8,PARTIALLY VALIDATED
data51779,WIKI_C_06898,C,الإصلاحات اللي دار سييم الكبير ودستور 3 ماي 1791، تخربو بسباب طاڭوفيتسا والتدخل ديال روسيا بطلب من هادوك ديال طاڭوفيتسا.,"lisla7at li dar siim lkbir w dustur 3 may 1791, tkhrbu bsbab targowica w t-tadakhul dyal rusya b talab mn haduk dyal targowica.","The reforms instituted by the Great Sejm and the Constitution of May 3 , 1791 , were undone by the Targowica Confederation and the intervention of the Russian Empire at the invitation of the Targowica Confederates .",تم إلغاء الإصلاحات التي أقرها مجلس السيم العظيم ودستور 3 مايو 1791، من قبل كونفدرالية تارغوفيتسا وتدخل الإمبراطورية الروسية بدعوة من كونفدرالية تارغوفيتسا.,20,GENERATED
data51780,WIKI_D_11275,D,الخسائر طيلة الحرب كانت عبارة على 48 واحد لي ماتو أولا تقاصو ف الخدمة و زايد عليهم 56 واحد مجروح. الأعضاء ديال الكتيبة خداو هاد الأوسمة : جوج نياشين ديال الاستحقاق المتميز، تلاتة صلبان عسكرية، تمنية ميداليات عسكرية و 17 تنويه بالذكر.,"lkhsa2ir tl l 7arb kanu 3ibara 3la 48 wa7d li matu awla ta9asu f l7idma w zayed 3lihom 56 wa7d mjeru7. l2a3da2 dyal lktiba khdawo had l wusma: juw nishin dyal l sti79 l mutmayiz, tlata sbulan 3askariyin, tminya medaliyat 3askariyin w 17 tanwih bidkr.","Casualties throughout the war consisted of 48 killed or died on active service and a further 56 wounded . Members of the battalion received the following decorations : two Distinguished Service Orders , three Military Crosses , eight Military Medals and 17 Mentioned in Despatches .",بلغت الخسائر في الحرب 48 قتيلاً أو متوفين أثناء الخدمة الفعلية، و 56 جريحًا آخرين. وقد حصل أفراد الكتيبة على الأوسمة التالية: وسامان للخدمة المتميزة، وثلاث صلبان عسكرية، وثماني ميداليات عسكرية، و17 إشارة بالذكر.,42,GENERATED
data51781,WIKI_D_07606,D,ف شمال ڭلينلڭ، زنقة روزماري غادي تزيد توسع للغرب باش تفوت فوق طريق MD 32. الطريق د الولاية غادي تربط مع طريق MD 32 بتبادلات ديال اليمين د الدخول و اليمين د الخروج بين الطريق د الولاية و الطرقان اللي على الواجهة.,"f chamal ڭlinelg, zneqa rozmari radi tzid twessa3 lelgherb bach tfout fawq triq MD 32. triq dlwalaya radi trbat m3 triq MD 32 bte9bolat dyal liyamin ddkhoul w liyamin ddkhrouj bin triq dlwalaya w tri9an lli 3la l wajiha.","North of Glenelg , Rosemary Lane will be extended west to cross over MD 32 . The county highway will be connected to MD 32 via right @-@ in / right @-@ out interchanges between the state highway and frontage roads .",شمال مدينة ڭلينلڭ، سيتم تمديد شارع روزماري غربًا ليعبر طريق MD 32. سترتبط الطريق السريعة التابعة للمقاطعة بطريق MD 32 عبر تقاطعات يمين دخول ويمين خروج بين الطريق السريعة التابعة للولاية والطرق الواجهة.,42,GENERATED
data51782,WIKI_D_00531,D,نهار 27 شتنبر 2010، تشيكو علن باللي غادي يترشح للعمدة ديال شيكاغو ف 2011. كان واحد من ستة د الناس اللي ترشحو. تشيكو جمع 4 د المليون دولار وشي حاجة ديال الفلوس باش يدير الحملة الانتخابية ديالو.,"nhar 27 chtnabir 2010, chikou 'ln bli radi ytarash f l'mda dyal chikago f 2011. kan wa7d mn seta d nass lli trasho. chikou jme3 4.4 milyon dollar w shi 7aja dyal lflous bash ydir l7mla ntikhabiya dyalo.","On September 27 , 2010 , Chico announced that he would run for mayor of Chicago in 2011 . He was one of six candidates on the ballot . Chico raised $ 4 @.@ 4 million in campaign funds .",في السابع والعشرين من سبتمبر عام 2010، أعلن تشيكو أنه سيرشح نفسه لمنصب عمدة شيكاغو في عام 2011. كان أحد ستة مرشحين في الاقتراع. جمع تشيكو 4.4 مليون دولار في أموال الحملة الانتخابية.,37,GENERATED
data51783,WIKI_D_05262,D,"التحديد ديال الكلمة الشينوية ديال ""الله""، اللي كانت مقبولة بصفة عامة هي <unk> تيانجو (رب السماء)، في حين أن اليسوعيين كانوا مستعدين يسمحو للمسيحيين الشينويين يستعملو <unk> تيان (السماء) أو <unk> شانغدي (الرب الأعلى/الإمبراطور الأعلى).","ett7did dyal lkellma chinewiya dyal ""llah"", lli kanet ma9boula b sefa 3amma hiya <unk> tiantzhu (rabb sSama), f 7in ma l'yasu3iyin kanu msta3ddin ysam7o l l-mase7iyin chinewiyin ysta3mlo <unk> tian (sSama) aw <unk> shangdi (rabb l'a3la / l'imbarator l'a3la).","Determination of the Chinese word for "" God "" , which was generally accepted as <unk> Tiānzhǔ ( Lord of Heaven ) , while Jesuits were willing to allow Chinese Christians to use <unk> Tiān ( Heaven ) or <unk> Shàngdì ( Lord Above / Supreme Emperor )","تحديد الكلمة الصينية لكلمة ""الله""، والتي كانت مقبولة بشكل عام على أنها <unk> تيان تشو (رب السماء)، بينما كان اليسوعيون على استعداد للسماح للمسيحيين الصينيين باستخدام <unk> تيان (السماء) أو <unk> شانغدي (الرب الأعلى / الإمبراطور الأعلى).",35,GENERATED
data51784,WIKI_C_10344,C,واحد البلاكة ديال الرخام كتحيي الذكرى ديال بيتانس تزاحت الستار عليها ف دارو فباريز من طرف واحد الوفد ديال المؤرخين من بورتوريكو و كوبا و فرانسا ف الذكرى السنوية ديال الوفاة ديالو، نهار 16 شتنبر 1998.,"wa7d lbelaqa dyal rkhham kat7iyi zdikra dyal betans tzahat lstar 3liha f daro f bareez men tarf wa7d l wafd dyal moar5in men porto rico w koba w fransa f zdikra sanawiya dyal lmofayet dyalo, nhar 16 chitnber 1998.","A marble plaque commemorating Betances was unveiled at his Paris house by a delegation of Puerto Rican , Cuban and French historians on the <unk> anniversary of his death , on September 16 , 1998 .",تم الكشف عن لوحة رخامية تخلد ذكرى بيتانس في منزله بباريس من قبل وفد من المؤرخين البورتوريكيين والكوبيين والفرنسيين في الذكرى السنوية لوفاته، في 16 سبتمبر 1998.,36,GENERATED
data51785,WIKI_D_03539,D,ف 2013، وقعو 49 مليون حالة ديال الحجر فالكلاوي، الشي اللي تسبب ف شي 15 ألف حالة ديال الوفاة فالعالم كامل. فالميريكان، شي 9% ديال الناس دوزو شي حجرة فالكلاوي. بصفة عامة، الرجال كيتأثرو شوية كتر من العيالات.,"f 2013, weq3o 49 milyon 7ala dyal l7ajar f lklawi, shi lli tsbb f shi 15 alf 7ala dyal lmofata f l3alam kamel. F lmirikan, shi 9% dyal nass dwzo shi 7jra f lklawi. B sefa 3ama, rjal kyt2thro chwiya ktr mn l3ayalat.","In 2013 , 49 million cases of kidney stones occurred , resulting in about 15 @,@ 000 deaths globally . In the United States , about 9 % of the population has had a kidney stone . Generally , slightly more men are affected than women .",في عام 2013، وقعت 49 مليون حالة من حصوات الكلى، مما أدى إلى حوالي 15 ألف وفاة على مستوى العالم. في الولايات المتحدة، عانى حوالي 9% من السكان من حصوات الكلى. بشكل عام، يتأثر عدد قليل من الرجال أكثر من النساء.,38,GENERATED
data51786,WIKI_D_09362,D,"نسخة ديال البحرية الأمريكية مُخصصة باش توصل السلعة و الناس للطائرات فالسفينة. بحال MV @-@ 22B ولكن زايدين فيها سيستيم ديال الوقود باش تمشي مسافة أطول, راديو ديال التردد العالي, و سيستيم باش يهضرو مع الناس.","nusxa dyal lbhriya l2mrikiya mkhsssa bach twssal sl3a w nass litayrat f sfinal. bhal MV @-@ 22B walakin zaydin fiha systim dyal lwoqoud bach tmshi masaافت twila, radio dyal tartrrd l3ali, w systim bach yhderou m3 nass.","U.S. Navy variant for the carrier onboard delivery ( COD ) role . Similar to the MV @-@ 22B but includes an extended @-@ range fuel system , a high @-@ frequency radio , and a public address system .",نسخة من البحرية الأمريكية لدور التسليم على متن حاملة الطائرات. مشابهة لـ MV @-@ 22B ولكنها تشمل نظام وقود ممتد المدى، وراديو عالي التردد، ونظام إذاعة عامة.,36,GENERATED
data51787,DATA_21133,B,المدينة موفرة جوج مراسي عمومية للمواطنين ديالها: مرسى دينبيغ بارك و هيلتون پيير/راڤين.,l-mdina mufra juj mrassi 'umumia l-lmuwatinin dyalha: mrsa Dinbig Park u Hilton Pierre/Raven.,The city supplies two public boat ramps for its citizens : Denbigh Park Boat Ramp and Hilton Pier / Ravine .,توفر المدينة منحدرين عامين للقوارب لمواطنيها: منحدر دنبي بارك للقوارب ورصيف هيلتون / رافين.,21,GENERATED
data51788,WIKI_D_08072,D,الشركة الأسترالية للإذاعة والتلفزيون استعملات الموسيقى باش تشرح قصص على كارثة تشيرنوبيل العام اللي موراه. إريك كلابتون ومايكل كامن عزفو الثيمة الرئيسية ديال الفيلم مع الأوركسترا الفيلهارمونية الوطنية فالفترة ديال 24 ليلة في 1990 و 1991.,lcharika l'australiya lilidha3a waltelezivion sta3mlat l'mousi9a bach techra7 9isas 3la kartit chernobyl l3am illi morah. eric clapton w'michael kamen 3azfu t'thima lrayisiya dyal lfilm m3a l'orkestra l'filharmoniya lwataniya f'l'fatra dyal 24 layla fi 1990 w 1991.,The Australian Broadcasting Corporation used the music to illustrate stories on the Chernobyl disaster the following year . Eric Clapton and Michael Kamen performed the movie 's main theme with the National Philharmonic Orchestra during the 24 Nights period in 1990 and 1991 .,"استخدمت هيئة الإذاعة الأسترالية الموسيقى لتوضيح قصص عن كارثة تشيرنوبيل في العام التالي. أدى إريك كلابتون ومايكل كامن اللحن الرئيسي للفيلم مع الأوركسترا الفيلهارمونية الوطنية خلال فترة ""24 ليلة"" في عامي 1990 و 1991.",36,GENERATED
data51789,WIKI_C_04226,C,"Kunstler James H (2005). The Long Emergency: Surviving the End of the Oil Age, Climate Change, and Other Converging <unk>. Atlantic Monthly Press. ISBN 0 @-@ <unk> @-@ 888 @-@ 3.","kunstler james h (2005). tlong emergency: surviving t end of t oil age, climate change, and 3amtar <unk>. atlantic monthly press. isbn 0 @-@ <unk> @-@ 888 @-@ 3.","Kunstler James H ( 2005 ) . The Long Emergency : Surviving the End of the Oil Age , Climate Change , and Other Converging <unk> . Atlantic Monthly Press . ISBN 0 @-@ <unk> @-@ 888 @-@ 3 .",كونستلر جيمس إتش (2005). الطوارئ الطويلة: البقاء على قيد الحياة في نهاية عصر النفط، وتغير المناخ، و<unk> أخرى متقاربة. مطابع الأطلسي الشهرية. ردمك 0 @-@ <unk> @-@ 888 @-@ 3.,31,GENERATED
data51790,DATA_16512,B,"New Mutants Special Edition #1: ""Ḍar kayna l-qalb"" (mɛa Chris Claremont, Marvel, 1985)","""Dar kayna l-qelb"" (mɛa Chris Claremont, Marvel, 1985)","New Mutants Special Edition # 1 : "" Home is Where the Heart is "" ( with Chris Claremont , Marvel , 1985 )","المتحولون الجدد إصدار خاص #1: ""الوطن حيث القلب"" (مع كريس كليرمونت، مارفل، 1985)",24,GENERATED
data51791,WIKI_D_02452,D,"آڭاريو بانو فيه (بشويا د التفاصيل ديال اللعب و تصويرة ديال اللعبة) ف ""الحلقة 48"" من السلسلة ديال نتفلكس House of Cards. اللعب ديالها تقارن مع الحملات الانتخابية ديال الرئيس.","agario bano fih (bshwiya d tafasil dyal laab o tswira dyal laaba) f ""l7alqa 48"" mn silsila dyal netflix House of Cards. laab dyalha tqarn m3a l7malat intikhabiya dyal ra2is.","Agar.io was featured ( including some details of its gameplay as well as a shot of an actual game ) in "" Chapter 48 "" of Netflix TV @-@ series House of Cards . Its gameplay was compared to the presidential campaigning .","تم عرض لعبة Agar.io (بما في ذلك بعض تفاصيل طريقة لعبها ولقطة من لعبة فعلية) في ""الفصل 48"" من مسلسل House of Cards التلفزيوني على نتفليكس. وتمت مقارنة طريقة اللعب الخاصة بها بالحملات الانتخابية الرئاسية.",30,GENERATED
data51792,DATA_15951,B,"لمنع ديال زنا المحارم وأصلو (1897)، منشور ف ""L 'Année Sociologique""، الجزء 1، الصفحات 1 – 70","liman3 dyal zna lma7arem w aslou (1897), manshour f ""L'Année Sociologique"", ljoz' 1, safa7at 1 - 70","The Prohibition of Incest and its Origins ( 1897 ) , published in L 'Année Sociologique , vol . 1 , pp. 1 – 70",تحريم زواج الأقارب وأصوله (١٨٩٧)، نُشر في حولية علم الاجتماع، المجلد ١، الصفحات ١-٧٠,25,GENERATED
data51793,DATA_15636,B,فـ 12 دجنبر 2007 ، النائبة ليبرالية لوسيان روبيلار أعلنات باللي غادي تستاقل من الكرسي ديالها في ويستمونت @-@ ڤيل @-@ ماري ابتداءً من 25 يناير 2008.,"F 12 dujanbir 2007, anna'iba liberaliya lussyan robillar a3lanat balli ghadi tstaqel men l-korsi dyalha fi Wistmont @-@ Vil @-@ Mari ibtida'an men 25 yanayir 2008.","On December 12 , 2007 , Liberal MP Lucienne Robillard announced she would resign her seat of Westmount @-@ Ville @-@ Marie effective January 25 , 2008 .",في 12 ديسمبر 2007، أعلنت النائبة الليبرالية لوسيان روبيلار استقالتها من مقعدها في ويستماونت-فيل-ماري اعتباراً من 25 يناير 2008.,28,GENERATED
data51794,DATA_7789,A,كتفضل ختي عليا,ktfdl khti 3liya,she favors my sis over me,إنها تفضل أختي عليّ,6,PARTIALLY VALIDATED
data51795,WIKI_C_06332,C,نيو جيرسي – 11 شتنبر 1866 (تلغات المصادقة – 20 فبراير 1868 / 24 مارس 1868 ؛ عاودو @-@ صادقو – 23 أبريل 2003),new jersey – 11 chtnber 1866 (tlghat lmsada9a – 20 fibrayer 1868 / 24 maris 1868 ; 3awdo @-@ sado9o – 23 abril 2003),"New Jersey – September 11 , 1866 ( Rescinded ratification – February 20 , 1868 / March 24 , 1868 ; re @-@ ratified – April 23 , 2003 )",نيو جيرسي – 11 سبتمبر 1866 (تصديق ملغى – 20 فبراير 1868 / 24 مارس 1868؛ إعادة تصديق – 23 أبريل 2003),24,GENERATED
data51796,DATA_0833,A,مسافر على ود لخدمة ولا عطلة?,msafr 3la wed lkhdma wla 3otla?,Are you travelling for work or a holiday?,هل تسافر للعمل أم لقضاء عطلة؟,8,PARTIALLY VALIDATED
data51797,WIKI_D_03757,D,الترتيب باش كل بلاد علنات على التصويت ديالها تحدد بقرعة مورا النتيجة ديال لجنة التحكيم من البروفة اللخرة. بحال الكونكور ديال 2011، استعملو أ الگوريتم باش يزيدو الإثارة كثر ما يمكن. المتحدثين تيبانو حدا كل بلاد.,"t-ttib dby kll blad 3nlt 3la ttstwt dyalha t7dd bqr3a mora n-ttiga dyal l-ljna dyal t7kim mn l-brvfa ll7ra. b7al l-konkor dyal 2011, st3mlo algorithm bach yzidu l-7tira ktar ma ymn. lmt7dtin tipanu 7da kull blad.",The order in which each country announced their vote was determined in a draw following the jury results from final dress rehearsal . Similar to the 2011 contest an algorithm was used to add as much excitement as possible . The spokespersons are shown alongside each country .,تم تحديد الترتيب الذي أعلنت به كل دولة عن تصويتها في سحبٍ تبع نتائج لجنة التحكيم من البروفة النهائية. على غرار مسابقة عام 2011، استُخدمت خوارزمية لإضفاء أكبر قدر ممكن من الإثارة. تُعرض الشخصيات المتحدثة إلى جانب كل دولة.,36,GENERATED
data51798,WIKI_C_05240,C,"كونراد: الأصل ديالو ألماني قديم و كيعني شي واحد جريء و لا ناصح مزيان. كونراد تابع ل""ري"" و كيلعب دور الناطق الرسمي ديالو، و كيزيد يتحدى و يضحك على الأفكار ديال ""بيطار"".","konrad: l'2sl dyalo almanya qdima w ki3ni shi wa7d jri2 w la nasi7 mzian. konrad tabi3 l 'ri' w kil3ab dor nnaṭiq rrasmi dyalo, w kizyid yt7adda w yḍ7ak 3la l'afkar dyal 'biṭar'.","Konrad : Old High German for "" bold or good adviser "" . Konrad is a follower of Re and acts as his speaker , also challenging and ridiculing Pitar 's ideas .","كونراد: كلمة ألمانية قديمة تعني ""مستشار شجاع أو جيد"". كونراد تابع لري ويعمل كمتحدث باسمه، ويتحدى ويسخر أيضاً من أفكار بيطار.",32,GENERATED
data51799,WIKI_C_00928,C,قبل ما يبدا الماتش ديال الفلوس، الشمبينز ديال التاڭ تيم لانس كايد و تريڤر ميردوك ربحو پول لندن و براين كندريك فواحد الماتش ماكانش كيتصور.,"qbel ma ybda lmatch dyal lflous, lchampions dyal tag team lance cade w trevor murdock rbeho paul london w brian kendrick fwa7d lmatch makanch kaytsewr.","Before the event went live on pay @-@ per @-@ view , World Tag Team Champions Lance Cade and Trevor Murdoch defeated Paul London and Brian Kendrick in a dark match .",قبل البث المباشر للحدث بنظام الدفع مقابل المشاهدة، هزم أبطال الفرق العالمية لانس كايد وتريفور موردوك بول لندن وبريان كندريك في مباراة مظلمة.,25,GENERATED
data51800,DATA_13225,B,كوين لطيفة ف دور العمة إيم: العمة ديال دوروثي والشريكة ف المطعم ديال العائلة ف كانساس.,Queen Latifa f dor l3ma Iim: l3ma dyal Dorothi w shrika f lmat3am dyal l3a'ila f Kansas.,Queen Latifah as Aunt Em : Dorothy 's aunt and co @-@ owner of the family diner in Kansas .,الملكة لطيفة بدور العمة إم: عمة دوروثي وشريكة في ملكية مطعم العائلة في كانساس.,20,GENERATED
data51801,WIKI_D_07180,D,على حساب الكاتب البريطاني إيرول فولر، كايقولو باللي مربّيين ديال الطيور هجنّو طيور كتشبه ف الشكل لببغاء الكوبي. هاد الطيور، على حساب ما كايقولو، كبار منو ف الحجم، حيت هجنّوهم من أنواع ديال الببغاوات كبار.,"3la 7sab lkatb lbritani errol fuller, kayqolo bli mrbyin dyal ttoyor hajjo toyor katchbah f chkl lbbagha lkobi. had toyor, 3la 7sab ma kayqolo, kbar mno f l7ajm, 7it hajjo hom mn anwa3 dyal lbbaghat kbar.","According to British writer Errol Fuller , aviculturalists are rumoured to have bred birds similar in appearance to the Cuban macaw . These birds , however , are reportedly larger in size than the Cuban macaw , having been bred from larger macaw species .",وفقًا للكاتب البريطاني إيرول فولر، يُشاع أن مربي الطيور قد قاموا بتربية طيور تشبه ببغاء كوبا في المظهر. ومع ذلك، يُقال إن هذه الطيور أكبر حجمًا من ببغاء كوبا، حيث تم تربيتها من أنواع أكبر من الببغاوات.,35,GENERATED
data51802,WIKI_D_12107,D,لحد دجنبر 2014 حتى واحد من ليكروب ديال SDG ما تحاكم على القتيلات والاغتصابات والنهيب اللي دارو ف بييلخينا، ولا على شي جريمة خرا مزعومة داروها هادوك الناس ف بلايص خرا ف كرواتيا ولا فالبوسنة والهرسك.,"l7ed dcmb 2014, 7ta wa7d men lgroup dyal SDG ma t7akem 3la lqtelat w l'ighsabat w lneeb lli daro f bijeljina, wla 3la chi jareema khra mza3ma daroha hadok nass f blaayes khra f croatia wla f l'bosna w lhersek.","As of December 2014 no member of the SDG has been prosecuted for the murders , rapes , or looting committed in Bijeljina , or any of the crimes allegedly committed by the unit elsewhere in Croatia or Bosnia and Herzegovina .","حتى ديسمبر 2014، لم تتم ملاحقة أي عضو من ""فرق الحماية المدنية"" قضائيًا بتهم القتل والاغتصاب والنهب التي ارتكبت في بييلخينا، أو أي من الجرائم المزعومة التي ارتكبتها الوحدة في أماكن أخرى في كرواتيا أو البوسنة والهرسك.",36,GENERATED
data51803,DATA_1144,A,راك عارف ماتقدرش تجي بلا كلبها,rak 3arf mat9derch tji bla kelbha,You know without her dog she won't come,أنت تعلم أنها لن تأتي بدونه كلبها,8,PARTIALLY VALIDATED
data51804,WIKI_D_12386,D,"من بعد قال ويلز باللي اختيار الممثل جينو كورادو، اللي معروف بالتمثيل ديال الأدوار الصغيرة، باش يلعب دور النادل في ""إل رانشو"" فرّس ليه قلبو. كورادو كان بان في بزاف ديال الأفلام في هوليوود، غالباً كايكون نادل، و ويلز كان باغي كاع الممثلين يكونو جداد في السينما.","mn b3d qall welles bli khyar l ممثل jino corrado, lli ma3rof bl tmtil dyal l adwar sghira, bach yla3b dor nadel f 'el rancho' frres lih qlbo. corrado kan ban f bzaf dyal l aflam f hollywood, ghaliban kaykon nadel, w welles kan baghi ga3 l ممثلin ykonu jdud f sinima.","Welles later said that casting character actor Gino Corrado in the small part of the waiter at the El Rancho broke his heart . Corrado had appeared in many Hollywood films , often as a waiter , and Welles wanted all of the actors to be new to films .",قال ويلز لاحقًا إن اختيار الممثل التشخيصي جينو كورادو للدور الصغير للنادل في إل رانشو كسر قلبه. كان كورادو قد ظهر في العديد من أفلام هوليوود، غالبًا كـ نادل، وأراد ويلز أن يكون جميع الممثلين جددًا على الأفلام.,47,GENERATED
data51805,WIKI_C_03868,C,برومويتش، جيمس (2013). الآثار الرومانية ديال شمال وشرق فرنسا: دليل سياحي. راوتليدج. الصفحة 480. ISBN <unk>. تجبد نهار 20 غشت 2013.,"bromwich, james (2013). el athar romania dyal shmal w sharq fransa: dalil siyahi. routledge. saf7a 480. isbn <unk>. tejbed nhar 20 aghost 2013.","Bromwich , James ( 2013 ) . The Roman Remains of Northern and Eastern France : A Guidebook . Routledge. p . 480 . ISBN <unk> . Retrieved 20 August 2013 .",برومويتش، جيمس (2013). الآثار الرومانية في شمال وشرق فرنسا: دليل. روتليدج. ص. 480. ردمك <unk>. تم الاسترجاع في 20 أغسطس 2013.,21,GENERATED
data51806,DATA_18716,B,سجلات المواسم – سجلات فردية – حراس المرمى | الموقع التاريخي لنادي مونتريال كانيديينز. جُبدت 2008 @-@ 12 @-@ 12.,sijillat lmawassim - sijillat fardiya - hurras lmarma | lmawqi3 ttarikhi l-nadi Montreal Canadiens. jُbidat 2008 @-@ 12 @-@ 12.,"Source : "" Season records – Individual records – goaltenders | Historical Website of the Montreal Canadiens "" . Montreal Canadiens . Retrieved 2008 @-@ 12 @-@ 12 .",المصدر: «سجلات الموسم – السجلات الفردية – حراس المرمى | الموقع التاريخي لفريق مونتريال كنديانز» . مونتريال كنديانز . تم الاسترجاع بتاريخ 2008-12-12.,29,GENERATED
data51807,WIKI_C_06414,C,كيستعمل طرق اللي عاد ولات معروفة فالدراسات الكتابية حتى للقرن التاسع عشر، باين جرب واش الكتاب المقدس متناسق مع راسو وشكك فالصحة التاريخية ديالو، وخلص باللي ماشي منزل من عند الله.,"kist3aml triq li 3ad lat m3roufa fdrassat ktabiya hatta lqarn tiss3ach r3ch, payn jarab wach lktab lmqaddas mtanasiq m3a raso wchkk fss7a tarrkhia dyalo, wkhls blly machi mnazal mn 3nd lah.","Using methods that would not become common in Biblical scholarship until the nineteenth century , Paine tested the Bible for internal consistency and questioned its historical accuracy , concluding that it was not divinely inspired .",باستخدام أساليب لم تنتشر في الدراسات الكتابية حتى القرن التاسع عشر، اختبر باين الكتاب المقدس من حيث الاتساق الداخلي وشكك في دقته التاريخية، وخلص إلى أنه لم يكن مستوحى من الوحي الإلهي.,31,GENERATED
data51808,DATA_24128,B,الرباح ديال الجايينتس على الشيكاغو بيرز فالماتش ديال NFC ديفيزيونال بلاي أوف كان أول رباح ليهم على البيرز فالبلاي أوف من عام 1956.,errbah dyal ljayints 3la shicago bears f lmatch dyal NFC divisional playoff kan awel rbah lihom 3la lberz f playoff mn 3am 1956.,The Giants victory over the Chicago Bears in the NFC Divisional Playoff Game was their first win over the Bears in the playoffs since 1956 .,كان فوز فريق العملاقة على فريق بيرز شيكاغو في مباراة الأدوار الإقصائية التقسيمية لدوري المؤتمر الوطني هو فوزهم الأول على فريق بيرز في الأدوار الإقصائية منذ عام 1956.,26,GENERATED
data51809,WIKI_D_07272,D,الجامعة مقسومة على ربعة ديال الأجزاء رئيسية: الكامبوس الغربي، الكامبوس الشرقي، الكامبوس المركزي، و ساحة التكنولوجيا. الكامبوس الغربي و الكامبوس الشرقي عامرين بالأساس بالسكن ديال الطلبة، بينما الكامبوس المركزي مخصص بالأساس للمباني ديال التدريس و البحث.,"ljami3a ma9suma 3la rba3a dyal l'ajza' r'isiyya: l'campus lghrbi, l'campus chrqi, l'campus lmarkzi, w sa7t tknolojia. l'campus lghrbi w l'campus chrqi 3amrin bl'asas bskn dyal tlba, bima l'campus lmarkzi mkhssos bl'asas limabani dyal tdriss w lb7t.","The campus is organized into four main parts : West Campus , East Campus , Central Campus , and Technology Square . West Campus and East Campus are both occupied primarily by student living complexes , while Central Campus is reserved primarily for teaching and research buildings .",تُنظم الجامعة إلى أربعة أجزاء رئيسية: الحرم الجامعي الغربي، والحرم الجامعي الشرقي، والحرم الجامعي المركزي، وساحة التكنولوجيا. يشغل الحرمان الجامعيان الغربي والشرقي بشكل أساسي مجمعات سكن الطلاب، بينما يُخصص الحرم الجامعي المركزي بشكل أساسي لمباني التدريس والبحث.,36,GENERATED
data51810,WIKI_C_04767,C,دوبريكيوس قديس بريطاني ديال القرن السادس لي بشر ب <unk> (دابا Archenfield) و بزاف ديال جنوب شرق ويلز; الجثة ديالو تحولات لكاتدرائية لاندوف ف 1120.,dubrikioos qddis britani dyal lqrn lsadis li bshshr f <unk> (daba Archenfield) w bzaf dyal janob sharq waliz; ljstt dyalo tshlt l katdrayt landof f 1120.,"Dubricius , 6th @-@ century Briton Saint who evangelised <unk> ( now Archenfield ) and much of South @-@ East Wales ; his body was transferred to Llandaff Cathedral in 1120 .",دوبريشيوس، قديس بريطاني من القرن السادس بشر في <unk> (وهي الآن آرشينفيلد) وجزء كبير من جنوب شرق ويلز؛ نُقل جسده إلى كاتدرائية لاندوف عام 1120.,25,GENERATED
data51811,DATA_21002,B,L'Art Institute dyal Chicago متحف زوين بزاف ديال الفن، مشهور بالخصوص بالفن الانطباعي و الفن الأمريكي.,"L'Art Institute dyal Chicago muthaf zwine bzzaf dyal lfen, mash'hoor belkhsous b lfen l'inti'baa'i w lfen l'amriki.",The Art Institute of Chicago is a fine @-@ art museum well known for its Impressionist and American art .,متحف معهد شيكاغو للفنون هو متحف فنون جميلة معروف بمعروضاته من الفن الانطباعي والفن الأمريكي.,20,GENERATED
data51812,DATA_13333,B,"الفرع ديال ""محاربين من أجل السلام"" اللي كاين ف بوسطن، ماساتشوستس، سميتو ""لواء سميدلي دي. باتلر"" تكريم ليه.","lfer3 d dial ""muharibin min ajl es-salam"" li kayn f boston, massachusetts, smito ""liwaa smidli di. butler"" تكريم lih.","The Boston , Massachusetts , chapter of Veterans for Peace is called the Smedley D. Butler Brigade in his honor .",يُطلق على فرع بوسطن بولاية ماساتشوستس من منظمة المحاربين القدامى من أجل السلام اسم لواء سيمدلي دي بتلر تكريمًا له.,21,GENERATED
data51813,WIKI_C_09983,C,مع مرور الوقت، هاد الخيام ولاو شبه دايمين بسباب واحد لاساس بسيط. الدليل على هادشي كاين فجزر فيغا، واحد لبلاصة دابا مسجلة فاليونيسكو كاتراث عالمي.,"ma3 moror lwa9t, had lkhiyam wlaw shboh daymin b sbab wa7d l asas basit. dliil 3la hadshi kayn f jozor vega, wa7d l blasa daba msjla fl yunesko ka trath 3alami.","Over time , such tents became semi @-@ permanent through the introduction of a simple foundation . Traces of these can be found at the Vega archipelago , an area that is now a UNESCO World Heritage Site .",بمرور الوقت، أصبحت هذه الخيام شبه دائمة من خلال إدخال أساس بسيط. يمكن العثور على آثار لهذه في أرخبيل فيغا، وهي منطقة أصبحت الآن موقعًا للتراث العالمي لليونسكو.,25,GENERATED
data51814,WIKI_C_06198,C,هاد المخطوط جابوه من الشرق فبداية القرن سبعطاش. بقى عند شي ناس خواص كثر من مية عام. ومن عام الف وثمانمية وثلاثين وهو محطوط فجامعة أوترخت.,had lmakhtot jaboh men char9 fbdidit lqarn sb3tash. b9a 3nd chi nas khawas ktar men mya 3am. wmen 3am lfi w tmnmyat w tlatin howa m7toot fjami3t utrecht.,The manuscript was brought from the East at the beginning of the 17th century . It was in private hands for over 100 years . Since 1830 it has been housed at the Utrecht University .,تم جلب المخطوطة من الشرق في بداية القرن السابع عشر. ظلت في أيدي خاصة لأكثر من 100 عام. منذ عام 1830 وهي محفوظة في جامعة أوتريخت.,26,GENERATED
data51815,WIKI_C_04013,C,فخدمتو العلمية ف البيولوجيا التطورية، داوكنز معروف بزاف بالتفسار ديالو للجين كالوحدة الرئيسية ديال الانتقاء فالتطور؛ هاد الراي مبين مزيان فكتاباتو:,"f khdemto l3ilmiya f lbyulujya dtuturiya, dawkins ma3ruf bzzaf btwsir dyalo ljin k lw7da rayisiya dyal lintiqaa f ttutur; had ray mbeyyin mezian f ktbato:","In his scientific work in evolutionary biology , Dawkins is best known for his popularisation of the gene as the principal unit of selection in evolution ; this view is most clearly set out in his books :",في عمله العلمي في علم الأحياء التطوري، يشتهر دوكنز بتعميمه لمفهوم الجين كوحدة الاختيار الرئيسية في التطور؛ وهذا الرأي موضح بوضوح في كتبه:,21,GENERATED
data51816,DATA_21646,B,كانو كيحسبو الذرات هي أصغر حاجة ممكنة في المادة، حتى لعام 1897 فاش ج.ج. طومسون اكتشف الإلكترون بفضل الخدمة ديالو على الأشعة المهبطية.,"kanu kayhsbu d-darrat hiya asghar haja momkina fi l-madda, 7atta l-3am 1897 fash J.J. Thomson ktaشف l-electron bfdal l-khidma dyalu 3la l-ash3a3 l-mhabtiyya.",Atoms were thought to be the smallest possible division of matter until 1897 when J.J. Thomson discovered the electron through his work on cathode rays .,كان يُعتقد أن الذرات هي أصغر تقسيم ممكن للمادة حتى عام 1897 عندما اكتشف جي. جي. طومسون الإلكترون من خلال عمله على أشعة الكاثود.,26,GENERATED
data51817,DATA_16658,B,زينݣ! دقّات أوتار قلبي. (جايمس ف. هانلي) – 3:48,zin! dqqat awtar qlbi. (james f. hanley) - 3:48,""" Zing ! Went the Strings of My Heart "" – ( James F. Hanley ) – 3 : 48",« زِنْج! اِنْطَلَقَتْ أَوْتَارُ قَلْبِي » – (جيمس ف. هانلي) – 3:48,20,GENERATED
data51818,DATA_22964,B,هايمز گرين – خرج نهار 16 سبتمبر 2008 (لميريكان)، شهر غشت 2008 (لبريطانيا) (ذي پيت بيست باند),"Haymes Green - kherj nhar 16 September 2008 (l'mirikan), sheher Ghusht 2008 (l'britaanya) (The Pete Best Band)","Haymans Green – Released 16 September 2008 ( US ) , August 2008 ( UK ) ( The Pete Best Band )",هايمنز غرين – صدر في 16 سبتمبر 2008 (الولايات المتحدة)، أغسطس 2008 (المملكة المتحدة) (فرقة بيت بيست),22,GENERATED
data51819,DATA_10573,A,مانضنش غادي نقلي داك الحوت خانشويه,mandench ghadi n9li dak l7out 5anchwih,I dont think i will barbecue th fish,لا أعتقد أنني سأشوي السمك,8,PARTIALLY VALIDATED
data51820,WIKI_D_12165,D,كايتقدر باللي من بين 39 ألف يهودي اللي كانو ف البلاد، غير 9 آلاف اللي بقاو حيّين؛ والباقي تقتلو ولا ترحّلو لألمانيا، سواء من طرف السلطات المحلية ولا الجيش الألماني براسو. المصادر الكرواتية والصربية ما متّافقينش على الأرقام المضبوطة.,"kaytqdr blly mn bin 39 alf yhudi lli kano f lblad, ghir 9 alf lli bqaw 7iyyin; wl baqi tqtelu wla trhlu l almania, sawa2 mn tarf sultat lihliyya wla jaysh almania b raso. lmsadr lkroatiyya wlsirbiyya ma mtfaqinsh 3la larqam lmdbuta.","It is estimated that out of 39 @,@ 000 Jews in the country only 9 @,@ 000 survived ; the rest were either killed or deported to Germany , both by the local authorities and the German Army itself . Croatian and Serbian sources disagree on the exact figures .",يُقدّر أنه من بين 39 ألف يهودي في البلاد، لم ينجُ سوى 9 آلاف؛ والبقية إما قُتلوا أو رُحّلوا إلى ألمانيا، سواء من قبل السلطات المحلية أو الجيش الألماني نفسه. تختلف المصادر الكرواتية والصربية حول الأرقام الدقيقة.,39,GENERATED
data51821,WIKI_D_10570,D,"لموسيقى و ساوندتراك ديال الفيلم تلحنّو من طرف كلينت مانسل و ماركو بلترامي و مارلين مانسن ف نص ديال عام 2001 . مانسن وصف لموسيقى و ساوندتراك باللي هما ""إلكترونيين"" كتر من الخدمة اللي دار قبل .","lmsiqa w soundtrack dyal lfilm tl77nu mn tarf clint mansell w marco beltrame w marilyn manson f nss dyal 3am 2001. manson wsaf lmsiqa w soundtrack blli homa ""electronicin"" ktr mn lkhdma lli dar qbl.","The film 's score and soundtrack were composed by Clint Mansell , Marco Beltrami and Marilyn Manson during mid @-@ 2001 . Manson described the score and soundtrack as being more "" electronic "" than his other previous work .","تم تأليف موسيقى الفيلم وموسيقاه التصويرية بواسطة كلينت مانسيل وماركو بلترامي ومارلين مانسون في منتصف عام 2001. وصف مانسون الموسيقى والموسيقى التصويرية بأنها ""إلكترونية"" أكثر من أعماله السابقة الأخرى.",37,GENERATED
data51822,DATA_14740,B,تاير سكول كيتشارك مع تاك سكول بيزنيس ف مركز موردو (لي فيه البيبليوتيك فيلدبرغ ديال البيزنيس و الهندسة).,Tayer School kitshark m3a Tak School Business f markaz mordow (li fih lbibliyotik Feldberg dyal lbiznes w lhandasa).,The Thayer School shares the Murdough Center ( containing the Feldberg Business & Engineering Library ) with the adjacent Tuck School of Business .,تشارك كلية ثاير مركز موردو ( الذي يضم مكتبة فيلدبرغ للأعمال والهندسة ) مع كلية تاك للأعمال المجاورة.,24,GENERATED
data51823,DATA_14216,B,السرعة: هاد المستوى ديال التدريب كيركز على قدرة الرياضي باش يجري بالزربة وهو عصبي عضلي، يعني كيدرب العضلات باش يتحركو بالخف.,"السرعة: had l-mustawa dial t-tdrib kayrkez 3la 9odrat r-riyadi bash yjri bz-zerba w-huwa 3asabi 3adali, ya3ni kaydreb l-3adalat bash yt7erku b-l-kheff.","Speed : This level of training addresses the athlete 's ability to sprint and is neuromuscular , essentially training the muscles to move quickly .",السرعة: يعالج هذا المستوى من التدريب قدرة الرياضي على العدو وهو عصبي عضلي، ويقوم بشكل أساسي بتدريب العضلات على التحرك بسرعة.,25,GENERATED
data51824,WIKI_C_07984,C,فيستا هي ألمع أسترويد كيبان من الأرض. أبعد مسافة بينها وبين الشمس كبر شوية من أقرب مسافة بين سيريس والشمس، واخا المدار ديالها كاين كلو لداخل ديال سيريس.,"fista hiya alme3 asteroid kibane mene l2ard. ab3ed masafa binna w bin shams kber chwiya mene 2a9rab masafa bine ceres w shams, wakha l مدار dyalha kayne kello ldakhel dyal ceres.","Vesta is the brightest asteroid visible from Earth . Its maximum distance from the Sun is slightly greater than the minimum distance of Ceres from the Sun , though its orbit lies entirely within that of Ceres .",ڤيستا هو الكويكب الأكثر سطوعًا المرئي من الأرض. أقصى مسافة له عن الشمس أكبر بقليل من الحد الأدنى لمسافة سيريس عن الشمس، على الرغم من أن مداره يقع بالكامل داخل مدار سيريس.,28,GENERATED
data51825,WIKI_C_08301,C,"العنوان ""خيرها ف غيرها"" جاية من واحد الهضرة ديال الرسام الانطباعي بول سيزان, ""كاع التصاور اللي مرسومين لداخل, فالستوديو, عمرهم ما غادي يكونو بحال اللي مرسومين على برا.""","l3enwan ""kherha f gherha"" jayya men wa7ed lhadra dyal rassam l-intiba3i bol cezanne, ""ga3 tswar li marsomin l-dakhel, f stoudio, 3omrhom ma ghady ikonou b7al li marsomin 3la bra.""","The title Better Out Than In is a reference to a quote by impressionist Paul Cézanne , "" All pictures painted inside , in the studio , will never be as good as those done outside . ""","عنوان ""الأفضل أن تكون في الخارج بدلاً من الداخل"" هو إشارة إلى اقتباس من الفنان الانطباعي بول سيزان: ""جميع اللوحات المرسومة في الداخل، في الاستوديو، لن تكون أبدًا جيدة مثل تلك المرسومة في الخارج.""",28,GENERATED
data51826,WIKI_D_03826,D,بون تشو، واحد شينوي ميريكاني عايش ف ولاية واشنطن، ولكن تربّا ف أوكلاهوما. كانت عندو شركة سْطارْت-آپ ديال السيكوريتي وما صدقاتش ليه. خدموه باش يعاون كايسي تقلب على اللي صايب داك الفوطيج.,"boone chou, wa7ed chinwi amrikani 3ayesh f wilayat washington, walakin trrba f oklahoma. kanet 3endo sharika start-up dyal security w ma sda9tsh lih. khdmouh bach y3awen cayce t9ellab 3la li sa7eb dak lfootij.","Boone Chu – A Chinese @-@ American living in Washington State , but raised in Oklahoma . He had a failed start @-@ up company specializing in security . He is hired to assist Cayce in the search for the maker of the footage .",بون تشو - صيني أمريكي يعيش في ولاية واشنطن، لكنه نشأ في أوكلاهوما. كانت لديه شركة ناشئة فاشلة متخصصة في الأمن. تم توظيفه لمساعدة كايسي في البحث عن صانع اللقطات.,32,GENERATED
data51827,WIKI_D_01786,D,من بعد ما بقاو مباعدين شوية على برا تمان سنين، بيل كلينتون و ݣور رجعوا تلاقاو قدام الإعلام ف شهر غشت عام الفين وتسعة، من بعد ما كلينتون دار باش يطلقوا جوج صحافيات كانوا شادينهم رهائن ف كوريا الشمالية. هاد الجوج عيالات كانوا خدامين ف التلفزة ديال ݣور اللي سميتها كورنت تيڤي.,"mn ba3d ma bqaw mbo3din chwiya 3la bra taman snin, bill clinton w gore rje3o tlqaw qdam l'i3lam f chher aghosht 3am lfin w ts3a, mn ba3d ma clinton dar bash ytlaqaw joj sa7afiyyat kanaw chadinhom rha22en f korea chmalia. had joj 3aylat kanaw khdamen f tl vizo dyal gore lli smitha current tv.","After maintaining an informal public distance for eight years , Bill Clinton and Gore reunited for the media in August 2009 after Clinton arranged for the release of two journalists who were being held hostage in North Korea . The two women were employees of Gore 's Current TV .","بعد الحفاظ على مسافة عامة غير رسمية لمدة ثماني سنوات، اجتمع بيل كلينتون وآل غور مجددًا أمام وسائل الإعلام في أغسطس 2009 بعد أن رتب كلينتون لإطلاق سراح صحفيتين كانتا محتجزتين كرهينتين في كوريا الشمالية. كانت المرأتان موظفتين في قناة ""كورنت تي في"" التابعة لـ ""غور"".",52,GENERATED
data51828,WIKI_D_04014,D,"كان عسكري مثالي، و كان كيحس بـ""روح الجماعة"" ديال الجيش بزاف، ولكن كان عزيز عليه النظام المدني اللي تنظم تحت الدستور، وكان غير عسكري باش هادشي يدوم بالفائدة و الشرف ديالو كاملين.","kan 3askari mitaly, w kan kay7ass b-rou7 l-jama3a dyal l-jaysh bzaf, walakin kan 3ziz 3lih nizam l-madani lli tan7a9 ta7t l-dostor, w kan ghi 3askari bach hadchi ydom b-lfa2ida w sharaf dyalo kamlin.","He was an ideal soldier , and shared to the fullest the esprit du corps of the army , but he cherished the civil institutions organized under the Constitution , and was only a soldier that these might be perpetuated in undiminished usefulness and honor .",كان جنديًا مثاليًا، وقد شارك إلى أقصى حد في الروح المعنوية للجيش، لكنه كان يعتز بالمؤسسات المدنية المنظمة بموجب الدستور، ولم يكن سوى جندي حتى يمكن الحفاظ عليها بأقصى فائدة وشرف.,32,GENERATED
data51829,WIKI_C_01320,C,فيروس، واحد الفيلم ديال السيكونس فيكشن والرعب ديال 1999: داك الفيروس ديال الحاسوب دار الطريق لجزيرة لورد هاو باش يشد واحد البلاصة ديال المخابرات البريطانية اللي منها يقدر يتحكم في العسكر ديال العالم كامل.,"virus, wa7d lfilm dyal lsequence fiction w r'eb dyal 1999: dak lvirus dyal l7asoub dar ttriq l jazirat Lord Howe bash yshedd wa7d lbla9a dyal lmakhabarat lbritaniyya lli menha y9der y7kem f l'asker dyal l'alam kamel.","Virus , a 1999 sci @-@ fi horror film : the titular computer virus sets a course for Lord Howe Island to seize a British intelligence facility from which it can control the world 's military .",فيروس، فيلم خيال علمي ورعب أمريكي صدر عام 1999؛ حيث يسعى فيروس الحاسوب الرئيسي إلى جزيرة لورد هاو للاستيلاء على منشأة استخباراتية بريطانية يمكن من خلالها التحكم في جيوش العالم.,34,GENERATED
data51830,WIKI_D_05918,D,وزير الخارجية جورج شولتز دار مؤتمر صحفي على هاد الحادثة مع العشرة وخمسة وأربعين دقيقة ديال واحد سبتمبر، و كشف فيه على شي تفاصيل ديال اتصالات سوفيتية اللي تْسَنّطو عليها وشجب الأفعال ديال الاتحاد السوفيتي.,"wazir kharijiya jorj p. shultz dar m2atamar sa7afi 3la had l7aditha m3 l3eshra w5ms40 dqayeq dyal wa7d september, w kshaf fih 3la chi tafaSil dyal itisalat sovietiya lli tsantato 3liha w shajab l2af3al dyal l3i7ad ssovyiti.","Secretary of State George P. Shultz held a press conference about the incident at 10 : 45 on September 1 , during which he divulged some details of intercepted Soviet communications and denounced the actions of the Soviet Union .",عقد وزير الخارجية جورج بي. شولتز مؤتمرًا صحفيًا حول الحادث في الساعة 10:45 من يوم 1 سبتمبر، كشف خلاله عن بعض تفاصيل الاتصالات السوفيتية المعترضة وأدان تصرفات الاتحاد السوفيتي.,35,GENERATED
data51831,WIKI_D_01826,D,الپارك ڭريل كاينة ف نورث ميشيڭن أڤنيو ف شيكاڭو ف ديستريك ميشيڭن بوlevard التاريخي. كلاود ڭيت، واحد التمثال ديال الشعب، كاينة ف أ تي آند تي پلازا فوق السطح ديال الپارك ڭريل.,"lpark grill kayna f north michigan avenue f chicago f distrikt michigan boulevard tarykhi. cloud gate, wa7d tamthal dyal sha3b, kayna f AT&T Plaza foq s7 n dyal lpark grill.","The Park Grill is located on North Michigan Avenue in Chicago in the Historic Michigan Boulevard District . Cloud Gate , a public sculpture , is located on AT & T Plaza on the roof of the Park Grill .","يقع مطعم ""ذا بارك جريل"" في شارع ميشيغان الشمالي في شيكاغو ضمن منطقة ميشيغان بوليفارد التاريخية. يقع ""كلاود جيت""، وهو منحوتة عامة، في ساحة ""إيه تي آند تي بلازا"" على سطح مطعم ""ذا بارك جريل"".",32,GENERATED
data51832,WIKI_C_08775,C,نيوفاوندلاند كتشد قل من 1600 ساعة ديال الشمش في العام، هادشي قل بزاف من المعدل ديال كندا اللي هو 1925 ساعة. شهور الصيف كتشد تقريبا 187 ساعة ديال الشمش، وشهر دجنبر كيشد تقريبا 60 ساعة.,"newfoundland ktchd ql mn 1600 sa3a dyal shsh f l3am, hadshi ql bzzaf mn lma3dal dyal canada lli huwa 1925 sa3a. shhur ssyf ktchd tqriban 187 sa3a dyal shsh, w shhr djnbr kychd tqriban 60 sa3a.","Newfoundland receives less than 1600 hours of sunshine per year , much lower than the Canadian average of 1925 hours . Summer months average 187 hours of sun while the December average is 60 hours .",تتلقى نيوفاوندلاند أقل من 1600 ساعة من أشعة الشمس سنويًا، وهو أقل بكثير من المتوسط الكندي البالغ 1925 ساعة. يبلغ متوسط ساعات سطوع الشمس في أشهر الصيف 187 ساعة، بينما يبلغ متوسط شهر ديسمبر 60 ساعة.,35,GENERATED
data51833,WIKI_D_12430,D,واحد لاستطلاع ف 1766 كيبين باللي عائلة بليموث كانت مالكة ل <unk> ديال أغلبية أراضي رادير. و مازالت مالكة ليها تا دابا. Plymouth Estates باعو 22 أكر (9 هكتار) ديال الأراضي السكنية ف رادير ف 2007.,wa7d l-istila3 f 1766 kaybin belli 3a2ilt plymouth kant malaka l <unk> dyal aghlabiya t9ardir. w mazala malaka liha ta daba. plymouth estates b3aw 22 acre (9 ha) dyal t9ardir sskaniya f radir f 2007.,A survey in 1766 shows that the Plymouth family owned the <unk> of most of Radyr . It continues to do so today . Plymouth Estates sold 22 acres ( 9 ha ) of residential land in Radyr in 2007 .,يُظهر مسح أجري عام 1766 أن عائلة بليموث كانت تمتلك <unk> معظم رادير. وما زالت تفعل ذلك حتى اليوم. باعت شركة بليموث العقارية 22 فدانًا (9 هكتارات) من الأراضي السكنية في رادير عام 2007.,36,GENERATED
data51834,WIKI_C_06077,C,"N/A. This text contains technical chemical terms which don't have common equivalents in Darija. A direct translation wouldn't be understandable. Translating it requires adapting the text to be explained, not directly translated.","<unk> tetranitride , <unk> , is an explosive orange compound analogous to <unk> tetranitride ( <unk> ) . It can be synthesized by the reaction of selenium tetrachloride ( <unk> ) with [ ( ( CH","<unk> tetranitride , <unk> , is an explosive orange compound analogous to <unk> tetranitride ( <unk> ) . It can be synthesized by the reaction of selenium tetrachloride ( <unk> ) with [ ( ( CH",<unk> رباعي النتريد، <unk>، هو مركب برتقالي متفجر مشابه لـ <unk> رباعي النتريد (<unk>) . يمكن تصنيعه عن طريق تفاعل رباعي كلوريد السيلينيوم (<unk>) مع [((CH,32,GENERATED
data51835,WIKI_D_02119,D,من بعد ما دخل حيز التنفيذ الاتفاق الإطار بين الاتحاد الأوروبي و ESA، كاينة تشكيلة ديال مجلس الفضاء — اجتماع مشترك ومتزامن ديال مجلس الاتحاد الأوروبي ومجلس ESA على المستوى الوزاري اللي كيتعامل مع التنفيذ ديال ESP اللي تبنات من قبل المنظمتين بجوج.,"mn ba3d ma d5al 7ayz tanzid l-ittifaq l-iTar bin l-itti7ad l-orobi w ESA, kayna tashkila dyal majlis l-faDa2 — ijtima3 moshtarak w metzammin dyal majlis l-itti7ad l-orobi w majlis ESA 3la mostawa wizarri lli kiyta3mal m3a tanzid dyal ESP lli tbnat mn qbl l-mondamatyn bjooj.",Following the entry into force of a framework agreement between the EU and ESA there is a Space Council configuration — a joint and concomitant meeting of the EU Council and of the ESA Council at ministerial level dealing with the implementation of the ESP adopted by both organisations .,عقب دخول اتفاق إطار بين الاتحاد الأوروبي ووكالة الفضاء الأوروبية حيز التنفيذ، هناك تشكيلة لمجلس الفضاء – اجتماع مشترك ومتزامن لمجلس الاتحاد الأوروبي ومجلس وكالة الفضاء الأوروبية على المستوى الوزاري، يتناول تنفيذ خطة الفضاء الأوروبية التي اعتمدتها المنظمتان.,43,GENERATED
data51836,WIKI_C_07084,C,الفيلانيلا اللي كتبها ستيفن ديدالوس، الشخصية الرئيسية في رواية صورة الفنان في شبابه ديال جيمس جويس، دارت عليها بزاف ديال التحليلات النقدية.,"el filanella lli ktbha stephen dedalus, chekhsiya ra'isiya f riwayat ""souret el fann f shbab"" dyal james joyce, dart 3liha bzaf dyal tahalilat na9diya.","The villanelle written by Stephen Dedalus , the protagonist of James Joyce 's novel A Portrait of the Artist as a Young Man . It has been the subject of several critical analyses .","الفيلانيل التي كتبها ستيفن ديدالوس، الشخصية الرئيسية في رواية ""صورة الفنان شاباً"" لجيمس جويس، كانت موضوعاً لعدة تحليلات نقدية.",22,GENERATED
data51837,WIKI_D_07122,D,فلبلاصة ديال سطاسيون طريق لويس، فالملتقى ديال طريق ريتشموند و طريق دوبيني، كاينة ريتشموند هاوس، واحد البيرو مهجور. ففبراير 2013، واحد المنعش العقاري طلب الإذن باش يهدم هاد البني ويReplaceيه بسكن طلابي فيه 144 شقة.,"flبلاasa dyal station tarik liwis, felmltqa dyal tarik richmond w tarik dubini, kayna richmond house, wahed lbiro mhjjor. ffebrayer 2013, wahed lmen3sh l3eqari talab l'edn bash yhdem had lbni w replaceih bskn tllybi fih 144 shqa.","On the Lewes Road station site at the junction of Richmond Road and D 'Aubigny Road stands Richmond House , a disused office block . In February 2013 , a developer applied for planning permission to demolish the building and replace it with student housing consisting of 144 flats .",في موقع محطة لويس، عند تقاطع طريق ريتشموند وطريق د'أوبيني، يقف منزل ريتشموند، وهو مبنى مكاتب مهجور. في فبراير 2013، تقدم مطور بطلب للحصول على إذن تخطيط لهدم المبنى واستبداله بسكن طلابي يتكون من 144 شقة.,35,GENERATED
data51838,DATA_7795,A,هيت هتا أنا كنمشي ليه,hit hta ana knmchi liih,because i go to it too,لأنني أذهب إليه أيضًا,6,PARTIALLY VALIDATED
data51839,DATA_10140,A,كان كيسحاب ليا غادي يتزمن هاد المشروع مع الأخور,kan kis7ab liya ghadi ytzamen had lmechrou3 m3a la5or,i thought that  he will time his project,اعتقدت أنه سيحدد وقتاً لمشروعه,8,PARTIALLY VALIDATED
data51840,WIKI_C_01127,C,واحد الطيارة ديال إيرونافيس دي مكسيكو موديل 302 بريطانيا هي اللي كانت ف الفيلم ديال 1959 جيت أوفر ذي أطلانتيك، و قالو للناس باللي الطيارة كتخدم بالتوربين.,"wa7d ttyara dyal aeronaves de mexico model 302 britanya hiya lli kanet f film dyal 1959 jet over zi atlantic, w qalu l nass blli ttyara ktkhdem btturbine.",An Aeronaves de Mexico Model 302 Britannia was the aircraft in the 1959 movie Jet Over the Atlantic ; the audience is informed that the aircraft is a turboprop .,"كانت طائرة إيرونافيس دي مكسيكو طراز 302 بريطانيا هي الطائرة في فيلم ""جيت أوفر ذي أتلانتيك"" عام 1959؛ ويُعلم الجمهور أن الطائرة ذات محرك توربيني مروحي.",27,GENERATED
data51841,DATA_3844,A,هي راه وسيلة ديال نقل آمنة بزاف، ماخصكش تخاف,"hya rah wasila dyal na9l 2amina bzaf, makhskch tkhaf","It's an extremely safe transport, you don't need to panic",إنها وسيلة نقل آمنة للغاية، لا داعي للذعر.,10,PARTIALLY VALIDATED
data51842,WIKI_C_10203,C,جوج د المحتوى ديال الجو و دار واحد المفعول ديال البيوت الزجاجية مؤقت حتى طاحو ديك الغبرة و داكشي ديال الرذاذ، و هادشي يكون قضا على الكائنات اللي كانت ضعيفة بزاف اللي كانت باقة حية مورا الضربة نيشان.,"juj d l'm7tway dyal l jaw w dar wa7d lmaf3oul dyal lbuyut zجاجية mo'aqqat 7ta 7tto dik lghobra w dakchi d rzaz, w hadchi ikoon 9ada 3la lkawt w li kana 3a3ifa bzzaf li kana bagha 7aya mor d darba nishan.","2 content of the atmosphere and caused a temporary greenhouse effect once the dust clouds and aerosol settled , and this would have exterminated the most vulnerable organisms that survived the period immediately after the impact .",محتوى الغلاف الجوي الثاني، وتسبب في تأثير احتباس حراري مؤقت بمجرد استقرار سحب الغبار والرذاذ، وهذا كان من شأنه أن يقضي على الكائنات الأكثر ضعفًا التي نجت من الفترة التي تلت الاصطدام مباشرة.,38,GENERATED
data51843,DATA_4256,A,واش كاتمتع بقهوتك؟,wach katmata3 b9ahwtak?,Are you enjoying your coffee,هل تستمتع بقهوتك؟,5,PARTIALLY VALIDATED
data51844,WIKI_C_06115,C,"تينا ديساي لي كتلعب دور سونينا خدامة فواحد سونطر دابيل و صاحبة سوني ""المودرن"". وكتصاحب مع إيفلين ملي كتشد خدمة فنفس السونطر دابيل (شوف لتحت).","tina desai li katel3ab dor sonaina khadama f whed centr d'appel w sahbet sonny l""modern"". w katssahb m3a evelyn ملي katchd khdma f nefes centr d'appel (chouf leht).","Tina Desai as Sunaina , call centre worker , Sonny 's "" modern "" girlfriend . She befriends Evelyn when Evelyn gets a job at the same call centre ( see below ) .","تينا ديساي بدور سونينا، عاملة في مركز اتصال، وصديقة سوني ""العصرية"". تصادق إيفلين عندما تحصل إيفلين على وظيفة في نفس مركز الاتصال (انظر أدناه).",25,GENERATED
data51845,DATA_3664,A,راه ماخايبش كيما كدنت,rah makhaybch kima kadan,it's not as bad as you think,الأمر ليس سيئًا كما تظن,7,PARTIALLY VALIDATED
data51846,WIKI_C_06624,C,فالواحد وعشرين، الحرس المحلي تطوعو باش يعاونو يجمعو دوك الجنود ديال الألمان اللي بقاو شاردين، والفرقة الرابعة الهندية كملات القدام وسط واحد الريح مجهد وفاتت البلاد.,"f lwa7ed w3eshreen, l 7ares l ma7alli ttafaw3o bach y3awno yjem3o dok l jnod dyal l alman li b9aw chardeen, w l fer9a raab3a l hindia kamlat l 9oddam west wa7d ri7 mejhed w fatet l bled.","On the 21st , the local defence forces were enlisted to help mop up straggling German troops , and the 4th Indian Division pressed onward through a heavy gale and passed out of the country .",في الحادي والعشرين، تم تجنيد قوات الدفاع المحلية للمساعدة في القضاء على فلول القوات الألمانية المتفرقة، وواصلت الفرقة الهندية الرابعة تقدمها وسط عاصفة هوجاء وخرجت من البلاد.,26,GENERATED
data51847,WIKI_D_01205,D,"نهار 9 ماي 1961, بداو كيوصلو B-52H للقوات الجوية بمحركات توربينية Pratt & Whitney TF33-P-3 لي كيحرقو مزيان و صداعهم قليل, و كيعطيو قوة دفع قصوى ديال 17,100 رطل (76.06 كيلو نيوتن).","nhar 9 may 1961, bdaaw kaywaslo B-52H l l9owat ljawiya b moharrkat torbiniya Pratt & Whitney TF33-P-3 li kay7r9o mzyan w sada3hom qlil, w kay3tiw 9owat dafa3 9oswa dyal 17,100 rtal (76.06 kilo niwton).","On May 9 , 1961 , B @-@ 52H started being delivered to the Air Force with cleaner burning and quieter Pratt & Whitney TF33 @-@ P @-@ 3 turbofans with a maximum thrust of 17 @,@ 100 lbf ( 76 @.@ 06 kN ) .","في التاسع من مايو عام 1961، بدأت طائرات بي-52 إتش في التسليم للقوات الجوية بمحركات توربوفان برات آند ويتني TF33-P-3 ذات الاحتراق الأنظف والهدوء الأكبر، بقوة دفع قصوى تبلغ 17,100 رطل (76.06 كيلونيوتن).",32,GENERATED
data51848,WIKI_D_07985,D,"اقتصاد رياضي (24 مذكورين، بحال "" <unk> ""، "" مشكل التجميع ""، "" ستاتيكا مقارنة ""، "" ترتيبات معجمية ""، "" نماذج خطية ""، "" ترتيبات ""، و "" اقتصاد كيفي "")","iqtisad riyadi (24 madkourin, b7al ""<unk>"", ""mchkil tta9mi3"", ""statika mo9arana"", ""tartibat mo3jamia"", ""namadij khattia"", ""tartibat"", w ""iqtisad kayfi"")","Mathematical Economics ( 24 listed , such as "" <unk> "" , "" aggregation problem "" , "" comparative statics "" , "" lexicographic orderings "" , "" linear models "" , "" orderings "" , and "" qualitative economics "" )","الاقتصاد الرياضي (24 مدرجة، مثل ""<unk>""، ""مشكلة التجميع""، ""السكونية المقارنة""، ""الترتيبات المعجمية""، ""النماذج الخطية""، ""الترتيبات""، و ""الاقتصاد الكيفي"")",32,GENERATED
data51849,WIKI_D_09959,D,المضاربة ممنوعة منعاً كلياً فالدوريات الأوروبية ديال الهوكي المحترف و فالألعاب الأولمبية ديال الهوكي على الجليد. القواعد الدولية (ديال الاتحاد الدولي لهوكي الجليد (IIHF)) كاتحدد فالقاعدة 141 – المضاربة العقوبات التالية (من بين أمور أخرى):,lmudarba mamnou3a man3an kulliyan fdawriya l-2oropiya dyal l-hoki l-mhtarif w f l-2al3ab l-2olombiya dyal l-hoki 3la l-jalid. lqawa3id d-dawliya (dyal l-itti7ad d-dawli d-hoki l-jalid (IIHF)) kat7add f l-qa3ida 141 – lmudarba l3oqobat ttaliya (mn bayn 2omour 2oxra):,Fighting is strictly prohibited in European professional hockey leagues and in Olympic ice hockey . The international rules ( by the International Ice Hockey Federation ( IIHF ) ) specify in rule 141 – Fighting the following penalties ( among others ) :,يُمنع القتال منعًا باتًا في دوريات الهوكي الاحترافية الأوروبية وفي هوكي الجليد الأولمبي. تحدد القواعد الدولية (للاتحاد الدولي لهوكي الجليد (IIHF)) في القاعدة 141 - القتال العقوبات التالية (من بين أمور أخرى):,35,GENERATED
data51850,WIKI_D_12295,D,أديرال كيتعتبر عندو إمكانية كبيرة يتستعمل بشكل غالط بحال دوا ديال اللعب و الترفيه. طابليطات ديال أديرال يمكن يتهرسو و يتشخّرو، ولا يدّوبو ف الما و يتضربو بالإبرة. الضرب بالإبرة ف الدم يقدر يكون خطر حيت داكشي اللي كيكون زايد ف الطابليطات و ماكايدوبش كيسد العروق الصغيرة ديال الدم.,"adderall kiyet3tbr 3ndo imkaniya kbira yetst3ml bshkl ghalt bhal dwa dyal le3b w ttrfi7. tablitet dyal adderall ymken yet7rsou w yetshkrou, wla ydoubou f lma w yetdrbou bel ibra. ddrb bel ibra f ddém yqdr ykon khtar 7it dakchi lli kaykon zayed f tablitet w makaydoubbch kisedd le3rouq sseghira dyal ddém.","Adderall is considered to have a high potential for misuse as a recreational drug . Adderall tablets can be crushed and snorted , or dissolved in water and injected . Injection into the bloodstream can be dangerous because insoluble fillers within the tablets can block small blood vessels .",يعتبر عقار الأدرال ذا إمكانية عالية لسوء الاستخدام كعقار ترفيهي. يمكن سحق أقراص الأدرال واستنشاقها، أو إذابتها في الماء وحقنها. يمكن أن يكون الحقن في مجرى الدم خطيرًا لأن الحشوات غير القابلة للذوبان داخل الأقراص يمكن أن تسد الأوعية الدموية الصغيرة.,49,GENERATED
data51851,WIKI_C_07358,C,هادي واحد الخطافة كاتطير بالزربة بالجهد و مرة مرة كادير شي تشي خفيف فالسما. ماعرفتش كفاش نعيط ليها، أما هي طير ساكت تقريبا، و عندها شي غنيوة قصيرة فيها تلاتة د النوطات ف وقت التزاوج.,"hadi wa7d lkhattafa katir bzrba b ljhed w mrra mrra kadir chi tchi khfif fessma. ma3rftch kifash n3yt liha, ama hiya tir saket ta9riban, w 3ndha chi ghnwya sghwra fiha tlata d nnotat f w9t t zawaj.","This is an exceptionally fast @-@ flying martin which gives an occasional short chi @-@ i call in flight . It is otherwise is a rather quiet bird , but it has a brief three @-@ note breeding song .","هذه خطافة سريعة للغاية في الطيران، تطلق أحيانًا نداء ""تشي"" قصير أثناء طيرانها. بخلاف ذلك، هي طائر هادئ إلى حد ما، ولكن لديها أغنية تزاوج قصيرة من ثلاث نغمات.",35,GENERATED
data51852,DATA_9409,A,راني كنت واست شوك,rani knt wast chouk,i was in bad place,كنت في وضع سيء,5,PARTIALLY VALIDATED
data51853,WIKI_C_09025,C,PA 763 كان طريق اللي كيربط PA 263 ف هاتبورو ب PA 232 ف لوير مورلاند تاونشيب، تابع طريق بايبيري. تدار عام 1930 و تحيد السمية ديالو عام 1940.,"pa 763 kan tariy yelli kayrbet pa 263 f hatboro b pa 232 f lower moreland township, تابع byberry road. tdar 3am 1930 w t7ayd smyito 3am 1940.","PA 763 was a route that connected PA 263 in Hatboro to PA 232 in Lower Moreland Township , following Byberry Road . It was created by 1930 with the designation removed by 1940 .",كان الطريق PA 763 يربط PA 263 في هاتبرو بـ PA 232 في بلدة لوير مورلاند، متبعًا طريق بايبيري. تم إنشاؤه بحلول عام 1930 وتمت إزالة تسميته بحلول عام 1940.,29,GENERATED
data51854,DATA_0128,A,"أأوه, تايبالّيا الضياف اللولين جايّين","Oh, tayballia DDyaf llowlin jayyin","Oh, I think the first guests are coming",آه، أعتقد أن الضيوف الأوائل قادمون,8,PARTIALLY VALIDATED
data51855,WIKI_C_10783,C,واخا كانت أعلنات باللي غاتدير، ABC مادارش سيزون جوج ديال فيليپين آيدول. مصادر قالو باللي ABC خسرات بزاف ديال لفلوس فالسيزون اللول حيت مداخيل الإعلانات كانت ناقصة بزاف على اللي كانو كيتسناو.,"wakha kanat a3lanat bli gatdir, ABC madartch season joj dyal Philippine Idol. Masadir qalu bli ABC khasrat bzaf dyal lflous f season llowl hit madakhil l'i3lanat kanat naqsa bzaf 3la lli kanu kaytsnaw.","Although it had previously announced that it would , ABC did not produce a second season of Philippine Idol ' Sources stated that ABC had incurred large losses producing the first season due to lower than expected advertising revenue .","على الرغم من أنها أعلنت سابقًا أنها ستفعل ذلك، إلا أن شبكة ABC لم تنتج الموسم الثاني من برنامج ""آيدول الفلبين"". وذكرت مصادر أن شبكة ABC تكبدت خسائر فادحة في إنتاج الموسم الأول بسبب انخفاض عائدات الإعلانات عن المتوقع.",32,GENERATED
data51856,WIKI_C_12142,C,سبعة دالناس ماتو فاش كانو كيبنيو القنطرة قبل ما تحلها الملكة إليزابيث الثانية و دوق إدنبرة نهار ربعة فتسعود عام الف وتسعمية وربعة و ستين. الباطو اللي كان كيدي ويجيب حبس من داك النهار.,seba3a d nass matu fash kano kaybniw l9an͡çara qbel ma t7allha lmalika elizabeth ttanya w duk edinburgh nhar reba3a f tesa3ud 3am l-f-w-t-s-mya w reba3a w sittin. lbato lli kan kydi w yjib ͡çebbes men dak dnhar.,Seven lives were lost during construction before the bridge was opened by Queen Elizabeth II and the Duke of Edinburgh on 4 September 1964 . The ferry service was discontinued as of that date .,لقيت سبعة أرواح حتفها أثناء الإنشاء قبل افتتاح الجسر من قبل الملكة إليزابيث الثانية ودوق إدنبرة في 4 سبتمبر 1964. توقفت خدمة العبارات اعتبارًا من ذلك التاريخ.,34,GENERATED
data51857,WIKI_C_02679,C,براين بنبن فدور روجر هندرسون: واحد الكاتب فرحان ديال WBN و راجل ديال بيني. وخا كيغبن البوليس، روجر كيلقى حل للغز ديال القتيلة.,"brayn bnbon f dor rojer henderson: wa7ed lkatib far7an dyal WBN w rajl dyal penny. wakha kayghbon lbolis, rojer kaylqa 7ell llghez dyal lqtil. ","Brian Benben as Roger Henderson : Ecstatic writer of WBN and husband to Penny . Much to the consternation of the police force , Roger solves the murder mystery .",براين بنبن في دور روجر هندرسون: كاتب مبتهج لـ WBN وزوج بيني. على الرغم من انزعاج الشرطة، يحل روجر لغز جريمة القتل.,23,GENERATED
data51858,DATA_21225,B,شارل اللول ديال النڭليز (19 نوڤمبر 1600 – 30 يناير 1649). تزوج فـ1625، هنرييت ماري. تعدم فعمر 48 عام.,"charl l-luwel dyal nngliz (19 nuvanber 1600 - 30 yanayir 1649). tzewwej f 1625, henriyet mari. t'aaddam f'aamer 48 aam.","Charles I of England ( 19 November 1600 – 30 January 1649 ) . Married 1625 , Henrietta Maria . Executed aged 48 .",تشارلز الأول ملك إنجلترا (19 نوفمبر 1600 - 30 يناير 1649). تزوج عام 1625، هنريتا ماريا. أُعدم عن عمر يناهز 48 عاماً.,24,GENERATED
data51859,WIKI_C_02858,C,نانسي كتلعب دور كارول سترونغ، مو ديال بريندا و مرا ديال روجر. فاش حسبات فرانك الصغير طبيب و محامي و لوثري، فرحات بزاف على زواج بنتها.,"nancy katel3ab دور carol strong, mo dyal brenda w mra dyal roger. fach 7sebate frank sghir tbib w m7ami w luthery, far7at bzzaf 3la zwaj b9ha.","Nancy <unk> as Carol Strong , Brenda 's mother and Roger 's wife . When thinking that Frank , Jr. is a doctor , lawyer and Lutheran , she is highly ecstatic for her daughter 's marriage .",تلعب نانسي دور كارول سترونغ، والدة بريندا وزوجة روجر. عندما تعتقد أن فرانك الابن طبيب ومحامٍ ولوثري، تكون مبتهجة جدًا بزواج ابنتها.,26,GENERATED
data51860,WIKI_D_11316,D,"الفوتون هو البوزون العياري ديال الكهرومغناطيسية, و داكشي علاش الأعداد الكمية الأخرى ديال الفوتون (بحال رقم الليبتون، رقم الباريون، و أرقام النكهة الكمية) كيساويو صفر. و زيد عليها، الفوتون ماكيتبعش مبدأ الاستبعاد ديال پاولي.","lfotone huwa lbozon l3iyari dyal lkahromaghnatisia, w dakchi 3lach l2a3dad lkamia l2okhra dyal lfotone (7al r9am llipton, r9am lbaryon, w 2ar9am nna7wa lkamia) kay3awlu sifr. w zid 3liha, lfotone ma kaytba3ch mabda2 listi3dad dyal pauli.","The photon is the gauge boson for electromagnetism , and therefore all other quantum numbers of the photon ( such as lepton number , baryon number , and flavour quantum numbers ) are zero . Also , the photon does not obey the Pauli exclusion principle .",الفوتون هو البوزون القياسي للكهرومغناطيسية، وبالتالي فإن جميع الأعداد الكمية الأخرى للفوتون (مثل العدد الكمي لللبتون، والعدد الكمي للباريون، وأعداد النكهة الكمية) تساوي صفرًا. بالإضافة إلى ذلك، لا يخضع الفوتون لمبدأ الاستبعاد لباولي.,34,GENERATED
data51861,DATA_9755,A,علاش مابغيتيش تنخرط فالجمعية ديالي,3lach mabghitich t nkharet f ljam3ya diali,why you dont wanna join an association,لماذا لا ترغب في الانضمام إلى جمعية؟,7,PARTIALLY VALIDATED
data51862,DATA_20786,B,"فاش تحلات اللعبة، جات فالمرتبة التالتة فـ ""أحسن لعبة جديدة ديال 2006"" فجوائز Golden Ticket.","fash thallat l-l3ba, jat fal-mortaba t-talta f ""ahsan l3ba jdida dyal 2006"" f jawai'z Golden Ticket.","When the ride debuted , it ranked 3rd for "" Best New Ride of 2006 "" in the Golden Ticket Awards .","عندما ظهرت هذه الرحلة لأول مرة، احتلت المرتبة الثالثة ضمن فئة ""أفضل رحلة جديدة لعام 2006"" في جوائز التذكرة الذهبية.",22,GENERATED
data51863,WIKI_D_05930,D,الصلابة ديال الدار تّيزات ف أوائل الأربعينات، فاش طاحت واحد التورنادو على الضيعة. كاع البيوت اللي تابعين للضيعة تهرّسو؛ ولكن الدار بقات صحيحة، من غير شي <unk> طارت مع واحد الشرجم.,"s-slaba dyal d-dar t-tostad f awael l-40iyat, fash t7et wa7ed tornado 3la d-day3a. ka3 l-byout lli تابعين l-day3a t-hrso; walakin d-dar b9at s7i7a, men ghir chi <unk> 7et l-ri7 dyal wa7ed ch-shorjem.","The durability of the house was tested in the early 1940s , when a tornado struck the farmstead . All of the farm 's outbuildings were destroyed ; but the house escaped undamaged , apart from a <unk> blown through one of the windows .",تم اختبار متانة المنزل في أوائل الأربعينات، عندما ضرب إعصار المزرعة. دُمرت جميع المباني الخارجية للمزرعة؛ لكن المنزل نجا سليماً، باستثناء شيء ما اقتلعته الرياح عبر إحدى النوافذ.,31,GENERATED
data51864,DATA_19129,B,هاد الطابلو كيعطينا التقاطعات الرئيسية على طول الطريق السيار رقم 73، كيفما مسجلينها وزارة النقل ديال أونتاريو.,"had tableau kay a3tina t-ta9ato3at r-ra2issiya 3la t-toule t-tri9 s-siyar ra9m 73, kifma msajjlinha wizarat n-na9l dyal ontario.","The following table lists the major junctions along Highway 73 , as noted by the Ministry of Transportation of Ontario .",يسرد الجدول التالي التقاطعات الرئيسية على طول الطريق السريع 73 ، كما لاحظتها وزارة النقل في أونتاريو.,21,GENERATED
data51865,WIKI_D_11312,D,هادي لائحة ديال الأجرام اللي معروفة مرتبة تنازليا على حسب أقرب نقطة للشمس، اللي ما يمكنش بسهولة يتشتتو بمدار نبتون الحالي، و بالتالي غالبا أجرام منفصلة، ولكن كاينة داخل الفجوة ديال أقرب نقطة للشمس ديال ≈ 50 – 75 وحدة فلكية اللي كاتحدد السدنويدات.,"hadi la2i7a dyal al-ajram lli ma3roufa mortaba tanziliyan 3la 7sab aqrab noqta l-chams, lli ma ymkench bsohoula ytchtto b مدار nebtoun l7ali, w bttali ghaliban ajram monfasla, walakin kayna dakhil lfjwa dyal aqrab noqta l-chams dyal approx 50-75 wa7da falakiya lli kat7dd lsednoidat.","This is a list of known objects by decreasing perihelion , that could not be easily scattered by Neptune 's current orbit and therefore are likely to be detached objects , but that lie inside the perihelion gap of ≈ 50 – 75 AU that defines the sednoids :",هذه قائمة بالأجرام المعروفة ذات نقطة حضيض متناقصة، والتي لا يمكن أن تتشتت بسهولة بواسطة المدار الحالي لنبتون، وبالتالي من المرجح أن تكون أجرامًا منفصلة، لكنها تقع داخل فجوة الحضيض التي تتراوح تقريبًا بين 50-75 وحدة فلكية والتي تحدد السدنويات.,44,GENERATED
data51866,WIKI_D_02255,D,فالّول د التلاتينات ديال القرن العشرين، تّطور لمطار ديال البحرين. كانت شركة إمبيريال إيرويز كاتطيّر ليه، بما فيهوم الطيارة ديال هاندلي پيج <unk>. من بعد فنفس العشرينات تأسس لمطار البحري ديال البحرين، ديال الطيارات المائية والسيّارات البحرية.,"f l-wwl d t-tlatinat dyal l-qarn d l-3eshren, ttwwr l-mtar dyal l-bHren. kanet sheriket imperial airways katttayyer lih, bima fihom Ttayaara dyal handley page <unk>. men ba3d f-nfs l-3eshrenat t-tassess l-mtar l-bHri dyal l-bHren, dyal Ttayyarat l-ma2iyya w s-sayyarat l-bHeyyiyya.","In the early 1930s Bahrain Airport was developed . Imperial Airways flew there , including the Handley Page <unk> aircraft . Later in the same decade the Bahrain Maritime Airport was established , for flying @-@ boats and seaplanes .",في بداية الثلاثينات من القرن العشرين، تم تطوير مطار البحرين. كانت خطوط الطيران الإمبراطورية تسافر إلى هناك، بما في ذلك طائرة هاندلي بيج <unk>. لاحقاً في نفس العقد، تم إنشاء مطار البحرين البحري، للقوارب الطائرة والطائرات المائية.,37,GENERATED
data51867,DATA_9131,A,أنا غادي ن سجّل ليك ولدك فلمدرسة واحا ماكايناش بلاصة,ana ghadi n sejjel lik weldek flmadrassa wa5a makaynach blassa,i will add your children in the school,سأضم أطفالكم إلى المدرسة,8,PARTIALLY VALIDATED
data51868,DATA_8847,A,أنا غادي نتبع هاداك شفار,ana ghadi ntbe3 hadak chffar,i will follow the robber,سأتبع اللص,5,PARTIALLY VALIDATED
data51869,WIKI_D_01922,D,نهار 29 يونيو 2012، بوش عيط لمدرب المنتخب الوطني ديال الرجال مايك كرزيفسكي و الرئيس جيري كولانجلو باش يقول ليهم باللي ماغاديش يشارك فالألعاب الأولمبية ديال 2012 ف لندن باش يتعافى من واحد الجبدة ف العضلات ديال البطن السفلي اللي خلاتو ما يلعبش شي ماتشات فالبلاي أوف.,"nhar 29 يونيو 2012, bosh 3yit lmdrb lmtntb lwtni dyal rjal mayk krizefski w lraiis jiri klanjelo bash y9ol lihom blli maghadiish yshaaar k l2la3b l2olmbia dyal 2012 f london bash yta3fa mn wa7d ljdba f l3dlt dyal lbtn lsfl li khlato ma yl3b shi matshat f lblay of.","On June 29 , 2012 , Bosh called men 's national team coach Mike Krzyzewski and chairman Jerry Colangelo to tell them that he would not participate in the 2012 Olympics in London to recover from a lower abdominal strain that kept him out of some playoff games .",في التاسع والعشرين من يونيو عام 2012، اتصل بوش بمدرب المنتخب الوطني للرجال مايك كرزيفسكي والرئيس جيري كولانجلو ليبلغهما بأنه لن يشارك في أولمبياد لندن 2012 للتعافي من إجهاد في أسفل البطن أبعده عن بعض مباريات التصفيات.,47,GENERATED
data51870,WIKI_C_03192,C,"ملي كتسولو علاش هو بوليسي ديال الجريمة، كايجاوب: ""حيت الموتى ما يقدروش يهضرو على راسهم."" هاد الهضرة عزيزة عليه و كيبقى يعاودها بزاف.","mlli ktswlu 3lash huwa bolisi dyal ljariema, kayjawb: ""7it lmutta ma yqdrush yhdwru 3la rassum."" had lhdra 3ziza 3lih w kaybqa y3awdha bzaf.","When asked why he is a CSI , he responds , "" Because the dead can 't speak for themselves . "" This is one of his favorite quotes , and he uses it frequently .","عندما يُسأل لماذا هو محقق في مسرح الجريمة، يجيب: ""لأن الموتى لا يستطيعون التحدث عن أنفسهم."" وهذا أحد اقتباساته المفضلة، ويستخدمه بشكل متكرر.",23,GENERATED
data51871,WIKI_D_04117,D,الميدالية مصنفة الرابعة فالترتيب ديال الأسبقية ديال لبس الميداليات والأوسمة. الميداليات كايتصنعو ف دار السكة ديال علي بور، كولكاتا مع الجوائز المدنية والعسكرية الأخرى بحال بهارات راتنا، بادما بوشان، بادما شري، وبارام فير شاكرا.,"lmidaliya msnfa rrab3a f tartib dyal sbqiya dyal lbs lmidaliyat wlosma. lmidaliyat kaytsn3o f dar ska dyal ali bor, kolkata m3 jawaz mdnaw3askriya lokhro bhal bharat ratna, padma bhushan, padma shri, w param vir chakra.","The medal is ranked fourth in the order of precedence of wearing of medals and decorations . The medals are produced at Alipore Mint , Kolkata along with the other civilian and military awards like Bharat Ratna , Padma Bhushan , Padma Shri , and Param Veer Chakra .",تُصنّف الميدالية في المرتبة الرابعة في ترتيب الأسبقية لارتداء الميداليات والأوسمة. تُنتج الميداليات في دار السك في علي بور، كولكاتا، جنبًا إلى جنب مع الجوائز المدنية والعسكرية الأخرى مثل بهارات راتنا، وبادما بوشان، وبادما شري، وبارام فير تشاكرا.,34,GENERATED
data51872,WIKI_C_04844,C,التوصيل ديال البيع بالتفصيل بدا ف أواخر غشت 2014. الحكومة ديال الجزيرة دارت تعويض ديال 100% على الضريبة ديال الاستهلاك ف شراء الطوموبيلات اللي كيمشيو بالضو حتى ل 8000 دولار.,tewsîǧ dyal lby3 bttêǧ bda f awakhir aghusîǧ 2014. l7koumê dyal l jzîra darît t3wîǧ dyal 100% 3la đîrîbît dyal l estîxëab f shraâ ltòmobyîlat lli kîymshyou bît đò 7ta l 8000 đòlîr.,"Retail deliveries began in late August 2014 . The island 's government enacted a 100 % excise tax reimbursement for the purchase of electric vehicles up to US $ 8 @,@ 000 .",بدأت عمليات التسليم بالتجزئة في أواخر أغسطس 2014. وسنت حكومة الجزيرة ضريبة استهلاك بنسبة 100% على شراء المركبات الكهربائية حتى مبلغ 8000 دولار أمريكي.,30,GENERATED
data51873,WIKI_C_01945,C,الفيلم ربح شي جوائز كبار بحال جوج ديال Star Screen Awards وتلاتة ديال Zee Cine Awards وزيد وزيد جوائز خرا. و بزايد على هادشي، الفيلم ترشح لأنواع ديال الجوائز من كل شكل ولون.,"lfim rb7 shi jawaz kbar b7al joj dyal Star Screen Awards w tlata dyal Zee Cine Awards w zid zid jawaz khra. w bzaid 3la hadshi, lfim trsh7 l-anwa3 dyal ljwaz mn kol shkl w lon.","The film also won a prominent awards in the form of two Star Screen Awards , three Zee Cine Awards among a notable awards . Apart from these , the film was nominated for an eclectic mix of awards .",فاز الفيلم أيضًا بجوائز مرموقة تمثلت في جائزتي ستار سكرين، وثلاث جوائز زي سين، ضمن جوائز بارزة. وبصرف النظر عن هذه، فقد تم ترشيح الفيلم لمجموعة متنوعة من الجوائز.,33,GENERATED
data51874,WIKI_C_05978,C,Phang Tet @-@ @-@ (1996). Hak @-@ ka @-@ fa Fat @-@ @-@ @-@ (Hak Hakka Pronunciation Dictionary). Taipei: Southern Materials Center. ISBN 957 @-@ 638 @-@ 359 @-@ 5.,phang tet @-@ (1996). hak @-@ ka @-@ fa fat @-@ @-@ @-@ (hak hakka pronunciation dictionary). taipei: southern materials center. isbn 957 @-@ 638 @-@ 359 @-@ 5.,Phang Tet @-@ <unk> ( 1996 ) . Hak @-@ ka @-@ fa Fat @-@ <unk> <unk> @-@ <unk> ( Hakka Pronunciation Dictionary ) . Taipei : Southern Materials Center . ISBN 957 @-@ 638 @-@ 359 @-@ 5 .,فانغ تيت (1996). هاك كا فا فات (قاموس النطق الهاكا). تايبيه: مركز المواد الجنوبية. ردمك 957-638-359-5.,30,GENERATED
data51875,WIKI_C_04481,C,ف 24 شتنبر 2015، بيوديباي لاح الفيديو ديال اللعبة اللي تسناها بنادم بزاف، بيوديباي ليجند أوف ال*** على أيو إس و أندرويد. اللعبة مصايباها شركة دالكندية سميتها ال*** بالتعاون مع كيلبيرغ براسو.,"f 24 shtnber 2015, pewdiepie la7 l'video dyal l'le3ba lli tsnaaha bnadm bzaf, pewdiepie legend of the *** 3la ios w android. l'le3ba msaybaha charika d'lkanadiya smitha *** bta3awon m3a kjellberg brasou.","On 24 September 2015 , PewDiePie released his long @-@ awaited video game PewDiePie : Legend of the <unk> on iOS and Android . The game is developed by Canadian game developer <unk> in collaboration with Kjellberg himself .","في الرابع والعشرين من سبتمبر 2015، أصدر بيوديباي لعبة الفيديو التي طال انتظارها ""بيوديباي: أسطورة الـ<unk>"" على نظامي iOS وأندرويد. تم تطوير اللعبة بواسطة المطور الكندي <unk> بالتعاون مع كيلبرغ نفسه.",32,GENERATED
data51876,WIKI_C_07881,C,وزارة الدفاع (2016). برنامج الاستثمار المدمج 2016 (PDF). كانبرا: وزارة الدفاع. ISBN 978 @-@ 0 @-@ <unk> @-@ 6 @-@ 1.,wizarat difaa3 (2016). barnamaj istithmar mudmaj 2016 (PDF). kanbera: wizarat difaa3. ISBN 978-0-<unk>-6-1.,Department of Defence ( 2016 ) . 2016 Integrated Investment Program ( PDF ) . Canberra : Department of Defence . ISBN 978 @-@ 0 @-@ <unk> @-@ 6 @-@ 1 .,وزارة الدفاع (2016). البرنامج الاستثماري المتكامل لعام 2016 (PDF). كانبرا: وزارة الدفاع. ISBN 978-0-<unk>-6-1.,21,GENERATED
data51877,DATA_4844,A,واش دايرين تخفيض؟,wach dayrin tekhfiD?,do you offer a discount?,هل تقدمون خصمًا؟,5,PARTIALLY VALIDATED
data51878,WIKI_D_10617,D,برافو نوفمبر دار مسيرة مهنية متميزة فالسلاح الجوي الملكي و شارك فجميع النزاعات ديال 30 عام اللخرانية و شاف ربعة من الطيارين ديالو خداو صليب الطيران المتميز على أعمال داروهم مللي كانو كيتحكمو فالطيارة.,bravo november dar masira mihaniya mutamiza fslah jawi lmalaki w charak f jami3 tanaza3at dyal 30 3am lakhira w chaf raba3a mn ttyarin dyalo khazaw salib tayan mutamiz 3la a3mal daroihom mali kanaw kyt7akmo fttyara.,Bravo November has had a distinguished career within the Royal Air Force serving in every conflict of the last 30 years and has seen four of its pilots awarded the Distinguished Flying Cross for actions whilst at the controls of the aircraft .,"حظيت طائرة ""برافو نوفمبر"" بمسيرة مهنية متميزة في سلاح الجو الملكي، حيث خدمت في كل نزاع شهدته السنوات الثلاثون الماضية، وشهدت حصول أربعة من طياريها على وسام الصليب الطائر المتميز لأعمال بطولية قاموا بها أثناء قيادة الطائرة.",34,GENERATED
data51879,WIKI_C_10897,C,بزاف ديال الطقوس اللي كيقبلوا العيالات عندهم شعائر بحال ديال الماسون، كيكونوا مؤسسين من طرف الماسون، ولكن في أحسن الأحوال كيتلقاو بواحد الترحيب متردد من عند الماسون ديال المحافل الكبار. ومع ذلك، كيبقاو يجندوا أعضاء جداد من داخل الماسونية العادية.,"bezzaf dyal ttoqoos lli kayqbelo l3ayalat 3andoom shae2er b7al dyal mason, kaykono mo2assesin man tarf lmasons, walakin f a7san l7wal kaytlaqaw bwa7d tr7ib motto2edd man 3nd lmasons dyal lma7afel lkbar. wma3a dlik, kaybqaw yjando a3da2 jdood man d5ol lmasouniya l3adiya.","Many rites accepting women have ritual of a Masonic style , are founded by Masons , but at best have an ambivalent reception amongst Grand Lodge masons . Nonetheless , they actively recruit new members from within regular masonry .",العديد من الطوائف التي تقبل النساء لديها طقوس ذات طابع ماسوني، وتؤسس من قبل الماسونيين، ولكن في أحسن الأحوال تحظى باستقبال غامض بين الماسونيين من المحافل الكبرى. ومع ذلك، فإنهم ينشطون في تجنيد أعضاء جدد من داخل الماسونية النظامية.,40,GENERATED
data51880,WIKI_C_06360,C,فالعام ديال 1967، الملك كان ناوي يدور العالم كامل بوحدو فباطو. وصدع واحد الباطو يتبنى على هاد الغرض فالورش ديال سوتر ف كاوس، ف جزيرة وايت.,"fel 3am dyal 1967, lmlk kan nawi dawr l3alam kamel b7do f bato. w sde3 wa7d bato ytbna 3la had lgharad fel warsh dyal souter f kawes, f jzirt wight.","By 1967 , King was intent on sailing around the world by himself . He had a boat built for this purpose at Souter 's yard at Cowes , on the Isle of Wight .",في عام 1967، كان الملك عازمًا على الإبحار حول العالم بمفرده. وبُني له قارب لهذا الغرض في حوض سوتر في كاوز، بجزيرة وايت.,26,GENERATED
data51881,DATA_22825,B,داڤيد فيرير (ربح على نادال ف يو إس أوبن ديال 2007 و الأوستراليان أوبن ديال 2011، و على موراي ف فرنش أوبن ديال 2012),"David Ferrer (rb7 3la Nadal f US Open dyal 2007 w l'Australian Open dyal 2011, w 3la Murray f French Open dyal 2012)","David Ferrer ( def . Nadal at the 2007 US Open and the 2011 Australian Open , and Murray at the 2012 French Open )",ديفيد فيرير (هزم نادال في بطولة أمريكا المفتوحة 2007 وبطولة أستراليا المفتوحة 2011، وموراي في بطولة فرنسا المفتوحة 2012),25,GENERATED
data51882,WIKI_C_07285,C,كنتمناو الحكومة ديال ميريكان تحبس تدخل سياسيا وعسكريا واجتماعيا برا حدود الولايات المتحدة الأمريكية. بغينا عدم التدخل.,kntmnaw l7kuma dyal merikan t7bes tde5ol siyasiyan w 3skariyan w اجتماعيان bra 7dod lwilayat lmuta7ida l-amrikiya. bghina 3adam ttde5ol.,"We wish for American government to stop interfering politically , militarily , and socially outside of the borders of the United States of America . We want non @-@ interventionism .",نتمنى أن توقف الحكومة الأمريكية التدخل السياسي والعسكري والاجتماعي خارج حدود الولايات المتحدة الأمريكية. نريد عدم التدخل.,17,GENERATED
data51883,DATA_12065,A,عمرك تركب داك العود راه كيركل,3emrek t rkeb dak l3awd rah kirkel,you should never touch this horse,يجب عليك أبداً ألا تلمس هذا الحصان,6,PARTIALLY VALIDATED
data51884,DATA_9399,A,راني كنت شميت شي ريحة ماهياش,rani knt chemit chi ri7a mahiach,i smelled a bad smell,شَمَمْتُ رَائِحَةً كَرِيهَةً,5,PARTIALLY VALIDATED
data51885,WIKI_D_03982,D,"H.C. Carey & I. Lea (1824), Philadelphia f 1824; walla, ḥkaya qṣira ʿla lmؤسسات w lḥwayj dyal ʿumum li kaynin f had lʿaṣima, kaykunu guide kaml l lbrrani, Philadelphia, PA, USA: H.C. Carey & I. Lea.","H.C. Carey & I. Lea (1824), Philadelphia f 1824; walla, ḥkaya qṣira ʿla lmؤسسات w lḥwayj dyal ʿumum li kaynin f had lʿaṣima, kaykunu guide kaml l lbrrani, Philadelphia, PA, USA: H.C. Carey & I. Lea.","H.C. Carey & I. Lea ( 1824 ) , Philadelphia in 1824 ; or , a brief account of the various institutions and public objects in this metropolis , being a complete guide for strangers , Philadelphia , PA , USA : H.C. Carey & I. Lea",إتش. سي. كاري وإي. ليا (1824)، فيلادلفيا في عام 1824؛ أو، موجز عن مختلف المؤسسات والأشياء العامة في هذه الحاضرة، كونه دليلاً كاملاً للغرباء، فيلادلفيا، بنسلفانيا، الولايات المتحدة الأمريكية: إتش. سي. كاري وإي. ليا.,36,GENERATED
data51886,WIKI_D_04228,D,مابين 1460 و 1480، فاش كانت شادة الدولة العثمانية، تبنى سيستيم دفاعي كبر، فيه طوابي و حيوط قصار و براوج كتر. و في النص اللول ديال القرن 18، زادوا خنادق محصنة.,"mabin 1460 w 1480, fach kanat shade l-dawla l-3othmaniya, tsbna system difa3i kbir, fih twabi w 7iwt qsar w braoj ktar. w f l-nos l-lol dyal l-qarn 18, zadou khana9 mo7assana.","Between 1460 and 1480 , while held by the Ottoman Empire , a larger defensive system was built , including escarpments , low walls , and more towers . During the first half of the 18th century , fortified trenches were added .",بين عامي 1460 و 1480، أثناء سيطرة الدولة العثمانية، تم بناء نظام دفاعي أكبر، بما في ذلك المنحدرات والجدران المنخفضة والمزيد من الأبراج. خلال النصف الأول من القرن الثامن عشر، أضيفت خنادق محصنة.,31,GENERATED
data51887,DATA_0598,A,"وه... صراحة, عندي واحد المشكل أ الشاف ...","Uh... Sara7a, 3ndi wahd lmochkil a chef ...","Uh... actually, I have a problem, boss...",اه... في الواقع، لدي مشكلة يا رئيس...,7,PARTIALLY VALIDATED
data51888,DATA_0540,A,"راك باقي ضريف, نتا عزيز عليا واخا كاتغش!","rak ba9i Drief, nta 3ziz 3lia wakha katghoch!","You're still nice, I like you even though you're a cheater!",ما زلت لطيفاً، أحبك على الرغم من كونك مخادعاً!,11,PARTIALLY VALIDATED
data51889,DATA_2534,A,زوين و باقي يالاه خرج من البحر,zwin o ba9i yalah khrj mn lb7r,It is lovely and fresh,إنه جميل ومنعش,5,PARTIALLY VALIDATED
data51890,WIKI_D_01671,D,ف 1970، من بعد ما تقاعد من سيكريتير ديال الحزب، شرا طريف ديال الغابة فين يقدر يرجع للهواية ديالو ديال التشجير. سنين بزاف كان كيدوز الشتا ديالو ف ولاية فلوريدا ف ميريكان، و لكن ف اللخر رجع سكن ف النورويج بصفة نهائية.,"f 1970, men b3d ma tq3ed men secretir dyal l7ezb, chra ttrif dyal lghaba fin yeqder yerja3 lhiwaya dyalo dyal tchrjir. snin bzaf kan kidouz chta dyalo f wilaya dyal Florida f merikan, walakin f le5r raja3 sken f Norweej b sifa nhaiya.","In 1970 , after retiring as party secretary , he acquired a patch of woodland where he could resume his passion for forestry . For many years he spent his winters in the US state of Florida , but eventually moved back permanently to Norway .",في عام 1970، بعد تقاعده كأمين عام للحزب، امتلك بقعة من الأخشاب حيث يمكنه استئناف شغفه بالغابات. لسنوات عديدة، قضى فصل الشتاء في ولاية فلوريدا الأمريكية، لكنه عاد في النهاية للاستقرار بشكل دائم في النرويج.,42,GENERATED
data51891,DATA_10582,A,مانضنش غادي نستهلك ڭاع هاد الماكلة,mandench ghadi nstehlek ga3 had lmakla,I dont think  i will eat all thisfood,لا أعتقد أنني سآكل كل هذا الطعام,8,PARTIALLY VALIDATED
data51892,DATA_23481,B,ديرو مناطق رطبة مُعالجة على شكل مناطق لمعالجة مياه الأمطار على مساحة من 35 حتى 600 أكر (144 كيلومتر مربع)، باش تنقصو من كمية الملوثات اللي فالبيئة.,"dirou manatiq retba m3alaja 3la shkel manatiq li m3alajat miyah l'amtar 3la msaha men 35 hetta 600 acre (144 kilomitr murabba3), bash tenqesso men kemiyat lmolawithat li fel bi'a.","Construct treatment wetlands as Stormwater Treatment Areas throughout 35 @,@ 600 acres ( 144 km2 ) , that would decrease the amount of pollutants in the environment .","إنشاء أراضي رطبة معالجة كمناطق معالجة مياه الأمطار على امتداد 35,600 فدان (144 كم2)، مما سيقلل من كمية الملوثات في البيئة.",28,GENERATED
data51893,WIKI_D_11711,D,خلال الموسم دارو 27 إعصار مداري تسمّاو فغرب المحيط الهادي و سمّاهوم مركز التحذير من الأعاصير المشترك، منين تأكد باللي ولاو عواصف مدارية. هاد السميات داروهم فواحد الليستة جديدة اللي بدات ف 1979.,"khlal l-mowsim daru 27 i3sar مداري tssmow f-gharb l-mohit l-hpadi w smmhom markaz t-tahdir mn l-a3asir l-mochtrak, mnin t2akkd bli wallaw 3wasif مدارية. had smyatt daro-hom f-wahed listt jdida lli bdat f 1979.","During the season 27 named tropical cyclones developed in the Western Pacific and were named by the Joint Typhoon Warning Center , when it was determined that they had become tropical storms . These names were contributed to a revised list which started on 1979 .",خلال الموسم، تطورت 27 عاصفة استوائية مسماة في غرب المحيط الهادئ وتم تسميتها من قبل مركز التحذير المشترك من الأعاصير، عندما تم تحديد أنها أصبحت عواصف مدارية. تم المساهمة بهذه الأسماء في قائمة منقحة بدأت في عام 1979.,33,GENERATED
data51894,DATA_23441,B,أكثر عدد دالانتصارات فالتاريخ كامل - 224 ( من مورا نهاية موسم 2011 @-@ 2012 ؛ فات كيرك ماكلين، 211 ),"ktar 3adad d'al-intissarat ft-tarikh kamel - 224 (men moura nihayat mawsim 2011 @-@ 2012; fat Kirk McLean, 211)","Most wins all @-@ time - 224 ( after end of 2011 @-@ 2012 season ; surpassed Kirk McLean , 211 )",أكثر الانتصارات على الإطلاق - 224 (بعد نهاية موسم 2011-2012؛ تجاوز كيرك ماكلين، 211),22,GENERATED
data51895,DATA_19838,B,بموجب القرار، اللي تم دمجه في قرار مجلس الأمن 2118، سوريا مطالبة تاخذ هاد الإجراءات:,"بمoujab lqarar, li ttem damjou f qarar majlis al-'amn 2118, suriya mtaliba takhd had l'ijra'at:","Under the Decision , which was incorporated into Security Council Resolution 2118 , Syria is required to take the following actions :",بموجب القرار، الذي تم إدراجه في قرار مجلس الأمن 2118، يُطلب من سوريا اتخاذ الإجراءات التالية:,22,GENERATED
data51896,DATA_22168,B,حكايات أخرى كتعاود على شحال من جلسة ديال الشراب و قداس كحل دارو فيهم تضحيات ديال الحيوانات، و شي مرة ضحاو بواحد القزّام.,"7kayat okhra kat3awd 3la sh7al men jalsa dyal shrab o qddas k7el daro fihom tda7yat dyal l7ayawanat, o shi mrra d7ao bwa7ed l-qzzam.","Other tales recount numerous drinking sessions and black masses at which animal sacrifices , and on one occasion the sacrifice of a dwarf , took place .",تحكي قصص أخرى عن العديد من جلسات الشرب والقداس الأسود التي شهدت تقديم تضحيات حيوانية، وفي إحدى المناسبات، تضحية قزم.,27,GENERATED
data51897,WIKI_C_12309,C,ف 2015، الجمعية الملكية للبستنة علنات على بلان باش يعاودو يقادو الجردة ديال وورسلي نيو هال، و يفتحوها ف 2019 بسميت جردة بريدج واتر ديال RHS.,"f 2015, jzmiya lmalakiya lbstana 3lnt 3la blan bach y3awdo yqado ljarda dyal worsley new hall, w yftaho f 2019 bsmith jarda bridgewater dyal RHS.","In 2015 , the Royal Horticultural Society announced plans for a restoration of the garden at Worsley New Hall , to open in 2019 under the name RHS Garden Bridgewater .",في عام 2015، أعلنت الجمعية الملكية للبستنة عن خطط لترميم الحديقة في وورسلي نيو هول، والتي ستفتتح في عام 2019 تحت اسم حديقة RHS بريدجووتر.,26,GENERATED
data51898,DATA_12691,B,السارجان باتري ماجور شارل موريتز، اللي دخل فاللول للمدفعية المتطوعة وكان أول واحد يتجند فالمدفعية الدائمة.,"ssarjan patri major charl moritz, li dkhel fel-louel l-medfa3iya l-mutatawwi3a o kan awwel wa7ed itjenned fel-medfa3iya d-da2ima.","Battery Sergeant Major Charles Moritz , who initially joined the volunteer artillery and was the Permanent Artillery 's first recruit .",كبير ضباط الصف بطارية تشارلز موريتز، الذي انضم في البداية إلى المدفعية التطوعية وكان أول مجند في المدفعية الدائمة.,21,GENERATED
data51899,WIKI_C_01265,C,"""لحياة، الحرية، السعي وراء السعادة - فين؟ فقبور ساحات المعارك الأوروبية؟"" الفيدرالية الأمريكية للسلام، نيوارك، نيوجيرسي، (حوالي 1938-1942)","l7yat, l7oriya, s3i wara sa3ada - fin? fqbur sahate lma3arek l'urubiya? lfedraliya l'amrikia lslam, newark, new jersey, (7awali 1938-1942)",""" Life Liberty Pursuit of Happiness - Where ? In The Graves of European Battle Fields ? "" American Federation of Peace , Newark , NJ , ( circa 1938 @-@ 1942 )",الحياة، الحرية، السعي وراء السعادة - أين؟ في قبور ساحات المعارك الأوروبية؟ الاتحاد الأمريكي للسلام، نيوارك، نيوجيرسي، (حوالي 1938-1942),18,GENERATED
data51900,DATA_23551,B,"ضربة حرة مباشرة: كتّعطى للفريق اللي دارت فيه الفاول، إذا كانت الفاولات اللي دارت من النوع اللي داخل فـ""بينالتي"". و يمكن يتسجل منها نيشان.","darba 7orra mobachira: kat3tta l lfariq li dart fih l faul, ida kanat l faulat li dart mn n-nou3 li dakhel f ""penalty"". o ymkn ittsjjel mnha nishan.","Direct free kick : awarded to fouled team following certain listed "" penal "" fouls . A goal may be scored directly from a direct free kick .","ركلة حرة مباشرة: تُمنح للفريق الذي تعرض للخطأ بعد ارتكاب بعض الأخطاء ""العقوبة"" المدرجة. يمكن تسجيل هدف مباشرة من ركلة حرة مباشرة.",28,GENERATED
data51901,DATA_10957,A,تعطلي بزّاف باش تحيد هاد تخرب,t3etli bezzaf bach t7yed had tkhrbi9, you are too late to leave this none sense,لقد فات الأوان لمغادرة هذا الهراء.,9,PARTIALLY VALIDATED
data51902,DATA_4528,A,هادي طناش قلل قسم,hadi TTnach 9ll 9sm,It is five minutes to twelve,إنها الخامسة قبل الثانية عشرة,6,PARTIALLY VALIDATED
data51903,DATA_17222,B,الطاليان فيها بزاف ديال محطات توليد الطاقة الشمسية بالضوء، وأكبر وحدة فيهم هي مشروع مونتالتو دي كاسترو اللي فيه 84 ميغاواط.,"attalyan fiha bzzaf dyal m7aTTat twlid Taqa shamsiya b ddaw, o akbar w7da fihom hiya mchrou3 Montalto di Castro li fih 84 megawatt.","Italy has a very large number of photovoltaic power plants , the largest of which is the 84 MW Montalto di Castro project .",تمتلك إيطاليا عددًا كبيرًا جدًا من محطات الطاقة الكهروضوئية، وأكبرها هو مشروع مونتالو دي كاسترو بقدرة 84 ميجاوات.,24,GENERATED
data51904,WIKI_C_05026,C,كتوبة ديال نهار ف أرض الرعب و ليلة ف برج الرعب تحولو لجوج لعبات ديال الطابلة ف 1996. اللعبات بجوج تطبعو من طرف ميلتون برادلي و صممهم كريݣ ڤان نيس.,ktouba dyal nhar f ard errou3 w lyala f borj errou3 t7awlo ljouj la3bat dyal tabla f 1996. la3bat bjoj ttab3o men tarf milton bradley w ssammohom craig van ness.,The books One Day at HorrorLand and A Night in Terror Tower were adapted into two separate board games in 1996 . Both games were published by Milton Bradley and designed by Craig Van Ness .,"تم اقتباس كتابي ""يوم في أرض الرعب"" و""ليلة في برج الرعب"" في لعبتين منفصلتين على الألواح عام 1996. نُشرت كلتا اللعبتين بواسطة ميلتون برادلي وصممهما كريغ فان نيس.",30,GENERATED
data51905,DATA_4031,A,مابغيتيش تطلق راسك شوية مع عائلتك,"hmm, mamta2akdch mn hadchi",You don't want to get along with your fam,هممم، لست متأكدًا من ذلك.,6,PARTIALLY VALIDATED
data51906,WIKI_D_10877,D,الترتيب الموسمي اللي جاي مبني على المعدل الموزون ديال مجموع المشاهدين فكل حلقة، كيفما سجلاتو Nielsen Media Research. فترة التسجيل كتبدا ف أواخر شهر تسعود (اللي هي البداية ديال الموسم التلفزيوني ديال الشبكات الأمريكية) و كتسالي ف أواخر شهر خمسة.,"ttrteeb lmoosmi li jay mabni 3la lmo3ddel lmoozwn dyal majmoo3 lmochahdin f kol hala, kif ma sgglato Nielsen Media Research. ftrrt ttsjil katbda f awakhir chhr ts3od (lli hiya lbdaya dyal lmoosom tlfzyoni dyal shbkt lamerikiyya) w ktsli f awakhir chhr khmsa.",The following seasonal rankings are based on a weighted average total viewers per episode as recorded by Nielsen Media Research . The recording period begins in late September ( the start of the U.S. network television season ) and ends in late May .,تستند التصنيفات الموسمية التالية إلى متوسط ​​مرجح لإجمالي المشاهدين لكل حلقة كما سجلتها شركة نيلسن لأبحاث الإعلام. تبدأ فترة التسجيل في أواخر سبتمبر (بداية موسم التلفزيون الشبكي الأمريكي) وتنتهي في أواخر مايو.,40,GENERATED
data51907,WIKI_C_07440,C,"""مولات <unk> لمالك الآلات"" – سلسلة فيديوات مع كارول ويليامز (عازفة الأرغن) على الأرغنات الكبار و الصغار، المشهورين و الفريدين اللي كاينين فالعالم. شركة ميريكانية ديال الفيديو و الصوت.","moulat <unk> lmalek dyal alalaat"" – silsila dyal فيديوهات m3a carol williams (3azft elorgan) 3la elorganat lkibar w sghar, lmachhooreen w lfareedeen lli kayneen f l3alam. charika amerikania dyal elvideo w ssoot.",""" <unk> to the King of Instruments "" – video series with Carol Williams ( organist ) about the large & small , famous & unique pipe organs of the world . American Video & Audio Production Company",سلسلة فيديوهات حول الآلات الموسيقية الكبيرة والصغيرة، المشهورة والفريدة من نوعها في العالم، مع كارول ويليامز (عازفة الأرغن). شركة إنتاج فيديو وصوت أمريكية.,29,GENERATED
data51908,WIKI_D_11388,D,الموسيقى د أمريكا اللاتينية شحال هادي و هي مأترة على لموسيقى الشعبية د ميريكان، الجاز، الريتم أند بلوز، وحتى لموسيقى دالكانتري. هادشي كا يشمل لموسيقى د لبلدان و المناطق د أمريكا اللاتينية اللي كيهضرو بالصبنيول، البرتغيز، و (بعض المرات) الفرنسية.,"l-musiqa d amrika l-latiniyya sh7al hadi w hiya ma2tira 3la l-musiqa sh-sha3biyya d amrikan, l-jaz, r-ritm w bluz, w 7ta l-musiqa d l-kantri. hadchi ka yshmul l-musiqa d l-buldan w l-manatiq d amrika l-latiniyya lli kayhdru b-srbaniyul, l-burtughiz, w (b3d l-marrat) l-fransiyya.","Latin American music has long influenced American popular music , jazz , rhythm and blues , and even country music . This includes music from Spanish , Portuguese , and ( sometimes ) French @-@ speaking countries and territories of Latin America .",لطالما أثرت الموسيقى أمريكا اللاتينية في الموسيقى الشعبية الأمريكية، والجاز، والريذم أند بلوز، وحتى موسيقى الكانتري. يشمل ذلك الموسيقى من البلدان والمناطق الناطقة بالإسبانية والبرتغالية (وأحيانًا) الفرنسية في أمريكا اللاتينية.,40,GENERATED
data51909,WIKI_D_06048,D,كيعتاقدو باللي الأقمار النظامية ديال المشتري تكونو من واحد القرص ما معروفش بالضبط، واحد الحلقة ديال الغاز و الحطام اللي كيتجمعو بحال القرص الكوكبي الأولي. و يقدر يكونو البقايا ديال شي عشرين قمر بحجم الأقمار الجليلية اللي تكونو في البداية ديال التاريخ ديال المشتري.,"ki3ta9do bli l9mar nizamiyyin dyal lmichtari tkouno min wa7d lqors ma ma3roufch bzdbt, wa7d 7al9a dyal lghaz w l7tam lli kiti3am3o b7al lqors lkokabi l2awali. w y9dr ykono lb9aya dyal chi 3achrin 9amar b 7ajm l9mar jliliyin lli tkouno f lbdaya dyal ttarikh dyal lmichtari.","Jupiter 's regular satellites are believed to have formed from a <unk> disk , a ring of accreting gas and solid debris analogous to a protoplanetary disk . They may be the remnants of a score of Galilean @-@ mass satellites that formed early in Jupiter 's history .",يُعتقد أن الأقمار المنتظمة للمشتري قد تشكلت من قرص غير معروف، وهو عبارة عن حلقة من الغاز المتراكم والحطام الصلب تشبه القرص الكوكبي الأولي. وقد تكون بقايا لعشرين قمراً بحجم الأقمار الغاليلية التي تشكلت في وقت مبكر من تاريخ المشتري.,44,GENERATED
data51910,DATA_7164,A,زادوني غراد فالخدمة,zadouni grade fl5edma,i got a promotion at work!,لقد حصلت على ترقية في العمل!,6,PARTIALLY VALIDATED
data51911,WIKI_D_10900,D,لكوانش كانو عندهم مجموعات ديال الرجال و العيالات اللي متخصصين في التحنيط، و كانو كيديرو هاد العملية على حساب جنس الميت. ثقافة لكوانش كانت كاتعتبر هاد الناس ما نقيينش حيت خدمتهم كانت هاكا.,"l-gwanach kanou 3ndhom majmu3at dyal rjal w l3yalat li mtkhasin f-t7nit, w kanou kydiru had l3amaliya 3la 7sab jns lmit. t9afat l-gwanach kanat kat3tbr had nass ma na9yinsh 7it khdmtm kanat haka.","The Guanche had groups of males and females , working as mummification specialists , who would carry out the process according to the gender of the decedent . The Guanche culture considered these individuals unclean due to the nature of their work .",كان لدى الغوانش مجموعات من الرجال والنساء، يعملون كمتخصصين في التحنيط، والذين كانوا يقومون بالعملية وفقًا لجنس المتوفى. اعتبرت ثقافة الغوانش هؤلاء الأفراد غير طاهرين لطبيعة عملهم.,33,GENERATED
data51912,DATA_12342,A,عمرك جربتي تراصي حجبانك,3emrek jerebti trassi 7ejbanek,Have you tried make your eyebrows,هل جربت أن تشذب حاجبيك,6,PARTIALLY VALIDATED
data51913,DATA_2279,A,تأثرت بزاف بشاطحة ديال كناوة، و وليت واعر فيها.,"t2ttrt bzaf bchaT7a dyal Gnawa, o wlit wa3r fiha.","I was really moved by the Gnawa dancing, and have become pretty good at it.",لقد تأثرت بشدة برقصة الكناوة، وأصبحت ماهراً فيها إلى حد ما.,15,PARTIALLY VALIDATED
data51914,DATA_12190,A,عمرك ت تخلّا على واليديك فدار العجزة,3emrek t t5ella 3la walidik fdar l3ajaza,you should never forsake your parents,يجب عليك ألا تترك والديك أبداً,6,PARTIALLY VALIDATED
data51915,DATA_17361,B,"كاينين بزاف ديال المصححين المختلفين، من بينهم ""اليد الأولى"" اللي خدّمات على المخطوط، ولكن العدد الإجمالي ديال التصحيحات ماشي كبير بزاف.","kaynin bzzaf dyal lmussahhin lmkhtalfin, men binhum ""lyed l'uwla"" lli khddmat 3la lmakhTut, walakin l3adad l'ijmali dyal tTsiHat machi kbir bzzaf.","There are several different correctors , among which the "" first hand "" worked on the codex , but the total number of corrections is not high .","توجد عدة مصححين مختلفين، عمل من بينهم ""اليد الأولى"" على المخطوطة، إلا أن العدد الإجمالي للتصويبات ليس مرتفعًا.",28,GENERATED
data51916,DATA_18436,B,سيلولو أ 'إيتونو، أولمبي أول مرة و جوجو دو، كان حامل الراية ديال ساموا الأمريكية في المراسم.,"silulu a'itunu, ulumbi uwwel marra u juju du, kan 7amel arraya dyal samuwa l'amrikia fi lmarasim.","Silulu A 'etonu , a first @-@ time Olympian and a judoka , was American Samoa 's flagbearer at the ceremonies .",كانت سيلولو إيتونو، وهي رياضية أولمبية شاركت لأول مرة، ولاعبة جودو، هي حاملة علم ساموا الأمريكية في المراسم.,22,GENERATED
data51917,DATA_0328,A,كانحسّ بحالا ماكاين حتّا سينيال هنا.,kan7ess b7ala makayn 7tta sinyal 8na.,I feel like there's no signal here.,أشعر وكأن لا يوجد إشارة هنا.,7,PARTIALLY VALIDATED
data51918,WIKI_D_10250,D,نهار ستة فبراير 2012، الإقامة ديالو فالسبيطار ديال سبرينغفيلد، ميسوري، تزادت بربعة دالشهر. الطلب اللي دارو المحامين ديال لاوغر باش يحبسوا ليه الدوا بالقوة ترفض. جلسة أخرى باش يشوفوا واش هو فوعيو تحددات نهار سبعة وعشرين يونيو 2012 ولكن من بعد تبدلات ليها التاريخ.,"nhar stta fivriye 2012, l'iqama dyalo f'l'ospital dyal springfield, missouri, tzaddat b'rba' d'shhar. talab li daro l'محامين dyal loughner bach y7ebso lih l'dwa b'l'quwwa trrefd. jalsa ukhra bach yshufuu wach huwa f'w3yo t7ddat nhar sb3a w 3shrin yunyu 2012 walakin mn ba3d tbdlat liha ttarikh.","On February 6 , 2012 , his stay at the Springfield , Missouri facility was extended by four months . A request by Loughner 's lawyers to end forced medication was denied . Another competency hearing was set for June 27 , 2012 but later rescheduled .",في السادس من فبراير 2012، تم تمديد إقامته في منشأة سبرينغفيلد، ميزوري، لمدة أربعة أشهر. رُفض طلب محامي لاونر بإنهاء العلاج الدوائي القسري. تم تحديد موعد جلسة أخرى للكفاءة في 27 يونيو 2012 ولكن تم تأجيلها لاحقًا.,44,GENERATED
data51919,DATA_11028,A,تعطلي بزّاف باش تمضحني,t3etli bezzaf bach tmde7ni,you are too late to praise me,لقد تأخرت كثيرًا في مدحي,7,PARTIALLY VALIDATED
data51920,WIKI_D_11591,D,براشير تزاد ف بيدفورد، إنديانا، ولاكين مشا ل فال @-@ <unk> ، كيبيك، وهو صغير. ومثل بلادو، ميريكان، جوج مرات فالمستوى الدولي، ولعب ف بطولة العالم ديال لهوكي ديال IIHF متابعة ف 1997 و 1998.,"brashir tzadd f bedford, indiana, lakin msha l val @-@ <unk>, quebec, wahuwa sghir. w mttl blado, mirikan, juji مرات f lmstawa adawli, w la3b f butulat al3alam dyal lahoki dyal IIHF mtabi3a f 1997 w 1998.","Brashear was born in Bedford , Indiana , but moved to Val @-@ <unk> , Quebec , as a child . He has represented his native United States twice internationally , playing in consecutive IIHF World Championships in 1997 and 1998 .",وُلد براشير في بيدفورد، إنديانا، لكنه انتقل إلى فال @-@ <unk>، كيبيك، وهو طفل. وقد مثل وطنه الولايات المتحدة مرتين دولياً، حيث لعب في بطولتي العالم المتتاليتين للهوكي الجليدي تحت مظلة الاتحاد الدولي للهوكي في عامي 1997 و 1998.,35,GENERATED
data51921,DATA_6345,A,ماكرهتش ولكن ماعندي ماندير ليك,makrehtch walakin ma3endi mandir lik,i'd love to but can't,أود ذلك ولكن لا أستطيع,5,PARTIALLY VALIDATED
data51922,WIKI_D_03615,D,مينيو ستسلمو من بعد ما قوة بحرية ديال هان بقيادة جوانغ جو تصيفطات من شاوكسينغ ف شمال جيجيانغ، و انسحبو من شرق أو. قبائل يو ديال شرق أو نقلوهم ل الشمال، بين نهر يانغتسي و نهر هواي.,"minyu stslmu mn b3d ma qwa b7riya dyal han bqiyadt zhuang zhu tsiftat mn shaoxing f shmal Zhejiang, w ins7bu mn sharq Ou. qbayl Yu dyal sharq Ou nquluhum l shmal, bin nhar Yangtze w nhar Huai.","The Minyue surrendered after a Han naval force led by Zhuang Zhu was dispatched from Shaoxing in northern Zhejiang , and withdrew from Eastern Ou . The Yue tribes of Eastern Ou were transferred to the north , between the Yangtze River and Huai River .",استسلمت مملكة مينيو بعد إرسال قوة بحرية من أسرة هان بقيادة تشوانغ جو من شاوشينغ في شمال تشجيانغ، وانسحبت من شرق أو. وتم نقل قبائل اليوي في شرق أو إلى الشمال، بين نهري اليانغتسي وهواي.,37,GENERATED
data51923,DATA_14117,B,C ( s ) + H2O ( g ) → CO ( g ) + H2 ( g ),C ( s ) + H2O ( g ) -> CO ( g ) + H2 ( g ),C ( s ) + H2O ( g ) → CO ( g ) + H2 ( g ) .,(س) ج + (غ) ٢ هـ → (غ) ٢ هـ و + (غ) ٢ هـ,20,GENERATED
data51924,WIKI_C_07564,C,الراية البرتغالية ديال القيادة (شنو سميتها) واحد الراية طويلة مثلثية، خضرا من جهة السارية وحمرا فالريح. خاصها ترفرف فالسارية الرئيسية ديال السفن العسكرية اللي كيقودوها الضباط.,"raia l-bortughaliya dyal l-qiyada (shnu smitha) wa7da raia 9ssira musalathath, khadra mn jihat l-sariya w 7amra fal-ri7. khasha ttarfif salsariya l-ra'isiya dyal s-sufun l-3askariya lli kay9udha d-dubbat.","The Portuguese commissioning pennant ( <unk> ) is a long triangular flag , green on the hoist and red on the fly . It is to be flown on the main mast of the naval ships commanded by officers .",راية العمولة البرتغالية ( <unk> ) هي علم مثلثي طويل، أخضر عند السارية وأحمر عند الذيل. يجب أن ترفع على الصاري الرئيسي للسفن البحرية التي يقودها ضباط.,26,GENERATED
data51925,WIKI_C_10333,C,رونالد روبنسون ديال مؤسسة الشباب ديال أمريكا عطى ألف دولار للحملة. مايكل بوشيل مول شي حاجة و ناشر جريدة بويبلو شيفتاين روبرت راولينغز بجوج عطاو خمس مية دولار للحملة ديال تانكريدو.,ronald robinson dyal lmo2sast dyal shabab dyal america 3ta alf dollar lhmla. michael bushell mol chi7aja w nasher jridt pueblo chieftain robert rawlings bjoj 3taw khms mya dollar lhmla dyal tancredo.,"Ronald Robinson of the Young America 's Foundation donated $ 1 @,@ 000 to the campaign . Michael Bushell , owner of <unk> and Pueblo Chieftain newspaper publisher Robert Rawlings both gave $ 500 to Tancredo 's campaign .",تبرع رونالد روبنسون من مؤسسة أمريكا الشابة بمبلغ 1000 دولار للحملة. كما تبرع مايكل بوشيل، مالك <unk>، وناشر صحيفة بويبلو تشيفتاين روبرت راولينغز، بمبلغ 500 دولار لكل منهما لحملة تانكريدو.,31,GENERATED
data51926,WIKI_C_07802,C,مع بداية القرن، موريس لقا راسو مضطر يقنن التعليم ديالو ويبني أكاديمية بالمعقول. التكلفة كانت تقريبا 1200 دولار، داكشي علاش موريس عيط على شي ناس لاباس عليهم ف ليتشفيلد وساوث فارمز باش يعاونوه.,"m3 bdayt l9rn, moris lqa raso mddtr y9nn t3lym dyalo wybni academie blm39ol. tkllfa kant ta9riban 1200 dollar, dakchi 3lash moris 3yt 3la chi nas labas 3lihom f litchfield wsouth farms bach y3awno.","By the turn of the century , Morris found it necessary to formalize his instruction and construct a proper Academy building . The estimated cost was $ 1200 , so Morris enlisted wealthy residents of Litchfield and South Farms .",مع حلول مطلع القرن، وجد موريس أنه من الضروري إضفاء الطابع الرسمي على تعليمه وإنشاء مبنى أكاديمية مناسب. بلغت التكلفة التقديرية 1200 دولار، لذا استعان موريس بسكان أثرياء من ليتشفيلد وساوث فارمز.,33,GENERATED
data51927,DATA_21764,B,"""The Boys"" *Jibo Lwlād* (Teddy Riley Remix) (feat. Suzi) – 3:39","""The Boys"" *Jibo Lwlad* (Teddy Riley Remix) (feat. Suzi) – 3:39",""" The Boys "" * Bring Dem Boys * ( Teddy Riley Remix ) ( featuring Suzi ) – 3 : 39","""الصبيان"" * أحضروا الصبيان * (ريمكس تيدي رايلي) (بمشاركة سوزي) – 3:39",22,GENERATED
data51928,WIKI_C_02675,C,موراي بدا 2005 مصنف رقم 407 عالميا، و لكن فاش كان فجنوب أمريكا في شهر واحد، ضرّو الضهر ديالو و خصو يحيد 3 شهور.,"muray bda 2005 mnsaf raqm 407 3alamiyin, w lkin fash kan f jnwb amrika f shahr wa7ed, ddo dhr dyalo w khasst y7id 3 shhor.","Murray began 2005 ranked world No. 407 , but when he was in South America in January , he hurt his back and had to take 3 months off .",بدأ موراي عام 2005 وهو يحتل المركز 407 عالميًا، ولكن عندما كان في أمريكا الجنوبية في يناير، أصيب في ظهره واضطر إلى الغياب لمدة 3 أشهر.,24,GENERATED
data51929,DATA_18771,B,"Station to Station (New Harry Maslin mix, 48 kHz / 24 bit Dolby Digital 5.1 AC3 surround sound mix)","stat-tion tu stat-tion (niu hari maslin miks, tmana u rb3in kilohertz / rb3a u 3chrin bit dolbi dijital khamsa fassila wa7ed ac tri sround saund miks)","Station to Station ( New Harry Maslin mix , 48 kHz / 24 bit Dolby Digital 5 @.@ 1 AC3 surround sound mix )",محطة إلى محطة (مزيج هاري ماسلن الجديد، 48 كيلوهرتز/24 بت دولبي ديجيتال 5.1 مزيج صوت محيطي AC3),24,GENERATED
data51930,WIKI_C_10206,C,تيرمينال ديال الكونتينرات و الرو-رو – كايتعامل مع الكونتينرات المتعددة الوسائط؛ فيه واحد الكابلاج باش تدخل و تخرج السلعة د الرو-رو؛ كيرسي فيهوم الطوبات ديال باناماكس، جاي فالشرق ديال المينا؛ مسيراه جادرانكا فراتا دي دي.,"terminal dyal lkontaynerat w roro - kayt3aml m3a lkontaynerat lmota3addidat lwasa2i2; fih wa7d lkablaj bach dkhoul w tkhrej sl3a dyal roro; kayrsi fihom ltowbat dyal panamax, jay f lchar9 dyal lmina; msiyra jadranska vrata d.d.","Container and Ro @-@ Ro Terminal – handles intermodal containers ; contains a roll @-@ on / roll @-@ off ramp ; accommodates Panamax ships , located in the eastern part of the port ; operated by Jadranska vrata d.d.",محطة الحاويات والرورو - تتعامل مع الحاويات متعددة الوسائط؛ تحتوي على منحدر للدخول والخروج للحاويات المتنقلة؛ تستوعب سفن باناماكس، وتقع في الجزء الشرقي من الميناء؛ تديرها شركة جادرانكا فراتا د.د.,35,GENERATED
data51931,DATA_12817,B,"فواحد الاجتماع علني نهار 26 يوليوز 2007, الـNTSB علنات على السبب المحتمل ديال الحادث, و هو هادا:","Fi wa7ed al ijtimā3 3alani nhar 26 yuliyuz 2007, l-NTSB 3lanat 3la s-sbaab l-mo7tamil dyal l-7adit, w huwa hada:","During a public meeting on July 26 , 2007 , the NTSB announced the probable cause of the accident , as follows :",خلال اجتماع عام في 26 يوليو 2007، أعلن المجلس الوطني لسلامة النقل السبب المحتمل للحادث، على النحو التالي:,23,GENERATED
data51932,DATA_20316,B,"""Party On"" ديال جيم جونستون (18 نونبر 2008 – 30 أبريل 2009 ؛ كانت مستعملة مع دي جي غابرييل).","""Party On"" dial Jim Johnston (18 November 2008 – 30 April 2009; kanat musta3mala m3a DJ Gabriel).",""" Party On "" By Jim Johnston ( November 18 , 2008 – April 30 , 2009 ; used with DJ Gabriel )",احتفالاً (Party On) لجيم جونستون (18 نوفمبر 2008 – 30 أبريل 2009؛ مع دي جي غابرييل),23,GENERATED
data51933,WIKI_D_10434,D,هادشي ماشي بصّاح ف كاع التطبيقات ديال قواعد البيانات. ف واحد Oracle RDBMS مثلاً، الفارغ و NULL كيتعتابرو نفس الحاجة، و داكشي علاش ' Fish ' | | NULL | | ' Chips ' كتعطي ' Fish Chips '.,"hadchi machi bsa7 f kach ttbii9at dyal qwa3d lbyanat. f wa7d Oracle RDBMS mthlan, farigh w NULL kit3tabro nafs l7aja, w dakchi 3lash 'Fish' || NULL || 'Chips' kat3ti 'Fish Chips'.",This is not true for all database implementations . In an Oracle RDBMS for example NULL and the empty string are considered the same thing and therefore ' Fish ' | | NULL | | ' Chips ' results in ' Fish Chips ' .,هذا ليس صحيحًا لجميع تطبيقات قواعد البيانات. في نظام إدارة قواعد بيانات أوراكل على سبيل المثال، يُعتبر NULL والسلسلة الفارغة شيئًا واحدًا، ولذلك فإن 'Fish' || NULL || 'Chips' ينتج عنه 'Fish Chips'.,39,GENERATED
data51934,WIKI_D_12113,D,روكويل وصّا بهاد التصويرة لواحد الوصاية اللي ولات متحف نورمان روكويل ف ستوكبريدج، ماساتشوستس، ودابا هي جزء من المجموعة الدائمة ديال المتحف. روكويل كان ساكن ف ستوكبريدج من 1953 حتى مات ف 1978.,"rokwel wssa bhad ltwsira l wahd lwsiya li welat m7af norman rokwel f stockbridge, massachusetts, w daba hiya juz2 mn lmjmu3a ld2ima dyal l m7af. rokwel kan sakin f stockbridge mn 1953 7ta mat f 1978.","Rockwell bequeathed this painting to a custodianship that became the Norman Rockwell Museum in Stockbridge , Massachusetts , and it is now part of the museum 's permanent collection . Rockwell lived in Stockbridge from 1953 until his death in 1978 .",أوصى روكويل بهذه اللوحة لوصاية أصبحت فيما بعد متحف نورمان روكويل في ستوكبريدج، ماساتشوستس، وهي الآن جزء من مجموعة المتحف الدائمة. عاش روكويل في ستوكبريدج من عام 1953 حتى وفاته في عام 1978.,33,GENERATED
data51935,WIKI_D_03830,D,على حساب واحد لاستطلاع داخلي دارتو DA مع خبير ستطلاعات أمريكي سميتو ستان غرينبيرغ ف شهر مارس-أبريل 2014، ANC كانت غاتجيب 59% ديال الأصوات، DA 26% و EFF 8%.,"3la hesab wa7d laistlaa2 dakhili dartou DA m3 khbir istitlaat amriki smitou Stan Greenberg f chher Mars-Abril 2014, ANC kanat ghatjib 59% dyal l'aswat, DA 26% w EFF 8%.","According to an internal poll conducted by the DA with American pollster Stan Greenberg in March – April 2014 , the ANC would get 59 % of the vote , the DA 26 % and the EFF 8 % .",وفقاً لاستطلاع رأي داخلي أجراه حزب المؤتمر الوطني الأفريقي بالتعاون مع خبير استطلاعات أمريكي يدعى ستان غرينبيرغ في مارس-أبريل 2014، سيحصل حزب المؤتمر الوطني الأفريقي على 59% من الأصوات، وحزب المؤتمر الوطني الأفريقي على 26%، وحزب التحالف الديمقراطي على 8%.,29,GENERATED
data51936,DATA_19942,B,فلاكستاف فيها جوج مؤسسات ديال التعليم العالي، جامعة شمال أريزونا (وحدة من تلاتة د الجامعات العمومية ديال الولاية في أريزونا) و كوكُنينو كوميونيتي كوليدج.,"flagstaff fiha jme3 مؤسسات dyl lta3lim l3ali, jami3at shmal Arizona (wa7da mn tlattet ljami3at l3omoomiya dyl lwilaya f Arizona) w college cocomino community.","Flagstaff is home to two institutions of higher education , Northern Arizona University ( one of the three public state universities in Arizona ) and Coconino Community College .",تعد فلاغستاف موطنًا لمؤسستين للتعليم العالي، جامعة شمال أريزونا (إحدى الجامعات الحكومية الثلاث في ولاية أريزونا) وكلية كوكُنينو المجتمعية.,29,GENERATED
data51937,DATA_9466,A,كون غير قدرت نتسجل ف هاد الكلوب,koun ghir 9dert ntsejel f had lclub,if only i was in this club,ليتني كنت في هذا النادي,7,PARTIALLY VALIDATED
data51938,DATA_6891,A,إنا أناني كيعجبك تسمع ليهم ملي كتكون كتسب شتا؟,ina a5ani ki3ejbek tsme3 lihom mli katkoun katseb chta ?,what songs do you like to listen to on rainy days?,ما الأغاني التي تحب الاستماع إليها في الأيام الممطرة؟,11,PARTIALLY VALIDATED
data51939,WIKI_C_00691,C,كاتّحصل. فواحد الكون اللي كيتزاد بحال اللي عايشين فيه، معامل المقياس كيتزاد بشكل رتيب مع الوقت، إذن، z موجب و المجرات اللي بعاد كيبانو مزحوتين للحمر.,"kat7assal. fwa7d lkon lli kiyzad b7al lli 3aychin fih, mo3amil lmiyas kayzad bshkl ratib m3a lwa9t, idan, z mo موجب w lmajarrat lli b3ad kaybano mz7utin l7mr.","is obtained . In an expanding universe such as the one we inhabit , the scale factor is monotonically increasing as time passes , thus , z is positive and distant galaxies appear redshifted .",يتم الحصول عليه. في كون متوسع مثل الكون الذي نعيش فيه، فإن معامل المقياس يتزايد بشكل رتيب مع مرور الوقت، وبالتالي، فإن z موجب وتظهر المجرات البعيدة مزاحة نحو الأحمر.,26,GENERATED
data51940,WIKI_C_09530,C,الخيل ديال تراي دو نور كانو فالأصل كايتخدمو بزاف للفلاحة و المعادن. و كانو كايجرو الباطويات فالوادان، واخا هاد الخدمة سالات بالزربة ملي الموطور ولا كايتخدم بزاف فبدوية القرن العشرين.,"el khayl dyal trait du nord kano fal asel kaytkhedmo bezzaf lel flaha w l ma3adin. w kano kayjrou l batowiyat fel wadan, wakha had l khadma salat bezarba mali l motor wla kaytkhedem bezzaf f bdayt l karn 20.","The Trait du Nord was originally used mainly for agriculture and mining . They also towed barges on waterways , although this use ended quickly with the increased use of the engine at the beginning of the 20th century .","كانت ""ترايت دو نور"" تُستخدم في الأصل بشكل أساسي للزراعة والتعدين. كما كانوا يجرون البوارج على المجاري المائية، على الرغم من أن هذا الاستخدام انتهى بسرعة مع تزايد استخدام المحرك في بداية القرن العشرين.",30,GENERATED
data51941,DATA_24598,B,بيتر ترافرز ديال رولينج ستون صنفها رقم 2 فالليستة ديالو ديال أحسن الأفلام ديال العقد، وكتب:,"Peter Travers dial Rolling Stone sanfha raqam 2 fellista dyalo dyal ahsan al aflam dyal l'3aqd, wkteb:","Peter Travers of Rolling Stone ranked it number 2 on his list of best films of the decade , writing :",صنّف بيتر ترافيرس من رولينغ ستون الفيلم في المرتبة الثانية ضمن قائمته لأفضل أفلام العقد، وكتب:,21,GENERATED
data51942,WIKI_C_03862,C,تلاتة وعشرين نوع ديال الفراشات و مية وخمسة ديال الأنواع ديال العثة كايعجبهم التنوع ديال الزهور اللي كاين فالبلاصة. و الزرقا (مانعرفش بالضبط شنو هي) تعتبر نوع من التراث.,tlata w 3ishrin naw3 dyal lfarashat w miya w khamsa dyal l-anwa3 dyal l3ath kay3ajbhom ttannawu3 dyal zzuhur lli kayn felblasa. w zzarga (man3rafch bzdbt shnu hiya) kat3tbar naw3 mn lttrat.,Twenty @-@ three species of butterflies and 105 species of moth enjoy the floral diversity of the site . The holly blue ( <unk> <unk> ) is a heritage species .,تتمتع ثلاثة وعشرون نوعًا من الفراشات ومئة وخمسة أنواع من العث بالتنوع الزهري للموقع. أما الفراشة الزرقاء (غير معروفة بالضبط) فهي نوع تراثي.,29,GENERATED
data51943,DATA_20347,B,إير كتلعب الدور ديالها أليس كريج ففيلم ثور: العالم المظلم ديال مارفل ستوديوز ف 2013. عاودو تخيلوها كطبيبة أسكاردية.,Ir katl3b d-door dyalha Alice Krige f film Thor: Al-3alam Al-mudlim dyal Marvel Studios f 2013. 3awdo tkhayloha k-tbiba Asgardiya.,Eir is portrayed by Alice Krige in the 2013 Marvel Studios film Thor : The Dark World . She is re @-@ imagined as an Asgardian physician .,تجسد أليس كريج شخصية إير في فيلم استوديوهات مارفل عام 2013 ثور: العالم المظلم. تم إعادة تصورها كطبيبة أسغاردية.,28,GENERATED
data51944,WIKI_D_12238,D,النوع النموذجي، A. nigrofasciata، اللي كان كيغطي هاد الأنواع كاملة، راه محصور دابا فالساكنة الشمالية اللي ممتدة من السلفادور حتى غواتيمالا على ساحل المحيط الهادي ومن الهندوراس حتى غواتيمالا على ساحل المحيط الأطلسي.,"nnaw3 lnamudhajiy, A. nigrofasciata, lli kan kaghayaty had anwaa3 kamla, rah ma7sur daba fsakna chamalia lli mamtadda mn salvador hata guatemala 3la sa7l lmo7it l hade3 w mn honduras hata guatemala 3la sa7l lmo7it latlasi.","The type species , A. nigrofasciata , which used to cover all these species , is restricted to the northern population ranging from El Salvador to Guatemala on the Pacific coast and from Honduras to Guatemala on the Atlantic coast .",النوع النموذجي، A. nigrofasciata، الذي كان يغطي كل هذه الأنواع، يقتصر الآن على التجمع السكاني الشمالي الذي يتراوح من السلفادور إلى غواتيمالا على ساحل المحيط الهادئ ومن هندوراس إلى غواتيمالا على ساحل المحيط الأطلسي.,33,GENERATED
data51945,WIKI_D_09964,D,بزاف ديال الأنشطة ديال بنادم عندها تأتير سلبي على التجمعات السكانية ديال السلاحف البحرية ضخمة الرأس. الوقت الطويل اللي كتاخد السلاحف باش توصل للنضج الجنسي و المعدلات العالية ديال الوفيات ديال البيض و السلاحف الصغار بسبب الظواهر الطبيعية كيزيدو يعقدو المشاكل ديال نقص عدد السكان نتيجة للأنشطة ديال بنادم.,bzaf dyal l'نشطات dyal bnadem 3ndha ta'tir slbi 3la tjamou3at skaniyat dyal slahaf lbahriya dkhma larass. lwaqt tawil li katkhdo slahaf bach twaslo lnodej jinsi w lma3adalat l3aliya dyal lwafayat dyal lbeyd w slahaf sgahr bsbab dwhar tbi3iya kayzidou ya3a9do lmachakil dyal naqs 3adad skan natijat l'نشطات dyal bnadem.,Many human activities have negative effects on loggerhead sea turtle populations . The prolonged time required for loggerheads to reach sexual maturity and the high mortality rates of eggs and young turtles from natural phenomena compound the problems of population reduction as a consequence of human activities .,تؤثر العديد من الأنشطة البشرية سلبًا على تجمعات السلاحف البحرية ضخمة الرأس. إن الوقت الطويل الذي تستغرقه السلاحف ضخمة الرأس للوصول إلى النضج الجنسي، ومعدلات النفوق المرتفعة للبيض وصغار السلاحف بسبب الظواهر الطبيعية، يزيدان من تعقيد مشاكل انخفاض أعدادها نتيجة للأنشطة البشرية.,49,GENERATED
data51946,DATA_9783,A,علاش مابغيتيش تحيد الوسخ,3lach mabghitich t 7yed lwskh,why you dont wanna wash up,لماذا لا تريد أن تغتسل؟,6,PARTIALLY VALIDATED
data51947,WIKI_C_08704,C,قدام شوية، الغازات اللي كتوسع من الثوران العظيم كتلاقا مع المادة اللي بين النجوم وكتسخن حتى لخمسة د المليون د الكيلفن، وكتنتج أشعة إكس ناقصة شوية ف الطاقة اللي كتبان على شكل حْذوة دْالخيل ولا حلقة.,"gddam chwiya, lgazat lli k twss3 mn ttowran l3zym k tleqa m3 lmadat lli bin njoum wktsskhn hta lkhmsa d lmlion d klevn, wktntj ach3t iks naqsa chwiya f ttaqa lli k tban 3la shkl hdwa d lkhayl wlla hala.","Further out , expanding gases from the Great Eruption collide with interstellar material and are heated to around 5 MK , producing less energetic X @-@ rays seen in a horseshoe or ring shape .",فيما بعد، تتصادم الغازات المتوسعة من الانفجار العظيم مع المواد بين النجوم وتسخن إلى حوالي 5 مليون كلفن، منتجةً أشعة سينية أقل طاقة تُرى على شكل حدوة حصان أو حلقة.,36,GENERATED
data51948,DATA_24174,B,"""Ode to Marvin"" فيه واحد الطريف ديال الإيقاعات من ""What's Going On"" ديال مارڤن ڭاي.","fih wa7ed ttrif dyal l'i9a3at mn ""What's Going On"" dyal Marvin Gaye.",""" Ode to Marvin "" contains a sample of the percussion in Marvin Gaye 's "" What 's Going On """,تحتوي قصيدة «أود إلى مارفن» على عينة من الإيقاع في أغنية مارفن غاي «ما الذي يحدث»,21,GENERATED
data51949,DATA_5533,A,تقدر تجي لپارك دابا,lmi7faDa dyalou katban t9ila,can you com to park now,بدا حقيبته ثقيلة,6,PARTIALLY VALIDATED
data51950,WIKI_D_07734,D,"هاد البلاصة من طريق ديال Llanberis حدا السكة لي قريبة للقمة تسمات ""Killer Convex""؛ فالظروف ديال الجليد، هاد الميل لي محدب يقدر يطيح المشاية لي ما رادينش البال من فوق صخور ديال Clogwyn Du 'r Arddu. ربعة ديال الناس ماتو تماك فشهر فبراير 2009.","had lplasa mn tariq dyal Llanberis 7da sika li qriba lqamma ttsama ""Killer Convex""; fd-dofof dyal jlid, had lmil li m7addab yqdar yi9'd7 lmsaya li ma radiinsh lbal min fawq sokhor dyal Clogwyn Du 'r Arddu. rba3a dyal nnas matu tmak fachhr february 2009.","The section of the Llanberis Path beside the railway near the summit has been called the "" Killer Convex "" ; in icy conditions , this convex slope can send unwary walkers over the cliffs of Clogwyn Du 'r Arddu . Four people died there in February 2009 .","يُطلق على قسم من مسار لانبريس بجوار السكة الحديد بالقرب من القمة اسم ""المحدب القاتل""؛ في الظروف الجليدية، يمكن لهذا المنحدر المحدب أن يلقي بالمشاة غير الحذرين فوق منحدرات كلوغوين دو 'ر أردو. توفي أربعة أشخاص هناك في فبراير 2009.",44,GENERATED
data51951,WIKI_D_11970,D,البرينديبلترز تكونو مع بداية موسم 2010. السمية ديال الفرقة ماخوذة من سلسلة جبال برينديبيلا اللي كاينة ف العاصمة. الفرقة زادو فيها شي متزلجين جداد للفرقة ديال المنافسة فموسم 2011.,lbrindabelters tkwno m3 bidait mwsme 2010. smiya dyal lferqa maxuda mn selsele jbel brindabella lli kayna f l'asima. lferqa zado fiha chi mtljijin jdud lferqa dyal lmounasaba f mwsme 2011.,"The Brindabelters were formed at the start of 2010 season . The team 's name is a play on Brindabella Ranges , located in the ACT . The team had a number of new skaters join the competition squad for the 2011 season .","تأسس فريق برينديبلترز في بداية موسم 2010. اسم الفريق تلاعب بكلمات ""سلسلة جبال برينديبيلا"" الواقعة في إقليم العاصمة الأسترالية. انضم إلى فريق المنافسة عدد من المتزلجين الجدد لموسم 2011.",29,GENERATED
data51952,WIKI_C_06188,C,ڤويت تزاد ف يونكرز، نيويورك ف 1937. خوتو هوما الممثل جون ڤويت و كاتب الأغاني تشيب تايلور، و الممثلة أنجيلينا جولي هي بنت ختو.,"voight tzad f yonkers, new york f 1937. khoto homa l ممثil jon voight w katib l aghani chip taylor, w l ممثila angelina jolie hi bnt khoto.","Voight was born in Yonkers , New York in 1937 . His brothers are actor Jon Voight and songwriter Chip Taylor , and actress Angelina Jolie is his niece .",ولد فويت في يونكرز، نيويورك عام 1937. إخوته هم الممثل جون فويت وكاتب الأغاني تشيب تايلور، والممثلة أنجلينا جولي هي ابنته أخيه.,24,GENERATED
data51953,DATA_12137,A,عمرك ت فسّل لموضوع,3emrek t fssel lmawdou3,you should never detail the topic,ينبغي عليك ألا تفصّل الموضوع قط,6,PARTIALLY VALIDATED
data51954,DATA_7032,A,شنو نوع الموسيقى لي كيجيبك؟,chnou naw3 dlmosi9a li kijbk ?,what's your favorite type of music ?,ما هو نوع موسيقاك المفضل؟,7,PARTIALLY VALIDATED
data51955,DATA_6814,A,لكلب طبع ديلو,lkelb tabe3 dilou,the dog is chasing its tail,الكلب يطارد ذيله,6,PARTIALLY VALIDATED
data51956,WIKI_D_08935,D,"كأساس كتابي لهاد التعليم، فون بالتازار رجع ل 1 كورنثوس 2: 9 @-@ 10: ""هادو هما الحوايج اللي الله كشف لينا بالروح ديالو. الروح كيقلب على كلشي، حتى الحوايج العميقين ديال الله"".","k أساس كتابي لهاد التعليم، فون بالتازار رجع ل 1 كورنثوس 2: 9-10: ""هادو هما الحوايج اللي الله كشف لينا بالروح ديالو. الروح كيقلب على كلشي، حتى الحوايج العميقين ديال الله"".","As a biblical basis for this teaching , von Balthasar referred to 1 Corinthians 2 : 9 @-@ 10 : "" these are the things God has revealed to us by his Spirit . The Spirit searches all things , even the deep things of God "" . :","كمرجع كتابي لهذا التعليم، استشهد فون بالتازار بالإصحاح 2: 9-10 من رسالة كورنثوس الأولى: ""هذه هي الأمور التي كشفها لنا الله بروحه. الروح يفحص كل شيء، حتى أعماق الله"".",32,GENERATED
data51957,WIKI_C_01716,C,فأواخر دجنبر 1914، القوة الشمالية سافرات لجيب والڤيس باي اللي تابع لجنوب أفريقيا، شي نص طريق على طول ساحل جنوب غرب أفريقيا الألمانية. الفوج الرهوديسي اللول نزل ف 26 دجنبر 1914.,"f-awakhir dchmbar 1914, l-qowa chmalia safret l-jib dyal walvis bay li تابع l-sourya l-janubia, chi nuss tariq 3la twul sahel janub gharb ifriqia l-almania. l-fowj dyal rhodesia l-lawwal nzel f 26 dchmbar 1914.","During late December 1914 , Northern Force travelled to the South African exclave of Walvis Bay , about halfway up the coast of German South @-@ West Africa . The 1st Rhodesia Regiment disembarked on 26 December 1914 .",خلال أواخر ديسمبر 1914، سافرت القوة الشمالية إلى الجيب الجنوب أفريقي والفس باي، حوالي منتصف الطريق على طول ساحل جنوب غرب أفريقيا الألمانية. نزل فوج روديسيا الأول في 26 ديسمبر 1914.,31,GENERATED
data51958,DATA_23936,B,مارتن بول وولفورد (تزاد ف 13 أكتوبر 1985) هو كوايري انجليزي محترف كيلعب جناح ف فرقة شيفيلد يونايتد اللي فالليغ وان.,Martin Paul Woolford (tzad f 13 October 1985) huwa kouayri inglizi muhtarif kayl3b jnah f ferqa Sheffield United li fal League One.,Martyn Paul Woolford ( born 13 October 1985 ) is an English professional footballer who plays as a winger for League One club Sheffield United .,مارتن بول وولفورد (مواليد 13 أكتوبر 1985) هو لاعب كرة قدم إنجليزي محترف يلعب في مركز الجناح لنادي شيفيلد يونايتد في دوري الدرجة الأولى.,26,GENERATED
data51959,DATA_14655,B,"التنقيط ديال الكانطاطة كريست لاݣ إن توديس باندن توصف ب ""عتق"" و السطيل ديالها ""من القرون الوسطى"":","Tan-nqiit diyal l-kantata Krist lag inn tudes banden t-twsef b ""3teq"" w sstil dyalha ""men l-quruun l-wusta"".","The scoring of the cantata Christ lag in Todes Banden has been described as "" archaic "" and its style "" medieval "" :","وُصِفَ تقييم الكانتا ""كريست لاج إن توديس بانده"" بأنه ""عتيق"" وأسلوبه ""من القرون الوسطى"".",24,GENERATED
data51960,DATA_20505,B,"التصرفات ديال حدامة في المعرض ديال السيارات ديال جنرال موتورز وصفها الصحافي ديال السيارات مايك ماكدا ب ""حمق"".","Attassarrafat dyal hddama fil ma3rid dyal ssiyarat dyal general motors wassfha s-shafi dyal ssiyarat mike macda b ""hmaq"".","Hudema 's actions at the General Motors car show were described as "" stupid "" by automotive journalist Mike Magda .","وصف كاتب السيارات مايك ماغدا تصرفات هوديمي في معرض جنرال موتورز للسيارات بأنها ""غبية"".",21,GENERATED
data51961,DATA_9240,A,مابقيتش باغي نحكم فولدي,mab9itch baghi ne7kem fweldi,i will not control my son,لن أتحكم في ابني,6,PARTIALLY VALIDATED
data51962,DATA_14525,B,"""Iolanthe dyal Moulay Taqs [Taxpayers] (1984; Musical rbeh jawiza dyal Olivier), teqadat [adapted] men taraf Ned Sherrin u Alistair Beaton.""","Iolanthe dyal Moulay Taqs (1984; Musical rbeh jawiza dyal Olivier), teqadat men taraf Ned Sherrin u Alistair Beaton.",The Ratepayers ' Iolanthe ( 1984 ; Olivier Award @-@ winning musical ) adapted by Ned Sherrin and Alistair Beaton,"مسرحية ""إيولانثي"" (1984؛ المسرحية الموسيقية الحائزة على جائزة أوليفييه) للمواطنين، مقتبسة بقلم نيد شيرين وأليستير بيتون",20,GENERATED
data51963,WIKI_D_07283,D,"هارد جاستس كان فيه سبعة ديال الماتشات ديال المصارعة لي دارو مصارعین مختلفين دخلو فخلافات و قصص مكتوبة من قبل . المصارعین لعبو دور ديال الأشرار , الأبطال , ولا شخصيات ماكانتش باينة بزاف فالأحداث المكتوبة لي خلات التوتر يكبر و وصل لماتش ديال المصارعة ولا سلسلة ديال الماتشات .","hard justice kan fih sab3a dial lmatshat dial lmsar3a li daro msare3in mokhtalifin dakholo fkhilafat w qsos maktaba min qbel. lmsare3in labo dor dial lachrar, l'batal, wala shakhsiat makantch bayna bzaf fal ahdath lmaktaba li khalat ttawtor ykbar w wsal lmatsh dial lmsar3a wala silsla dial lmatshat.","Hard Justice featured seven professional wrestling matches that involved different wrestlers from pre @-@ existing scripted feuds and storylines . Wrestlers portrayed villains , heroes , or less distinguishable characters in the scripted events that built tension and culminated in a wrestling match or series of matches .","ضمّت ""هارد جاستس"" سبع مباريات مصارعة محترفة تضمنت مصارعين مختلفين من عداوات وقصص مكتوبة مسبقًا. جسّد المصارعون شخصيات الأشرار أو الأبطال أو شخصيات أقل تميزًا في الأحداث المكتوبة التي بنت التوتر وتوجت بمباراة مصارعة أو سلسلة من المباريات.",50,GENERATED
data51964,WIKI_C_12351,C,في الاحتفال ديال دخول المشاهير ديال الإشهار نهار 30 مارس 2011، كوسبي كان هو أول واحد ربح جائزة ديال الرئيس ديال الفيدرالية الأمريكية ديال الإشهار على المساهمات ديالو للإشهار، على شي إنجازات خاصة فالميدان.,"f l ihtifal dial dkhoul l mashahir dial l i3lan nhar 30 mars 2011, cosby kan howa awwal wahed rab7 jayza dial ra2is dial l federation american dial l i3lan 3la l mosa7amat dialo l i3lan, 3la chi injazat khassa f l ميدان.","At the Advertising Hall of Fame induction ceremonies on March 30 , 2011 , Cosby was the first winner of the American Advertising Federation 's President 's Award for Contributions to Advertising , for special achievements in the field .",في احتفالات قاعة الشهرة للإعلانات في 30 مارس 2011، كان كوسبي أول فائز بجائزة رئيس الاتحاد الأمريكي للإعلانات للمساهمات في الإعلان، للإنجازات الخاصة في هذا المجال.,34,GENERATED
data51965,DATA_15736,B,كيم بايسنجر بدور هولي وود، واحد المرا لي عندها جاذبية قاتلة و باغا تولي حقيقية فالعالم ديال بصح.,"Kim Basinger b دور Hollywood, wa7ed l-mra li 3ndha jadibiya qatila o bagha twlli 7qiqiya f l-3alam dyal bsse7.","Kim Basinger as Holli Would , a femme fatale and who wishes to be real in the real world .",كيم بايسنجر في دور هولي وود، شخصية مغوية ورغبتها أن تصبح حقيقية في العالم الواقعي.,20,GENERATED
data51966,WIKI_D_00779,D,حياة الناس اللي كانت مهتمة بـ ماري شيلي سجلاتهوم، و لكن سجلات حتى مشاعر بزاف ديال المسافرين، و كانت كتوحي للقارئ شنو خاصو يحس. مثلاً، كتبت على المدينة الفرنسية نوجان:,"7ayat nass li kanet methemma b mary shelly سجلاتهم، w lakin سجلات 7ta macha3er bezzaf dyal msafriin anfsouum, w kanet katou7i l9ari2 chno khasso y7ess. Meztal, ktbet 3la lmdina lfaransiya nogent:","Lives of people interested Mary Shelley and she recorded them , but she also recorded a great deal of the travellers ’ own feelings , suggesting to the reader the appropriate reaction . For example , she wrote of the French town Nogent :",سجلت حياة الأشخاص المهتمين بماري شيلي، لكنها سجلت أيضًا قدرًا كبيرًا من مشاعر المسافرين أنفسهم، مما يوحي للقارئ برد الفعل المناسب. على سبيل المثال، كتبت عن بلدة نوجان الفرنسية:,30,GENERATED
data51967,DATA_9983,A,كان كيسحاب ليا غادي يقاد الطونوبيل قبل مايسافر,kan kis7ab liya ghadi y9ad tonobil 9bel maysafer,i thought that he will fix his car,ظننت أنه سيصلح سيارته,8,PARTIALLY VALIDATED
data51968,DATA_5559,A,جاب نقطة مزيانة,jab no9Ta mzyana,He got a good grade,حصل على درجة جيدة,5,PARTIALLY VALIDATED
data51969,DATA_20826,B,Lmsra7iyat w ttsawer kanu kayw7iw b lmawdo3 dyal dfyan l7adara lhindia ttaqlidia f wjeh listi3mar.,Lmsra7iyat w ttsawer kanu kayw7iw b lmawdo3 dyal dfyan l7adara lhindia ttaqlidia f wjeh listi3mar.,The plays and the paintings suggested the theme of loss of traditional Indian culture in the face of colonialism .,اقترحت المسرحيات واللوحات موضوع فقدان الثقافة الهندية التقليدية في مواجهة الاستعمار.,20,GENERATED
data51970,WIKI_C_06205,C,راس مرا (تيت دو فام)، طباشير حمر و كحل مع غسول الطباشير على ورقة طان، ملصقة على ورقة يابانية خفيفة، 1922، ديال بابلو بيكاسو.,"ras mra (tete de femme), tabachir 7mr w k7l m3 ghsoul tabachir 3la wara9 tan, molss9a 3la wara9 yapaniya khfifa, 1922, dyal pablo picasso.","Head of a Woman ( Tete de femme ) , red and black chalk with chalk wash on tan laid paper , laid down on lightweight Japanese paper , 1922 , by Pablo Picasso",رأس امرأة (تيت دو فام)، طباشير حمراء وسوداء مع غسول الطباشير على ورق بني مقوى، ملصق على ورق ياباني خفيف، 1922، لبابلو بيكاسو.,24,GENERATED
data51971,DATA_24006,B,"البرنامج ديال المسافر الدائم ديال شركة الطيران لي كتمثل هونغ كونغ لي هي ""كاثاي باسيفيك"" كيتسمى ""ماركو بولو كلوب"".","lbernamej dyal lmosafer da2im dyal cherikat t-tayaran li katmthel hong kong li hiya ""cathay pacific"" kittsma ""marco polo club"".","The frequent flyer program of Hong Kong flag carrier Cathay Pacific is known as the "" Marco Polo Club "" .","برنامج المسافر الدائم لشركة طيران كاثاي باسيفيك، الناقل الوطني لهونغ كونغ، يُعرف باسم ""نادي ماركو بولو"".",21,GENERATED
data51972,DATA_22228,B,"David Gilmour - bass guitar, guitar akustik b 12 tar, drums (f ""Octopus""), produkshn.","David Gilmour - bass guitar, guitar akustik b 12 tar, drums (f ""Octopus""), production.","David Gilmour – bass guitar , 12 @-@ string acoustic guitar , drums ( on "" Octopus "" ) , production","ديفيد غيلمور – غيتار بيس، غيتار صوتي ذو 12 وتراً، طبول (في أغنية ""أوكتوبوس"")، إنتاج",21,GENERATED
data51973,DATA_1305,A,و مرة خرى، فاش تبغي دير حاجات مختالفين، كاتلقى راسك كادير للي بغيتي.,"o merra khra, fach tbghi ddir 7ajat mkhtalfin, katl9a rask kaddir lli bghiti.","But once again, when you want to do different things, you end up doing whatever you want.",ولكن مرة أخرى، عندما تريد أن تفعل أشياء مختلفة، ينتهي بك الأمر بفعل ما تريد.,17,PARTIALLY VALIDATED
data51974,WIKI_D_07567,D,بيفوت JM، بورݣرز WG، ݣ Hägg G، إدس. (1969). Early Papers on Diffraction of X @-@ rays by Crystals I. أوترخت: منشور ل إينتيرناسيونال يونيون أوف كريستالوݣرافي باي A. Oosthoek 's Uitgeversmaatschappij N.V.,"bijvoet jm, burgers wg, hagg g, eds. (1969). early papers on diffraction of x @-@ rays by crystals i. utrecht: manshor l international union of crystallography by a. oosthoek's uitgeversmaatschappij n.v.","Bijvoet JM , Burgers WG , Hägg G , eds . ( 1969 ) . Early Papers on Diffraction of X @-@ rays by Crystals I. Utrecht : published for the International Union of Crystallography by A. Oosthoek 's Uitgeversmaatschappij N.V.",بيجفوت ج.م.، بورجرز و.ج.، هاغ ج.، محررون. (1969). أوراق مبكرة عن انحراف الأشعة السينية بواسطة البلورات ج1. أوتريخت: نُشر للاتحاد الدولي للتبلور بواسطة شركة أ. أوستهويك للنشر المحدودة.,33,GENERATED
data51975,WIKI_D_09518,D,ف 1967، الكتاب تحوّل لفيلم الخامس فالسلسلة ديال إيون پرودكشنز، بطولة شون كونري بدور بوند. غير شي عناصر قليلة من الرواية وشوية شخصيات ديال فليمينغ اللي بقاو فالفيلم.,"f 1967, lktab twl lfilm l5 f lslsla dyal eon productions, btolat sean connery bdor bond. ghir chi 3nasir qlila mn rawya w chwiya dyal ch5syat dyal fleming lli bqaw f lfilm.","In 1967 , the book was adapted into the fifth film in the Eon Productions series , starring Sean Connery as Bond . Only a few elements of the novel and a limited number of Fleming 's characters survive into the film version .",في عام 1967، تم تحويل الكتاب إلى الفيلم الخامس في سلسلة أفلام إيون برودكشنز، بطولة شون كونري بدور بوند. لم يبق سوى عدد قليل من عناصر الرواية وعدد محدود من شخصيات فليمينغ في النسخة السينمائية.,28,GENERATED
data51976,WIKI_C_10626,C,مع الخمسة و سبعة عشر دقيقة و ثلاثة ثواني ديال العشية، الطيارة ديال إمبراير تواصلات نيشان مع لاݣار ديال مطار كاشيمبو باش يوجدو ليها تهبط بالزربة تما، و هبطات بخير على الخمسة و ثلاثة و عشرين دقيقة.,"m3 l-khamsa w 17 dyal l-3shiya, t-tayyara dyal embraer tawslat nishan m3 lagar dyal matar cachimbo bash ywddo liha tithbt bz-zrba tmma, w hbtat bkhir 3la l-khamsa w 23 dyal daqiqa.","At 17 : 18 : 03 the Embraer contacted the Cachimbo Airport ( <unk> ) tower directly to coordinate its emergency landing there , and landed safely at Cachimbo at 17 : 23 : 00 .",في الساعة 17:18:03، اتصلت طائرة إمبراير مباشرة ببرج مطار كاشيمبو (غير معروف) لتنسيق هبوطها الاضطراري هناك، وهبطت بسلام في كاشيمبو في الساعة 17:23:00.,37,GENERATED
data51977,WIKI_D_11643,D,الكوموندار سارة بالمر سبارطية ربعة مرابطة فِـ يو إن إس سي إنفينيتي وهي القايدة ديال السبارطيين ربعة . بانت فِـ هالو 4 ، هالو 5 : گاردينز و هالو : سبارطن أصولت و صوتات عليها جينيفر هيل.,"el comandor sara palmer spartia raba3a morabta fi UNSC infinity wahiya el qaida dyal el spartiyin raba3a. bant fi halo 4, halo 5: guardians w halo: spartan assault w sawtat 3liha jennifer hale.","Commander Sarah Palmer is a Spartan IV stationed on the UNSC Infinity and the leader of the Spartan IVs . She appears in Halo 4 , Halo 5 : Guardians and Halo : Spartan Assault and is voiced by Jennifer Hale .",الكوماندر سارة بالمر هي سبارطي من المستوى الرابع مقرها على متن يو إن إس سي إنفينيتي وهي قائدة السبارطيين من المستوى الرابع. تظهر في هالو 4، وهالو 5: الحراس، وهالو: سبارطن أسولت، وقامت بأدائها الصوتي جينيفر هيل.,37,GENERATED
data51978,DATA_22053,B,في context ديال les groupes اللي محدودين، l'exponentiation كتعطى ب أنك تبقى تضرب واحد العنصر ديال الڭروپ اللي هو b في راسو شحال من مرة. و logarithm المتقطع هو العدد الصحيح n اللي كيحقق المعادلة...,"fi context dial les groupes li mhdoudin, l'exponentiation kat3ta b annak tbqa tḍreb wa7ed l3onsor dial lgroupe li huwa b fi rassu sh7al mn mrra. w logarithm lmotati3 howa l3adad s-s7i7 n li kay7aqq lmo3adala...",In the context of finite groups exponentiation is given by repeatedly multiplying one group element b with itself . The discrete logarithm is the integer n solving the equation,في سياق الزمر المنتهية، يُعطى الأُسُّ بتكرار ضرب عنصر واحد من الزمرة b في نفسه. اللوغاريتم المتقطع هو العدد الصحيح n الذي يحل المعادلة,29,GENERATED
data51979,WIKI_D_02008,D,عمرني تخيلت راسي غانعيش حتى نسمع أرنولد شوينبيرج كيبان هادي، ومع ذلك كيبان هادي – تقريبا متردد و كيتعطل – من بعد أورنستين اللي، بكل تأكيد، هو الملحن المستقبلي الأصيل و الوحيد اللي باقي عايش.,"3omri tkhelit rasi ghan3ish 7ta n'sme3 arnold schoenberg kiban hadi, w m3a dalk kiban hadi - ta9riban metredded w kiyet3tel - men ba3d ornstein li, bkol ta2kid, howa mel7en mosta9bali aseel w wa7id li ba9i 3ayech.","I never thought I should live to hear Arnold Schoenberg sound tame , yet tame he sounds — almost timid and halting — after Ornstein who is , most emphatically , the only true @-@ blue , genuine , Futurist composer alive . """,لم أتخيل قط أن أعيش لأسمع أرنولد شونبرج يبدو هادئًا، ومع ذلك يبدو هادئًا - شبه متردد ومتلعثم - بعد أورنشتاين الذي هو، وبكل تأكيد، الملحن المستقبلي الأصيل والحقيقي الوحيد على قيد الحياة.,35,GENERATED
data51980,WIKI_C_09285,C,مانزانار بقات خاوية تا الكيش الامريكي كرا 6200 فدان من مدينة لوس أنجلوس باش يدير مركز ديال مانزانار ديال التهجير ديال الحرب.,manzanar b9at khawya ta l الجيش l'amriki kra 6200 faddan mn mdint los angeles bach ydir markaz dyal manzanar dyal tlahjir dyal l7arb.,"Manzanar remained uninhabited until the United States Army leased 6 @,@ 200 acres ( 2 @,@ 500 ha ) from the City of Los Angeles for the Manzanar War Relocation Center .",ظل مانزانار غير مأهول حتى استأجر جيش الولايات المتحدة 6200 فدان (2500 هكتار) من مدينة لوس أنجلوس لمركز مانزانار لإعادة توطين الحرب.,22,GENERATED
data51981,WIKI_D_04383,D,الكنيسة المخربة وحدة من الكنائس اللي مخصصة لسيدي ميكائيل و اللي جات فواحد الخط الطاقة لي اقترحو جون ميشيل. و كاينين كنائس أخرى مخصصة لسيدي ميكائيل و مربوطة فهاد الخط بحال الكنائس لي مبنية ف أذري و ڭلاستونبري تور.,lknisa lmkhrba wa7da mn lknayes lli mkhasas l sidi mika2il w lli jat f wa7d lkhat taqa li iqtarchu jon michell. w kaynin knayes okhra mkhasas l sidi mika2il w merbota f had lkhat b7al lknayes li mabniya f othry w glastonbury tor.,The ruined church is one of the churches dedicated to St. Michael that falls on a ley line proposed by John Michell . Other connected St. Michaels on the ley line include churches built at Othery and Glastonbury Tor .,الكنيسة المتهدمة هي إحدى الكنائس المكرسة للقديس ميخائيل والتي تقع على خط طاقة اقترحه جون ميشيل. وتشمل كنائس القديس ميخائيل الأخرى المتصلة بخط الطاقة كنائس بنيت في أوثري وتلال غلاستونبري.,39,GENERATED
data51982,DATA_0384,A,حيت بغيتي نيت تحرڭ سبرديلتك.,7it bghiti nit t7reg sbrdiltek.,Because you really wanted to burn your shoes.,لأنك أردت حقاً أن تحرق حذائك.,8,PARTIALLY VALIDATED
data51983,WIKI_C_06442,C,الوظيفة ديال المحكمة الفيدرالية العليا هي تسمع الطعون ضد الأحكام ديال المحاكم الكانتونية ولا الفيدرالية. القضاة كيتنتاخبو من طرف الجمعية الفيدرالية لمدة ست سنين.,lwazifa dyal lmahkama lfedraliya l3elya hiya tsma3 lto3on d_d_ l7kem dyal lmahakem lkantoniya wla lfedraliya. lqodah kitntakhabo mn tarf l jameya lfedraliya lmodda dyal sit snin.,The function of the Federal Supreme Court is to hear appeals against rulings of cantonal or federal courts . The judges are elected by the Federal Assembly for six @-@ year terms .,وظيفة المحكمة الاتحادية العليا هي الاستماع إلى الطعون ضد أحكام المحاكم الكانتونية أو الفيدرالية. يتم انتخاب القضاة من قبل الجمعية الاتحادية لفترات مدتها ست سنوات.,24,GENERATED
data51984,WIKI_D_07033,D,"فهاد الوقت دارو محاولات باش يرجعو التمثال، بحال صيفطو غواصين و جبدو الواد، و والو. الجمهور تسمح من المدير ديال الحانوت، ولكن التمثال بقى فالقناة و النمورة ""تْعَطْلو"".","fhad lwaqt daro mo7awalat bach yrj3o ttemtal, 7al sayfto ghawasin w jbdo lwad, w walu. ljoMhour tsma7 men lmodir dyal l7anout, walakin ttemtal bqa f lqanat w nnmore ""t3aTlo"".","During this time attempts were made to recover the statue , including sending divers down and dredging the river , but they all failed . Fans apologized to the store manager , but the statue remained in the canal and the Tigers "" cursed "" .","في هذا الوقت، قاموا بمحاولات لإعادة التمثال، مثل إرسال غواصين وتنظيف مجرى النهر، ولم ينجحوا. احتج الجمهور على مدير المتجر، لكن التمثال بقي في القناة والنمور ""تأخرت"".",28,GENERATED
data51985,WIKI_C_05787,C,مصدعك المرض؟ نرجعوك صحيح. دوز معانا عند أحسن مدققين كاينين فالعالم ديال دابا... تدريب ومراقبة شخصية من طرف L. Ron Hubbard.,msd3k lmrd? nرج3k s7i7. dwz m3ana 3nd a7sn mdqqiyn kaynin f l3alm dyal daba... tdbir w moraqba shkhsiya mn tarf L. Ron Hubbard.,Plagued by illness ? We 'll make you able to have good health . Get processed by the finest capable auditors in the world today [ ... ] Personally coached and monitored by L. Ron Hubbard .,هل يعاني المريض من المرض؟ سنجعلك قادرًا على التمتع بصحة جيدة. ستقوم بمعالجتك أفضل المدققين الأكفاء في العالم اليوم [...] سيتم توجيهك ومراقبتك شخصيًا بواسطة إل. رون هوبارد.,21,GENERATED
data51986,WIKI_C_06896,C,موسكوزو شدات الحكم فواحد سبتمبر 1999. وبحكم أنها كانت مطلقة فاش بدات الرئاسة، ختها الكبيرة روبي موسكوزو دي يونغ لعبت الدور ديال السيدة الأولى.,"moskoso shdat l7okom f wa7d septembar 1999. w b7okm annaha kant mtalla9a fash bdat r2asa, khtha lkbyra ruby moskoso de young la3bat dor dyal sidat l2oula.","Moscoso took office on September 1 , 1999 . Because she was divorced when she assumed the presidency , her older sister Ruby Moscoso de Young served as her First Lady .",تولى موسكوسو منصبه في 1 سبتمبر 1999. ولأنها كانت مطلقة عندما تولت الرئاسة، شغلت أختها الكبرى روبي موسكوسو دي يونغ منصب السيدة الأولى.,24,GENERATED
data51987,DATA_6516,A,الدراري تقدرو تمشيو فين ما رشقات ليكم,drari t9edrou tmchiw fin ma rch9at likom,you guys can leave whenever you want,يمكنكم المغادرة متى شئتم,7,PARTIALLY VALIDATED
data51988,WIKI_D_10047,D,"ف شهر ستة اللي تابع، واحد اللجنة مستاقلة ديال خبراء ف علم الحيوان من بلايص أخرى ف البلاد برّات حديقة الحيوانات ديال فينيكس من التهم. و فواحد التقرير اللي تنشر، اللجنة شرحات شي عيوب خفيفة فالتسيير ديال الحديقة، ولكن ما بلغتش على شي ""نواقص خطيرة"".","f shhar systa lliتابع، wa7d lljna mstaqla dyal khbra f 3lm l7aywan mn blayiṣ ōkhra f lblaad bbrrat 7adiiqt l7aywanat dyal phoenix mn ltthamt. w f wa7d ttaqrīr lli tnashr، lljna shar7at shi 3yūb kfifa fttsyīr dyal l7adiiqa, lkin ma blaghat 3la shi ""nawāqṣ khṭīra"".","The following June , an independent committee of zoological experts from other areas of the country cleared the Phoenix Zoo of the charges . In a published report , the committee outlined some minor flaws in the zoo 's operation , but reported no "" serious deficiencies "" .","في يونيو التالي، برّأت لجنة مستقلة من خبراء علم الحيوان من مناطق أخرى في البلاد حديقة حيوانات فينيكس من التهم. وفي تقرير منشور، حددت اللجنة بعض العيوب الطفيفة في تشغيل الحديقة، لكنها لم تبلغ عن ""أي قصور خطير"".",45,GENERATED
data51989,WIKI_C_01147,C,حطّم 91 ريكور عالمي ديال الطيران مصادق عليهم من طرف الفيدرالية الجوية الدولية، منهم 36 باقين كاينين، زائد 23 ريكور عالمي ديال الإبحار مصادق عليهم من طرف المجلس العالمي ديال تسجيل سرعة الإبحار.,"7aTTam 91 record 3alami dyal Tayaran msaDaQ 3lihom mn Taraf l Federation lJawiya dawliya, minhom 36 ba9in kaynin, zayid 23 record 3alami dyal l ibbar msaDaQ 3lihom mn Taraf lMajlis l3alami dyal tasjil sor3at l ibbar.","He set 91 aviation world records ratified by Fédération Aéronautique Internationale , of which 36 stand , plus 23 sailing world records ratified by the World Sailing Speed Record Council .",حطّم 91 رقمًا قياسيًا عالميًا في مجال الطيران، صادقت عليها الاتحاد الدولي للطيران، منها 36 لا تزال قائمة، بالإضافة إلى 23 رقمًا قياسيًا عالميًا في الإبحار، صادق عليها المجلس العالمي لتسجيل سرعات الإبحار.,33,GENERATED
data51990,DATA_18544,B,مارغريت ستيوارت (1424 - 16 غشت 1445)، تزوجات الدوفان لويس، اللي غايولي لويس الحادي عشر ديال فرنسا، ف تور، نهار 24 يونيو 1436.,"Marghrit Stiwart (1424 - 16 Ghasht 1445), tzewwjat ddofin Louis, lli ghaywlli Louis Lhadi Achr dyal Fransa, f Tur, nhar 24 Yunyu 1436.","Margaret Stewart ( 1424 - 16 August 1445 ) , married the Dauphin Louis , future Louis XI of France , at Tours , 24 June 1436 .",مارغريت ستيوارت (١٤٢٤ - ١٦ أغسطس ١٤٤٥)، تزوجت من الدوفين لويس، لويس الحادي عشر المستقبلي لفرنسا، في تور، ٢٤ يونيو ١٤٣٦.,28,GENERATED
data51991,WIKI_C_03655,C,الميدنايت إكسبريس دارو واحد الطليلة خفيفة ف وورلد كلاس تشامبيونشيب ريسلين ف تيكساس، و كانو كيتهازاو بالأساس مع دا فانتاستيكس (بوبي فولتون و تومي روجرز).,"lmidnaet ixpres daro wa7d tlila xfiffa f world class championship wrestling f texas, w kanu kitchazo bl asas m3 da fantastics (bobi fulton w tomi rogers).","The Midnight Express had a short stay in World Class Championship Wrestling in Texas , where they feuded mainly with The <unk> ( Bobby Fulton and Tommy Rogers ) .","حظي ""ميدنايت إكسبريس"" بفترة قصيرة في اتحاد ""وورلد كلاس شامبيونشيب ريسلينغ"" في تكساس، حيث اشتبكوا بشكل أساسي مع ""ذا فانتاستيكس"" (بوبي فولتون وتومي روجرز).",25,GENERATED
data51992,WIKI_C_00378,C,ملي شدو النݣليز السيطرة نيشان على المستعمرات الوسطانية شي عام 1664، بزاف ديال الكويكرز من رود آيلاند كانوا ديجا مزݣيين لديك لبلاصة بسباب البيوريتانيين، و صحاب البيزنس اللي تابعين الكنيسة الانجليكانية سكنو ف فيلادلفيا و نيويورك.,"mlli chedou l-ngelez s-sitara nishan 3la l-musta3marat l-wostaniya shi 3am 1664, bzaf dyal l-kuwaykers mn Rhode Island kano deja mzegin l-dik l-blasa bsbab l-puritaniyin, w sahhab l-biznis lli تابعين l-kannisa l-anglikaniya saknu f Philadelphia w New York.","When the English took direct control of the Middle Colonies around 1664 , many Quakers from Rhode Island had already been pushed into the region by Puritans , while Episcopalian businessmen settled in Philadelphia and New York City .",عندما استولى الإنجليز على السيطرة المباشرة على المستعمرات الوسطى حوالي عام 1664، كان العديد من الكويكرز من رود آيلاند قد تم دفعهم بالفعل إلى المنطقة من قبل البيوريتانيين، بينما استقر رجال الأعمال الأنجليكان في فيلادلفيا ونيويورك.,36,GENERATED
data51993,DATA_8374,A,راه متعمد يعسبني,rah mt3mmed y3sebni,he is making me angry,إنه يغضبني,5,PARTIALLY VALIDATED
data51994,DATA_21633,B,"والكر غنّا ""Unbroken"" في برنامج Hey Hey It's Saturday نهار 5 ماي 2010. و غنّا الأغنية حتى في برنامج Sunrise نهار 13 ماي 2010.","wal Kerr ghanna ""Unbroken"" fi program Hey Hey It's Saturday nhar 5 May 2010. U ghanna l'ughniya hetta fi program Sunrise nhar 13 May 2010.","Walker performed "" Unbroken "" on Hey Hey It 's Saturday on 5 May 2010 . He also performed the song on Sunrise on 13 May 2010 .","قدم ووكر أغنية ""غير مكسور"" في برنامج ""Hey Hey It's Saturday"" يوم 5 مايو 2010. كما قدم الأغنية في برنامج ""Sunrise"" يوم 13 مايو 2010.",28,GENERATED
data51995,WIKI_C_07372,C,(f) تلاح ولا تخلي شي قرعة، شي قوطي، شي طاسة ديال الماكلة، شي غلاف ديال الماكلة، شي زجاج، شي فتات ديال الماكلة ولا شي حاجة خرا فشي بلاصة عامة.,"(f) tl7 wla t5li chi qr3a, chi qoti, chi tansa dyal makla, chi ghlf dyal makla, chi zجاج, chi ftat dyal makla wla chi haja khra f chi blaasa 3amma.","( f ) throw or leave behind any bottle , can , food container , food wrapper , glass , particles of food or any other article or thing in any public place ;",(ف) رمي أو ترك أي زجاجة، علبة، وعاء طعام، غلاف طعام، زجاج، جزيئات طعام أو أي مادة أو شيء آخر في أي مكان عام؛,29,GENERATED
data51996,WIKI_D_05278,D,اومامه دار عقد ديال لاعب حر ما دوزش الدرافت مع سان فرانسيسكو فورتي ناينرز من بعد درافت ديال 2013. اومامه تقصى فالساعة الأخيرة ديال التشكيلة قبل بداية الموسم نهار 31 غشت 2013 و تسجل في الفريق الاحتياطي يومين موراها.,omameh dar 3aqd dyal la3eb 7orr ma dawzch draift m3a san fransisco forty ninerz mn ba3d draift dyal 2013. omameh tqssa fessa3a l2akhira dyal tashkila qbl bdya lmo9sim nhar 31 ghsht 2013 w tsjjel f lfar9 ltiya7i yomine moraha.,"Omameh signed an undrafted free agent contract with the San Francisco 49ers following the 2013 NFL Draft . Omameh was cut during the final preseason roster moves on August 31 , 2013 and signed to the practice squad two days later .",وُقّع أومامي عقد لاعب حر غير مُسودة مع فريق سان فرانسيسكو فورتي ناينرز عقب درافت دوري كرة القدم الأمريكية (NFL) لعام 2013. تم الاستغناء عن خدمات أومامي خلال التحركات النهائية لقائمة الفريق قبل بداية الموسم في 31 أغسطس 2013، وانضم إلى الفريق التدريبي بعد يومين.,39,GENERATED
data51997,WIKI_C_06590,C,ف 1947 الفوج حبس تاني، ولكن العام لي موراه عاودو رجعوه وحدة د دبابات تقيلة باش يعاونو الفرقة 43 د المشاة (ويسيكس)، مجهزين بدبابات كرومويل و تشاريوتير.,"f 1947 lfoj 7ebbes tani, walakin l3am li morah 3awdo rje3oh w7da d ddababat t9ila bach y3awno lfer9a 43 d lmshat (wessex), mjehezine b ddababat cromwell w charioteer.","In 1947 , the regiment again ceased to exist , but the following year was re @-@ established as a heavy tank unit in support of 43rd ( Wessex ) Infantry Division , equipped with Cromwell and Charioteer tanks .",في عام 1947، توقف الفوج عن الوجود مرة أخرى، ولكن في العام التالي أعيد تأسيسه كوحدة دبابات ثقيلة لدعم الفرقة 43 (ويسيكس) مشاة، مجهزاً بدبابات كرومويل وتشاريوتير.,27,GENERATED
data51998,DATA_22958,B,Tjhit Liap Seng. Batavia: Lie Kim Hok. 1886. (riwaya; 500 safha fi 8 mujalad),Tjhit Liap Seng. Batavia: Lie Kim Hok. 1886. (riwaya; 500 safha fi 8 mujalad),Tjhit Liap Seng . Batavia : Lie Kim Hok . 1886 . ( novel ; 500 pages in 8 volumes ),تيجيت ليب سينغ. باتافيا: لي كيم هوك. 1886. (رواية؛ 500 صفحة في 8 مجلدات),21,GENERATED
data51999,DATA_4930,A,قاليّة نتلاقا معاه,galiyya ntla9a m3a8,he asked me to meet him,طلب مني أن ألتقي به,6,PARTIALLY VALIDATED
data52000,DATA_23240,B,جميع الانتخابات كايديروهم الجماعة العامة ديال أوهايو، بحال البرلمانات ديال الولايات اللي كانوا كينتخبوا السيناتورات حتى تصادقوا على التعديل رقم 17 عام 1913.,"jmi3 al-intikhabat kaydirohom al-jama3a al-3ama dyal Ohiyo, b7al al-birlamanat dyal al-wilayat li kano kayntkhbo السيناتورات 7etta tsad9o 3la ta3dil raqm 17 3am 1913.","All elections are by the Ohio General Assembly , as state legislatures elected senators until the ratification of the 17th Amendment in 1913 .",تُجرى جميع الانتخابات من قبل الجمعية العامة لأوهايو، حيث كانت الهيئات التشريعية للولاية تنتخب أعضاء مجلس الشيوخ حتى التصديق على التعديل السابع عشر في عام 1913.,24,GENERATED
data52001,DATA_14879,B,طيارة ديال إير فلوريدا الرحلة رقم 90 — طاحت ف 1982 حيت تراكم التلج على الطيارة بسبب غلط ديال الكابتن.,tayyara dyal Air Florida rrihla raqm 90 — ta7et f 1982 7it trakem ttelj 3la t-tayyara b-sbebb ghalet dyal l-kaptan.,Air Florida Flight 90 — crashed in 1982 after ice built up on the airframe of the jet because of pilot error .,تحطمت طائرة فلايت 90 التابعة لشركة طيران فلوريدا عام 1982 بعد تراكم الجليد على هيكل الطائرة النفاثة بسبب خطأ من الطيار.,23,GENERATED
data52002,DATA_10266,A,كان كيسحاب ليا غادي يخسّس لمراتو وقت كبير من نهارو,kan kis7ab liya ghadi y5essess lmratou we9t kbir men nharou,i thought that he will give his wife time,ظننت أنه سيمنح زوجته بعض الوقت,9,PARTIALLY VALIDATED
data52003,DATA_15569,B,"Thom, Charles; Currie, James N. (1916) ""Aspergillus niger group"" f Journal of Agricultural Research 7: 1 pp. 1 – 15","Thom, Charles; Currie, James N. (1916) ""Aspergillus niger group"" f Journal of Agricultural Research 7: 1 pp. 1 – 15","Thom , Charles ; Currie , James N. ( 1916 ) "" Aspergillus niger group "" in Journal of Agricultural Research 7 : 1 pp. 1 – 15","توم، تشارلز؛ كوري، جيمس ن. (1916) ""مجموعة الرشاشيات السوداء"" في مجلة البحوث الزراعية 7: 1 الصفحات 1 - 15",28,GENERATED
data52004,WIKI_D_08462,D,"زاپا تزوج بكاثرين ج. ""كاي"" شيرمان من 1960 لـ 1964. فـ 1967، تزوج بأديلايد گيل سلوتمان، اللي بقى معها حتى مات بالسرطان ديال البروستاتا فـ 1993. كان عندهم أربعة ديال الولاد: مون، دويزيل، أحمد و ديڤا.","zappa tzewwej b kathrin j. ""kay"" sherman men 1960 l 1964. f 1967, tzewwej b adelaid ghail sloatman, lli bqa ma3ha hatta mat b saratan dyal l prostata f 1993. kan 3ndhom 4 dyal l wlad: moon, dweezil, ahmed w diva.","Zappa was married to Kathryn J. "" Kay "" Sherman from 1960 to 1964 . In 1967 , he married Adelaide Gail Sloatman , with whom he remained until his death from prostate cancer in 1993 . They had four children : Moon , Dweezil , Ahmet and Diva .","تزوج زابا بكاثرين ج. ""كاي"" شيرمان من عام 1960 إلى عام 1964. وفي عام 1967، تزوج من أديلايد غايل سلوتمان، التي ظل معها حتى وفاته بسرطان البروستاتا عام 1993. وأنجبا أربعة أطفال: مون، ودويزيل، وأحمد، وديفا.",36,GENERATED
data52005,DATA_9242,A,مابقيتش باغي نجيب ليك هاداك سيرو راك سحيتي,mab9itch baghi njib lik hadak siro rak s7iti,i will not bring you a syrop,لن أحضر لك شرابًا,7,PARTIALLY VALIDATED
data52006,DATA_22058,B,إذن، المحكمة الاستئنافية المتوسطة ما وصلاتش لسؤال واش قانون التقادم كيطبق ولا لا.,"Idan, al-mahkama al-isti'nafiya al-mutawassita ma wasslatch l-sou'al wach qanun t-taqadum kayt-tabqa wala la.","As a result , the intermediate appellate court did not reach the question of whether the statute of limitation applies .",نتيجة لذلك ، لم تبت محكمة الاستئناف الابتدائية في مسألة ما إذا كانت مدة التقادم تنطبق.,21,GENERATED
data52007,WIKI_D_03817,D,ولكن، هاد التكريم كان غير على الطريق بين سانت كاترينز وشلالات نياجرا. باقي الطريق كان معروف بسميات مختلفة، بحال طريق تورونتو - برلينجتون / هاميلتون والطريق الوسطانية الجديدة.,"walakin, had ltkrim kan ghir 3la tTariq bin saint catharines w challat niagara. baqi tTariq kan ma3ruf b-smyat mokhtalifa, bhal tariq toronto - burlington / hamilton w tTariq l-wstaniya j-jdida.","However , the ceremony only designated the highway between St. Catharines and Niagara Falls . The remainder of the road was known by various names , including the Toronto – Burlington / Hamilton Highway and The New Middle Road Highway .",ومع ذلك، فإن الاحتفال خصص الطريق السريع بين سانت كاثرينز وشلالات نياجرا فقط. أما بقية الطريق، فكان معروفًا بأسماء مختلفة، بما في ذلك طريق تورونتو - بيرلينجتون/هاميلتون وطريق الوسطى الجديد.,28,GENERATED
data52008,DATA_13663,B,Np (VII) خضر مغلوق فواحد السوليسيون اللي بازيك بزاف. وخا لا فورميلة شيميك ديالو فالسوليسيون البازيك بزاف كايتذكروها بزاف بحال NpO3 −,khder meghlouq f wahed solution li bazik bzzaf. wakha la formule chimique dialo f solution lbazik bzzaf kaytdekroha bzzaf bhal NpO3 -,Np ( VII ) is dark green in a strongly basic solution . Though its chemical formula in basic solution is frequently cited as NpO3 −,النيبتونيوم (VII) أخضر داكن في محلول قاعدي قوي. على الرغم من أن صيغته الكيميائية في المحلول القاعدي غالبًا ما تُذكر على أنها NpO3 −,26,GENERATED
data52009,DATA_22218,B,"""Archives of Pain"" كتبدا بكلام ديال الأم ديال واحد الضحايا ديال السفاح بيتر سوتكليف من واحد الروبورتاج فالتلفاز على المحاكمة ديالو.",ktbda bklam dyal l'omm dyal wa7ed ddaya dyal ssaffa7 Peter Sutcliffe mn wa7ed rrobortaj fttlfaz 3la lmo7akama dyalo.,""" Archives of Pain "" begins with the words of the mother of one of serial killer Peter Sutcliffe 's victims from a TV report on his trial .","يبدأ كتاب ""أرشيفات الألم"" بكلمات والدة إحدى ضحايا القاتل المتسلسل بيتر سوتكليف من تقرير تلفزيوني حول محاكمته.",29,GENERATED
data52010,DATA_19833,B,"""The Archers, l'msalsel l'idaii li daz aktar fel 3alam, kaytskjel f Birmingham l BBC Radio 4.""","The Archers, lmsalsal lidaaii li daz aktar fel 3alam, kaytskjel f Birmingham l BBC Radio 4.","The Archers , the world 's longest running radio soap , is recorded in Birmingham for BBC Radio 4 .","يُسجل مسلسل ""آرتشرز""، أطول دراما إذاعية مستمرة في العالم، في برمنغهام لصالح إذاعة بي بي سي الرابعة.",20,GENERATED
data52011,WIKI_D_06927,D,البريطانيين حتلّو أوريسا عام 1803، وملّي عرفو الأهمية ديال معبد جاغاناث فحياة الناس ديال الولاية، عينو ف الأول واحد المسؤول باش يشوف فالشؤون ديال المعبد ومن بعد أعلنوه كجزء من واحد المنطقة.,"britaniyin 7ellu urisa 3am 1803, w melli 3rfo l2 أهمية dyal ma3bed jagannath f 7ayat nass dyal lwilaya, 3ayno f l2wwel wa7d mas2ul bash yshuf f sho2un dyal lma3bed w men b3d 2nnuwh k joz2 men wa7d minta9a.","The British conquered Orissa in 1803 , and , recognising the importance of the Jagannatha Temple in the life of the people of the state , they initially appointed an official to look after the temple 's affairs and later declared the temple as part of a district .",احتل البريطانيون أوريسا عام 1803، وإدراكًا لأهمية معبد جاغاناث في حياة شعب الولاية، عينوا في البداية مسؤولاً للعناية بشؤون المعبد، ثم أعلنوا لاحقًا أن المعبد جزء من مقاطعة.,32,GENERATED
data52012,DATA_14233,B,"f l-scene l-akhira, Peter kiywri wqa'i' dyal qerd kihokk rasso ka-ri-ssala taw'iya mn l-March of Dimes Foundation.","f l-scene l-akhira, Peter ki-yewri wqa'i' dyal qerd ki-hukk rasso ka-ri-ssala taw'iya mn l-March of Dimes Foundation.","In the final scene , Peter introduces footage of an ape scratching himself as a public service announcement from the March of Dimes Foundation .",في المشهد الأخير، يقدم بيتر لقطات لقرد يخدش نفسه كإعلان خدمة عامة من مؤسسة مارش أوف دايمز.,25,GENERATED
data52013,WIKI_C_09318,C,خمسة من واحد وعشرين نوع ديال التيميمة كيتوالدو بلا جنس، منهم جوج الانواع اللي ما مارسوش التكاثر الجنسي لمليون عام، أطول مدة لا جنسية معروفة عند شي حشرة.,"khamsa min wahed w 3eshreen naw3 dyal Ttimema kiytawdo bla jins, menhom jooj l-anwa3 lli ma mressoch ttakator l-jinsi l-million 3am, atwl moda la jinsiya ma3roufa 3nd shi 7shra.","Five of the twenty @-@ one species of Timema are parthenogenetic , including two species that have not engaged in sexual reproduction for one million years , the longest known asexual period for any insect .",خمسة من واحد وعشرين نوعاً من التيميما تتكاثر لا جنسياً، بما في ذلك نوعان لم يمارسا التكاثر الجنسي منذ مليون سنة، وهي أطول فترة لا جنسية معروفة لأي حشرة.,28,GENERATED
data52014,DATA_3893,A,واخا، كاينة ديك المرة ملي كان الثلج كايتحط,"wakha, kayna dik lmra mli kan talj kayti7","Well, there was this one time when we got snowed in",حسناً، كانت هناك مرة احتجزنا فيها بسبب الثلج.,11,PARTIALLY VALIDATED
data52015,WIKI_C_11723,C,الدور ديال تيرا من بيرث باي سليب تعاود فلي رومان ديال طوموكو ديال اللعبة. وزايدون، الشابتر اللخر كيبين الروح العالقة كتحارب سورا من كينݣدوم هارتس 2 فاينل ميكس.,"doura dyal terra mn birth by sleep t3awed f les romans dyal tomoko dyal l'jeu. w zadone, le chapitre l5ir kibeyen el rou7 el 3alqa kat7areb sora mn kingdom hearts 2 final mix.","Terra 's role from Birth by Sleep is reprised in Tomoko <unk> 's light novels of the game . Additionally , the final chapter shows the Lingering Will fighting Sora from Kingdom Hearts II Final Mix .",يُعاد تمثيل دور تيرا من لعبة بيرث باي سليب في روايات توموكو المستوحاة من اللعبة. بالإضافة إلى ذلك، يصور الفصل الأخير الروح العالقة وهي تقاتل سورا من لعبة كينغدوم هارتس 2 فاينل ميكس.,28,GENERATED
data52016,WIKI_D_06074,D,الدورة ديال 1969 كانت سلسلة ديال تلاتة الماتشات. الكابيتانات كانوا راي إلينݣوورث ديال انجلترا و سوبيرز ديال جزر الهند الغربية. جزر الهند الغربية كان عندهم فرقة كبيرة فالسن و مع سوبيرز كان كيعاني من تراجع المستوى، ديما كانوا الطرف الضعيف.,"adawra dyal 1969 kanat silsila dyal tlata lmatshat. lkapitanat kanu ray illingworth dyal england w sobears dyal jozor lhind lgharbia. jozor lhind lgharbia kan andhom farqa kbiira falsen w ma3 sobears kan kay3ani mn tarajo3 mostawa, dima kanu ltarf dla3if.","The 1969 tour was a three Test series . The captains were Ray Illingworth for England and Sobers for the West Indies . The West Indies had an ageing team and , with Sobers suffering a loss of form , were always the weaker side .",كانت جولة عام 1969 عبارة عن سلسلة من ثلاث مباريات اختبار. وكان قائد المنتخب الإنجليزي راي إلينغورث، وقائد منتخب جزر الهند الغربية سوبيرز. وكان منتخب جزر الهند الغربية يضم فريقاً كبيراً في السن، ومع معاناة سوبيرز من تراجع مستواه، كانوا دائماً الطرف الأضعف.,40,GENERATED
data52017,DATA_4542,A,واش كان عندك شي موعد,mmi o bba mTll9in,Did you have an appointment,هل كان لديك موعد,6,PARTIALLY VALIDATED
data52018,DATA_23408,B,باساكاليا على لحن إنجليزي قديم لفيولا (أو تشيلو) و بيانو (؟ 1940 – 1941),basakalia 3la l7n inglizi qadim lviola (ou cello) o piano (? 1940 – 1941),Passacaglia on an Old English Tune for viola ( or cello ) and piano ( ? 1940 – 1941 ),باساكاليا على لحن إنجليزي قديم للفيولا (أو التشيلو) والبيانو (؟ 1940-1941),20,GENERATED
data52019,DATA_11937,A,عمرك تردع را ماشي مسيانا راك كاتخرج على موك,3emrek t rde3 ra machi msiana rak kat5rej 3la mok,you should never breasfed ists bad,لا ينبغي لك أبداً الرضاعة من الثدي، إنه أمر سيء.,6,PARTIALLY VALIDATED
data52020,DATA_13671,B,من بعد، بيرتون دفع بلي الأدلة ما كافياش باش تدعم الإدانة ديالو. المحكمة راجعات الأدلة و رفضات هاد الدفوع.,"men b3d, birton dfa3 bli l2adila ma kafyach bash tda3m l2idana dyalo. lmahkama raj3at l2adila o rfdhat had ddfou3.","Burton next argued that the evidence was insufficient to support his conviction . Reviewing the evidence , the Court rejected this argument .",جادل بورتر لاحقاً بأن الأدلة غير كافية لدعم إدانته. وبعد مراجعة الأدلة، رفضت المحكمة هذه الحجة.,23,GENERATED
data52021,DATA_15613,B,ف 2013، لمدرسة خدات ميدالية دهبية، و تصنفات من بين أحسن 500 مدرسة فالبلاد على حساب يو إس نيوز.,"f 2013, lmderssa khdat midalia dhbia, o tsnfat mn bin ahssan 500 mderssa flblad 3la hssab يو إس نيوز.","In 2013 , the school was awarded a gold medal , and ranked amongst the top 500 schools in the country by U.S. News .",في عام 2013، حصلت المدرسة على ميدالية ذهبية، وصُنفت ضمن أفضل 500 مدرسة في البلاد من قبل يو إس نيوز.,25,GENERATED
data52022,DATA_11712,A,نتحداك ت ريزيرفي لينا بيت فالأوتل فهاد شهر,nt7edak t rezervi lina bit fl2otel fhad chher,I dare you to reserve a room,أتحدّاك أن تحجز غرفة,7,PARTIALLY VALIDATED
data52023,DATA_21386,B,"1958 . — — — . ""علم الأحياء الجوي في كنساس الجزء الأول. مقارنة الأوساط."" Trans Kansas Acad 61: 155 – 162.","1958. --- . ""3ilm al-ahyaa' al-jawwi fi Kansas al-joz' al-awwal. Moqarana al-awsat."" Trans Kansas Acad 61: 155 – 162.","1958 . — — — . "" Kansas aeromycology I. Comparison of media "" . Trans Kansas Acad 61 : 155 – 162 .","١٩٥٨. — — — . ""علم الفطريات الهوائي في كانساس الأول. مقارنة الأوساط"" . حوليات أكاديمية كانساس ٦١: ١٥٥ – ١٦٢ .",24,GENERATED
data52024,DATA_10961,A,تعطلي بزّاف باش تشتارك ف لعبة,t3etli bezzaf bach tchtark f lo3ba, you are too late to partcipate in the game,لقد فاتك الوقت للمشاركة في اللعبة.,9,PARTIALLY VALIDATED
data52025,WIKI_C_00924,C,(2) واش السلعة ولا الخدمات كيتشابهو ولا كيختالفو، و شنو طبيعتهم كيما موصوفين فشي طلب ولا تسجيل ولا متعلقين بشي ماركة قديمة خدامة.,"(2) wach essel3a wlla khdemat kiytechabho wlla kiykhtalfo, w chno tabi3t'hom ki ma mowsoufin f shi talab wlla tasjil wlla met3allaqin b shi marka qdima khadma.",( 2 ) The similarity or dissimilarity and nature of the goods or services as described in an application or registration or in connection with which a prior mark is in use .,(2) أوجه التشابه أو الاختلاف وطبيعة السلع أو الخدمات كما هي موصوفة في طلب أو تسجيل أو فيما يتعلق بعلامة سابقة قيد الاستخدام.,23,GENERATED
data52026,DATA_5811,A,تعنّي ف دهري,t3enni f De8ri,He stabbed me in the back,طعنني في ظهري,6,PARTIALLY VALIDATED
data52027,WIKI_C_11312,C,... رفع هاد الحجرة على ذكرى ولادو، رجال قواو و شجعان. ... سافر/و لليونان و قسم/و الدهب.,"<unk> ( raise) had l7ajra 3la d_ikra wlado, rjal qawin w shuja3. <unk> / <unk> safar/o lyunan w qsam/o d_ahab.",""" <unk> ( raised ) the stone in memory of his sons , able valiant men . <unk> / <unk> travelled to Greece , divided ( up ) gold . """,<unk> ( رافعًا ) الحجر تخليدًا لذكرى أبنائه ، رجال أشداء وأبطال . <unk> / <unk> سافر إلى اليونان ، وقسم ( في ما بينهما ) الذهب .,17,GENERATED
data52028,DATA_0034,A,قالت ليا مالكم,maghanTyyboch makla Talyania,she told me what happened,أخبرتني بما حدث,7,PARTIALLY VALIDATED
data52029,DATA_4992,A,واش جمعتي شي فلوس؟,wach jme3ti chi flous?,did you save any money?,هل ادخرت بعض المال؟,5,PARTIALLY VALIDATED
data52030,DATA_16770,B,"Weinberg, Gerhard L. A World at Arms (2nd ed 2013): Tarikh 'alami dyal l-ḥarb l-ʿalamiyya ttanya bīd l-khibir l-ʾawwal f ddīplomasiya l-almaniya, nnaqtīʿ u bḥt f n-nṣṣ.","Tarikh 'alami dyal l-harb l-'alamiya ttanya bīd l-khbir l-'awwal f d-diplomasiya l-almaniya, n-naqti' u b-ḥt f n-nṣṣ.","Weinberg , Gerhard L. A World at Arms ( 2nd ed 2013 ) global history of WW2 by leading expert on German diplomacy excerpt and text search",فاينبرغ، غيرهارد ل. عالم في الأسلحة (الطبعة الثانية 2013) تاريخ عالمي للحرب العالمية الثانية بقلم خبير رائد في الدبلوماسية الألمانية، اقتباس وبحث نصي,27,GENERATED
data52031,WIKI_D_11003,D,إيلا لقات الدودة شي عقدة ما فيها تا شي طريف ماكول، من غير اللي يلاه كلات، يا إما دور دورة حادة يا إما دور دورة خفيفة. هادشي هو اللي مبيّن فالشكل اللي لفوق.,"ila la9at doda chi 3o9da ma fiha ta chi triif makoul, mn gheir lli yallah kalat, ya imma dour doura 7adda ya imma dour doura khafifa. hadchi howa lli mbayyen fal shkeel lli lefo9.","If the worm encounters a node with no eaten segments , other than the one it has just eaten , it can either make a sharp turn or a gentle one . This is the situation shown in the figure above .",إذا واجهت الدودة عقدة لا تحتوي على أي أجزاء مأكولة، بخلاف الجزء الذي أكلته للتو، فيمكنها إما الانعطاف بشكل حاد أو بشكل لطيف. هذا هو الوضع الموضح في الشكل أعلاه.,33,GENERATED
data52032,DATA_20085,B,فدجنبر 1997، ميڭاديث لعبو أغنية مباشرة (بكلمات مبدلة) فالحفلة ديالهم فال Centro Cultural Recoleta فبوينس آيرس.,"f december 1997, megadeth l3bo ghonniya mubaashira (bkelmaat mbadla) f l-hefla dyalhum f Centro Cultural Recoleta f buenos aires.","In December 1997 , Megadeth played the song live ( with modified lyrics ) at their concert at the Centro Cultural Recoleta in Buenos Aires .",في ديسمبر ١٩٩٧، عزفت فرقة ميغاديث الأغنية مباشرة (بكلمات معدلة) في حفلها بمركز ريكوليتا الثقافي في بوينس آيرس.,26,GENERATED
data52033,DATA_10596,A,مانضنش غادي نبقى لعين حيت ماشي مسيان,mandench ghadi nb9a l3en 7it machi msian,I dont think i will curse ,لا أعتقد أنني سألعن,6,PARTIALLY VALIDATED
