data_id,id,classe,darija_arabic,darija_arabizi,english,modern_standard_arabic,english_word_count,status
data50034,WIKI_C_10914,C,— — ( 1988 )، عيش الحياة الزوينة، سالت لايك سيتي، يوتا: ديسيريت بوك، ISBN 978 @-@ 0 @-@ 87579 @-@ 192 @-@ 0,"— — (1988)، 3ish l7ayat zwayna, Salt Lake City, Utah: Deseret Book, ISBN 978-0-87579-192-0","— — ( 1988 ) , Live the Good Life , Salt Lake City , Utah : Deseret Book , ISBN 978 @-@ 0 @-@ 87579 @-@ 192 @-@ 0",— — (١٩٨٨)، عش الحياة الطيبة، سولت ليك سيتي، يوتا: دار النشر ديسيريت، ردمك ٩٧٨-٠-٨٧٥٧٩-١٩٢-٠,24,GENERATED
data50035,WIKI_C_03079,C,بتّاتّا من غير شي ثابت تقادي عام، الكومبا ديال ديراك كيساوي التحويل ديالو ديال فوريي. هادشي مهم حيت إلى كانت شي فونكسيون ديال شوارتز، التّوْدَاد ديالها كيتعطى بالكونڤولوسيون.,"bttata mn ghir chi sabit tqadi 3am, el comb dyal dirac kaysawi etta7wil dyalo dyal fourier. hadchi mheeeem hit ila kanet chi function dyal schwartz, ettoudad dyalha kityta b el convolution.","Up to an overall normalizing constant , the Dirac comb is equal to its own Fourier transform . This is significant because if f is any Schwartz function , then the periodization of f is given by the convolution",بثباتٍ نسبيٍّ إلى حد ثابت تطبيع شامل، فإن مشط ديراك يساوي تحويل فورييه الخاص به. وهذا مهم لأنه إذا كانت f أي دالة لشوارْتز، فإن دورية f تُعطى بالالتفاف.,28,GENERATED
data50036,WIKI_C_04973,C,ف 1940، ميريلاند و لباطويات لاخرين ديال الحرب بدلوا البلايص فين كيخدمو و داوها ل بيرل هاربر. كانت حاضرة ف صف ديال لباطويات حدا فورد ايلاند فاش جاو الجابون ضربو ف 7 دجنبر 1941.,"f 1940, maryland w l batwiyat l akhrin dyal l7arb bddlu l blayes fin kaykhdmou w dawha l pearl harbor. kanet 7adra f saff dyal l batwiyat 7da ford island fash jaw l japan dRbu f 7 dicember 1941.","In 1940 , Maryland and the other battleships of the battle force changed their bases of operations to Pearl Harbor . She was present at Battleship Row along Ford Island during the Japanese attack on 7 December 1941 .",في عام 1940، غيرت ميريلاند وسفن المعركة الأخرى قواعد عملياتها إلى بيرل هاربر. وقد تواجدت في صف السفن الحربية بجانب جزيرة فورد خلال الهجوم الياباني في 7 ديسمبر 1941.,34,GENERATED
data50037,WIKI_C_03758,C,فْعامْ 1901، الطّيّارة بدّلات 16 من مدافع ديالها ديال 47 مليمتر ب نفس العدد ديال مدافع كيوف 12 باوند 12 سي دابليو تي. هادشي زاد العدد ديال الطاقم ل 652 و من بعد ل 741.,"f3am 1901, t-tayyara bddlat 16 mn mdafe3 dyalha dyal 47 milimitr b nafs l3adad dyal mdafe3 qf 12 pound 12 cwt. hadshi zad l3adad dyal t-taqem l 652 w mn ba3d l 741.","In 1901 , the ship exchanged 16 of her 47 mm guns for an equal number of QF 12 pounder 12 cwt guns . This raised the number of crewmen to 652 and later to 741 .","في عام 1901، استبدلت السفينة 16 من مدافعها عيار 47 ملم بعدد مساوٍ من مدافع ""كيو إف 12 باوند 12 سي دبليو تي"". رفع هذا عدد أفراد الطاقم إلى 652 ثم لاحقًا إلى 741.",35,GENERATED
data50038,DATA_15335,B,عارض القاضي كالينان رأي الأغلبية، معتبرا أن الحصانة الحكومية المشتقة كتطال باکستر. و تبع كالينان برادكن، و خلص إلى أنها ما زالت ذات حجية.,"3ared al-qadi Kallinan ra2y al-aghlabiya, mu3tabiran anna al-hassana al-hkumiya al-mushtaqa katatal Baxter. Wa tab3a Kallinan Bradken, wa khallas ila annaha mazalat dat hijjiya.","Justice Callinan dissented from the majority , holding that derivative governmental immunity extended to Baxter . Callinan followed Bradken , concluding that it remained authoritative .",عارض القاضي كالينان الأغلبية، ورأى أن الحصانة الحكومية المشتقة تمتد إلى باكستر. اتبع كالينان قضية برادكن، مستنتجًا أنها تظل ملزمة.,26,GENERATED
data50039,WIKI_C_09539,C,"فالمعبد اللي حدا سيركوس، بليني عجبوه آريس و أفْروديت ديال <unk>، اللي كانو كافيين باش يعطيو شهرة لأي بلاصة أخرى"". و زاد:","f'lm3bd lli 7da sirkus, blini 3jbuh aris w'afrodit dyal <unk>, lli kanu kafiin bach y3tu chohra l'ay blasa okhra'. w zad:","In the temple near the <unk> Circus , Pliny admires the Ares and the Aphrodite of <unk> , "" which would suffice to give renown to any other spot "" . He adds :","في المعبد الذي قرب السيرك، أعجب بليني بتمثالي آريس وأفروديت في <unk>، ""واللذين يكفيان وحدهما ليمنحا الشهرة لأي مكان آخر"". وأضاف:",22,GENERATED
data50040,WIKI_C_08423,C,"جوردان حط هاد الليستة ديال الضمائر و قال، "" واخا السيستيم ديال الضمائر كيبان ساهل، كيتعقد حيت كاع الأزمنة كيبانو بمجموعة ديال الضمير زائد حرف.""","jordan 7at had l-list dial d-dama2ir o qal, ""wakha l-system dial d-dama2ir kayban sahəl, kayt3aqqad 7it ka3 l-azmina kaybanu b-mjo3a dial d-damir za2id 7arf.""","Jordan lists the following list of pronouns , commenting , "" Although the pronoun system appears quite simple , it becomes complicated because all the tenses are shown by a combination of pronoun plus particle . ""","تُدرج الأردن قائمة الضمائر التالية، مع التعليق: ""على الرغم من أن نظام الضمائر يبدو بسيطًا للغاية، إلا أنه يصبح معقدًا لأن جميع الأزمنة تُظهر من خلال مزيج من الضمير بالإضافة إلى أداة.""",25,GENERATED
data50041,WIKI_C_08163,C,"من بعد، مللي سولوهـا واش مزال باغـة تزيد تـولد، فـينݣ قالت لنيويورك تايمز، ""هادشي كيعتمد على كيفاش غايرجع البدن ديالي. إيه، إلى قديت نرجع صحتي.""","mn ba3d, mlli soloha wach mazal bagha tzid tولد, FENG qalt lNew York Times, ""hadchi kay3tamd 3la kifach ghayrja3 lbdn dyali. iyeh, ila qdit nraj3 ṣḥaḥti.""","Later , when asked if she still wanted to have another child , Feng told The New York Times , "" That depends on how my body recovers . Yes , if I can get my health back . ""","لاحقًا، عندما سُئلت عما إذا كانت لا تزال ترغب في إنجاب طفل آخر، قالت فنغ لصحيفة نيويورك تايمز: ""ذلك يعتمد على كيفية تعافي جسدي. نعم، إذا استعدت صحتي.""",25,GENERATED
data50042,WIKI_D_04789,D,خلال المسيرة العسكرية ديالو، أندرانيک خدا بزاف ديال الميداليات والنياشين من الحكومات ديال ربعة ديال الدول. الميداليات والسيف ديال أندرانيک تدّاوهوم لأرمينيا وعطاوهوم لمتحف التاريخ ديال أرمينيا في 2006.,"khlal lmsira l3askariya dyalo, andranik khda bzzaf dyal lmidalizat wlnichan mn l7okumat dyal rba3a dyal dwal. lmidaliyat wsif andranik tddawhom l arminia w3tawhom l mat7af tary7 dyal arminia f 2006.","Through his military career , Andranik was awarded with a number of medals and orders by governments of four countries . Andranik 's medals and sword were moved to Armenia and given to the History Museum of Armenia in 2006 .",خلال مسيرته العسكرية، حصل أندرانيك على عدد من الميداليات والأوسمة من حكومات أربع دول. نُقلت ميداليات وسيف أندرانيك إلى أرمينيا وقُدّمت لمتحف التاريخ في أرمينيا عام 2006.,29,GENERATED
data50043,DATA_0881,A,جرّبتي تستعمل شي پروڭرام ديال ترجمة فل پيسّي باش يعاون?,jerrebti tst3ml chi program dial terjama fl pissi bach y3awn?,Maybe you can use a computer translator to help you?,ربما يمكنك استخدام مترجم آلي لمساعدتك؟,10,PARTIALLY VALIDATED
data50044,WIKI_D_07266,D,ف 2001، البرنامج Pase lo que Pase خرّج الألبوم La Banda del Pase lo que Pase، اللي فيه كاميروغا بدا كمغني. الألبوم تنتجاتو Warner Music، و وصل لألبوم ذهبي ف الشيلي.,"f 2001, l'programme Pase lo que Pase khrej l'album La Banda del Pase lo que Pase, lli fih Camiroaga bda kma9ani. L'album tمنتجto Warner Music, w wsoul l'album dhbi f Chile.","In 2001 , the programme Pase lo que Pase released the album La Banda del Pase lo que Pase , in which Camiroaga debuted as a singer . The album was produced by Warner Music , and reached gold album status in Chile .","في عام 2001، أصدر برنامج ""Pase lo que Pase"" ألبوم ""La Banda del Pase lo que Pase""، الذي ظهر فيه كاميروغا لأول مرة كمغنٍ. أنتجت شركة Warner Music الألبوم، وحصل على تصنيف الألبوم الذهبي في تشيلي.",31,GENERATED
data50045,DATA_4550,A,ختي الكبيرة معلمة,khti lkbira ostada,My older sister is a teacher,أختي الكبرى معلمةٌ.,6,PARTIALLY VALIDATED
data50046,WIKI_C_03820,C,مع التوسع ديالها فالهند عام 2014، برجر كينج زادت تشيكن وابر كواحد من ثلاثة ديال الأنواع ديال الوابر. الجوج الآخرين هما ماطون وابر و فيجي وابر.,"m3a ettoessa3 dyalha f el hend 3am 2014, burger king zadet chicken whopper ka wa7ed men tlata dyal el anwa3 dyal el whopper. el jog lekhryen homa mutton whopper w veggie whopper.","With its 2014 expansion in to India , Burger King introduced the Chicken Whopper as one of three versions of the Whopper . The other two variants are the Mutton Whopper and the Veggie Whopper .",مع توسعها في الهند عام 2014، قدمت برجر كينج دجاج وابر كواحد من ثلاثة إصدارات من وابر. الإصداران الآخران هما ماطون وابر وفيجي وابر.,26,GENERATED
data50047,WIKI_D_06202,D,فالمجموع، اللوفتوافا خسرات 21 ديال الطيارات د القصف مدمرين، و بزاف متضررين. و خسرات حتى على الأقل 12 ديال الطيارات المقاتلة. ال RAF خسرات 15 ديال الطيارات المقاتلة مدمرين و 21 متضررين. مصدر آخر كيقول باللي الخسائر ديال الطيارات المقاتلة الألمانية وصلات ل 23.,"f lemjmu3, el luftwaffe khsrt 21 dyal tayanat d l qasf mdmrin, w bzaf mtḍarrin. w khsrt 7ta 3la l aql 12 dyal tayanat l muqatla. el RAF khsrt 15 dyal tayanat l muqatla mdmrin w 21 mtḍarrin. maṣdar a5ar ki9ul bli l 5sa2ir dyal tayanat l muqatla l almanya waslat l 23.","In total , the Luftwaffe had lost 21 bombers destroyed , and scores damaged . It also lost at least 12 fighters . The RAF had lost 15 fighters destroyed while 21 were damaged . Another source puts German fighter losses at 23 .",في المجموع، خسر سلاح الجو الألماني 21 قاذفة قنابل مدمرة، والعديد متضررة. كما خسر ما لا يقل عن 12 طائرة مقاتلة. وخسر سلاح الجو الملكي 15 طائرة مقاتلة مدمرة و 21 متضررة. ويضع مصدر آخر خسائر المقاتلات الألمانية عند 23.,44,GENERATED
data50048,WIKI_D_08581,D,"دوبوسكي كيݣول باللي ماكاينش شي أجندة ل ""ترْمبلينݣ بيفور جي @-@ دي"" من غير تخفيف واحد الكمية كبيرة ديال العذاب اللي كيعانيو منها الناس، و باللي اليهودية مصورة بواحد الطريقة فيها الحب. و فعلا، شي وحدين حضروا للعرض سولوا من بعد كيفاش يقدروا يديّنوا.","dubofski kigoul bli makayench chi agenda l ""trembling before G @-@ d"" mn gheir tkfif wa7d l kmmiya kbira dyal l 3adhab lli ka3niw mno nass, w bli l yahudiya mswra b wa7d triqa fiha l hob. w b l 7aqiqa, chi wa7din 7ado l 3rd swlo mn ba3d kifach ymkn lihom ydiino.","DuBowski maintains that there is no agenda to Trembling Before G @-@ d "" beyond alleviating an immense amount of pain that people are going through "" , and that Judaism is lovingly portrayed . Indeed , several audience members at screenings asked afterwards how they could convert .","يؤكد دوبوفسكي أنه لا توجد أجندة لفيلم ""الارتعاش أمام الرب"" ""تتجاوز التخفيف من كم هائل من الألم الذي يمر به الناس""، وأن اليهودية مصورة بحب. في الواقع، سأل العديد من أفراد الجمهور في العروض لاحقًا كيف يمكنهم اعتناق اليهودية.",44,GENERATED
data50049,WIKI_D_00401,D,"""هورسفيلد دار سطاج ف تشيسترفيلد ف صيف 2008، ولكن مابغاش يمشي ل سالترجيت حيت بغا يلعب ف شي فرقة قريبة ل دارو ف ليستر. موراها دار سطاج مع كيتيرينغ تاون و ف شهر تسعود بدا كيتدرّب مع والسال.""","horsfield dar s7aj f chesterfield f sayf 2008, walakin mabghach ymchi l saltergate hit bgha yel3eb f shi ferqa qriba l daro f leicester. muraha dar s7aj m3a kattering town w f shher tes3oud beda kitderreb m3a walsall.","Horsfield had a trial at Chesterfield during the summer of 2008 , but rejected a move to Saltergate because he wanted to join a club closer to his home in Leicester . He then had a trial with Kettering Town and in September began training with Walsall .",أجرى هورسفيلد تجربة في تشيسترفيلد خلال صيف عام 2008، لكنه رفض الانتقال إلى سالترجيت لأنه أراد الانضمام إلى نادٍ أقرب إلى منزله في ليستر. بعد ذلك، خضع لتجربة مع كيتيرينغ تاون وفي سبتمبر بدأ التدريب مع والسال.,38,GENERATED
data50050,DATA_13721,B,الأداء ديالو فالسيزون 4 ترشح لجائزة Primetime Emmy كأحسن ممثل فمسلسل درامي فالنسخة 68 ديال Primetime Emmy Awards.,l'ada2 diyalo f saison 4 tarch7 l ja2iza Primetime Emmy k ahsan momattil f mosalsal drami f النسخة 68 dyal Primetime Emmy Awards.,The season 4 performance earned a nomination for Primetime Emmy Award for Outstanding Lead Actor in a Drama Series at the 68th Primetime Emmy Awards .,حصل أداء الموسم الرابع على ترشيح لجائزة إيمي برايم تايم لأفضل ممثل رئيسي في مسلسل درامي في حفل توزيع جوائز إيمي برايم تايم الثامن والستين.,26,GENERATED
data50051,WIKI_D_08616,D,من بين الشخصيات الرياضية اللي تزادوا ف دافنبورت كاين روجر كريغ لاعب كرة القدم الأمريكية، و جوليان فان ديرفيلد لاعب هجوم ف نفس اللعبة، و ريكي ديفيس لاعب سابق ف كرة السلة، و مايكل نون بطل سابق ف الملاكمة ف الوزن المتوسط، و روبي لاولر بطل يو إف سي ف الوزن الويلتر و المصارع المحترف سيث رولينز.,"mn byn lshkhsiyat lirryadiyat lli tzadaw f davenport kayn roger craig la3b kora l'amrikiya, w julian vandervelde la3b khotoum f nafs la3ba, w ricky davis la3b sabiq f kora delasla, w michael nun btal sabiq f lmdayna f lwazn lmutawassit, w robbie lawler btal ufc f lwazn lwelter w lmsare3 lmohtarif seth rollins.","Sports figures born in Davenport include NFL running back Roger Craig , NFL offensive lineman Julian Vandervelde , former NBA guard Ricky Davis , former middleweight boxing champion Michael Nunn , UFC welterweight champion Robbie Lawler and professional wrestler Seth Rollins .",من بين الشخصيات الرياضية المولودة في دافنبورت: لاعب الوسط في دوري كرة القدم الأمريكية روجر كريج، ولاعب خط الهجوم في دوري كرة القدم الأمريكية جوليان فاندر فيلد، وحارس المرمى السابق في الرابطة الوطنية لكرة السلة ريكي ديفيس، وبطل الوزن المتوسط السابق في الملاكمة مايكل نان، وبطل الوزن الويلتر في اتحاد الفنون القتالية المختلطة روبي لاولر، والمصارع المحترف سيث رولينز.,57,GENERATED
data50052,WIKI_D_08786,D,كانت متسطية فرصة هبوط تانية مخططة ف حالة ما كان الجو خايب، باش تهبط ف KSC مع 1 و 37 دقيقة د العشية بتوقيت EST مع حريق د تخفيض المدار مع 12 و 36 دقيقة ف الدورة 129، ولكن ما كانتش ضرورية.,"kanat msto7iya frsa hboot tania mkhtta f7alt ma kan l jaw khayib, bach tahbot f KSC m3a 1 w 37 daqiqa d l 3shiya bto9it EST m3a 7ari9 d takhfid l مدار m3a 12 w 36 daqiqa f l dawra 129, w lakin ma kanatsh droriya.","A second landing opportunity had been planned in case of bad weather , for a KSC landing at 1 : 37 pm EST with a deorbit burn at 12 : 36 pm on orbit 129 , but it was not required .",كانت هناك فرصة هبوط ثانية مخطط لها في حال سوء الأحوال الجوية، لهبوط في مركز كينيدي للفضاء الساعة 1:37 مساءً بتوقيت شرق الولايات المتحدة مع حرق لإلغاء المدار الساعة 12:36 مساءً في المدار 129، لكنها لم تكن مطلوبة.,42,GENERATED
data50053,DATA_18580,B,"تّْدَكَّر إيرفينغ وقبر ديالو من طرف هنري وادزورث لونجفيلو ف القصيدة ديالو لي كتبها عام 1876، ""ف مقبرة طاريتاون""، لي كتسالي بـ:","tّddkker Irving o qber dyalo mn tّerf Henry Wadsworth Longfellow f lqssida dyalo li ktebha 3am 1876, ""f mqbert Tarritown"", li ktsali b-:","Irving and his grave were commemorated by Henry Wadsworth Longfellow in his 1876 poem , "" In The Churchyard at Tarrytown "" , which concludes with :","تم إحياء ذكرى إيرفينغ وقبره من قبل هنري وادزورث لونغفيلو في قصيدته عام 1876 بعنوان ""في المقبرة في تاريتاون""، والتي تختتم بـ:",27,GENERATED
data50054,WIKI_C_11676,C,فايت لمعيار المزدوج: نظرة اشتراكية ديموقراطية لنقاش الـ ؤ ضد الشمولية، أمريكا الجديدة، يوليوز 1985. - خطاب ديال شهر واحد 1985.,"fayt lme3yar le mzdawj: nzra istirakia dimokratiya lnaqach el ؤ dd d shmoulia, new america, yulyuz 1985. - khitab dyal shhar wa7d 1985.",""" Beyond the Double Standard : A Social Democratic View of the <unk> versus Totalitarianism Debate , "" New America , July 1985 . — Speech of January 1985 .","ما وراء المعيار المزدوج: رؤية ديمقراطية اشتراكية لنقاش الـ <unk> مقابل الشمولية،"" نيو أمريكا""، يوليو 1985. - خطاب يناير 1985.",21,GENERATED
data50055,DATA_2239,A,فهمت كان تما نجم سينمائي,f8mt kan tmma najm sinima2i,I understand there was a movie star,أتفهم أنه كان هناك نجم سينمائي,7,PARTIALLY VALIDATED
data50056,DATA_24458,B,"بو هوبكينز لعب الدور ديال كلارنس ""كريزي"" لي؛ خدا الدور من بعد ما بيكنباه شافو فالتلفازة.","Bou Hopkins l3eb d-door dyal Clarence ""Crazy"" Lee; khda d-door mn b3d ma Bekinbaueh shafu f telephaza.","Bo Hopkins played the part of Clarence "" Crazy "" Lee ; he was cast after Peckinpah saw him on television .","لعب بو هوبكنز دور كلارنس ""كرايزي"" لي؛ تم اختياره بعد أن رآه بيكينباه على شاشة التلفزيون.",22,GENERATED
data50057,WIKI_C_02723,C,جامع بنت الجديد ولا شو بنت، أقدم جامع ديال اللي ما تابعينش الكنيسة الرسمية في أثرتون، تبنى في 1721 وتحلّ. هاد الجامع بناوه الناس ديال المشيخة من بعد ما طرّدوهم من الجامع اللول.,"jami3a dyal bent jdid wlla cho bent, aqdam jami3a dyal li maتابعينch lkniisa rasmiiya f Atherton, tbanà f 1721 w t7el. Had ljami3a bnahom nas dyal lmashii7a mn ba3d ma ṭrdohom mn ljami3a lawl.","The New Bent or Chowbent Chapel , the earliest Nonconformist chapel in Atherton , was built in 1721 and opened in <unk> chapel was built by the Presbyterian congregation after it was expelled from the first chapel .",كنيسة بنت الجديدة أو تشو بنت، وهي أقدم كنيسة لغير المطابقين في أثرتون، بنيت عام 1721 وافتتحت في <unk>. بنى هذه الكنيسة جماعة المشيخية بعد طردها من الكنيسة الأولى.,33,GENERATED
data50058,DATA_0234,A,و لكن ماكانخدمش مزيان فلخر ت سيمانا,walakin makankhdmch mzyan flkher t simana,But I don't work much on weekends,ولكنني لا أعمل كثيراً في عطلة نهاية الأسبوع.,7,PARTIALLY VALIDATED
data50059,DATA_12425,A,عمرك جربتي دابز مع واحد صحيح عليك,3emrek jerebti dabez m3a wa7ed s7i7 3lik,Have you tried to fight a bigger person,هل حاولت أن تقاتل شخصًا أكبر منك؟,8,PARTIALLY VALIDATED
data50060,DATA_1453,A,علاش كتهدرو نتوما بجوج؟,3lach kathDro ntoma bjoj?,What are you two talking about?,عن ماذا تتحدثان؟,6,PARTIALLY VALIDATED
data50061,WIKI_D_09106,D,الأنواع اللي مازال ما نضجاتش ولات نبات منزلي ولا زينة سنوية شعبية تحت سمية 'Spikes' ولا Dracaena 'Spikes'. وزايد عليها، يقدروا يغلطوا فيها ويحسبوها Cordyline indivisa (اللي كانت سميتها Dracaena indivisa).,"l'anwa3 li mazal ma ndatchet wlat nbat mnzli wla zina snwiya sha3biya ta7t smiyat 'Spikes' wla Dracaena 'Spikes'. w zayd 3liha, yqdar yghlt fih w7sbouha Cordyline indivisa (li kanet smeytaha Dracaena indivisa).","Immature forms have become a popular annual house or ornamental plant under the name ' Spikes ' , or Dracaena ' Spikes ' . To add to the confusion , these may be misidentified as Cordyline indivisa ( syn . Dracaena indivisa ) .",أصبحت الأشكال غير الناضجة نباتًا منزليًا أو نبات زينة سنويًا شائعًا تحت اسم 'سبايكس'، أو دراسينا 'سبايكس'. ولزيادة الارتباك، قد يتم التعرف عليها بشكل خاطئ على أنها كورديلين إنديفيزا (مرادف: دراسينا إنديفيزا).,31,GENERATED
data50062,WIKI_D_01625,D,لمسيرة ديالو تقصرات بسباب واحد لكريسا ف ركبة كلاها ف باريز فواحد التورة عالمية لي نظمها ألبرت سبالدينݣ. من بعد ما خلا البيزبول المنظم، صحتو تدهورت بالزربة. تشد فيه السل و مات ف اللخر فعمر 36 عام بالماء.,"lmsira dyalo tqassrat bsbab wa7d lkrisa f rkba klaha f bariz f wa7d twwra 3alamiya li nDamha albert spalding. men ba3d ma khlla l baseball l mndam, s7to tdhwrt bzzarba. tshdd fih s-sl w mat f l kher f 3mro 36 3am blma'.","His career was shortened by a knee injury that he suffered in Paris during a world @-@ tour organized by Albert Spalding . After he left organized baseball , his health declined rapidly . He contracted tuberculosis and ultimately died at the age of 36 of dropsy .",تقصّرت مسيرته المهنية بسبب إصابة في الركبة تعرض لها في باريس خلال جولة عالمية نظمها ألبرت سبالدينغ. بعد تركه لعبة البيسبول المنظمة، تدهورت صحته بسرعة. أُصيب بالسل وتوفي في النهاية عن عمر يناهز 36 عاماً بالاستسقاء.,38,GENERATED
data50063,WIKI_D_11695,D,"مكميلان، إ. م. ""شي أفكار على الثبات فسيستيمات التركيز الدورية اللاخطية""، مختبر الإشعاع جامعة كاليفورنيا، مختبر لورنس بيركلي الوطني، وزارة الطاقة الأمريكية (عبر الوكالة السابقة لجنة الطاقة الذرية)، (5 شتنبر 1967).","mkmilan, i. m. ""chi afkar 3la lthbat f sistimat tarkiz dawria la khitia"", mokhtabar lish3a3 jami3at california, mokhtabar lawrence berkeley alwatany, wizarat taqa al amrikiya (3bar liwkal al saba9a lajnatt al taqa al dhariya), (5 chtanbir 1967).","McMillan , E. M. "" Some Thoughts on Stability in Nonlinear Periodic Focusing Systems "" , University of California Radiation Laboratory , Lawrence Berkeley National Laboratory , United States Department of Energy ( through predecessor agency the Atomic Energy Commission ) , ( September 5 , 1967 ) .","ماكميلان، إ. م. ""بعض الأفكار حول الثبات في أنظمة التركيز الدورية غير الخطية""، مختبر الإشعاع بجامعة كاليفورنيا، مختبر لورانس بيركلي الوطني، وزارة الطاقة الأمريكية (عبر الوكالة السابقة لجنة الطاقة الذرية)، (5 سبتمبر 1967).",31,GENERATED
data50064,DATA_24219,B,كتّاب خرين ماكانوش كيعطيوها قيمة بزاف. أندرو ووردزورث من جريدة The Independent، لندن، عبر على النقطة المهمة ديال القلق:,"Kettab khrin makanoosh kay3tiwha qima bzzaf. Andrew Wordsworth mn jaridat The Independent, London, 3bber 3la nnoqta lmohimma dyal lqlq:","Other writers were less flattering . Andrew Wordsworth of The Independent , London , expressed the major point of concern :",وكانت آراء الكتاب الآخرين أقل إطراءً. وقد عبر أندرو ووردزورث من صحيفة «الإندبندنت» بلندن عن نقطة القلق الرئيسية:,21,GENERATED
data50065,DATA_12237,A,عمرك ت قدر تحقق هادشي كامل,3emrek t 9dder t7e99e9 hadchi kamel,you should never  be able to accompish a lot,يجب ألا تكون قادرًا على تحقيق الكثير أبدًا,9,PARTIALLY VALIDATED
data50066,WIKI_C_00116,C,الكتاب الموجز ديال التعليم المسيحي 502 كيذكر مخالفات أخرى ضد كرامة الزواج بحال تعدد الزوجات، زنا المحارم، العلاقات الحرة (السكن المشترك، المعاشرة الغير شرعية) والافعال الجنسية قبل الزواج أو خارجه.,"lktab lmojaze dial ta3lim lmasi7i 502 kidkor mokhalafat okhra ddo f d7t kramt zowaj b7al tadod zowjat, zina lma7arim, 3alaqat l7orra (sokan mochta7ak, mo3acharar 8ayr chari3a) wlaf3al jinssiya qabl zowaj aw kharjo.","The Compendium of the Catechism 502 lists other offenses against the dignity of marriage : "" polygamy , incest , free unions ( cohabitation , concubinage ) , and sexual acts before or outside of marriage "" .","يسرد ""موجز التعليم المسيحي"" في الرقم 502 مخالفات أخرى ضد كرامة الزواج: ""تعدد الزوجات، زنا المحارم، العلاقات الحرة (الإقامة المشتركة، العيش المشترك)، والأفعال الجنسية قبل الزواج أو خارجه"".",30,GENERATED
data50067,DATA_23872,B,صافي آ السي، بركة من هاد الشي؛ الزهر لعب، و واخا يكونو خمسين سفينة غادي ندوز من وسطهم.,"Safi a si, barka men had shi; zher l3eb, u wakha ykunu khamsin sfina ghadi nduz men wessthom.",""" Enough , sir , no more of that ; the die is cast , and if there are fifty sail I will go through them . """,كفى يا سيدي، لا مزيد من هذا؛ لقد ألقي الحجر، وإذا كان هناك خمسون سفينة فسوف أخترقهم.,28,GENERATED
data50068,DATA_12837,B,الفوج 271 (تبدّل سميتو للفوج الأول ديال PLAF وولا كينتمي للفرقة 9 نهار 2 سبتمبر 1965),l-fowj 271 (tbddl smito l-l-fowj l-awwal dyal PLAF w wlla kintami l-l-frqa 9 nhar 2 shutanber 1965),271st Regiment ( renamed the 1st PLAF Regiment and became part of the 9th Division on 2 Sep 1965 ),الفوج 271 (أعيد تسميته بالفوج الأول لقوات التحرير الشعبية وأصبح جزءًا من الفرقة التاسعة في 2 سبتمبر 1965),20,GENERATED
data50069,DATA_7824,A,تعطيني شهادة تبيا نديها ليهم,t3tini xahada tibiya ndiha lihom,to give me a sick leave certificate,لأعطائي شهادة مرض,7,PARTIALLY VALIDATED
data50070,WIKI_C_09979,C,ف سبعطاش ف فبراير ديال 2013، بونجي علنات على ديستني، اللي خرجات للبلايستيشن 3 و 4 والاكسبوكس 360 و وان نهار تسعود ف شهر تسعود ديال 2014.,"f sb3tash f fevriye dyal 2013, bungie 3lnat 3la destiny, lli khrejat l playstation 3 w 4 w xbox 360 w one nhar ts3oud f shher ts3oud dya 2014.","On February 17 , 2013 , Bungie announced Destiny , which launched for the PlayStation 3 , PlayStation 4 , Xbox 360 , and Xbox One platforms on September 9 , 2014 .",في السابع عشر من فبراير عام 2013، أعلنت شركة بونجي عن لعبة ديستني، التي صدرت لمنصتي بلاي ستيشن 3 وبلاي ستيشن 4، وإكس بوكس 360 وإكس بوكس ون في التاسع من سبتمبر عام 2014.,27,GENERATED
data50071,WIKI_C_11949,C,الجرية: هي ببساطة ديك البلاصة كاملة مخروطية ديال المدفع لقدام ديال التعزيز. وهي أطول جزء فالمدفع، وداخلين فيها هاد العناصر:,"lejrya: hiya bessa7a dik lblassa kamla mkhrutya dyal lmdfe3 l9eddam dyal t3ziz. wahiya tawla joz2 fel mdfe3, w dakhlin fiha had l3nasr:","The chase : Simply the entire conical part of the cannon in front of the reinforce . It is the longest portion of the cannon , and includes the following elements :",الملاحقة: هي ببساطة الجزء المخروطي بأكمله للمدفع أمام التعزيز. وهو أطول جزء من المدفع، ويتضمن العناصر التالية:,20,GENERATED
data50072,WIKI_D_10236,D,"قبل ما توصل لمسرحية فن هوم لب رودواي، ديفيد ليفيسلي ديال مجلة ميك على الإنترنت شدد على التركيز ديالها على التجربة الشخصية ديال واحد لمرا لي همجية، و سماها ""أكثر تحليل جريء و بلا رحمة للهوية المثلية كاينة دابا ف مسرح نيويورك"".","qbel ma tewṣel l-msra7iya Fun Home l-Broadway, David Levesley dyal mejella Mic 3ela l-internet chadded 3ela tarkiz dyalha 3ela t-tajriba shakhsiya dyal wa7ed lmra li homoseksuel, w smaaha ""kter tahlil jare' w bla ra7ma l-l-hwiya l-mteliya kayna daba f msra7 New York"".","Anticipating the play 's move to Broadway , David Levesley of online magazine Mic heralded Fun Home 's focus on the individual experience of a lesbian , calling it "" the most daring , relentless analysis of homosexual identity on the New York stage right now "" .","توقعًا لانتقال المسرحية إلى برودواي، أشاد ديفيد ليفيسلي من مجلة ""ميك"" الإلكترونية بتركيز ""فن هوم"" على التجربة الفردية لمثلية جنسية، ووصفها بأنها ""أكثر تحليل جسارة ودأبًا للهوية المثلية على مسرح نيويورك حاليًا"".",42,GENERATED
data50073,DATA_9831,A,علاش مابغيتيش تميزي,3lach mabghitich t mizi,why you dont wanna insert coin,لماذا لا تريد إدخال العملة؟,6,PARTIALLY VALIDATED
data50074,DATA_16782,B,"روبرت شو بدور دونالد ""ريد"" جرانت: قاتل سبيكْتْرْ محتال و واحد من الأعداء الرئيسيين ديال بوند.","Robert Shaw b دور Donald ""Red"" Grant: qatil SPECTRE, mhtal, w wa7ed men al-a3da' ar-ra'issiyyin dyal Bond.","Robert Shaw as Donald "" Red "" Grant : Cunning SPECTRE assassin and one of the principal Bond enemies .","روبرت شو في دور دونالد ""ريد"" جرانت: قاتل ماكر من منظمة سبكتر وأحد أعداء بوند الرئيسيين.",20,GENERATED
data50075,DATA_3224,A,زيد عليها عندي فريسبي!,zid 3liha 3andi frisbee!,Plus I have a frisbee!,بالإضافة إلى ذلك، لدي قرص طائر!,5,PARTIALLY VALIDATED
data50076,DATA_24623,B,"Lqissa dyal Vicar of Bullhampton kaydour fi mdina sghira f Wiltshire. Katawḍaḥ tlata d lqissat frɛiyya, kamlin mrbuṭin b Frank Fenwick, l-vicar lli 3lih smya.","Lqissa dyal Vicar of Bullhampton kaydor fi mdina sghira f Wiltshire. Katawdah tlata d lqissat fra3iyya, kamlin mrboutin b Frank Fenwick, l-vicar lli 3lih smya.","The Vicar of Bullhampton is set in a small town in Wiltshire . It develops three subplots , all connected with Frank Fenwick , the eponymous vicar .","تدور أحداث رواية ""قس بول همبتون"" في بلدة صغيرة بمقاطعة ويلتشير، وتتطور فيها ثلاث قصص فرعية، جميعها مرتبطة بفرانك فينويك، القس الذي تحمل الرواية اسمه.",28,GENERATED
data50077,WIKI_D_05940,D,4876 تبنات ف 1939 ف Altoona Works ديال سكة الحديد ديال Pennsylvania ف Altoona، Pennsylvania، وكانت اللوكوموتيف رقم 77 ف الكلاص ديالها. كانت خدامة بين نيويورك، فيلاديلفيا و واشنطن على الكوريدور الشمالي الشرقي المكهرب.,"4876 tbanat f 1939 f Altoona Works dyal seka l-7did dyal Pennsylvania f Altoona, Pennsylvania, w kanat lokomotiv raqm 77 f l-klass dyalha. Kanat khadama bin New York, Philadelphia w Washington 3la l-corridor shmali sharqi makkahrab.","4876 was built in 1939 at the Pennsylvania Railroad 's Altoona Works in Altoona , Pennsylvania , and was the 77th locomotive in its class . It operated between New York City , Philadelphia and Washington , D.C. on the electrified Northeast Corridor .",تم بناء الرقم 4876 عام 1939 في ورش ألتونا لسكة حديد بنسلفانيا في ألتونا، بنسلفانيا، وكان القاطرة رقم 77 في فئتها. كانت تعمل بين مدينة نيويورك وفيلادلفيا وواشنطن العاصمة على الممر الشمالي الشرقي المكهرب.,34,GENERATED
data50078,DATA_17395,B,(2 مضروبة في 0) + 0. وعمل طابلو فيه هاد الحقائق كيزيد يرسخ التصويرة ديال خط الأعداد اللي شفنا الفوق.,(2 مضروبة في 0) + 0. o 3mel tablo fih had l7a9ai9 kayzid yresskh ttsowira dyal khatt l'a3dad li chefna lfou9.,( 2 × 0 ) + 0 . Making a table of these facts then reinforces the number line picture above ., (٠ × ٢) + ٠ . إن إنشاء جدول لهذه الحقائق يعزز بعد ذلك الصورة البيانية لخط الأعداد أعلاه.,22,GENERATED
data50079,DATA_17850,B,قبل ما يستقرّو الأوروبيين، كانو شحال من مجموعات ديال السكان الأصليين عايشين فالمنطقة اللي غتولي گلاَدْستُون.,"qbel ma yestaqarro l'oropiyyin, kano sh7al men majmou3at dyal soukkan l'asliyyin 3ayshin fel-menطقة lli ghat-wlli Gladstone.","Prior to European settlement , there were several Native American groups living in the area that was to become Gladstone .",قبل الاستيطان الأوروبي، كانت هناك مجموعات عديدة من الأمريكيين الأصليين تعيش في المنطقة التي ستصبح جلادستون.,21,GENERATED
data50080,WIKI_D_11713,D,"سمية ""كاليوبي"" باقية حتى دابا فالبحرية الملكية. ف 1951 السفينة اللي جات من بعدها باش تدرّب على نهر تاين خدات هاد السمية، و دابا المؤسسة اللي فالبر حتى هي عندها هاد السمية و كاتحيي الذكرى ديال HMS كاليوبي.","smyt ""kalyopy"" ba9ya hatta daba f lbhriya lmalakiya. f 1951 sfina lli jat mn b3dha bach tdrreb 3la nhr tayn khdat had smya, w daba lmo2assa lli falbr hatta hiya 3ndha had smya w kat7iyi d-dikra dyal HMS kalyopy.","The name "" Calliope "" also lives on in the Royal Navy . In 1951 the ship 's successor as training ship on the Tyne took that name , and now the shore establishment itself bears the title and honours the memory of HMS Calliope .","ولا يزال اسم ""كاليوبي"" باقيًا في البحرية الملكية. ففي عام 1951، اتخذت السفينة التي خلفتها كسفينة تدريب في نهر التاين هذا الاسم، والآن تحمل المؤسسة البرية نفسها هذا اللقب وتكرم ذكرى HMS Calliope.",38,GENERATED
data50081,WIKI_C_04167,C,أعلى مويان ديال الضرب فالسيري (4 ديال السيريات ديال التيست ولا كثر): 201 فاصلة خمسين ف(واحد وتسعمية وواحد وثلاثين – اثنين وثلاثين) وثاني أعلى 178 فاصلة خمسة وسبعين ف(واحد وتسعمية وسبعة وأربعين – ثمانية وأربعين).,a3la moyan dyal darab f l'siri (4 dyal l'siriyat dyal l'test wla ktar): 201.50 (1931-32) w tani a3la 178.75 (1947-48).,Highest series batting average ( 4 or more Test series ) : 201 @.@ 50 ( 1931 – 32 ) and second highest 178 @.@ 75 ( 1947 – 48 ),أعلى متوسط ضرب في سلسلة (4 أو أكثر من سلاسل الاختبارات): 201.50 (1931-32)، وثاني أعلى 178.75 (1947-48).,35,GENERATED
data50082,DATA_17456,B,فـ 1997، تكرّمات كا Grand Marshal فـ مسيرة الفخر المثلي فـ سان فرانسيسكو، هي و دينيس بيرون.,"f 1997, tkrramat ka Grand Marshal f masirat lfakhr lmitli f San Francisco, hiya u Dennis Peron.","In 1997 , she was honored as the Grand Marshal of the San Francisco Gay Pride Parade , along with Dennis Peron .",في عام 1997 ، تم تكريمها كعميدة شرف موكب فخر المثليين في سان فرانسيسكو ، إلى جانب دينيس بيرون.,23,GENERATED
data50083,WIKI_D_01293,D,"Wright, Edward (1657), شي أخطاء فالملاحة لي تكشفو و تقادو، مع بزاف ديال الزيادات لي ماكانوش فالطبعة اللي فاتت.. (الطبعة 3)، لندن: ج [أونك] موكسون.","Wright, Edward (1657), chi akhta2 falmalaha li tchakchfo w tkado, m3a bzaf dyal ziyadat li makanoch faltab3a li fatet.. (tab3a 3), London: j [unk] Moxon.","Wright , Edward ( 1657 ) , Certaine Errors in Navigation Detected and Corrected , with Many Additions that were not in the Former Edition .. ( 3rd ed . ) , London : J [ <unk> ] Moxon .","رايت، إدوارد (1657)، ""أخطاء معينة في الملاحة تم اكتشافها وتصحيحها، مع العديد من الإضافات التي لم تكن في الطبعة السابقة"".. (الطبعة الثالثة)، لندن: ج [اسم غير معروف] موكسون.",25,GENERATED
data50084,WIKI_C_08973,C,ف The Complete University Guide د 2013، بريستول جات الخامسة ف الألمانية، الرابعة ف الروسية، الثالثة ف الميكانيك والسيفيل انجينيرينغ، الثالثة ف الموسيقى والثانية ف الدراما.,"f The Complete University Guide d 2013, bristol jat l-khamsa f l-almania, l-rabi3a f r-rusiya, l-talt f l-mekanik w sivil engineering, l-talt f l-musiqa w t-tanya f d-drama.","In The Complete University Guide 2013 , Bristol ranked fifth for German , fourth for Russian , third for mechanical and civil engineering , third for music and second for drama .",في دليل الجامعات الشامل 2013، احتلت بريستول المركز الخامس في الألمانية، والرابع في الروسية، والثالث في الهندسة الميكانيكية والمدنية، والثالث في الموسيقى، والثاني في الدراما.,26,GENERATED
data50085,WIKI_D_01244,D,الكرّاس قليل فين كيهضر على الحياة الشخصية ديال <unk> ، والمشاكل اليومية ديالهم، وكيفاش قدروا يعيشوا فالحرب، واخا كاينين شي مرات شي كتابات على هادشي، بحال هادي اللي تكتبات ف 20 مارس 1942:,"el kras qlil fin kayhder 3la l7ayat chekhsiya dyal <unk>, wel masha'el elyawmiya dyalhom, w kifash qdero y3isho f el 7arb, wa5a kaynin chi mertat chi ktibat 3la hadchi, b7al hady lli tetkebtat f 20 mars 1942:","The diary seldom deals with the <unk> ’ personal lives , their daily tribulations and how they managed to survive during the war , although there are occasional entries to that effect , such as this one written on 20 March 1942 :",نادراً ما يتناول الكراس الحياة الشخصية لـ <unk> ، ومصاعبهم اليومية وكيف تمكنوا من البقاء على قيد الحياة خلال الحرب ، على الرغم من وجود إدخالات عرضية تفيد بذلك ، مثل هذا الذي كُتب في 20 مارس 1942:,33,GENERATED
data50086,DATA_12760,B,اللّاعبين ديال النݣليز تّقاليدياً كيلبسو تريكو بيض مطرّز بوردة على الصدر، سروال قصير بيض، و تقاشر كحلة مزرقة (مارين) فيهم شريط بيض.,"Lla3bin dyal nnglize ttaqlidiyan كيلbsou triko bid mtarraz b warda 3la ssedr, serwal qsir bid, w tqasher kahla mezreqqa (marin) fihoum shrit bid.","England players traditionally wear a white shirt with a Rose embroidered on the chest , white shorts , and navy blue socks with a white trim .",يرتدي لاعبو إنجلترا تقليديًا قميصًا أبيض مع وردة مطرزة على الصدر، وشورت أبيض، وجوارب كحلية مع شريط أبيض.,27,GENERATED
data50087,WIKI_C_04078,C,لعراق خداو 5 د AMX @-@ 30D عام 1981، و 85 د AMX شي حاجة خداوهم عام 1983 / 1985. دابا ما بقاوش خدامين، و ما بقاوش كيتستعملو فالجيش العراقي.,"l3iraq khdaw 5 d AMX @-@ 30D 3am 1981, w 85 d AMX chi haja khdawhom 3am 1983 / 1985. daba ma b9awch khdamine, w ma b9awch kysts3mlo faljich l3iraqi.","Iraq 5 AMX @-@ 30D delivered in 1981 , 85 AMX <unk> delivered in 1983 / 1985 . No longer operational , and out of usage in the Iraqi Army",العراق: 5 طائرات AMX @-@ 30D تم تسليمها عام 1981، و 85 طائرة AMX <unk> تم تسليمها عام 1983 / 1985. لم تعد عاملة، وخارج الخدمة في الجيش العراقي.,30,GENERATED
data50088,DATA_11576,A,تانفكّر واش نمشي ف لموتور.,tanfkker wach nmchi f lmotor.,I think of going in motobike,أفكر في الذهاب بالدراجة النارية,6,PARTIALLY VALIDATED
data50089,DATA_8567,A,راه تلع ليا دم هاد البوليسي,rah tele3 liya dem had lbolissi,this cop made me angry,هذا الشرطي أغضبني,5,PARTIALLY VALIDATED
data50090,WIKI_C_04080,C,الرتبة والتنظيم: كابيتان، الجيش د ميريكان، المقر، الفرقة 34 د المشاة. البلاصة والتاريخ: ليتي، الجزر د الفلبين، 20 أكتوبر 1944. دخل للخدمة من: هونولولو، هاواي. تزاد ف: هونولولو، هاواي.,"ertba w tanzim: kapitan, jich usa, maqarr, ferqa 34 imchata. blasa w tarikh: leyte, jozor filipin, 20 okto, 1944. dkhl l khidma mn: honolulu, hawai. tzad f: honolulu, hawai.","Rank and organization : Captain , U.S. Army , Headquarters , 34th Infantry Place and date : Leyte , Philippine Islands , October 20 , 1944 Entered service at : Honolulu , Hawaii Born : Honolulu , Hawaii",الرتبة والتنظيم: نقيب، جيش الولايات المتحدة، المقر الرئيسي، الفرقة المشاة 34. المكان والتاريخ: ليتي، جزر الفلبين، 20 أكتوبر 1944. التحق بالخدمة في: هونولولو، هاواي. ولد في: هونولولو، هاواي.,29,GENERATED
data50091,DATA_8532,A,وا هاد البحر شحال عامر خزّ,wa had lb7er ch7al 3amer 5ezz,this plage is not clean,هذا المكان ليس نظيفًا,5,PARTIALLY VALIDATED
data50092,DATA_11534,A,نتحداك ت عصر داك ليمون و يخرج ليك منو الما,nt7edak t 3ser dak limoun ou y5rej lik menou lma,I dare you to get an orange huice,أتحدّاك أن تحصل على عصير برتقال.,8,PARTIALLY VALIDATED
data50093,WIKI_D_12438,D,"باعتبارها وحدة من 79 فرع ديال مكتبة شيكاڭو العمومية، مكتبة بلاكستون كتوفر خدمات لـ هايد بارك، كينوود، و أوكلاند. هاد المناطق فيهم 17 مدرسة ابتدائية و 4 مدارس ثانوية. إحصائيات 2000 كتقول بلي عدد السكان اللي كتخدمهم هاد المنطقة وصل لـ 50,084.","b اعتبارها wa7da men 79 far3 dial maktaba chicago l3ammiya, maktaba blackstone katkheddem Hyde Park, Kenwood, w Oakland. Had lmawatiq fihom 17 mdrasa ibtida2iya w 4 mdaris tanawiya. Ihsa2iyat 2000 kaTqul bli 3adad sSokan lli katkheddemhom had lmaTqa wsul l 50,084.","As one of the 79 Chicago Public Library branch libraries , Blackstone Library serves the Hyde Park , Kenwood , and Oakland community areas . These communities include 17 elementary schools and 4 high schools . The 2000 census service area population was 50 @,@ 084 .","بصفتها واحدة من 79 مكتبة فرعية لمكتبات شيكاغو العامة، تخدم مكتبة بلاكستون مجتمعات هايد بارك وكينوود وأوكلاند. وتشمل هذه المجتمعات 17 مدرسة ابتدائية و 4 مدارس ثانوية. بلغ عدد السكان في منطقة الخدمة حسب تعداد عام 2000، 50,084 نسمة.",42,GENERATED
data50094,DATA_13996,B,"Patenta dial mirikan numiruha wahed, sifir, tesa'ud, sifr, tesa'ud, telt miya u tnash – Patenta dyal la firsyo taniya dyal l'lo3ba dyal Mul ddar, tqaddat f sibtambar telt u 3ashrin, alf u tesa3 miya u arba3a u 3ashrin.","Patenta dyal mirikan numiruha wahed, sifr, tsa3ud, sifr, tsa3ud, telt miya u tnash - Patenta dyal la fersyo taniya dyal llo3ba dyal Mul ddar, tqaddat f sibtambar telt u 3ashrin, alf u tsa3 miya u arba3a u 3ashrin.","U.S. Patent 1 @,@ 509 @,@ 312 – Patent for the second version of The Landlord 's Game , Issued Sep 23 , 1924","براءة اختراع أمريكية رقم 1,509,312 – براءة اختراع للإصدار الثاني من لعبة المالك، صدرت في 23 سبتمبر 1924",24,GENERATED
data50095,DATA_8571,A,راه مامفروشش هاد السكران تا واحد ماعرفو كيسكر,rah mamfrouchch had sekran ta wa7ed ma3arfou kisker,no one knows that he drinks,لا أحد يعلم أنه يشرب,6,PARTIALLY VALIDATED
data50096,WIKI_C_09135,C,"فريق حُول سيتي ديال العيالات كيلعبو ف البطولة ديال الشمال ديال كرة القدم النسوية. ف موسم 2006-2007, الفرقة سالات السابعة ف الترتيب ب 33 نقطة.","fariq hull city dyal l3ayalat kayel3bo f lbotola dyal chemal dyal كرة القدم نسوية. f mawsim 2006-2007, lferqa salat s-tabi3a f ttartib b 33 noqta.","Hull City Women play in the Northern Combination Women 's Football League . In the 2006 – 07 season , the team finished seventh in the table with 33 points .",تلعب هول سيتي للسيدات في دوري كرة القدم النسائية للشمال. في موسم 2006-2007، أنهى الفريق المركز السابع في الجدول برصيد 33 نقطة.,25,GENERATED
data50097,DATA_9226,A,مابقيتش باغي نلعب فهاد طيران ديما تايح فيه,mab9itch baghi nl3eb fhad tiran dima tay7 fih,i will not play in this field,لن ألعب في هذا الملعب,7,PARTIALLY VALIDATED
data50098,WIKI_C_02534,C,دايت بيبسي، ها هو ها ما كاينش، دايت بيبسي، كالوري صغيرة، ها هو ها ما كاينش.,"dayt bipsi, ha howa ha ma kaynsh, dayt bipsi, kalori saghira, ha howa ha ma kaynsh.","Diet Pepsi , "" Now you see it , now you don 't , Diet Pepsi , 1 small calorie , now you see it , now you don 't ""","دايت بيبسي، ""الآن تراه، والآن لا تراه، دايت بيبسي، سعرة حرارية صغيرة، الآن تراه، والآن لا تراه""",16,GENERATED
data50099,WIKI_C_03794,C,"بيشوب، آن (1959). ""المقاومة ديال الدوا عند الطفيليات"". مراجعات بيولوجية 34 (4): 334 – 500. doi: 10.1111 / j.1469.","bishop, ann (1959). ""lmuqawama dyal ldwa 3and ttfayliyat"". muraja3at biyolojiya 34 (4): 334 – 500. doi: 10.1111/j.1469.","Bishop , Ann ( 1959 ) . "" Drug resistance in protozoa "" . Biological Reviews 34 ( 4 ) : 334 – 500 @.@ doi : 10 @.@ 1111 / j.1469 @-@ <unk>","بيشوب، آن (1959). ""مقاومة الأدوية في الطفيليات"". مراجعات بيولوجية 34 (4): 334 – 500. doi: 10.1111/j.1469.",19,GENERATED
data50100,WIKI_C_00728,C,كرسال مور واحد لبلاصة فين بنادم يترفه فالكرسال، فمانشستر لكبيرة، فلAngleterre. فيها شي تمانين ألف متر مربع ديال واحد الأرض خلاوية دايرين بيها درب مور، طريق...، الجامع ديال سانت بول، وواد Singleton.,"kersal mor wa7d lblaça fin lbnadem ytrefeh fkersal, fmanchester lkbiira, fl Angleterre. fiha chi tmnin alf metir mebrou3 dial wa7d l'ard khlawiya dayrin biha darab mor, tariq..., ljami3 dial saint paul, wwad singleton.","Kersal Moor is a recreation area in Kersal , Greater Manchester , England which consists of eight hectares of moorland bounded by Moor Lane , <unk> Road , St. Paul 's Churchyard and Singleton Brook .",كرسال مور هي منطقة ترفيهية في كرسال، مانشستر الكبرى، إنجلترا، تتكون من ثمانية هكتارات من أراضي المستنقعات التي تحدها طريق مور، وطريق <unk>، وساحة كنيسة سانت بول، ووادي سينجلتون.,32,GENERATED
data50101,WIKI_D_01899,D,هاد الكتاب ديال تشاندلر، ديفيد پ. (1991) اللي كيهضر على التراجيديا ديال التاريخ لكمبودي: السياسة، الحرب والثورات من عام 1945. طبع في ميريكان: دار النشر ديال جامعة ييل. رقم ISBN ديالو هو 0 @-@ 300 @-@ <unk> @-@ 0.,"had lktab dyal chandler, david p. (1991) lli kayhdar 3la ttragedy dyal ttari5 lkambody: ssiyaasa, l7arb wttowrat mn 3am 1945. Ttab3 fmirikan: dar nshur dyal jami3at yale. raqm isbn dyalo huwa 0 @-@ 300 @-@ <unk> @-@ 0.","Chandler , David P. ( 1991 ) . The Tragedy of Cambodian History : Politics , War and Revolutions since 1945 . United States of America : Yale University Press . ISBN 0 @-@ 300 @-@ <unk> @-@ 0 .",تشاندلر، ديفيد بي. (1991). مأساة التاريخ الكمبودي: السياسة والحرب والثورات منذ عام 1945. الولايات المتحدة الأمريكية: مطبعة جامعة ييل. ردمك 0-300-<unk>-0.,39,GENERATED
data50102,DATA_9291,A,مابقيتش باغي نخدم معاك في المينا,mab9itch baghi n5dem m3ak flmina,i will not work with you,لن أعمل معك,6,PARTIALLY VALIDATED
data50103,WIKI_C_10530,C,"كاين واحد الاتفاق كبير على سبعة ديال الاقتباسات لي دكرهم فيلهوير ف الطبعة الألمانية التالتة المنتقدة ديال كتاب ""الأبوكريفا العهد الجديد"" ديال فيلهيلم، لي ترجمها جورج أوڭ. الترجمات اللي لتحت تابعين الترتيب ديال فيلهوير:","kayn wa7d l-ittifaq kbir 3la sb3a dyal l-iqtibast li zkrhom vielhauer f ttab3a l-almanya t-talt w-l-muqaddama dyal kitab 'l-Apocrypha d l-3hd jdyd' dyal wilhelm <unk>, li trajmhom george ogg. t-tarajm li ltaht تابعين tarteeb vielhauer:","There is wide agreement about seven quotations cited by Philipp Vielhauer in the critical 3rd German edition of Wilhelm <unk> 's New Testament Apocrypha , translated by George Ogg . The translations below follow Vielhauer 's order :","يوجد اتفاق واسع حول سبعة اقتباسات أوردها فيليب فايلهاور في الطبعة الألمانية الثالثة النقدية لكتاب ""أبوكريفا العهد الجديد"" لـ فيلهلم <unk> ، بترجمة جورج أوغ. الترجمات أدناه تتبع ترتيب فايلهاور:",34,GENERATED
data50104,DATA_2302,A,واش كتعرف شي سحرة مزيانين؟,wach kat3raf chi s7ara mzyanin?,Do you know any good sorcerers?,هل تعرف أي سحرة جيدين؟,6,PARTIALLY VALIDATED
data50105,DATA_24583,B,معطلة ديال 3 ونص ديال لعشية (توقيت غرينيتش) نهار 7 مارس، وزير الخارجية، السي جيفري هاو، دارو تصريح قدام مجلس العموم:,"m3attla dyal tlat o noss dyal l3chiya (to9it greenwich) nhar sba3t mars, wazir lkharijiya, ssi jeffrey howe, darou tassrih gddam majliss l3oumoum:","At 15 : 30 ( GMT ) on 7 March , the foreign secretary , Sir Geoffrey Howe , made a statement to the House of Commons :",في الساعة 15:30 (توقيت غرينتش) من يوم 7 مارس، أدلى وزير الخارجية، السير جيفري هاو، ببيان أمام مجلس العموم:,28,GENERATED
data50106,WIKI_C_04801,C,أندريا عندها شي دانجير ديك الثانية ولا سايدكيك الثانية ديال تي موبايل، و ميراندا عندها شي موتورولا في ثلاثة بالفضة، بحال ديال نايجل.,"andrea 3ndha chi danger dek thaniya wla sidekick thaniya dyal t-mobile, w miranda 3ndha chi motorola v3 b l-fiDda, bHal dyal nigel.","Andrea uses a Danger <unk> 2 ( or a T @-@ Mobile Sidekick 2 ) mobile phone , and Miranda a Motorola <unk> V3 in silver , same as Nigel 's .",تستخدم أندريا هاتفاً محمولاً دانجر 2 (أو تي-موبايل سايد كيك 2)، وتستخدم ميراندا هاتف موتورولا V3 فضي اللون، مثل هاتف نايجل.,23,GENERATED
data50107,WIKI_C_06331,C,ملي كتلعب الكانون ديال 8 ديال الأجزاء ، كتعاود و الكمانات اللولة و الثانية (لي ساكتين تا لدابا) كيدوبلوا الكمانات الآخرين أوكطاف الفوق.,"mlli katel3eb lkanon dyal 8 dyal l'ajza2, kat3awed w lkamanat lewla w taniya (li sakteen hatta le daba) kidublu lkamanat lekhorin oktaf lefoq.","After the 8 @-@ part canon is played , it is repeated , with the 1st parts of the 1st and 2nd violins ( silent up to this point ) doubling the other violin parts an octave higher .",بعد عزف الكانون ذي الأجزاء الثمانية، يتم تكراره، مع مضاعفة الأجزاء الأولى للكمان الأول والثاني (الصامتة حتى هذه اللحظة) للأجزاء الأخرى من الكمان أوكتافًا أعلى.,23,GENERATED
data50108,DATA_24124,B,ف واشنطن، كانت الثقة بلي مونيتر غلبات ڤيرجينيا قوية لدرجة أن وردن والرجال ديالو خداو الشكر ديال الكونجرس.,"f washington, kant thiqa bli monitor ghlbat virginia qwiya ldaraja ann worden w الرجالة dyalo khadaw shkr dyal congress.","In Washington , belief that Monitor had vanquished Virginia was so strong that Worden and his men were awarded the Thanks of Congress :",في واشنطن، كان الاعتقاد بأن المونيتور قد هزم فرجينيا قويًا لدرجة أن وردن ورجاله نالوا شكر الكونغرس.,24,GENERATED
data50109,DATA_14098,B,فالجيش الكونفدرالي، الشيفرونات كانوا كيلبسوهم السرجان (تلاتة فكل كمام) و الكوربورال (جوج فكل كمام).,"fal jaysh lkonfidrali, sh-shifronat kanu كيلبسوهوم s-serjan (tlata f koll kmam) w l-korporal (juj f koll kmam).","In the Confederate Army , chevrons were worn by sergeants ( three on each sleeve ) and corporals ( two on each sleeve )",في جيش الكونفدرالية، كانت الرتب العسكرية (ثلاثة على كل كم) والرقباء (اثنان على كل كم) يرتدون الشرائط.,24,GENERATED
data50110,WIKI_C_10373,C,على حساب داكشي اللي مسجل ف الضرائب، فوندا أسسات مؤسسة جين فوندا ف 2004 كشركة ديال الخير و هي الرايسة و الرئيس و المديرة و السكرتيرة ديالها؛ فوندا كتعطي 10 سوايع كل سيمانة على ودها.,"3la 7sab dakchi lli msjel f tdarayeb, Fonda assset mossaset Jane Fonda f 2004 kcharika dyal lkhir w hiya rraisa w rris w lmdira w skritira dyalha; Fonda kat3ti 10 swaye3 kol simana 3la wedha.","According to IRS filings , Fonda founded the Jane Fonda Foundation in 2004 as a charitable corporation with herself as president , chair , director and secretary ; Fonda contributes 10 hours each week on its behalf .",وفقًا للإقرارات الضريبية، أسست فوندا مؤسسة جين فوندا في عام 2004 كشركة خيرية وجعلت نفسها رئيسةً ورئيسةً ومديرةً وسكرتيرةً لها؛ تخصص فوندا 10 ساعات كل أسبوع نيابة عنها.,35,GENERATED
data50111,DATA_5397,A,هو مامولفش يطيب,8owwa mamwellefch yTeyyeb,He isn't used to cooking,ليس معتادًا على الطبخ,5,PARTIALLY VALIDATED
data50112,WIKI_C_11911,C,سميث، جيمس ماكيون (1846). رسالة على تأثير المناخ على طول العمر. مكتب مجلة التجار (نيويورك). OCLC <unk>.,"smith, james mccune (1846). dissertation 3ala ta2thir l-mkhab 3ala tul l-3omr. maktab majalat ttar (new york). OCLC <unk>.","Smith , James McCune ( 1846 ) . A Dissertation on the Influence of Climate on Longevity . Office of Merchants ' Magazine ( New York ) . OCLC <unk> .",سميث، جيمس ماكيون (1846). رسالة في تأثير المناخ على طول العمر. مكتب مجلة التجار (نيويورك). OCLC <unk>.,17,GENERATED
data50113,DATA_14166,B,بوقرش، شارل وارتون. مختارات ديال الشعر السويدي من عام 1750 حتى لـ 1915. نيويورك: المؤسسة الأمريكية الإسكندنافية، 1917.,"buqursh, sharl warton. mukhtarat dyal shi'r ssuidi mn 'am 1750 htta lـ 1915. niuyork: al-mu'assassa l-amirikiyya l-iskandinaviyya, 1917.","Stork , Charles Wharton . Anthology of Swedish lyrics from 1750 to 1915 . New York : The American @-@ Scandinavian Foundation , 1917 .",ستورك، تشارلز وارتون. مختارات من الشعر السويدي من عام 1750 إلى 1915. نيويورك: المؤسسة الأمريكية الإسكندنافية، 1917.,25,GENERATED
data50114,WIKI_C_10527,C,داك الـ EP Let Love Rain on Me، اللي فيه نسخ قصيرة ديال أغاني من Classic Diamonds، دار حالة وماكانش متوقع تضرب هاد الضربة ف إسبانيا، حتى وصل النمرة سبعة ف الطوب ديال الأغاني.,"dak el EP Let Love Rain on Me, li fih neskha sghira dyal aghani mn Classic Diamonds, dar haja w makanch metweqa tetreb had darba f isbanya, hatta wasel nomra sab3a f topp dyal aghani.","The EP Let Love Rain on Me , containing single versions of songs from Classic Diamonds , was an unexpected hit in Spain , where it reached No. 7 in the Singles chart .","كانت الأسطوانة المطولة ""Let Love Rain on Me""، التي تضم نسخًا منفردة من أغاني ""Classic Diamonds""، نجاحًا غير متوقع في إسبانيا، حيث وصلت إلى المركز السابع في قائمة الأغاني المنفردة.",34,GENERATED
data50115,DATA_3023,A,واش عندك خبز لتعطي؟,wach 3ndak khobz lit3ti?,Have you got bread to give?,هل لديك خبز لتُعطيه؟,6,PARTIALLY VALIDATED
data50116,DATA_15466,B,"Blofeld, John (1965). Ketab taɣyurat: tarjama jdida dy I Ching Chiniya l-qadima. New York: E. P. Dutton.","Blofeld, John (1965). Ktab tɣyurat: tarjama jdida dy I Ching Chiniya l-qdima. New York: E. P. Dutton.","Blofeld , John ( 1965 ) . The Book of Changes : A New Translation of the Ancient Chinese I Ching . New York : E. P. Dutton .","بلوفلد، جون (1965). كتاب التغيرات: ترجمة جديدة للكتاب الصيني القديم ""آي تشينغ"". نيويورك: إي. بي. داتون.",29,GENERATED
data50117,DATA_8572,A,راه مجموع عليا بزّاف ديال لكلاب,rah mjmo3 3liya bezzaf dial lklab,too many dogs surrounded me,لقد أحاطت بي كلاب كثيرة جدًا,5,PARTIALLY VALIDATED
data50118,DATA_23208,B,البيع ديال الألبوم المباشر و الديڤيدي اللي خرجوا ديال الفيلم باقي كيعاونو صندوق جورج هاريسون لليونيسيف.,lbi3 dyal l'album lmubashir w l'dvd lli kharjou dyal lfilm baqi kiy3awnu صندوق george harrison l lyunicef.,Sales of the live album and DVD release of the film continue to benefit the George Harrison Fund for UNICEF .,تواصل مبيعات الألبوم الحي والإصدار المرئي من الفيلم إفادة صندوق جورج هاريسون لليونيسف.,21,GENERATED
data50119,WIKI_C_04354,C,ف 1914 وايتهيد خدا خدمة ديال أستاذ ديال لماط التطبيقي ف إمبريال كوليدج لندن اللي عاد تحلات، فين صاحبو القديم أندرو فورسايث كان تعين شيخ ديال أساتذة لماط.,"f 1914 whitehead khda khdma dyal ostad dyal lmat التطبيقي f Imperial College London lli 3ad t7alat, fin sahbo l9dim Andrew Forsyth kan ta3yan shayekh dyal ostad dyal lmat.","In 1914 Whitehead accepted a position as Professor of Applied Mathematics at the newly chartered Imperial College London , where his old friend Andrew Forsyth had recently been appointed Chief Professor of Mathematics .",في عام 1914، قبل وايتهايد منصب أستاذ الرياضيات التطبيقية في الكلية الإمبراطورية بلندن التي تم تأسيسها حديثًا، حيث تم تعيين صديقه القديم أندرو فورسايث مؤخرًا كبير أساتذة الرياضيات.,28,GENERATED
data50120,WIKI_D_10773,D,بسباب ماكانتش عند بيزانطيا أسطول، ڤينيسيا كانت ديما تقدر تبتزها باش تاخد امتيازات اقتصادية، وتحدد واش الغزات بحال النورمانديين ولا الحملات الصليبية يدخلو للإمبراطورية، وتصدي لأي محاولات بيزنطية باش تحد من النشاط التجاري ولا البحري د ڤينيسيا.,"bspab makantch 3nd bizantya astoul, venissya kanet dima t9der tbtzha bach takhod imtiyazat i9tisadiya, w t7ded wash lghozat b7al l normandyin wla l7mlat lslibiya ydxlo l imbratoriya, w tsddi l ayi m7awlat bizantya bach t7d mn nshat tijari wala lb7ri d venissya.","Byzantium 's lack of a navy [ ... ] meant that Venice could regularly extort economic privileges , determine whether invaders , such as the Normans or Crusaders entered the Empire , and parry any Byzantine attempts to restrict Venetian commercial or naval activity .",إن افتقار بيزنطة إلى أسطول بحري كان يعني أن البندقية كانت تستطيع بشكل منتظم ابتزاز امتيازات اقتصادية، وتحديد ما إذا كان الغزاة، مثل النورمان أو الصليبيين، يدخلون الإمبراطورية، والتصدي لأي محاولات بيزنطية لتقييد النشاط التجاري أو البحري للبندقية.,37,GENERATED
data50121,WIKI_C_07643,C,مارس 1957 . غيفارا كان كيعاني من نوبات الربو الخايبة فاش تلاقا الكروب ديالو ديال الثوار مع ديال كاسترو . بجوج ضربو واحد الباراك ديال العسكر فسييرا مايسترا نهار 28 ماي 1957.,mars 1957. guevara kan ka3ani min nubat er-rbo lkhayba fach tlaqa l-kroup dyalo dyal thowar m3 dyal castro. bjouj drabo wa7d lbarrak dyal l3askar f sierra maestra nhar 28 may 1957.,"March 1957 . Guevara deals with debilitating bouts of asthma as his group of revolutionaries meet up with Castro ’ s . Together , they attack an army barracks in the Sierra Maestra on May 28 , 1957 .",مارس 1957. يعاني غيفارا من نوبات ربو مضعفة بينما تلتقي مجموعته الثورية بمجموعة كاسترو. معًا، يهاجمون ثكنة عسكرية في سييرا مايسترا في 28 مايو 1957.,32,GENERATED
data50122,WIKI_D_04930,D,"كنقولو على واحد لعنصر U من B ( H ) بلي يونيتري إلا كان U قابل للانعكاس و لانڤيرس ديالو هو U * . و نقدر نعبرو عليها تا بلي خاص U يكون onto و ⟨ <unk> , <unk> ⟩ =","kan9oloo 3la wa7d l3onsor U men B ( H ) bli unitary ila kan U qabel l انعكاس w lanvers dyalo howa U * . w nqdro n3abro 3liha ta bli khass U ykon onto w ⟨ <unk> , <unk> ⟩ =","An element U of B ( H ) is called unitary if U is invertible and its inverse is given by U * . This can also be expressed by requiring that U be onto and ⟨ <unk> , <unk> ⟩ =","يُسمى عنصر U من B ( H ) واحديًا إذا كان U قابلًا للعكس وكان معكوسه يُعطى بـ U * . يمكن التعبير عن ذلك أيضًا باشتراط أن يكون U شاملًا و ⟨ <unk> , <unk> ⟩ =",41,GENERATED
data50123,DATA_15544,B,"Maze ta3 Ṭukyū. [ S ] Zen Foto Gallery (Rūppūngi, Ṭukyū), May 2013.","Maze ta3 Tokyo. Zen Foto Gallery (Roppongi, Tokyo), May 2013.","“ Tokyo Labyrinth ” . [ S ] Zen Foto Gallery ( Roppongi , Tokyo ) , May 2013 .",«متاهة طوكيو». [ إس ] معرض زين فوتو (روبونجي، طوكيو)، مايو 2013.,20,GENERATED
data50124,DATA_23281,B,2010: Under the Red Hood، اقتباس من Batman: Under the Hood مع بروس جرينوود كيدير صوت باتمان.,"2010: Under the Red Hood, iqtibas mn Batman: Under the Hood m3a Bruce Greenwood kaydir sout Batman.","2010 : Under the Red Hood , an adaptation of Batman : Under the Hood with Bruce Greenwood voicing Batman",٢٠١٠: تحت غطاء الرأس الأحمر، اقتباس من فيلم باتمان: تحت غطاء الرأس، حيث يؤدي بروس غرينوود دور باتمان.,20,GENERATED
data50125,DATA_15136,B,الناس اللي عندهم الشيزوفرينيا يقدر يكون عندهم نسبة عالية ديال بومزوي ولكن غالبا ماكيذكروهش حتى كتسولهم عليه بالدقة.,nnas li 3ndhom shizofriniya i9der ikon 3ndhom nisba 3aliya dyal boumzwi walakin ghaliban makidkrohsh hta katsowlhom 3lih bdda9a.,People with schizophrenia may have a high rate of irritable bowel syndrome but they often do not mention it unless specifically asked .,قد يعاني الأشخاص المصابون بالفصام من معدل مرتفع لمتلازمة القولون العصبي، لكنهم غالبًا لا يذكرونها إلا عند السؤال عنها تحديدًا.,23,GENERATED
data50126,WIKI_C_04189,C,فالكونكور، الكومنتاتور ديال النص نهايي و الفينال ف RTÉ واحد و جوج كان هو مارتي ويلان، و الكومنتاتور ديال RTÉ راديو واحد كان هو لاري جوكان.,"f l'concours, l'commentateur dyal nuss النهائي w l'final f RTÉ 1 w 2 kan howa Marty Whelan, w l'commentateur dyal RTÉ Radio 1 kan howa Larry Gogan.","For the contest , the commentator for the semi @-@ finals and final on RTÉ One and Two was Marty Whelan , while the commentator for RTÉ Radio 1 was Larry Gogan .",بالنسبة للمسابقة، كان معلق الدور نصف النهائي والنهائي على RTÉ One و Two هو مارتي ويلان، بينما كان معلق RTÉ Radio 1 هو لاري جوجان.,26,GENERATED
data50127,DATA_3583,A,دابا تقدر توجد بطاطا,daba t9dr twjjd bTaTa,Now can you start prepping the potatoes,الآن هل يمكنك البدء في تحضير البطاطس,7,PARTIALLY VALIDATED
data50128,WIKI_D_10733,D,التفكير الخارجي مجموعة واسعة بزاف ديال التصورات اللي كتقترح الدور ديال البيئة، و الأدوات، و التطور، و الجسد فتشكيل المعرفة. التفكير المجسد، و العقل الممتد، و الفعالية أمثلة مزيانة.,"tifikir lkhariji majmu3a was3a bzaf dyal tasawwuratt lli ktihtar7 الدور dyal lbi2a, w l2awwat, w ttatawwur, w ljasad ftashkil lma3rifa. tifikir lmjassad, w l3aql lmmtadd, w lfa3aliya amthila mzyana.","Cognitive externalism is a very broad collection of views that suggests the role of the environment , of tools , of development , and of the body in fleshing out cognition . Embodied cognition , the extended mind , and enactivism are good examples .",الخارجية المعرفية هي مجموعة واسعة جدًا من الآراء التي تقترح دور البيئة، والأدوات، والتطور، والجسد في إثراء الإدراك. الإدراك المتجسد، والعقل الممتد، والتفعيل هي أمثلة جيدة.,29,GENERATED
data50129,DATA_19643,B,"في شهر 11 ديال 2013، كان پانك هو الفنان الرئيسي اللي كان يقدم في عرض الكوميديا ""I Shit You Not"" في لينكولن لودج في مدينتو شيكاغو.","Fi chehar 11 diyal 2013, kan Pank huwwa l fannan r-ra'issi li kan yqaddam fi 'ard l-kumidia ""I Shit You Not"" fi Lincoln Lodge fi mdintu Chicago.","In November 2013 , Punk was the headlining performer on the I Shit You Not comedy show at Lincoln Lodge in his hometown of Chicago .","في نوفمبر 2013، كان بانك هو المؤدي الرئيسي في العرض الكوميدي ""آي شيت يو نوت"" (I Shit You Not) في مسرح لينكولن لودج (Lincoln Lodge) في مسقط رأسه شيكاغو.",26,GENERATED
data50130,WIKI_D_06624,D,فاللول، لعسكر ديال الجابون كان ممكن يفتاخر بلي دارو دفاع مزيان واخا كانو فواحد الوضعية صعيبة بزاف. الزهر والطبيعة عاونو اللي كان كيدافع بجهد واخا اللي كانو كيهاجمو حتى هما كانو كيحاولو بجهد.,"felwoul, l'asker dyal japon kan mumkin iftakher beli daro difaa mzyan wakha kanou f wahd lwad3iya صعiba bzaf. zher w ttabi3a 3awno li kan kydafe3 b jahd wakha li kanou kayhaji mou 7tta houma kanou kay7awlo b jahd.","In the end , the Japanese Army could take pride in conducting a creditable defence in the face of an impossible tactical situation . "" Fortune and Nature , however , favoured a valiant defender despite the equally valiant striving of the attackers . ""","في النهاية، استطاع الجيش الياباني أن يفخر بإجراء دفاع جدير بالثناء في مواجهة وضع تكتيكي مستحيل. ""غير أن الحظ والطبيعة، مع ذلك، ساندوا مدافعًا شجاعًا على الرغم من سعي المهاجمين الشجاع بالمثل.""",33,GENERATED
data50131,DATA_4704,A,آش درتي للفطور؟,ash derti fl fotur?,what did you have for breakfast?,ماذا تناولت على الفطور؟,6,PARTIALLY VALIDATED
data50132,DATA_3570,A,بلاصة زوينة هادي صراحة,blasa zwina hadi sara7a,It's a really nice place,إنه مكان جميل حقًا.,5,PARTIALLY VALIDATED
data50133,WIKI_D_09989,D,سينما صهيون كانت هي لبلاصة فين تحاولو يديرو جوج تفجيرات، واحد ف 1951 و لاخر ف 1967. فالحالتين بجوج، شي واحد زرع شي قنبولة مولوتوف تحت كراسي ديال السينما و تّكتاشفات قبل ما تنفاجر.,"cinema zahyun kanet hi lbllasa fin t7awlo idiro jouj tfjirat, wahed f 1951 w lakhor f 1967. f l7altin bjoj, chi wahed zare3 chi qnbola molotov ta7t korsi dial cinema w tktachfat 9bl ma tanfajr.","The Zion Cinema was the site of two attempted bombings , one in 1951 and the other in 1967 . In both cases , an incendiary device was planted under the theater seats and was discovered before it detonated .",شَهِدَتْ سِينِمَا صِهْيُون مُحَاوَلَتَيْ تَفْجِيرٍ، إِحْدَاهُمَا فِي عَام 1951 وَالأُخْرَى فِي عَام 1967. فِي كِلْتَا الحَالَتَيْنِ، زُرِعَتْ عِبْوَةٌ حَارِقَةٌ تَحْتَ مَقَاعِدِ المَسْرَحِ وَاكْتُشِفَتْ قَبْلَ أَنْ تَنْفَجِرَ.,34,GENERATED
data50134,WIKI_C_11167,C,الأكاديمية ديال الكريكيت ديال الباتان دارو ليها الإطلاق إرفان باثان و يوسف، و الأكاديمية دارت شراكة مع الكوتش القديم ديال الهند جريج تشابيل و كاميرون باش يكونو موجهين كبار. تشابيل غادي يكوتشي الكوتشية ديال الأكاديمية.,"l-akademiyya dyal l-krikit dyal l-btan daru liha l-itlaq irfan pathan w yusuf, w l-akademiyya darat shraka m3 l-kotch l-qdim dyal l-hind grej chabail w kameron bash ykunnu muwajjihin kbar. chabail ghadi ykotshi l-kotshiyya dyal l-akademiyya.",The Cricket Academy Of Pathans was jointly launched by Irfan Pathan and Yusuf <unk> academy has tied up with former India coach Greg Chappell and Cameron <unk> as chief mentors . Chappell would coach the coaches of the Academy .,تم إطلاق أكاديمية الكريكيت للبنات بالاشتراك بين عرفان باثان ويوسف، وقد عقدت الأكاديمية شراكة مع مدرب الهند السابق جريج تشابيل وكاميرون كمرشدين رئيسيين. سيقوم تشابيل بتدريب مدربي الأكاديمية.,35,GENERATED
data50135,DATA_13504,B,¹ الفرقة 320 ديال نقل الجنود تفعلات نهار 17 دجنبر 1944 ، و ² تحلات نهار 19 غشت 1946.,"¹ L-ferqa 320 dyal nqal l-jnoud tfa33lat nhar 17 djanbir 1944, u ² t7allat nhar 19 ghusht 1946.","¹ The 320th Troop Carrier Squadron was activated on 17 December 1944 , and ² disbanded 19 August 1946 .",¹ فُعِّلَ سرب ناقلات الجوية 320 في 17 ديسمبر 1944، ² وحُلَّ في 19 أغسطس 1946.,20,GENERATED
data50136,WIKI_D_02321,D,"""النظام الطبيعي"" خدا تقييمات مخلطة من عند نقاد التلفزيون. على حساب نظام ديال Nielsen، تفرجو فيه شي 6 مليون دار فاش داز أول مرة، و جاب تقييم ديال 2.7/7 فالمشاهدين اللي عندهم ما بين 18 و 49 عام.","""nizam tby3i"" khda ta9yimat mokhalta mn 3nd n9ad tlfzwn. 3la hesab nizam dyal Nielsen, tfarjo fih chi 6 milyon dar fach daz awl marra, w jab ta9yim dyal 2.7/7 f l mchahdin lli 3ndhom mabyn 18 w 49 3am.",""" The Natural Order "" received mixed reception from television critics . According to the Nielsen ratings system , it was watched by 6 million households during its original broadcast , and received a 2 @.@ 7 rating / 7 share among viewers in the 18 – 49 demographic .","تلقى ""النظام الطبيعي"" استحسانًا متباينًا من نقاد التلفزيون. وفقًا لنظام تقييمات نيلسن، شاهده 6 ملايين أسرة خلال بثه الأصلي، وحصل على تقييم 2.7/7 بين المشاهدين في الفئة العمرية 18-49 عامًا.",38,GENERATED
data50137,DATA_16459,B,"""Dyer D. Lum 3la l-Fawda,"" nshrat f The Alarm w f ""Anarchism: Its Philosophy and Scientific Basis"" dyal Parsons.","dyer d. lum 3la l-fawda, nshrat f the alarm u f ""anarchism: its philosophy and scientific basis"" dyal parsons.",""" Dyer D. Lum on Anarchy , "" published in The Alarm and in Parsons ' Anarchism : Its Philosophy and Scientific Basis .",دير د. لوم عن اللاسلطوية، نُشرت في ذا ألارم وفي كتاب بارسونز «اللاسلطوية: فلسفتها وأسسها العلمية».,24,GENERATED
data50138,WIKI_C_11076,C,"ريدجواي، روبرت. 1887. واحد الكتيب ديال الطيور ديال شمال أمريكا، مصور ب 464 رسمة ديال الخطوط العريضة ديال الأنواع. J.B. Lippincott, فيلاديلفيا. 631 صفحة. تجبد نهار 14 يناير 2013.","ridjway, robert. 1887. wa7d liktoub dyal tyouur dyal shamal america, mousawar b 464 rasma dyal lkhoutout l3aryda dyal l anwa3. J.B. Lippincott, philadelphia. 631 saf7a. tjbd nhar 14 yanayir 2013.","Ridgway , Robert . 1887 . A Manual of North American Birds , Illustrated by 464 Outline Drawings of the Generic Characters . J.B. Lippincott , Philadelphia . 631 pp . Retrieved 14 January 2013 .",ريدجواي، روبرت. 1887. دليل طيور أمريكا الشمالية، مصحوبًا بـ 464 رسمة تخطيطية للشخصيات التصنيفية. ج. ب. ليبينكوت، فيلادلفيا. 631 صفحة. تم الاسترجاع في 14 يناير 2013.,29,GENERATED
data50139,WIKI_C_03430,C,مبني بالطريقة اللي ولات معروفة بالنهضة الإنجليزية، الواجهة الشرقية، اللي كانت مقصودة تكون هي الواجهة الرئيسية، متميزة بالڭابلات الهولندية مزوقة بالقرودة ديال الحجر اللي كيتسلقو وحيوانات أخرى.,"mabni bTariqa lli welat ma3rufa bneTna L'inglizya, l wajiha sharqiya, lli kanet maqsooda tkun hiya l wajiha lrasmiya, mtamayza b L'gablat L'holandiya mzawqa b Lqrood dyal Lhjar lli kaytsala9o w 7eywanat okhra.","Built in what came to be considered the English Renaissance style , the east front , the intended principal façade , is distinguished by its Dutch gables decorated with clambering stone monkeys and other animals .",مبني بالأسلوب الذي أصبح يُعتبر أسلوب النهضة الإنجليزية، والواجهة الشرقية، التي كانت الواجهة الرئيسية المقصودة، تتميز بـ 'الجملونات' الهولندية المزينة بالقرود الحجرية المتسلقة والحيوانات الأخرى.,27,GENERATED
data50140,WIKI_C_01102,C,قبل أكتوبر 1880، الوضع ديال بويكوت ما كانش معروف بزاف برا مقاطعة مايو. ف 14 أكتوبر ديال ديك العام، بويكوت كتب واحد الرسالة لجريدة التايمز على الوضع ديالو:,"qbel october 1880, lwad3 dyal boycott makanch ma3rof bzaf bra9ta3t mayo. f 14 october dyal dik l3am, boycott kteb wa7d resala l جريدة the times 3la lwad3 dyalo:","Before October 1880 , Boycott 's situation was little known outside County Mayo . On 14 October of that year , Boycott wrote a letter to The Times about his situation :",قبل أكتوبر 1880، كان وضع بوتكوت غير معروف نسبيًا خارج مقاطعة مايو. في 14 أكتوبر من ذلك العام، كتب بوتكوت رسالة إلى صحيفة التايمز حول وضعه.,28,GENERATED
data50141,WIKI_D_04404,D,"ڭرير، دي.، مكيرو، پ.، أبرانتس، ج.، ""الروبويات في عمليات البحث والإنقاذ الحضرية""، وقائع مؤتمر أستراليا الآسيوي للأتمتة لسنة 2002، أوكلاند، الجمعية الأسترالية للروبوتات والأتمتة، 27-29 نونبر 2002، الصفحات 25-30","greeer, d., mekeero, p., abrantes, j., ""erroboyat f 3amaliiyat lb7et wel2enqadh l7daria"", wqaa3e3 mo2tamar australasia dyal al2atmatta dyal 2002, oukland, eljm3ia australasia dyal errobotat wel2atmatta, 27-29 november 2002, ssefa7at 25-30","Greer , D. , McKerrow , P. , Abrantes , J. , "" Robots in Urban Search and Rescue Operations , "" Proceedings of the 2002 Australasian Conference on Automation , Auckland , Australian Robotics and Automation Association , 27 – 29 November 2002 , pp. 25 – 30","ݣرير، د.، مگرو، پ.، أبرانتس، ج.، ""الروبوتات في عمليات البحث والإنقاذ في المناطق الحضرية""، وقائع المؤتمر الأسترالآسيوي حول الأتمتة لعام 2002، أوكلاند، الجمعية الأسترالية للروبوتات والأتمتة، 27-29 نوفمبر 2002، الصفحات 25-30.",29,GENERATED
data50142,DATA_7066,A,لك الكس ليا حياتك في جملة,l5ss lia 7yatek f joumla,tell me your life story in exactly one sentence,أخبرني بقصة حياتك في جملة واحدة بالضبط.,9,PARTIALLY VALIDATED
data50143,WIKI_D_08952,D,"باتمْلي كان موضوع ديال حلقة فالسلسلة التلفزيونية ديال بي بي سي ""الإدواردِيين"" ف 1972-1973، اللي دازت نهار 28 نونبر 1972. الدور ديال باتمْلي لعبو تيموتي ويست، مع ميتزي روجرز فدور بيغي پريمروز و جون ويلش فدور السيد القاضي هوكينز.","batmeli kan mawdou3 dyal 7alaqa f l'silsila telfizyoniya dyal BBC ""l'Edwardiyyin"" f 1972-1973, li dazet nhar 28 nov 1972. dor dyal batmeli 3abou timothy west, ma3 mitzi rogers f dor peggy primrose w john welsh f dor sid lqadi hawkins.","Bottomley was the subject of an episode in the 1972 – 73 BBC television series The Edwardians , transmitted on 28 November 1972 . The part of Bottomley was played by Timothy West , with Mitzi Rogers as Peggy Primrose and John Welsh as Mr Justice Hawkins .","كانت شخصية بوتوملي موضوع حلقة في المسلسل التلفزيوني لهيئة الإذاعة البريطانية ""الإدواردِيون"" لعامي 1972-1973، والذي تم بثه في 28 نوفمبر 1972. قام بتمثيل دور بوتوملي تيموثي ويست، مع ميتزي روجرز في دور بيغي بريمروز وجون ويلش في دور السيد القاضي هوكينز.",39,GENERATED
data50144,WIKI_C_03919,C,كاينين شي بلوݣات آخرين كيهضرو على هادشي، بحال Blazers Edge اللي تابع ل SB Nation و The Portland Roundball Society اللي تابع لشي شبكة ديال ESPN.,"kaynin chi blogat akhrin kayhderoo 3la hadchi, bhal Blazers Edge lli تابع l SB Nation w The Portland Roundball Society lli تابع l chi chabka dyal ESPN.","Additional coverage is offered by various blogs , including Blazers Edge ( part of SB Nation ) and The Portland Roundball Society ( part of ESPN 's <unk> Network ) .",تُقدم تغطية إضافية بواسطة مدونات متنوعة، بما في ذلك بلايزرز إيدج (جزء من إس بي نيشن) وذا بورتلاند راوندبول سوسايتي (جزء من شبكة إي إس بي إن).,26,GENERATED
data50145,WIKI_D_00058,D,دين جونز بدور تيدي تالبوت، دي جي اللي كيلعب التسجيل اللول ديال ڤينس كمعروف لبيگي. جونز براسو كان شحال هادي مغني ديال البلوز، و درّبوه على الدور الدي جيات إيرا كوك و ديوي فيليبس.,"din jones bdor tedi talbot, di jay li kyal3ab t تسجيل l2ol dyal vens kema3rof la peegy. jones b raso kan sh7al hadi mghani dyal l blues, w drroho 3la dor di jiyat ira cook w dewy phillips.","Dean Jones as Teddy Talbot , a disc jockey who plays Vince 's debut record as a favor to Peggy . Jones himself was formerly a blues singer , and he was coached for the role by disc jockeys Ira Cooke and Dewey Phillips .",دين جونز بدور تيدي تالبوت، وهو منسق أسطوانات يعزف التسجيل الأول لفينس كخدمة لبيغي. كان جونز نفسه سابقًا مغني بلوز، وتم تدريبه على الدور من قبل منسقي الأسطوانات إيرا كوك وديوي فيليبس.,34,GENERATED
data50146,WIKI_D_00670,D,"""كايعتاقدو باللي الطيور اللي كتهاجر مسافات طويلة كيتشتتو فاش يلاه كيكبرو، وكيتعلقو بالبلايص اللي يقدروا يعششو فيهم و البلايص اللي كيعجبهم يدوزو فيها الشتا. وملي كيلصقو فشي بلاصة، كيبقاو وفين ليها بزاف، كيرجعو لنفس البلايص ديال الشتا عام مورا عام.""","kayta3ta9do belli t-tuyur li kat-hajer msafat tawila kayt-shattu fash yallah kaykbro, w kayt3alla9o b-l-blayiṣ li y9drow ya3shsho fihom w l-blayiṣ li k-y3jbhom dduzo fihom sh-shita. w-mlli kaylṣ9o f-shi blaṣa, kayb9aw wfin liha bzaf, kayrja3o l-nfs l-blayiṣ dyal sh-shita 3am mura 3am.","Long distance migrants are believed to disperse as young birds and form attachments to potential breeding sites and to favourite wintering sites . Once the site attachment is made they show high site @-@ fidelity , visiting the same wintering sites year after year .",يُعتقد أن الطيور المهاجرة لمسافات طويلة تتشتت كطيور صغيرة وتشكل روابط مع مواقع تكاثر محتملة ومع مواقع شتوية مفضلة. بمجرد تكوين الارتباط بالموقع، فإنها تظهر وفاءً عالياً للموقع، حيث تزور مواقع الشتاء نفسها عاماً بعد عام.,40,GENERATED
data50147,WIKI_D_04434,D,"""Revolution (Take 20),"" شي تسجيل ماكانش دار من قبل، بان ف 2009 فشي أسطوانة مهربة. هاد التسجيل ديال عشرة دقايق تعدّل و تزاد عليه باش دارو منو جوج ديال الأغاني: ""Revolution 1"" و ""Revolution 9"" اللي هي أفون-ڭارد.","Revolution (take 20), shi t تسجيل makanch dar mn qbl, ban f 2009 fshi 'stwana mhrba. Had t تسجيل dyal 3shra dqa'iq t3ddl w tzadd 3lih bach daro mno joj dyal l'aghani: ""Revolution 1"" w ""Revolution 9"" li hiya avant-garde.",""" Revolution ( Take 20 ) "" , a previously uncirculated recording , surfaced in 2009 on a bootleg . This ten @-@ minute take was later edited and overdubbed to create two separate tracks : "" Revolution 1 "" and the avant @-@ garde "" Revolution 9 "" .","ظهر تسجيل سابق لم يُنشر من قبل بعنوان ""ثورة (المحاولة 20)"" في عام 2009 على تسجيل مسرب. تم لاحقًا تعديل هذه المحاولة التي استغرقت عشر دقائق وإضافة طبقات صوتية إليها لإنشاء مقطعين منفصلين: ""ثورة 1"" و""ثورة 9"" الطليعية.",38,GENERATED
data50148,DATA_9600,A,كون غير قدرت ن قشر هاد السباغة,koun ghir 9dert n 9cher had sbagha,if only i took the paint,لَيْتَنِي أَخَذْتُ الطِّلاءَ,6,PARTIALLY VALIDATED
data50149,DATA_23373,B,أو @-@ 10 تْوَضّْعَات ف 7 فبراير 1914، و كانت البني ديالها مُقَرَّر تكمل ف ظرف ديال 29 حتى 33 شهر.,"Ou @-@ 10 twadda3at f 7 febrayer 1914, u kanet l-bni dyalha muqarrer t-kmmel f dherf dyal 29 htta 33 shher.","U @-@ 10 was laid down on 7 February 1914 , and her construction was slated to be complete within 29 to 33 months .",تم وضع السفينة يو @-@ 10 في الخدمة في 7 فبراير 1914، وكان من المقرر أن تكتمل أعمال بنائها في غضون 29 إلى 33 شهرًا.,25,GENERATED
data50150,DATA_6363,A,طبيب عطا المريض شي دوايات,tbib 3ta lmrid chi dwayat,the  doctor gave the patient some medicine,أعطى الطبيب المريض بعض الدواء,7,PARTIALLY VALIDATED
data50151,WIKI_D_12380,D,من بعد الثوران ديال الحمم تكونات واحد البلاطفورم الوسطانية، و جزيرة ويزارد، و ميريام كون، و حوايج خرين فولكانية صغار، بحال واحد القبة ديال الريوداسيت اللي تكونات من الفوق ديال البلاطفورم الوسطانية. و حتى التراب و الفتات اللي طاحو غطاو القاع ديال الكالديرا.,"mn b3d ttoran dyal l7mmam tkownt wa7d el-blatform el-wstanya, w jzirt wizard, w meriam cone, w 7wayj khorin vulcaniyin sghar, b7al wa7d el-qba dyal riodacite lli tkont mn lfoq dyal el-blatform el-wstanya. w tta ertrab w lfitat lli ta7o ghtaw lqa3 dyal el-caldera.","Lava eruptions later created a central platform , Wizard Island , Merriam Cone , and other , smaller volcanic features , including a rhyodacite dome that was eventually created atop the central platform . Sediments and landslide debris also covered the caldera floor .",لاحقًا، خلقت ثورانات الحمم البركانية منصة مركزية، وجزيرة الساحر، ومخروط ميريام، ومعالم بركانية أخرى أصغر، بما في ذلك قبة من الريوداسيت تشكلت في النهاية فوق المنصة المركزية. كما غطت الرواسب وحطام الانهيارات الأرضية أرض كالديرا.,43,GENERATED
data50152,WIKI_C_02720,C,أطول إعصار تتبعوه هو الإعصار فيث لي قطع مسافة 6850 ميل كإعصار مداري. فيث حتى هو أبعد إعصار مداري مشا شمال في حوض الأطلسي.,a6wal i3sar ttab3oh howa l-i3sar faith li qta3 masafa 6850 mil ka-i3sar مداري. faith 7ta howa ab3d i3sar مداري mcha chmal f 7awd l-atlasi.,"The longest @-@ tracked hurricane was Hurricane Faith , which travelled for 6 @,@ 850 miles as a tropical cyclone . Faith is also the northern most moving tropical cyclone in the Atlantic basin .","أطول إعصار تم تتبعه هو إعصار ""فايث""، والذي سافر لمسافة 6850 ميلًا كإعصار استوائي. ""فايث"" هو أيضًا الإعصار الاستوائي الذي تحرك في أقصى الشمال في حوض الأطلسي.",24,GENERATED
data50153,DATA_22153,B,ولا واحد... ما يمكنش يتجبد فشي قضية جنائية باش يشهد ضد راسو...,wla wa7d... makynsh ytjd sh قضية jina2iya bach yshhd ddrash...,[ N ] or shall any person . . . be compelled in any criminal case to be a witness against himself . . . .,ولا يُجبر أي شخص... على الشهادة ضد نفسه في أي قضية جنائية...,26,GENERATED
data50154,WIKI_D_02244,D,"واحد الريپورت فخريف 1862 على تحصينات واشنطن وصف حصن گريبل ب""بنية كبيرة وقوية، مجهزة مزيان بالمخازن والوقاية من القنابل"". وخا هاد المديح، الريپورط نصح تاني بمنصات مدافع جديدة وحماية للفرقة د الرماة.","wa7d l'report fkhareef 1862 3la tahsinat washington wassf hsn grebel b ""bniya kbira w qwiya, mjhza mzyan b lmakhaazn w lwiqaya mn lqnabl"". wkha had lmdih, l'report nshh tani b manassat mdafi3 jdidt w 7imaya l fr9a d rrama.","A fall 1862 review of Washington 's fortifications described Fort Greble as a "" large and powerful work , well provided with magazines and bomb @-@ proofs . "" Despite that praise , the report also recommended new gun platforms and protection for gun crews .","وصف تقرير صدر في خريف عام 1862 عن تحصينات واشنطن حصن غريبول بأنه ""عمل كبير وقوي، مجهز تجهيزًا جيدًا بالمخازن والمخابئ المقاومة للقنابل"". على الرغم من ذلك الإطراء، أوصى التقرير أيضًا بمنصات مدافع جديدة وحماية لفرق المدفعية.",32,GENERATED
data50155,DATA_23565,B,# آش # بان # ليك؟,Ash ban lik?,"( # denotes word boundary , L denotes / l r m n / , H denotes / h ħ ʕ w j / )",حيث,25,GENERATED
data50156,WIKI_C_02860,C,"ف 10 أبريل 2015، بانكس دارت ""آيس برينسس"" ف مهرجان كوتشيلا. و ف 10 يوليوز 2015، دارتها فاش كانت كتغني ف مهرجان بلباو بي بي كي لايف ف بلباو، اسبانيا.","f 10 abril 2015, banks dart ""ice princess"" f mahrjan koutchela. w f 10 yulyuz 2015, dart-ha fach kant katghani f mahrjan bilbao bbk live f bilbao, isbanya.","On April 10 , 2015 , Banks performed "" Ice Princess "" at the Coachella Festival . On July 10 , 2015 , she performed it during her set at the Bilbao BBK Live festival in Bilbao , Spain .","في العاشر من أبريل عام 2015، قدمت بانكس أغنية ""أميرة الثلج"" في مهرجان كوتشيلا. وفي العاشر من يوليو عام 2015، قدمتها خلال عرضها في مهرجان بلباو بي بي كي لايف في بلباو، إسبانيا.",30,GENERATED
data50157,DATA_18853,B,السلطات السويسرية كيديرو تحقيقات جنائية بتهم ضد يو بي إس ديال تبييض شي 90 مليون دولار مرتبطة بأعمال ديال الخشب ومسؤولين حكوميين ف ماليزيا.,ssolotaat ssouissriya kaydiro tehqiqat jina'iya bttoham dd यू بي إس dyal tbyid shi 90 million dollar mortabta b'a3maal dyal lkhshab o مسؤولين hokomiyyin f maliziya.,Swiss authorities are conducting criminal investigations on charges against UBS for laundering $ 90 million associated with timber businesses and government officials in Malaysia .,تجري السلطات السويسرية تحقيقات جنائية بشأن مزاعم ضد بنك يو بي إس بغسل 90 مليون دولار مرتبطة بشركات الأخشاب ومسؤولين حكوميين في ماليزيا.,25,GENERATED
data50158,DATA_10892,A,تعطلي بزّاف باش توصل لقيمة جبل,t3etli bezzaf bach twsel l9ima djbel, you are too late to reach the sumit,لقد تأخرت كثيرًا جدًا للوصول إلى القمة,8,PARTIALLY VALIDATED
data50159,WIKI_C_09111,C,تيكساس جايانت اللولانية عجبت الناس، واخا الشعبية ديالها نقصات شوية فاش قربات تسالي الخدمة. من بعد التصلاح اللي دارو ليها ف 2010، رجعات عندها الشعبية.,"tiksis jayint lulaniya 3ajbat nass, wakha sha3biya dyalha nqast shwiya fash qrabt tsali lkhidma. mn ba3d tasli7 lli daro liha f 2010, rja3t 3andha sha3biya.","The original Texas Giant was well received , though its popularity had declined towards the end of its operation . Following its 2010 renovation , the ride 's popularity returned .","حظي ""تكساس جاينت"" الأصلية بحسن استقبال، على الرغم من أن شعبيتها قد تراجعت قرب نهاية فترة تشغيلها. بعد تجديدها عام 2010، عادت شعبية اللعبة.",25,GENERATED
data50160,WIKI_C_01535,C,المحامي ديال كاهوي هدد باش يدير شكاية فالبوليس كومبلاينتس أوتوريتي على الطريقة اللي تعامل بيها البوليس مع الدعوة ديال القتل ديال كريس و كروي كاهوي اللي مرفوعة على موكلها.,lmo7ami dyal Kahoui 7dd bach ydir chkaya f lbolice complaint authority 3la ttriqa lli t3aml biha lbolice m3a da3wa dyal l9atl dyal Chris w Crui Kahoui lli marfu3a 3la mowkilha.,Kahui 's lawyer has threatened to lodge a complaint with the Police Complaints Authority over Police handling of the prosecution of her client for the murder of Chris and Cru Kahui .,هدد محامي كاهوي بتقديم شكوى إلى هيئة شكاوى الشرطة بشأن تعامل الشرطة مع ملاحقة موكلته في قضية قتل كريس وكروي كاهوي.,29,GENERATED
data50161,DATA_24743,B,هادي لائحة بجميع الأوسمة ديال المعارك اللي خداها الفوج، أو ورثها من الفوج 64 و الفوج 98.,"hadi layha b jami3 l-awsima dyal l-ma3arik li khdah l-fowj, aw w-wratha mn l-fowj 64 w l-fowj 98.",The following lists all battle honours awarded to the Regiment or inherited by the regiment from the 64th Foot and 98th Foot .,تسرد القائمة التالية جميع أوسمة المعارك التي مُنحت للفوج أو ورثها عن الفوجين الرابع والستين والثامن والتسعين.,23,GENERATED
data50162,WIKI_D_06525,D,"واخا يكون شي ذكر ديال النحل مسكين سكران طافح بريحة قوية ديال الزهرة, يقدر يغلط وياخد شي فطر ديال الضفادع على أنه صاحبتو, ولكن الزهرة دارت على الأقل محاولة متواضعة باش تعاود تخلق واحد <unk> .","wakha ykun shi dhkr dyal n7l mskin skran taf7 b ri7a qwiya dyal zohra, yqdr yghlt w ykhod shi ftr dyal ddafada3 3la annaho sa7btu, walakin zohra dart 3la l2aql m7awla mtwada3a bach t3awd tkhlaq wa7d <unk> .",""" A hapless male bee , blind drunk with the flower 's overpowering pheromones , might well mistake a toadstool for a suitable mate , but the flower has made at least a modest attempt at recreating a <unk> gestalt . """,قد يخطئ ذكر نحل مسكين، ثمل تمامًا من الفيرومونات الطاغية للزهرة، فيعتبر فطرًا سامًا شريكًا مناسبًا، لكن الزهرة بذلت على الأقل محاولة متواضعة لإعادة إنشاء تكامل <unk>.,36,GENERATED
data50163,WIKI_D_09451,D,في 30 أبريل 1984، شهرين مورا ما تلاح، الألبوم خدا شهادة ذهبية من جمعية صناعة التسجيلات الأمريكية (RIAA)، الشي اللي خلاه أول تسجيل ذهبي ديال يانكوفيتش. وفي 18 غشت 1995، خدا شهادة بلاتينية من RIAA.,"f 30 abril 1984, chhorin mora ma tl7, lalbum khda chahda dahabiya mn jam3iya sina3t t تسجيلات l amrikiya (RIAA), shi li khllah awl تسجيل dahabi dial Yankovic. w f 18 ghosht 1995, khda chahda platinum mn RIAA.","On April 30 , 1984 , two months after its release , the album was certified Gold by the Recording Industry Association of America ( RIAA ) , making it Yankovic 's first Gold record . On August 18 , 1995 , it was certified Platinum by the RIAA .",في الثلاثين من أبريل عام 1984، وبعد شهرين من إصداره، حصل الألبوم على شهادة ذهبية من جمعية صناعة التسجيلات الأمريكية (RIAA)، ليصبح أول ألبوم ذهبي لفانكوفيتش. وفي الثامن عشر من أغسطس عام 1995، حصل على شهادة بلاتينية من RIAA.,35,GENERATED
data50164,WIKI_C_04890,C,ديڤيس، جيف (2005). بابا بير، لحياة و ليݣاسي ديال جورج هالاس. نيويورك: ماك ݣرو هيل ISBN 0-07- شي تخربيق - 3,"davis, jeff (2005). papa bear, lhaya w legacy dyal george halas. new york: mcgraw hill. isbn 0-07-<unk>-3","Davis , Jeff ( 2005 ) . Papa Bear , The Life and Legacy of George Halas . New York : McGraw @-@ Hill ISBN 0 @-@ 07 @-@ <unk> @-@ 3",ديفيس، جيف (2005). بابا بير: حياة وإرث جورج هالاس. نيويورك: ماكجرو هيل. ردمك 0-07- <unk>-3,21,GENERATED
data50165,WIKI_D_00349,D,"اوكي، ها الترجمة:

""تقد تفتح الكامپاين الصعيب، و هي واحد النسخة صعيبة كثر من الكامپاين العادي. تقدر تستعمل أي قائد فتحتيه في الكامپاين الصعيب، حتى اللي ما كاينينش في الكامپاين العادي. عندك ثلاثة ديال البلايص باش تسوفگاردي الكامپاين.""","kayen l'imkan dyal tft7 l'campaign l'9assi7, w hada wa7d l'version dyal l'campaign l'3adi walakin 9assi7 aktar. ymken lk tst3ml ay commander khrjti l'7a9 dyalo f l'campaign l'9assi7, hata li makayninch f l'campaign l'3adi. kaynin lik talat dyal les slots bach tsouvgardi l'campaign.","Hard Campaign can be unlocked , which is a more difficult version of the standard campaign . All unlocked COs can be used in Hard Campaign , including those unavailable in Normal Campaign . Three save slots are available for Campaign Mode .",يمكن فتح حملة صعبة، وهي نسخة أصعب من الحملة القياسية. يمكن استخدام جميع القادة الذين تم فتحهم في الحملة الصعبة، بما في ذلك أولئك غير المتوفرين في الحملة العادية. تتوفر ثلاثة خانات حفظ لوضع الحملة.,38,GENERATED
data50166,DATA_20627,B,"Green, Peter (1996). The Greco@-@Persian Wars. University of California Press. ISBN 0@-@520@-@20313@-@5.","Green, Peter (1996). The Greco@-@Persian Wars. University of California Press. ISBN 0@-@520@-@20313@-@5.","Green , Peter ( 1996 ) . The Greco @-@ Persian Wars . University of California Press . ISBN 0 @-@ 520 @-@ 20313 @-@ 5 .",غرين، بيتر (1996). الحروب اليونانية الفارسية. مطبعة جامعة كاليفورنيا. ردمك 0-520-20313-5.,27,GENERATED
data50167,WIKI_D_05609,D,إيفرز خدم كمدرب ديال شيكاغو وايت سوكس في 1922 و 1923. رجع للبيس التانية في 1922، باش يعوض إيدي كولينز اللي كان مجروح. إيفرز لعب ماتش واحد للوايت سوكس حتى برا كولينز.,"evers khdem kmodarbial chicago white sox f 1922 w 1923. rj3 lblazt tanya f 1922, bach ya3awd eddie collins lli kan mjerou7. evers le3b match wa7d l white sox hatta bara collins.","Evers served as a coach for the Chicago White Sox in 1922 and 1923 . He returned to second base in 1922 , filling in for an injured Eddie Collins . Evers played in one game for the White Sox as Collins recovered .",شغل إيفرز منصب مدرب لفريق شيكاغو وايت سوكس عامي 1922 و 1923. عاد إلى القاعدة الثانية عام 1922، ليحل محل إيدي كولينز المصاب. لعب إيفرز مباراة واحدة لفريق وايت سوكس بينما تعافى كولينز.,32,GENERATED
data50168,WIKI_C_10575,C,"""لوست + / فيفا لا فيدا (لايڤ ف الغرامي رقم 51)"" هادي تسجيل ديال ""فيفا لا فيدا"" و هاد الأغنية، تغناو لايڤ ف الغرامي رقم 51.","lost + / viva la vida (live f lgrami raqm 51) hadi تسجيل dyal viva la vida w had l'aghniya, tghnaw live f lgrami raqm 51.",""" Lost + / Viva la Vida ( Live At the 51st Annual Grammy Awards ) "" is a recording of "" Viva la Vida "" and this song , performed live at the 51st Annual Grammy Awards ."," ""لوست + / فيفا لا فيدا (لايف في حفل توزيع جوائز الغرامي السنوي الحادي والخمسين)"" هو تسجيل لأغنية ""فيفا لا فيدا"" وهذه الأغنية، أُديت مباشرة في حفل توزيع جوائز الغرامي السنوي الحادي والخمسين.",26,GENERATED
data50169,DATA_8580,A,راه المشكل لي عندو أخلاقي,rah lmochkil li 3endou a5la9i,he has a disciplinary issue,لديه مشكلة تأديبية,5,PARTIALLY VALIDATED
data50170,DATA_0478,A,"أه, بصّح أنّا الصوڭان تلپيكالا خطير فلمدينة!","ah, bSSe7 anna SSogan tlpikala khaTir flmdina!","Yes, it's true that bike rides are very vulnerable in the city!",نعم، صحيح أن جولات الدراجات عرضة للخطر الشديد في المدينة!,12,PARTIALLY VALIDATED
data50171,DATA_9383,A,مابقيتش باغي ن دفّي راسي را كاين سهد,mab9itch baghi n deffi rassi ra kayn sehd,i will warm myself its hot here,سأدفئ نفسي، الجو حار هنا,7,PARTIALLY VALIDATED
data50172,DATA_11074,A,تعطلي بزّاف باش ترزرف,t3etli bezzaf bach trezerve,you are too late to reserve,لقد تأخرت كثيرًا للحجز,6,PARTIALLY VALIDATED
data50173,DATA_0642,A,طوموبيل دخلات ف مول پيكالا.,Tomobil dkhlat f mol pikala.,A car hit a cyclist.,صدمت سيارة أحد راكبي الدراجات.,5,PARTIALLY VALIDATED
data50174,DATA_11906,A,عمرك ت حسّ سنانك بهاد دنتيفريس,3emrek t 5ssel snanek bhad dentifrice,you should never wash your teeth,لا ينبغي لك أبداً أن تغسل أسنانك,6,PARTIALLY VALIDATED
data50175,DATA_3757,A,واش دوزتي نهار زوين في الخدمة؟,wach dwazti nhar zwin flkhadma?,Have you had a good day at work?,هل كان يوم عملك جيدًا؟,8,PARTIALLY VALIDATED
data50176,WIKI_C_12208,C,واحد الجمعية كبيرة ديال التخطيط العمراني كانت كتعني بزاف ديال التواصل و الربط بين الأطراف. داروا واحد مركز اتصال خدام 24 ساعة فيه مترجمين كيخدموا بواحد الخط مغلق خاص بالمجموعة.,wa7d ljama3iya kbiira dyal t-takhtiT l3omrani kanet kta3ni bzaf dyal ttwasol w-r-rbaT bin l-aTraaf. daroo wa7d markez dyal l-iTisal khdaam 24 sa3a fih mutarjimine kheddamin bwa7d kht mghluq khass bl-majmuu3a.,"A large development Planning Association meant a great amount of inter @-@ connectivity and communication requirements . A 24 @-@ hour call centre with interpreters was set up , using a Closed User Group ( CUG ) circuit .",كانت جمعية تخطيط إنمائي كبيرة تعني الكثير من متطلبات الربط والتواصل بين الجهات. وقد تم إنشاء مركز اتصال يعمل على مدار الساعة مع مترجمين، باستخدام دائرة خاصة بالمجموعة المغلقة (CUG).,30,GENERATED
data50177,DATA_18357,B,"""ila makantsh shi haja mn hadouk ḥadra, ""qal Haynes, ""ana mtayq bli nnisba dyal lmout ghadi tkoun tlaɛt bzzaf.""","ila makantsh shi haja mn hadouk 7adra, ""qal Haynes, ""ana mtayq bli nnisba dyal lmout ghadi tkoun tla3t bzzaf.""",""" Had any of those things not been there , "" Haynes said , "" I 'm sure the fatality rate would have been a lot higher . ""","قال هايْنز: ""لو لم يكن أي من تلك الأشياء موجودًا، لكان معدل الوفيات أعلى بكثير بالتأكيد"".",29,GENERATED
data50178,WIKI_D_07271,D,"ف 1965، الجامعة شرات الريسطو القديم ديال <unk>، واحد لبلاصة ديال لمواجهات ف لحركة د الحقوق المدنية، و اللي ستعملاتها ف الأول كمركز ديال التوظيف. من بعد، ولات معروفة ب ""بناية أجاكس"". هدموها ف 2009.","f 1965, la jami3a charath lreszto l9dim dyal <unk>, wahed lbla9sa dyal lmowajhat f l7araka d l7o9o9 lmadaniya, w lli st3emlatf l2awl k marcaz dyal ttoziif. mn b3d, walat ma3rofa b ""bniya ajax"". hdmoha f 2009.","In 1965 the university bought the former <unk> Restaurant , a site of confrontation in the Civil Rights movement , which it first used as a placement center . Later , it was known as the Ajax Building . The building was razed in 2009 .",في عام 1965، اشترت الجامعة مطعم <unk> السابق، وهو موقع للمواجهات في حركة الحقوق المدنية، والذي استخدمته في البداية كمركز للتوظيف. لاحقًا، عُرفت باسم مبنى أجاكس. هُدم المبنى في عام 2009.,35,GENERATED
data50179,WIKI_D_01365,D,بحال بزاف ديال الفطريات الميكوريزية اللي صعيب تنباتها، تا B. edulis مازال ما قدرناش نزرعوه. و نتائج ديال شي دراسات كاتبيّن باللي شي مكونات مجهولة فالتربة يقدروا يكونوا ضروريين باش B. edulis يقدر يدير علاقة ميكوريزية ناجحة مع النبتة اللي كايعيش معاها.,"bhal bezzaf dyal lfetryat lmykorizya lli s3ib tnatbha, ta B. edulis mazal ma9daranch nzar3o. w natayej dyal chi drasat katbayyin belli chi mkawinat majhoula ftrba y9darou ykounou darouryyn bach B. edulis y9dar idir 3ala9a mykorizya najha m3a lnabta lli kay3ich m3aha.","Like many other strictly mycorrhizal fungi , B. edulis has to date eluded cultivation attempts . The results of some studies suggest that unknown components of the soil microflora might be required for B. edulis to successfully establish a mycorrhizal relationship with the host plant .",مثل العديد من الفطريات الجذرية حصريًا، فقد فشلت محاولات زراعة فطر البوليطس إدulis حتى الآن. تشير نتائج بعض الدراسات إلى أن مكونات غير معروفة من الميكروفلورا التربة قد تكون مطلوبة لكي يقيم فطر البوليطس إدulis بنجاح علاقة ميكوريزية مع النبات المضيف.,42,GENERATED
data50180,WIKI_D_12364,D,فبطولة إنديان ويلز ، راونيتش ربح الماتش ديال الربع النهائي ضد المصنف رقم 3 نادال، من بعد ما نقد تلاتة ديال الماتش بوينتس من عند نادال فالتايبريك ديال السيت الثاني. كانت هادي هي الربحة الأولى ديال راونيتش على نادال فحياتو من بعد خمسة ديال الخسارات. خسر ضد فيدرر فالنصف النهائي.,"fbtula indian wells, raonic rbe7 match dyal rub3 النهائي ddd n-3 nadal, men b3d ma nqd tlt dyal match points men 3nd nadal f tiebreak dyal set tani. kanet hdi hiya rbe7a l-ula dyal raonic 3la nadal f 7yato men b3d khamsa dyal khasarat. khasr 3la federer f nuss النهائي.","At the Indian Wells Masters , Raonic won his quarterfinal match against No. 3 Nadal , after saving three match points from Nadal in the second set tiebreak . It was Raonic 's first career victory over Nadal after five defeats . He lost to Federer in the semifinals .",في بطولة إنديان ويلز للماسترز، فاز راونيتش بمباراته في الدور ربع النهائي على المصنف الثالث نادال، بعد إنقاذه لثلاث نقاط لحسم المباراة من نادال في شوط كسر التعادل في المجموعة الثانية. كانت هذه أول فوز مهني لراونيتش على نادال بعد خمس هزائم. وخسر أمام فيدرر في الدور نصف النهائي.,50,GENERATED
data50181,DATA_6684,A,كيفاش كايعجبك تدوز عيد ميلادك,kifach kay3ejbek tdewez 3id miladek,how do you like to celebrate your birthday?,كيف تحب أن تحتفل بعيد ميلادك؟,8,PARTIALLY VALIDATED
data50182,WIKI_D_06545,D,"الݣْراب مع الموطور ديالهم، اللي سماوه بالݣْدوب ""هانسِن سي ݣاو""، اللي غيكون واحد الخيط ديال الضحك فالجورنال كامل، بدا دغيا وكمل غدا ليه ملي زادو داروا على الساحل لـ الريف ديال الإيل <unk>:","l_grap m3 l_motor dyalhom, lli smawh b_l_kdob ""Hansen Sea 3aw"", lli ghikon wa7ed l5it dyal d7ek f_l_journal kamel, bda dghya w kemel gheda lih ملي zadou darou 3la s7el l Riif dyal l El <unk>:","The battles with their outboard motor , referred to pseudonymously as the "" Hansen Sea @-@ Cow "" , which would feature as a humorous thread throughout the journal , began immediately and continued the next day when they moved further round the coast to El <unk> Reef :","بدأت المعارك بمحركاتهم الخارجية، والتي أُشير إليها اسميًا باسم ""بقرة بحر هانسن""، والتي ستكون بمثابة خيط فكاهي طوال المجلة، على الفور واستمرت في اليوم التالي عندما تحركوا أكثر حول الساحل إلى شعاب إل <unk>:",33,GENERATED
data50183,DATA_24448,B,هلال خماسي بين حصن نوتردام وحصن سان فيليب. تضرّر فالقصف الجوي فالحرب العالمية الثانية، ولكن التضرر تصلح.,"hlal khomassi bin 7sen Notrdam w 7sen San Filip. tضرr f l qasf l jawwi f l 7arb l 3alamiya ttania, walakin tّضرr tّslla7.","a pentagonal lunette between Notre Dame Ravelin and St. Philip Bastion . It was damaged by aerial bombardment in World War II , but the damage was repaired .",هلال خماسي يقع بين رافيلان نوتردام وباسيون سان فيليب. تضرر جراء القصف الجوي في الحرب العالمية الثانية، ولكن تم إصلاح الأضرار.,29,GENERATED
data50184,WIKI_C_09130,C,ف النيبال، كاينين جماعات معروفة ف بارك ناسيونال <unk> و بارك ناسيونال ساغارماتا و بارك ناسيونال <unk> بارون و بارك ناسيونال رارا و محمية أنوبورنا و محمية كانشينجونغا و ف محمية الصيد دهورباتان.,"f lnebaal, kaynin jma3aat ma3roofa f park national <unk> w park national sagharmata w park national <unk> baroun w park national rara w mahmiyat annapurna w mahmiyat kanchunjunga w f mahmiyat ssyed dhorbataan.","In Nepal , known populations occur in <unk> National Park , Sagarmatha National Park , <unk> Barun National Park , Rara National Park , Annapurna Conservation Area , Kanchenjunga Conservation Area , and in Dhorpatan Hunting Reserve .",في نيبال، توجد مجموعات معروفة في منتزه <unk> الوطني، ومنتزه ساغارماثا الوطني، ومنتزه <unk> بارون الوطني، ومنتزه رارا الوطني، ومنطقة كانشينجونغا للحفاظ على البيئة، ومنطقة أنابورنا للحفاظ على البيئة، وفي محمية الصيد دهورباتان.,33,GENERATED
data50185,DATA_1572,A,مامتأكدش شناهوا الخطأ، ولاكن إيلا كنتي كادن تقدر ديرو، بدا.,"mamt2akedch chnahwa lkhata2, walakin ila knti kadn t9der ddiro, bda.","I'm not sure what a wrong is, but if you really think you can do it, go ahead.",لست متأكدًا مما هو الخطأ، ولكن إذا كنت تعتقد حقًا أنه يمكنك القيام بذلك، فلتفعل.,18,PARTIALLY VALIDATED
data50186,WIKI_D_04244,D,ف شهر أبريل 2013، بول أسس معهد رون بول للسلام والازدهار، واحد مؤسسة فكرية ديال السياسة الخارجية اللي كتقلب تشجع وجهات النظر ديالو ديال عدم التدخل. هاد المعهد جزء من المؤسسة الكبيرة ديالو مؤسسة الاقتصاد والتعليم الرشيد.,"f shher april 2013, bol essess mat7ad ron bol lslam w lzher, wa7d mosassa fikria dyal sseya3a lakharija lli kat9leb techje3 wjhat nzar dyalo dyal adam tad5ol. Had lmat7ad joz2 men lmosassa lkibra dyalo mosassa l9tisad w lta3lim rchid.","In April 2013 , Paul founded the Ron Paul Institute for Peace and Prosperity , a foreign policy think tank that seeks to promote his non @-@ interventionist views . The institute is part of his larger foundation Foundation for Rational Economics and Education .",في أبريل 2013، أسس بول معهد رون بول للسلام والازدهار، وهو مركز أبحاث للسياسة الخارجية يسعى إلى تعزيز آرائه غير التدخلية. المعهد هو جزء من مؤسسته الأكبر، مؤسسة الاقتصاد والتعليم الرشيد.,37,GENERATED
data50187,DATA_16323,B,سوء امتصاص السيلينيوم فمرض السيلياك، و زيد عليها المحتوى القليل ديال السيلينيوم فبزاف ديال الماكولات خالية من الغلوتين، كيدي لخطر ديال نقص السيلينيوم.,"sou2 imtissas ssiliniyom fa marad ssilyak, ou zid 3liha lmohtawa lqlil dyal ssiliniyom f bzzaf dyal lmakolat khaliya mn lghlotin, kayddi lkhatar dyal naqs ssiliniyom.","Selenium malabsorption in coeliac disease , combined with low selenium content in many gluten @-@ free foods , confers a risk of selenium deficiency ,",يؤدي سوء امتصاص السيلينيوم في الداء البطني، بالإضافة إلى المحتوى المنخفض للسيلينيوم في العديد من الأطعمة الخالية من الغلوتين، إلى خطر نقص السيلينيوم.,25,GENERATED
data50188,WIKI_D_01814,D,فالدورة 48، ميشيل ألبوريتو دخل باش يبدل الرويض، ولكن ملي خرج، الرويضة اللورانية اللي على اليمين طارت من الميناردي ملي خرج من الكراج، و ضربات جوج ميكانيسيان ديال فيراري و جوج ديال لوتوس، اللي خلاهم محتاجين يديوهم للسبيطار.,"f'dwra 48, mishel alboreto d5l bash ybdl rwayd, wlakin mli khrej, rwayda loraniya li 3la ymin trt men lminardi mli khrej men lkaraj, wdrbt juj mecanicien dyal ferrari w juj dyal lotus, li khlahom m7tajin ydiwhom lspital.","On lap 48 , Michele Alboreto came in for a pit stop , but as he left , the rear @-@ right wheel came loose from the Minardi as it left the pit lane , striking two Ferrari and two Lotus mechanics , who were left needing hospital treatment .",في اللفة الثامنة والأربعين، دخل ميشيل ألبوريتو للتوقف في منطقة الصيانة، ولكن أثناء خروجه، انفلتت العجلة الخلفية اليمنى من سيارة ميناردي وهي تغادر ممر الصيانة، مما أدى إلى إصابة ميكانيكيين من فيراري وميكانيكيين من لوتوس، الذين احتاجوا إلى علاج في المستشفى.,38,GENERATED
data50189,DATA_15442,B,2 يونيو 2015: قتلو ربعة ديال المشتبه بيهم متشددين ف غارة ديال طيارة بلا طيار استهدفت واحد الطوموبيل ف منطقة شوال ف شمال وزيرستان.,2 juin 2015: Qetlu reb3a dyal l-mushabah bihum mtsheddin f ghara dyal tiyyara bla tiyyar stahdafat wahed t-tomobil f mintaqa Shwal f shmal Waziristan.,2 June 2015 : Four suspected militants were killed in a drone strike targeting a vehicle in the Shawal area of North Waziristan .,2 يونيو 2015: قُتل أربعة مسلحين مشتبه بهم في غارة جوية بطائرة مسيرة استهدفت مركبة في منطقة شوال بشمال وزيرستان.,24,GENERATED
data50190,DATA_22131,B,10 ( عشرة ) : دفاتر السينما كتب ( 5 سبتمبر 2002 ) رقم الكتاب المعياري الدولي 2 @-@ 86642 @-@ 346 @-@ 1.,`10 (3achra) : دفاتر السينما كتب (5 Septembre 2002) Ra9m l-ktab l-mi3yari d-douali 2 @-@ 86642 @-@ 346 @-@ 1.`,10 ( ten ) : Cahiers du Cinema Livres ( 5 September 2002 ) ISBN 2 @-@ 86642 @-@ 346 @-@ 1 .,١٠ (عشرة): دفاتر السينما، كتب (٥ سبتمبر ٢٠٠٢) ردمك ٢-٨٦٦٤٢-٣٤٦-١.,23,GENERATED
data50191,WIKI_C_01120,C,بروتوتيب مدعوم بموتور بريستول سينتوروس 662، طول الفيراج 35 ميطرو، العرض 36 فاصل 5 ميطرو، فيه بلايص ل 48 راكب، ما تبناش.,"prototype mad3um bmotor bristol centaurus 662, tol el viraj 35 mitro, el 3ard 36 fassl 5 mitro, fih blayes l 48 rakeb, ma tbenash.","Prototype powered by Bristol Centaurus 662 , fuselage length of 114 ft ( 35m ) , span 120 ft ( 36 @.@ 5 m ) , seating for 48 passengers , not built",نموذج أولي مدعوم بمحرك بريستول سنتوروس 662، يبلغ طول جسم الطائرة 114 قدمًا (35 مترًا)، وباع 120 قدمًا (36.5 مترًا)، ويتسع لـ 48 راكبًا، ولم يتم بناؤه.,22,GENERATED
data50192,DATA_4195,A,كناخدها بزاف المرات,kanakhod8a bzaf tlmrrat,I take it very often!,آخذه كثيراً جداً!,5,PARTIALLY VALIDATED
data50193,WIKI_D_05372,D,يقدر عامل يدير بزاف ديال لحوايج بلا ما ياخد الإذن من السلطة المركزية. المفتش لي الرتبة ديالو ناقصة كانت عندو سلطة تنفيذية غير ف وقت الأزمات، بحال يجمع ميليشيات عبر القيادات لي تحت السلطة ديالو باش يقمع شي تمرد.,"iqdr 3amel ydir bzaf dyal l7wayej bla ma yakhod l2edn men sulta lmrkziya. lmftish li lrotba dyalo naqsa kanet 3ndo sulta tanfidya ghi f wqt lazmat, bhal yjem3 milisiyyat 3bar lqiyadat li ta7t sulta dyalo bach yqme3 chi tamrod.","A governor could take various actions without permission from the imperial court . The lower @-@ ranked inspector had executive powers only during times of crisis , such as raising militias across the commanderies under his jurisdiction to suppress a rebellion .",يمكن للحاكم أن يتخذ إجراءات مختلفة دون إذن من البلاط الإمبراطوري. كان للمفتش ذي الرتبة الأدنى سلطات تنفيذية فقط في أوقات الأزمات، مثل تشكيل ميليشيات عبر القيادات الخاضعة لولايته لقمع تمرد.,39,GENERATED
data50194,WIKI_C_06629,C,ماعْرْفْتْشْ، أوغْست سي. (2012). رْجال دْ ماساتْشوسِتْس: مْساهْمين دْ باي سْتِيت فْ... مْعْرْفْتْش. أي يونيفيرس. إي إس بي إن 978 @-@ 1 @-@ مْعْرْفْتْش @-@ مْعْرْفْتْش @-@ 5.,"ma3raftch, awgust c. (2012). rjal dyal massachusetts: msahemin dyal bay state f... ma3raftch. i universe. isbn 978-1-ma3raftch-ma3raftch-5.","<unk> , August C. ( 2012 ) . Men of Massachusetts : Bay State Contributors to American <unk> iUniverse . ISBN 978 @-@ 1 @-@ <unk> @-@ <unk> @-@ 5 .",<unk> ، أوغسطس سي. (2012). رجال ماساتشوستس: مساهمو باي ستايت في <unk> . أي يونيفرس. رقم الكتاب المعياري الدولي 978-1-<unk>-<unk>-5.,28,GENERATED
data50195,WIKI_D_00961,D,سواء الفيروسات اللي مغلفة ولا [untranslated word] راهوم معديين. الغلاف الفيروسي مصنوع من أغشية گولجي معدلة فيها پوليپتيدات خاصة بالفيروس، بحال هيماگلوتينين. العدوى بـ variola major ولا variola minor كاتعطي مناعة ضد الأخرى.,"shwa l'virusat lli mghelfa wla [untranslated word] rah hum m3dideen. l'ghelf l'virousi msnou3 men aghshiyet golgi m3ddla fiha polypeptides khassa b'l'virus, bhal hemagglutinin. l'3adwa b variola major wla variola minor katk3ti مناعة ضد l'okhra.","Both enveloped and <unk> virions are infectious . The viral envelope is made of modified Golgi membranes containing viral @-@ specific polypeptides , including hemagglutinin . Infection with either variola major or variola minor confers immunity against the other .","كل من الفيروسات المغلفة وغير المغلفة معدية. يتكون الغلاف الفيروسي من أغشية جولجي معدلة تحتوي على عديدات ببتيد خاصة بالفيروس، بما في ذلك الهيماغلوتينين. تمنح العدوى بـ""فاريولا ماجور"" أو ""فاريولا مينور"" مناعة ضد الأخرى.",33,GENERATED
data50196,WIKI_C_07272,C,غروڤز ترقى جنرال ماجور مؤقت نهار تسعود ف شهر مارس عام ألف وتسعمية وأربعة وأربعين. وملي التفجيرات النووية ديال هيروشيما و ناكازاكي تشهرات، عطاوه ميدالية الخدمة المتميزة. و شهادة التقدير ديالو كانت كاتقول:,"ghrovz trqa jnaral majoor mo2aqqat nhar ts3oud f shhar mars 3am alf w tsb3mia w 44. w mlil tfjiratt nawawiya dyal hiroshima w nakazaki tsharatt, 3tawuh midaliya l khdma l motmayiza. w shhadt tqdira dyalu kanat kat9ol:","Groves was promoted to temporary major general on 9 March 1944 . After the atomic bombing of Hiroshima and Nagasaki became public knowledge , he was awarded the Distinguished Service Medal . His citation read :",رُقّي غروفز إلى رتبة ميجور جنرال مؤقت في 9 مارس 1944. بعدما أصبحت التفجيرات الذرية على هيروشيما وناغازاكي معروفة للعلن، مُنح وسام الخدمة المتميزة. وجاء في شهادة تقديره:,33,GENERATED
data50197,WIKI_C_04190,C,أنا كنعتبر بلادي هي أي بلاصة فالأرض كيهضرو فيها بالرومانية، والتاريخ الوطني ديالي هو تاريخ مولدافيا كاملة، ديال والاكيا، وديال خوتنا اللي فالترانسيلفانيا.,"ana kan3tabar bladi hiya ay blasa fel ardh kayhdru fiha b romania, w ttarikh lwatani dyali howa tarikh moldavia kamla, dyal walakia, w dyal khotna li ftransilvania.",""" I view as my country everywhere on earth where Romanian is spoken , and as national history the history of all of Moldavia , that of Wallachia , and that of our brothers in Transylvania . """,أعتبر كل بقعة على الأرض يتحدث فيها باللغة الرومانية بلدي، وأعتبر التاريخ الوطني هو تاريخ مولدافيا بأكملها، وتاريخ والاكيا، وتاريخ إخوتنا في ترانسيلفانيا.,23,GENERATED
data50198,WIKI_D_08476,D,كنتيقو ب هاد الحقايق بديهية، بلي الناس كاملين متخلقين متساويين، و عطاهم الخالق ديالهم حقوق ما يمكنش يتنازلو عليها، و من بين هاد الحقوق كاين الحق ف الحياة، و الحرية، و السعي ورا السعادة.,"kn ti9o b had l 7qa2iq badihiyya, blli nass kamlin mt5la9in mtsawyin, w 3tawhom l 5ali9 dyalhom 7o9o9 ma ymknch ytnazlu 3liha, w mn bin had l 7o9o9 kayn l 7a9 f l 7ayat, w l 7orriya, w s3i wara s3ada.","We hold these truths to be self @-@ evident , that all men are created equal , that they are endowed by their Creator with certain unalienable Rights , that among these are Life , Liberty and the pursuit of Happiness .",نحن نؤمن بهذه الحقائق البديهية، وهي أن جميع الناس خلقوا متساوين، وأن خالقهم وهبهم حقوقًا غير قابلة للتصرف، ومن بين هذه الحقوق الحياة والحرية والسعي وراء السعادة.,34,GENERATED
data50199,WIKI_C_11751,C,بيلينݣهام كان هو اللي تكلف بالزيارة ديال رون كلارك. فاش جا كلارك، هرس الجوج ديال الأرقام القياسية العالمية و جاب الشهرة لمركز جيلونݣ ديال VAAA في لاندي فيلد.,"billingham kan howa li tkllf b ziyara dyal ron clarke. fach ja clarke, hress ljouj dyal l'ar9am lqyasya l3almya w jab ch'hara l markz geelong dyal vAAA fi landy field.","Billingham was the sole <unk> for the Ron Clarke visit . When Clarke came , he broke both world records and brought fame to the Geelong Centre of the VAAA at Landy Field .",كانت بيلينجهام هي الجهة الوحيدة المسؤولة عن زيارة رون كلارك. عندما جاء كلارك، حطم الرقمين القياسيين العالميين وجلب الشهرة لمركز جيلونج التابع لـ VAAA في لاندي فيلد.,28,GENERATED
data50200,DATA_14914,B,فالبياتلون، جميع الرياضيين البارالمبيين كيرميو من وضعية ناعسين. الرياضيين اللي عندهم بتر يقدروا يستعملوا شي حاجة يسندوا عليها الرمية ديالهم.,"fal biathlon, jami3 ar-riyadiyyin al-paralimpiyyin kirmyuu mn wadi3iya na3sin. ar-riyadiyyin lli 3ndhom بتر y9dro ysta3mlu shi haja ysandu 3liha r-rmya dyalhom.","In the Biathlon , all Paralympic athletes shoot from a prone position . Athletes with amputations can use a rifle support while shooting .",في رياضة البياثلون، يطلق جميع الرياضيين البارالمبيين النار من وضعية الاستلقاء. يمكن للرياضيين الذين يعانون من بتر استخدام دعم بندقية أثناء الرماية.,24,GENERATED
data50201,WIKI_C_04322,C,الخضر، بيتر (1993). الإسكندر حتى أكتيوم: التطور التاريخي ديال العصر الهيلينستي. لوس أنجلس: مطبعة جامعة كاليفورنيا. ISBN 0 @-@ 500 @-@ 01485 @-@ X.,"lkhdr, pitir (1993). liskandar hatta aktiyum: ttawr ta'rikhi dyal l'asr lhilinisti. los anjilis: mtabi3at jami3at kalifornia. ISBN 0-500-01485-X.","Green , Peter ( 1993 ) . Alexander to Actium : The Historical Evolution of the Hellenistic Age . Los Angeles : University of California Press . ISBN 0 @-@ 500 @-@ 01485 @-@ X.",الأخضر، بيتر (1993). الإسكندر حتى أكتيوم: التطور التاريخي للعصر الهلنستي. لوس أنجلوس: مطبعة جامعة كاليفورنيا. ISBN 0-500-01485-X.,24,GENERATED
data50202,DATA_20398,B,2014 – 2015 : لمغني كوبي ميريكاني جينكارلوس كانيلا و واحد المجموعة ديال اللاجئين اللي هاجرو لنيويورك، بالشراكة مع لجنة الإنقاذ الدولية.,"2014 - 2015 : Lmoughanni كوبي میریکاني jencarlos canela o wahed lmjmou3a dial llaj2ine li hajrrou lnyouyork, bshshraka m3a lajna l'in9ad lddawliya.","2014 – 2015 : Cuban @-@ American musician Jencarlos Canela and a group of refugees who emigrated to New York City , in partnership with the International Rescue Committee",٢٠١٤ – ٢٠١٥: الموسيقي الكوبي الأمريكي جينكارلوس كانيلا ومجموعة من اللاجئين الذين هاجروا إلى مدينة نيويورك، بالشراكة مع لجنة الإنقاذ الدولية.,29,GENERATED
data50203,DATA_20846,B,نهار جوج يناير، داكشي اللي بقا من الإعصار المداري سلواين فايت خط طول 90 شرقا من المنطقة ديال أستراليا، ولكن طفا/تلاشى الغد ليه.,"nhar juj yanayr, dakshi lli bqa mn li3sar lmdari slwayn fayt khatt tool 90 sharqan mn lmnطقة dyal ostralia, walakin tfa/tlasha lghd lih.","On January 2 , the tropical depression that was once Cyclone Selwyn crossed 90 ° E from the Australian region , but dissipated the next day .",في الثاني من يناير، عبرت المنخفضة المدارية التي كانت تعرف سابقاً باسم إعصار سيلوين خط الطول 90 درجة شرقاً من المنطقة الأسترالية، لكنها تبددت في اليوم التالي.,27,GENERATED
data50204,DATA_24634,B,طائر النوء هو التميمة ديال جامعة أوغليثورب، واحد الكوليج صغير ديال الفنون الحرة في أطلانطا، جورجيا.,"ta'ir annaw' hua attamima diyal jamia't oughlithorb, wahed alkulij sghir dial alfun alhurra fi atlant'a, jurjia.","The stormy petrel is also the mascot of Oglethorpe University , a small liberal arts college in Atlanta , Georgia .",طائر الزعتري هو أيضًا تميمة جامعة أوغل ثورب ، وهي كلية صغيرة للفنون الحرة في أتلانتا ، جورجيا.,21,GENERATED
data50205,DATA_12514,B,"ف 2011، برنارد ديدريش، مول كتاب ""Trujillo. The Death of the Goat"" لي ماشي خيالي و خرج ف 1978، اتهم ڤارݣاس يوسا بالسرقة الأدبية.","f 2011, bernard diedrich, moul ktab ""Trujillo. The Death of the Goat"" li machi khiyali o khrej f 1978, ttaham vargas yosa b serqa l adabiya.","In 2011 Bernard Diederich , author of the 1978 non @-@ fiction book Trujillo . The Death of the Goat , accused Vargas @-@ Llosa of plagiarism .","في عام 2011، اتهم برنارد ديدريش، مؤلف كتاب ""تروخيو. موت الماعز"" غير الخيالي لعام 1978، فارجاس يوسا بالسرقة الأدبية.",28,GENERATED
data50206,DATA_1538,A,فين خدامة مرتك؟,fin khddama mrtk?,Where does your wife work?,أين تعمل زوجتك؟,5,PARTIALLY VALIDATED
data50207,WIKI_D_11262,D,ملّي كاتّصحّح التيست، كاتّعطى قيمة من 0 ل 3 لكل جواب و من بعد كاتّجمع النقطة الكاملة و كاتقارن بواحد الكلي باش تحدد درجة حدة الاكتئاب. النقط اللي كاتحسب بيها النتيجة كيفما هيا معتمدة هيا هادي:,"melli katse77e7 l'test, kat3ta qima mn 0 l 3 li koul jawab w mn ba3d katjme3 l'noqta lkamla w katqaren b wa7d l'key bach te7ded darajat 7idat l'ikti2ab. l'noqat li kat7sab bihom natja kifma hiya mo3tamda hiya hadi:","When the test is scored , a value of 0 to 3 is assigned for each answer and then the total score is compared to a key to determine the depression 's severity . The standard cut @-@ off scores are as follows :",عندما يتم تصحيح الاختبار، يتم إعطاء قيمة من 0 إلى 3 لكل إجابة، ثم تتم مقارنة الدرجة الإجمالية بمفتاح لتحديد شدة الاكتئاب. درجات القطع القياسية هي كما يلي:,36,GENERATED
data50208,DATA_17165,B,غير شوية – 3 : 05 (فيني باريت، بوبي إيلي، جون فريمان جونير، ليون، ميليان، فالينزانو),"ghir shwiya - 3:05 (finni barit, boubi ili, jon friman junior, lion, milyan, valenzano)",""" Just a Little Bit "" ( Vinnie Barrett , Bobby Eli , John Freeman Jr . , Lyon , Milian , Valenzano ) – 3 : 05",قليلا فقط (فيني باريت، بوبي إلي، جون فريمان جونيور، ليون، ميليان، فالينزانو) – 3:05,28,GENERATED
data50209,DATA_19896,B,توصّفو واحد وعشرين نوع، وزيادة على هذا كاين على الأقل واحد النوع آخر اللي مازال ما توصفش معروف بالوجود ديالو.,"Twassfu wa7ed w 3echrin nou3, w ziyada 3la hada kayn 3la l'a9al wa7ed n-nou3 akher li mazal ma twassefsh ma3ruf bel wujud diyalou.",Twenty @-@ one species have been described ; in addition there is at least one undescribed species known to exist :,تم وصف واحد وعشرين نوعًا؛ بالإضافة إلى ذلك، يوجد نوع واحد على الأقل لم يوصف بعد ومعروف بوجوده.,21,GENERATED
data50210,DATA_23044,B,"(i) Ila kan l-bayane wla t-ta'bir kay7mel kter men ma3na, l-ma3na lli 3tat'u s-solta l-3omumiya howa lli ghadi ytkheddam; o","ila kan l-bayane wla t-ta3bir kay7mel kter men ma3na, l-ma3na lli 3tat'u s-solta l-3omumiya huwa lli ghadi ytkheddam; o","( i ) if the statement or representation is open to more than one natural interpretation , the interpretation applied by the public authority will be adopted ; and", (١) إذا كان البيان أو التمثيل قابلاً للتفسير الطبيعي بأكثر من معنى، اعتُمد التفسير الذي تبنّاه الجهاز العام؛ و,29,GENERATED
data50211,DATA_14126,B,(1988). Tarikh d L-Yhud f L-Mamlakat L-Latiniya d L-Quds. Oxford: Clarendon Press.,(1988). Tarikh d L-Yhud f L-Mamlakat L-Latiniya d L-Quds. Oxford: Clarendon Press.,( 1988 ) . The History of the Jews in the Latin Kingdom of Jerusalem . Oxford : Clarendon Press .,( ١٩٨٨ ) . تاريخ اليهود في مملكة بيت المقدس اللاتينية . أكسفورد : مطبعة كلارندون .,21,GENERATED
data50212,WIKI_D_09361,D,في فبراير 2015، الجيش ديال كوريا الجنوبية بان ليهوم V-22 عجبهم باش يوصلو القوات الخاصة للجزر اللي فال بحر الصفر قريب من الاراضي ديال كوريا الشمالية؛ غادي تكون شي هضرة ف 2015 على شي شرا محتمل ديال Osprey.,"f februar 2015, l الجيش dyal korea dl jnoub ban lihom V-22 3ajbhom bach yawslo l qawat l khassa l jzour li fl b7r sfar qrib mn l aradi dyal korea d chmal; ghadi tkoun chi hdra f 2015 3la chi chra mo7tamal dyal Osprey.","In February 2015 , the South Korean Army showed interest in the V @-@ 22 for delivering special forces to islands in the Yellow Sea near North Korean territory ; talks are to be held during 2015 on a possible Osprey buy .",في فبراير 2015، أبدى الجيش الكوري الجنوبي اهتمامًا بطائرة V-22 لتوصيل القوات الخاصة إلى جزر في البحر الأصفر بالقرب من الأراضي الكورية الشمالية؛ ومن المقرر عقد محادثات خلال عام 2015 بشأن عملية شراء محتملة لطائرة أوسبري.,38,GENERATED
data50213,WIKI_C_08575,C,جيسون ميشاس فدور تاكوا/تاكانوفا. ممثل بحال شي تا@-@ماتوران ديال تا فضولي، هو فالحقيقة آڤ@-@ماتوران متنكر (ماتوران ديال الضو) مقدر ليه يولي طوا ديال الضو.,"jason michas f dor takua/takanuva. mmtl bhal chi ta@-@matoran dyal ta fdhuli, huwa f lhqiqa av@-@matoran mtknn (matoran dyal ddo) mqdr lih yuli toa dyal ddo.","Jason Michas as Takua / Takanuva . Portrayed as an inquisitive Ta @-@ Matoran , he is a disguised Av @-@ Matoran ( Matoran of Light ) destined to become the Toa of Light .",جيسون ميشاس بدور تاكوا/تاكانوفا. يصور على أنه ماتوران فضولي، وهو أف-ماتوران متنكر (ماتوران الضوء) مقدر له أن يصبح توه الضوء.,24,GENERATED
data50214,DATA_15562,B,"برنامج ديال ""ما صافي"" باش نضمنو وضوح كتر و مشاركة واسعة ديال مختلف المتدخلين في مشاريع الما، خاصة في المراحل الأولى ديال التنفيذ.","bernamej dyal ""Ma Safi"" bash ndamno wdoh kter o mosharka wasi'a dyal mokhtalaf al-motadakhilin fi mashari' al-ma, khassa fi al-marahil al-aula dyal tanfid.","A "" transparent water "" program to ensure greater visibility and a wider implication of various stakeholders in water projects , especially during an early stage of implementation .","برنامج ""ماء شفاف"" لضمان مزيد من الوضوح والتأثير الأوسع لمختلف أصحاب المصلحة في مشاريع المياه، خاصة خلال المراحل المبكرة من التنفيذ.",29,GENERATED
data50215,WIKI_C_06981,C,الخطبة بدات بلومومبا كيوجه الخطاب ديالو للشعب الكونغولي وكيهضر على الاستقلال كا تتويج للنضال ديال الحركة الوطنية ماشي نتيجة تنازلات بلجيكية.,l-khutba bdat b-lumumba kaywajeh l-khiTaab dyalo l-sha3b l-kongoli w-kayhdar 3la l-istiqlaal ka tatwiij li-nniDaal dyal l-Harka l-waTaniyya machi natiijat tnazulaat beljikiya.,"The speech begins with Lumumba addressing his speech to the Congolese people and praising independence as the culmination of the struggle of the nationalist movement , rather than the result of Belgian concessions .",تبدأ الخطبة بلومومبا يخاطب الشعب الكونغولي ويثني على الاستقلال باعتباره تتويجاً لكفاح الحركة الوطنية، وليس نتيجة تنازلات بلجيكية.,21,GENERATED
data50216,DATA_13508,B,العاصفة ضعافت و ولات خارج مدارية فبداية شهر عشرة. العاصفة اللي بقات من بعد دازت على فرانسا فنهار تلاتة فشهر عشرة.,l'asifa d'afat u wlat kharij madariya f bidayat chhar 'ashra. l'asifa lli bqat mn ba'd dazt 'la fransa f nhar tlate f chhar 'ashra.,The storm weakened and became extratropical in early October . The remaining extratropical storm moved over France on October 3 .,ضعفت العاصفة وأصبحت خارج المدارية في أوائل أكتوبر. مرت العاصفة المتبقية خارج المدارية فوق فرنسا في 3 أكتوبر.,21,GENERATED
data50217,WIKI_C_02473,C,ناحية مينياپوليس - سانت پول - بلومينجتون خدّامة فيها مليون و خمسمية و سبعين ألف و سبعمية واحد فالقطاع الخاص حتى شهر سبعة ديال عام ألفين و تمنية، و جوج و تمانين فاصل تلاتة و ربعين فالمية منهم خدامين فخدمات عندها علاقة بالقطاع الخاص.,"nahya minneapolis - saint paul - bloomington khaddama fiha milyon w khamsmiya w sab3in alf w sab3miya wahed fel qta3 khass hatta shahr sab3a dyal 3am alfain w tmanya, w joj w tmanin fasel tlata w rab3in fel meyya منهم khaddamin fi khadamat 3andha 3alaqa bel qta3 khass.","The Minneapolis – Saint Paul – Bloomington area employs 1 @,@ 570 @,@ 700 people in the private sector as of July 2008 , 82 @.@ 43 percent of which work in private service providing @-@ related jobs .","توظف منطقة مينيابوليس - سانت بول - بلومنجتون 1,570,700 شخص في القطاع الخاص اعتبارًا من يوليو 2008، يعمل 82.43 بالمائة منهم في وظائف مرتبطة بتقديم الخدمات الخاصة.",44,GENERATED
data50218,WIKI_D_09415,D,الدبور نوع عالمي و ماشي مجموعة أصلية فيها مئات الآلاف ديال الأنواع، و لي هي Apocrita لي عندها خصر رقيق بلا النمل و النحل. Hymenoptera فيها حتى Symphyta لي شوية ما مفهومينش و لكن sawflies.,"ddabur naw3 3alami w machi majmu3a asliya fiha miyat alaf dyal anwa3, w li hiya Apocrita li 3andha khesr rqiq bla naml w nahl. Hymenoptera fiha hatta Symphyta li chwiya ma mafhuminch w lakin sawflies.","The wasps are a cosmopolitan paraphyletic grouping of hundreds of thousands of species , consisting of the narrow @-@ waisted Apocrita without the ants and bees . The Hymenoptera also contain the somewhat <unk> but <unk> Symphyta , the sawflies .",الدبابير هي تجميعة عالمية غير أحادية العرق تضم مئات الآلاف من الأنواع، وتتكون من النحليات ذات الخصر الضيق باستثناء النمل والنحل. كما تشمل غشائيات الأجنحة أيضًا الزنبوريات ذات الأجنحة المسننة، التي تعتبر نوعًا ما غير مفهومة ولكنها منشارية.,35,GENERATED
data50219,DATA_2292,A,أهلا، دوزت نهار خيب فالخدمة.,"ahlan, dwazt nhar khyab flkhdma.","Hey, I had a terrible day at the office.",مرحباً، لقد كان يوماً سيئاً للغاية في المكتب.,9,PARTIALLY VALIDATED
data50220,DATA_19099,B,الترتيب الأساسي ديال الكلمات في نافانفرا هو فاعل - مفعول به - فعل، كيفما ممكن نشوفو في هاد الجملة:,"tartib al'asasi dial lklimat f nafanfra huwa fa3il - maf3oul bih - fi3l, kifma momkin nchoufo f had ljomla:","The basic word order in Nafaanra is subject – object – verb , as can be seen in the following sentence :",يكون ترتيب الكلمات الأساسي في لغة نافانرا هو فاعل – مفعول به – فعل، كما يتضح في الجملة التالية:,22,GENERATED
data50221,DATA_23584,B,شي حاجة قوية (بون، دوتريل، ميكر، ريدي، ويلبانكس، وايت) – 3:24,"shi haja qwiya (bon, dutrel, miker, ridi, wilbanks, wayt) - 3:24",""" Powerful Thing "" ( Bunn , Daughdrill , Miker , Reedy , Wilbanks , White ) – 3 : 24", الشيء القوي (بون، دوغريل، مايكر، ريدي، ويلبانكس، وايت) – 3:24,21,GENERATED
data50222,WIKI_D_09665,D,ف 1929 رودز التحق بالطاقم ديال معهد روكفلر للبحوث الطبية، لي دابا جامعة روكفلر، فين خدم مع سايمون فلكسنر. وكان حتى هو طبيب مختص ف علم الأمراض ف مستشفى روكفلر. من بين اهتماماتو الأولية فالبحث كان علم الدم وشلل الأطفال. خدم ف روكفلر حتى لعام 1939.,"f 1929 rhodz tlha9 b lta9m dyal ma3hed rokfeller l lb7o7 tbibiya, li daba jame3t rokfeller, fin khdem m3a saymon flaksner. w kan hta howa tbib mokhtass f 3elm l'amrad f mostashfa rokfeller. mn bein ihtemamato l'awaliya falb7t kan 3elm dam w shlel l'atfal. khdem f rokfeller hta l 3am 1939.","In 1929 Rhoads joined the staff of the Rockefeller Institute for Medical Research , now Rockefeller University , where he worked for Simon Flexner . He was also staff pathologist at Rockefeller Hospital . His early research interests included hematology and poliomyelitis . He worked at Rockefeller until 1939 .",في عام 1929، انضم رودز إلى طاقم معهد روكفلر للبحوث الطبية، الذي يُعرف الآن بجامعة روكفلر، حيث عمل مع سايمون فلكسنر. كما كان أخصائي علم الأمراض في مستشفى روكفلر. شملت اهتماماته البحثية المبكرة علم الدم وشلل الأطفال. عمل في روكفلر حتى عام 1939.,46,GENERATED
data50223,WIKI_C_03105,C,السارجان ماجور فيديريكو بيريز جونيور خدم فالمارين كورس كثر من 30 عام فبزاف ديال البوسطات ودابا راه پرسونيل سارجان ماجور ديال المارين كورس فالمركز الرئيسي ديال المارين كورس فكوانتيكو، فرجينيا.,"el sarjan major federico perez jr. khdem fel marine corps ktar men 30 3am f bezzaf dial l postat w daba rah personnel sarjan major dial el marine corps fel merkez el ra2issi dial el marine corps f quantico, f virginia.","Sergeant Major Federico Perez Jr . , has served in the Marine Corps for over 30 years in various positions and is currently the Personnel Sergeant Major of the Marine Corps at Marine Corps Headquarters in Quantico , Virginia .",خدم الرقيب الأول فيديريكو بيريز جونيور في سلاح مشاة البحرية لأكثر من 30 عامًا في مناصب مختلفة، وهو حاليًا الرقيب الأول لشؤون الأفراد في سلاح مشاة البحرية في مقر سلاح مشاة البحرية في كوانتيكو بولاية فرجينيا.,30,GENERATED
data50224,WIKI_D_04430,D,"مكارتني خدا السمية ديال ""مارثا ماي دير"" من الكلبة ديالو الراعية، ولكن الكلمات ماعندها علاقة بيها. التراكة كاملة معزوفة منو هو مع موسيقيين ديال السيونس، ومفيها حتى شي واحد آخر من البيتلز. مارتن دار تلحين ديال فرقة نحاسية لهاد التراكة.","mcartni khda smya dyal ""marta may dir"" mn klbtu ra3iya, lkin klimit ma3ndha 3alaqa biha. traka kamla m3zofa mno huwa ma3 musiqiyyin dyal siṣons, w mafiha hatta shi wa7d akhr mn lbitlz. martin dar tal7in dyal firqa na7siya lid ta7d traka.","McCartney got the title of "" Martha My Dear "" from his sheepdog , but the lyrics are otherwise unrelated . The entire track is played by him backed with session musicians , and features no other Beatles . Martin composed a brass band arrangement for the track .","حصل مكارتني على لقب ""مارثا ماي دير"" من كلبته الراعية، لكن الكلمات بخلاف ذلك غير مرتبطة. المقطوعة بأكملها يعزفها هو مدعومًا بموسيقيي جلسات، ولا تضم أيًا من أعضاء البيتلز الآخرين. قام مارتن بتأليف توزيع لفرقة نحاسية للمقطوعة.",40,GENERATED
data50225,WIKI_D_00753,D,لغرايس، النص @-@ سلالة (métis) اللي ما معروفش الأصل ديالها ولاّ اللي خرجو سبور، خاص ياخدو من عند الجناينيّة سميات مزوقين (noms de fantaisie) باللغة اللي كانهضرو بيها، يكونو مختلفين بزاف على السميات باللاتينية ديال الأنواع ولاّ الأصناف.,"lghrayss, nuss ssa_la (métis) lli ma ma3ruuush l'asl dyalha wlla lli khreju sports, khass yakhdu min 3nd ljnaynniyya smiyyt mzawwiqin (noms de fantaisie) bl-lghat lli kanhdru biha, ykuunu mukhtalifin bzzaf 3la smiyyt bl-latin dyal l'anwa3 wlla l'asnaf.",""" Seedlings , half @-@ breeds ( métis ) of unknown origin or sports should receive from horticulturists fancy names ( noms de fantaisie ) in common language , as distinct as possible from the Latin names of species or varieties . """,يجب أن تحصل الشتلات، والهجن (métis) غير معروفة الأصل، أو الطفرات (sports)، على أسماء خيالية (noms de fantaisie) باللغة الدارجة من البستانيين، وأن تكون مميزة قدر الإمكان عن الأسماء اللاتينية للأنواع أو الأصناف.,38,GENERATED
data50226,WIKI_C_00202,C,فاش كانت خدامة، التاور بدا كايميل و الحراس ديّاوه حولوا الفراش كامل لواحد الجنب. المشكل تزاد تفاقم مورا الإعصار ديال نيو إنجلاند ديال عام 1938.,"fach kanet khadama, ltawer bda kaymil w lhrass ddiwuh hwlw lfrash kamel l wahed l jne. lemchkel tzad tfaqem mura l i3sar dyal new england dyal 3am 1938.","During its service , the tower began to tilt and the keepers moved all the furniture to one side of the tower . The problem was reported to have been exacerbated following the 1938 New England hurricane .",خلال خدمتها، بدأ البرج يميل ونقل الحراس جميع الأثاث إلى جانب واحد من البرج. وأفيد أن المشكلة تفاقمت عقب إعصار نيو إنجلاند عام 1938.,25,GENERATED
data50227,DATA_4084,A,ومكايناش علام كبير من الاهتمام,o makaynach 3alam kbir mn l2ihtimam,And there's no big world of interest,ولا يوجد عالم كبير من الاهتمام,7,PARTIALLY VALIDATED
data50228,DATA_1682,A,علاش كنت كانقلب ف الحياة?,3lach knt kan9lab f l7ayat?,what I was looking for in life?,ما الذي كنت أبحث عنه في الحياة؟,7,PARTIALLY VALIDATED
data50229,DATA_24464,B,ف 1888 انضمّ لنادي بون و كروكيت اللي عاد تأسس، واحد المنظمة ديال الحفاظ على الحياة البرية اللي أسسها ثيودور روزفلت و جورج بيرد غرينيل.,"f 1888 ndam l-nadi boun u kroukit li 3ad t'essess, wa7ed l-monaddama dyal l-7ifad 3la l-7ayat l-barriya li essess'ha thiyodor rouzfelt u jourj bird ghrinil.","In 1888 he joined the newly formed Boone and Crockett Club , a wildlife conservation organization founded by Theodore Roosevelt and George Bird Grinnell .",في عام ١٨٨٨، انضم إلى نادي بون آند كروكيت الذي تأسس حديثاً، وهو منظمة للحفاظ على الحياة البرية أسسها ثيودور روزفلت وجورج بيرد غرينيل.,25,GENERATED
data50230,DATA_20790,B,________، 1990 @.@ v. 2 روابط ديال الوصف و المحتويات و معاينة ديال ملخص الفصول @-@.,...، 1990 @.@ v. 2 rwabat dyal lwsf u lmhtawyate u m3ayana dyal mlexs lfsul @-@.,"_ _ _ _ _ , 1990 @.@ v. 2 links for description & contents and chapter @-@ outline previews .", ، ١٩٩٠ . ٢ روابط للوصف والمحتويات وعرض موجز للفصول .,21,GENERATED
data50231,DATA_9286,A,مابقيتش باغي نديك عند الإمام,mab9itch baghi ndik 3end limam,i will take you to the imam,سآخذك إلى الإمام,7,PARTIALLY VALIDATED
data50232,WIKI_C_11327,C,الحجرة المنقوشة سم 46 (الموقع) كانت بالستيل راك و كانت فيها جوج فاصلة صفر خمسة ميترو (ستة دالقدم و تسعود دالبوص) فالطول و صفر فاصلة ستة و تمانين ميترو (جوج دالقدم و عشرة دالبوص) فالعرض.,l7egra lmn9ousha sm 46 (l mawqe3) kanet b stail raak w kanet fina jouj fasila sifr khamsa metro (stta d l qdem w ts3oud d lbos) fal tool w sifr fasila stta w tamanin metro (jouj d l qdem w 3chour d lbos) fal 3ard.,Runestone Sm 46 ( location ) was in the style RAK and it was 2 @.@ 05 m ( 6 ft 9 in ) high and 0 @.@ 86 m ( 2 ft 10 in ) wide .,"كانت الحجرية المنقوشة ""سم 46"" (الموقع) على طراز ""راك""، وبلغ ارتفاعها 2.05 متر (6 أقدام و 9 بوصات)، وعرضها 0.86 متر (قدمان و 10 بوصات).",35,GENERATED
data50233,DATA_6121,A,فين كاينا المسبانة؟,fin kayna lmasbana?,"where is the laundry room, please?",أين غرفة الغسيل، من فضلك؟,6,PARTIALLY VALIDATED
data50234,DATA_2469,A,هادي هي نظرية,hadi hi naDariya,this is just a theory,هذه مجرد نظرية,5,PARTIALLY VALIDATED
data50235,WIKI_C_05012,C,روبرتس كان معروف عليه كان كيقدر يرمي الكورة من زوايا خايبة بزاف و هو قريب، و زيد عليها كان كيدخل بيها من بعيد فين مدافع ما يوصلش ليه عادة.,"roberts kan ma3rof 3lih kan kay9der yermi lkora mn zwaya khayba bzaf w huwa qrib, w zid 3liha kan kayd5ol biha mn b3id fin mdafe3 ma yوصolch lih 3adta.","Roberts was noted for being able to get his shot off at very bad angles from close in , as well as drive it in from far outside the reach and typical positional range of defenceman .",اشتهر روبرتس بقدرته على تسديد الكرة من زوايا صعبة للغاية عن قرب، وكذلك قدرته على التقدم بالكرة من مسافات بعيدة خارج نطاق وصول المدافعين ومدى تمركزهم المعتاد.,29,GENERATED
data50236,WIKI_C_12327,C,بحال شّْلايْك لخرين ديال الجدول الدوري، لعناصر ديال المجموعة 12 كيبينو شي نماذج ف التوزيع الإلكتروني ديالهم، بالخصوص الطبقات الخارجية، و هادشي كيدي ل شي توجهات ف السلوك الكيميائي ديالهم.,"bhal shlayekh lkhreyn dyal l Jadwal ad Dawri, l anasir dyal l majmu3a 12 kaybayno shi namazij fi ttawzi3 iliktroni dyalhom, bel khosos at tabaqat al kharijiya, w hadshi kaywaddi li shi tawajjuhath fi s-suluk al kimiya'i dyalhom.","Like other groups of the periodic table , the members of group 12 show patterns in its electron configuration , especially the outermost shells , which result in trends in their chemical behavior :",مثل المجموعات الأخرى في الجدول الدوري، يُظهر أعضاء المجموعة 12 أنماطًا في تكوينهم الإلكتروني، خاصة الأغلفة الخارجية، مما يؤدي إلى اتجاهات في سلوكهم الكيميائي.,30,GENERATED
data50237,WIKI_C_00591,C,واشمن كانت وحدة من جوج د الكوميكس، هي وباتمان: عودة الفارس الظلام، اللي عاونو المصمم ڤينسنت... سميتو... باش يخلق الخط د كوميك سانس.,"washman kanet wa7da men joj d lcomics, hiya w batman: 3awdat lfaris l-dlam, lli 3awno lmsammem vincent <unk> bach yakhlo9 lkhat d comic sans.","Watchmen was one of the two comic books , alongside Batman : The Dark Knight Returns , that inspired designer Vincent <unk> when he created the Comic Sans font .","كان كتاب ""Watchmen"" أحد كتابي القصص المصورة، إلى جانب ""Batman: The Dark Knight Returns""، اللذين ألهم المصمم فينسنت <unk> عند ابتكاره لخط Comic Sans.",23,GENERATED
data50238,WIKI_D_11391,D,بان بالي النسب ديال التصلب اللويحي كيبانو كيتزادو؛ هادشي يقدر يكون غير حيت التشخيص ولا أحسن. الدراسات على <unk> والأنماط الجغرافية كانوا شائعين و وصلونا لبزاف ديال النظريات على السبب.,ban bali n-nisba dyal t-tasallub l-lwih7i kaybano kaytzado; hadchi yqdr ykon ghir 7it t-tashkhis wla a7san. d-drassat 3la <unk> w-l-anmat l-jughrafiyya kano shaye3in w wsso-lna l-bzaf dyal n-nadhariyat 3la s-sbab.,"Rates of MS appear to be increasing ; this , however , may be explained simply by better diagnosis . Studies on <unk> and geographical patterns have been common and have led to a number of theories about the cause .",يبدو أن معدلات التصلب المتعدد آخذة في الزيادة؛ ومع ذلك، قد يُفسر ذلك ببساطة عن طريق تشخيص أفضل. كانت الدراسات حول <unk> والأنماط الجغرافية شائعة وأدت إلى عدد من النظريات حول السبب.,30,GENERATED
data50239,WIKI_C_08983,C,الفيلم خرج فديڤيدي و بلو راي فالميريكان نهار جوج دجنبر 2011 و فبريطانيا نهار ستة فبراير 2012.,el film khrej f DVD w Blu Ray f lMerikan nhar 2 december 2011 w f Britanya nhar 6 febrir 2012.,"The film was released on DVD and Blu @-@ ray Disc in the United States on December 2 , 2011 and in the United Kingdom on February 6 , 2012 .",صدر الفيلم على أقراص دي في دي وبلو راي في الولايات المتحدة في 2 ديسمبر 2011 وفي المملكة المتحدة في 6 فبراير 2012.,17,GENERATED
data50240,DATA_12232,A,عمرك تستقل وتبعد من واليديك,3emrek t sta9al ou tbe3ed men walidik,you should never retire and be a part from your parents,لا ينبغي لك أبداً أن تعتزل وتكون بمنأى عن والديك,11,PARTIALLY VALIDATED
data50241,WIKI_D_11033,D,شاتمان وصل كولومبيا كريستيان لبطولة جمعية الأنشطة المدرسية فأوريݣون ( <unk> ) القسم 1A على حساب هورايزن كريستيان سكولز ف 8 مارس 2014. وف 10 مارس، كان واحد من 26 لاعب اللي تختارو ل Jordan Brand Classic اللي داز ف 18 أبريل 2014.,"chatman wasal columbia christian l-butwla dyal jam3iyat l-anxi7a l-mdrasiya f oregon ( <unk> ) l-qism 1a 3la 7sab horizon christian schools f 8 mars 2014. w f 10 mars, kan wa7d men 26 la3b li t7idaw l jordan brand classic li daz f 18 abril 2014.","Chatman led Columbia Christian to the Oregon School Activities Association ( <unk> ) Class 1A championship over Horizon Christian Schools on March 8 , 2014 . On March 10 , he was one of 26 players selected for the April 18 , 2014 Jordan Brand Classic .",قاد تشاتمان فريق كولومبيا كريستيان إلى بطولة القسم 1A في رابطة أنشطة مدارس أوريغون ( <unk> ) على حساب مدارس هورايزن كريستيان في 8 مارس 2014. وفي 10 مارس، كان أحد 26 لاعبًا تم اختيارهم لبطولة جوردان براند كلاسيك في 18 أبريل 2014.,43,GENERATED
data50242,DATA_12712,B,لأفريكان تطلقّات ف الأخير مورا ما مات مايربير ف صالة لو پيلتيي ف 28 أبريل 1865 ف نسخة ديال العرض تعدلات من طرف فرانسوا جوزيف فيتيس.,L'Afriquaine tellaqat fel-akher moura ma mat Meyerbeer f salle Le Pelletier f 28 avril 1865 f neskha dyal l-3ard t-3eddat men taraf François-Joseph Fétis.,L 'Africaine was eventually premiered after Meyerbeer 's death at the Salle Le Peletier on 28 April 1865 in a performing edition undertaken by François @-@ Joseph Fétis .,عُرضت مسرحية «الأفريقية» في النهاية بعد وفاة مايربير في قاعة لو بليتييه في 28 أبريل 1865 في نسخة أدائية قام بها فرانسوا جوزيف فيتيس.,29,GENERATED
data50243,WIKI_D_07760,D,هاد المعادلة كاتقترح باللي أحسن مذيب لمعالجة كاربونات اليورانيوم هو خليط ديال الكاربونات مع البيكاربونات. ف pH طالع، هادشي كيدي للترسب ديال ديورانات، اللي كيتعالج بالهيدروجين بحضور النيكل وكيعطي يورانيوم غير قابل للذوبان <unk>.,"had lmo3dala kat9tar7 bl2a7san mdib lmo3aljat karbonat lyouranium howa khaliT dyal lkarbonat ma3a lbykarbonat. f pH Tal3, hadchi kaydi lltrassob dyal diouranat, li kayt3alej blhydروجine b7oDor nikel wkay3ti youranium ghir qabel llthawab <unk>.","This equation suggests that the best solvent for the uranium carbonate processing is a mixture of carbonate with bicarbonate . At high pH , this results in precipitation of diuranate , which is treated with hydrogen in the presence of nickel yielding an insoluble uranium <unk> .",تقترح هذه المعادلة أن أفضل مذيب لمعالجة كربونات اليورانيوم هو خليط من الكربونات مع البيكربونات. عند درجة حموضة عالية، يؤدي هذا إلى ترسيب ثنائي اليورانيوم، الذي يُعالج بالهيدروجين في وجود النيكل لينتج يورانيوم غير قابل للذوبان <unk>.,34,GENERATED
data50244,DATA_9172,A,مابقيتش باغي ن تحدّاه حيت ماكيردش ملي كايخسر,mab9itch baghi n t7eddah 7it makirdsch mli kay5ser,i will not contest him,لن أنافسه,5,PARTIALLY VALIDATED
data50245,DATA_10066,A,كان كيسحاب ليا غادي يجمع الحوايج ديال واليديه,kan kis7ab liya ghadi yjme3 l7wayj dial walidih,i thought that he gathered clothes for his parents,اعتقدت أنه جمع ملابس لوالديه,9,PARTIALLY VALIDATED
data50246,WIKI_D_08907,D,من بعد ما سالا الشݣا بين المشاة، المدفعية ديال الاتحاد بقات كدوي فوق التلة. حبسو الطلاق مع 8 ونص د العشية، وخلاو واحد الضبابة ديال الدخان على الحافة ديال القمة، وسالاو الحركة ف مالڤرن هيل.,"mn ba3d ma sala cha9a bin l-mshat, l-mdfa3iya dyal l-itti7ad b9at kdoui fo9 t-talla. 7abso t-tla9 m3a 8 w nuss d l-3chiya, w khallaw wa7d dba9a dyal d-dokhan 3la l-7affa dyal l-qimma, w sallaw l-7araka f Malvern Hill.","With the infantry part of the battle over , Union artillery continued to boom across the hill . They stopped firing at 8 : 30 pm , leaving a wreath of smoke upon the crest 's edge , and ending the action on Malvern Hill .",بعد انتهاء الجزء المتعلق بالمشاة من المعركة، استمر مدفعية الاتحاد في القصف عبر التل. توقفوا عن إطلاق النار في الساعة الثامنة والنصف مساءً، تاركين إكليلاً من الدخان على حافة القمة، منهين بذلك العمليات في تل مالفيرن.,35,GENERATED
data50247,WIKI_D_07848,D,مصلحة المتنزهات الوطنية والحياة البرية ديال نيو ساوث ويلز بدات واحد الخطة في 2007 باش تنقص من أعداد برومبيز بالترصيد السلبي في متنزه أوكسلي وايلد ريفرز الوطني. دابا كثر من 60 برومبيز اللي تشدو في مضيق نهر أپسلي عاودو دارولهم إعادة توطين.,msal7t lmtnzhat lwtnya w l7yat lbrwiya dyal new south wales bdat wa7d l7tta f 2007 bach tnqes mn a3dad brumbies btrsid slbi f mtnz7 oxley wild rivers lwtni. daba ktar mn 60 brumbies lli tchdo f mdi9 nahr apsley 3awdo darolhom i3adt twtin.,The NSW National Parks and Wildlife Service commenced a plan in 2007 to reduce Brumby numbers by passive trapping in the Oxley Wild Rivers National Park . Over 60 Brumbies captured in the Apsley River Gorge have now been re @-@ homed .,بدأت هيئة المتنزهات الوطنية والحياة البرية في نيو ساوث ويلز خطة في عام 2007 لتقليل أعداد الخيول البرية (برومبيز) عن طريق الاحتجاز السلبي في متنزه أوكسلي وايلد ريفرز الوطني. وقد تمت إعادة توطين أكثر من 60 من الخيول البرية التي تم اصطيادها في مضيق نهر أبسلي.,42,GENERATED
data50248,WIKI_C_05735,C,ويليام مونتاڭو، لمعروف ب دي مونتاكوت، أول إيرل ديال سالزبوري، التالت بارون مونتاڭو، ماليك ديال مان (1301-30 يناير 1344) كان واحد النبيل إنجليزي وخدام مطيع للملك إدوارد التالت.,"wilyam montaġu, lma3ruf b di montaġut, awwal earl dyal salzbury, talt baron montaġu, malik dyal man (1301-30 yanayr 1344) kan wa7d nabil inziliizi w khadam mti3 lmalik edward talt.","William Montagu , alias de Montacute , 1st Earl of Salisbury , 3rd Baron Montagu , King of Mann ( 1301 – 30 January 1344 ) was an English nobleman and loyal servant of King Edward III .",وليام مونتاغو، المعروف باسم دي مونتاكوت، أول إيرل لسولسبري، البارون الثالث لمونتاغو، ملك مان (1301 – 30 يناير 1344)، كان نبيلًا إنجليزيًا وخادمًا مخلصًا للملك إدوارد الثالث.,28,GENERATED
data50249,DATA_14035,B,"Okay, I'm ready. Please provide the English text you want me to translate to Moroccan Darija. I will provide the translation with the past tense marker after each verb, and pronunciation when necessary.","Okay, i'm ready. Please provide the English text you want me to translate to Moroccan Darija. I will provide the translation with the past tense marker after each verb, and pronunciation when necessary.","Each verb is listed with its past tense marker , which is the second morpheme . Pronunciation given where appropriate .",يُسرد كل فعل مع علامته الدالة على الماضي، وهي المورفيم الثاني. يُعطى النطق عند الاقتضاء.,21,GENERATED
data50250,WIKI_C_07000,C,اش دارت الحكومة لفلوسنا؟ دار النشر Pine Tree، عام 1963؛ إعادة طبع النص الكامل، معهد Mises، عام 1980؛ كتاب مسموع، رقم ISBN 0 @-@ 945466 @-@ 44 @-@ 7,"ash dart l7kouma lflousna? dar nashr Pine Tree, 3am 1963; i3adet tab3 nass kamel, ma3had Mises, 3am 1980; ktab masmou3, raqm ISBN 0-945466-44-7","What Has Government Done to Our Money ? , Pine Tree Press , 1963 ; Full text reprint , Mises Institute , 1980 ; Audio book , ISBN 0 @-@ 945466 @-@ 44 @-@ 7",ماذا فعلت الحكومة بأموالنا؟، مطبعة باين تري، 1963؛ إعادة طبع النص الكامل، معهد ميزس، 1980؛ كتاب صوتي، رقم ISBN 0-945466-44-7,29,GENERATED
data50251,DATA_5527,A,خلّيت تّقرير ديالي فوق لبورو,khllit tte9rir dyali fo9 lburou,I have left my report at the desk,تركت تقريري على المكتب,8,PARTIALLY VALIDATED
data50252,WIKI_D_08755,D,"لكتاب ديال الموتى فيه سبعة ديال الفصول و واحد المقدمة. الفصول مسميين ""كلشي على الموتى الأحياء""، ""خيارات الشخصية""، ""الطبقات المرموقة""، ""تعاويذ""، ""معدات""، ""وحوش جداد"" و ""حملات"".","lktab dyal lmwta fih sebba dyal lfsol w wa7d lmo9ddma. lfsol mssmyin ""kolschi 3la lmwta l a7ya2"", ""khtyaratt chakhsiya"", ""ttaba9at lmarmoou7a"", ""t3awidh"", ""mo2ddat"", ""wohosch jdad"" w ""7amlat"".","Libris Mortis has seven chapters and an introduction . The chapters are named "" All About Undead "" , "" Character Options "" , "" Prestige Classes "" , "" Spells "" , "" Equipment "" , "" New Monsters "" and "" Campaigns "" .","يحتوي كتاب الموتى على سبعة فصول ومقدمة. تُسمى الفصول ""كل شيء عن الموتى الأحياء""، و""خيارات الشخصية""، و""فئات الشرف""، و""التعاويذ""، و""المعدات""، و""وحوش جديدة""، و""الحملات"".",26,GENERATED
data50253,WIKI_C_07711,C,"بالعكس، جوفوفيتش ترشحات لرازي على أسوأ ممثلة مساعدة، وكريس تاكر ترشح لأسوأ نجم جديد على قبل تمثيلو ف ""العنصر الخامس"" و ""Money Talks"".","bel3ks, Jovovich tarash7at l Razzie 3la aswa2 momthila mosa3ida, w Chris Tucker tarash7 l aswa2 najm jdid 3la 9bel tamthilo f ""l 3onsor l khamis"" w ""Money Talks"".","Conversely , Jovovich received a Razzie nomination for Worst Supporting Actress , and Chris Tucker was nominated for Worst New Star for his performances in both The Fifth Element and Money Talks .","وعلى العكس من ذلك، تلقت جوفوفيتش ترشيحًا لجائزة رازّي عن فئة أسوأ ممثلة مساعدة، ورُشِّح كريس تاكر لجائزة أسوأ نجم جديد عن أدائه في فيلمي ""العنصر الخامس"" و ""Money Talks"".",23,GENERATED
data50254,DATA_15523,B,خاص التعليم والتفسير والترويج للتراث المحلي يستمروا، مع تطوير المعرفة بالحيوانات وتوفير مراقبة النباتات.,"khas tta3lim w t تفسير w ttarwij lttorat lmahali ystamerro, m3a tawtir alma3rifa b lhayawanat w tawfir morakabat nnabatat.","The education , interpretation and promotion of local heritage missions should also be continued , while the fauna knowledge was to be developed and floristic monitoring provided .",يجب أيضاً مواصلة مهام التعليم والتفسير والترويج للتراث المحلي، مع تطوير المعارف المتعلقة بالحيوانات وتوفير الرصد النباتي.,28,GENERATED
data50255,WIKI_C_06628,C,الجو ف بوسطن عموما نقي بزاف : ف ديك عشر سنين مابين 2004 و 2013، كانت غير ربعة أيام اللي كان الهوا خايب على عامة الناس، على حساب EPA.,"l jaw f bostn 3moman naqi bzaf : f dik 3schr snin mabinin 2004 w 2013, kanat ghir rba3 ayam lli kan lhwa khayb 3la 3amt nass, 3la hesab EPA.","Air quality in Boston is generally very good : during the ten @-@ year period 2004 – 2013 , there were only 4 days in which the air was unhealthy for the general public , according to the EPA .",جودة الهواء في بوسطن جيدة جدًا بشكل عام: خلال فترة العشر سنوات من 2004 إلى 2013، كان هناك 4 أيام فقط كان فيها الهواء غير صحي للعامة، وفقًا لوكالة حماية البيئة.,29,GENERATED
data50256,WIKI_D_00725,D,ماعروفش بزاف على الموت ديال فان رينسيلاير، وحتى المصادر مكيتفقوش على العام. فان رينسيلاير تدفن فالأودة كيرك ف أمستردام. النقش التذكاري ديالو كيكتب بلي تدفن فالكنيسة ف 7 أكتوبر 1643.,"m3rouch bezzaf 3la l mout dyal van rensselaer, w lmaSader makiytaf9ouch 3la l3am. van rensselaer tdfen f l'oude kerk f amsterdam. l'na9sh tdhikari dyalo kayktb bli tdfen f lkenisa f 7 october 1643.","Little is known about van Rensselaer 's death , and sources even disagree on the year . Van Rensselaer was interred in the Oude Kerk in Amsterdam . His memorial stone states he was buried in the church on October 7 , 1643 .",القليل معروف عن وفاة فان رينسيلار، والمصادر تختلف حتى بشأن السنة. دُفن فان رينسيلار في كنيسة الأودة في أمستردام. تنص شاهدة قبره على أنه دفن في الكنيسة في 7 أكتوبر 1643.,30,GENERATED
data50257,DATA_8208,A,كيهوت في المجموعة,kihot fi lmajmo3a,they post on the group,ينشرون في المجموعة,5,PARTIALLY VALIDATED
data50258,WIKI_D_09700,D,"""Health Care"" كانت الحلقة اللولة اللي كتبها الكاتب/الممثل Paul Lieberstein، اللي غادي يكتب حلقات خرين من بعد. و كانت حتى الحلقة اللولة اللي خرجها Ken Whittingham، اللي غادي يخرج حلقات خرين من بعد.","'Health Care' kant l'hala l-oula lli ktb-ha l-kâteb/l-mâmâthèl Paul Lieberstein, lli ghadi yktb 7lqât khoryn men b3d. W kant 7tâ l'hala l-oula lli khrej-ha Ken Whittingham, lli ghadi ykhrej 7lqât khoryn men b3d.",""" Health Care "" marked the first episode written by writer / actor Paul Lieberstein , who would go on to write several other episodes . It also marked the first episode directed by Ken Whittingham , who would go on to direct several other episodes .","مثلت ""الرعاية الصحية"" الحلقة الأولى التي كتبها الكاتب/الممثل بول ليبرشتاين، الذي استمر في كتابة حلقات أخرى. كما مثلت الحلقة الأولى التي أخرجها كين ويتينغهام، الذي استمر في إخراج حلقات أخرى.",33,GENERATED
data50259,DATA_7096,A,وصف راسك ف تلاتة ديال كلمات,wsef rassk f tlata dial klmat,describe yourself in three words,صف نفسك في ثلاث كلمات,5,PARTIALLY VALIDATED
data50260,WIKI_C_11615,C,"إيڤان ستانغ؛ مؤسسة ساب جينيوس (1994).  Revelation X: the ""Bob"" Apocryphon: مكلف باش يتقرا فالكنايس. سايمون و شوستر. ISBN 978 @-@ 0 @-@ 671 @-@ <unk> @-@ 8.","ivan stang; مؤسسة subgenius (1994). Revelation X: the ""bob"" apocryphon: mkel laf yitqra f lkanayes. simon & Schuster. isbn 978-0-671-<unk>-8.","Ivan Stang ; SubGenius Foundation ( 1994 ) . Revelation X : the "" Bob "" Apocryphon : Appointed to be Read in Churches . Simon & Schuster . ISBN 978 @-@ 0 @-@ 671 @-@ <unk> @-@ 8 .","إيفان ستانغ؛ مؤسسة ساب جينيوس (1994). Revelation X: The ""Bob"" Apocryphon: معيّن ليُقرأ في الكنائس. سايمون آند شوستر. ISBN 978-0-671-<unk>-8.",28,GENERATED
data50261,DATA_15851,B,"راي ستيڤنز دار واحد النسخة كاونتري/بلوڭراس فالألبوم ديالو ""I Never Made a Record I Didn't Like"".","Ray Stevens dar wa7ed noskha country/bluegrass f l'album dialo ""I Never Made a Record I Didn't Like"".",Ray Stevens performed a country / bluegrass version on his album I Never Made a Record I Didn 't Like .,"قدم راي ستيفنز نسخة من موسيقى الكانتري / البلوجراس في ألبومه ""لم أصنع أبداً سجلاً لم أحبه"".",21,GENERATED
data50262,WIKI_D_02149,D,"اللي كتزيد دقة ديالو كل ما كبر الأساس ديال اللوغاريتم. التقريب يمكن يولي مضبوط ب استخراج واحد الثابتة h، لي مسمية تشبها ل ثابتة بلانك من ميكانيك الكم، و ب أخد ""الحد الكلاسيكي"" فاش h كاتمشي ل الزيرو:","lli katzid dqa dyalo kol ma kbar l'asas dyal logaritm. Tta9rib ymken yuli mdbut b istikharaj wa7d thabta h, li msammya tshbha l thabta Planck mn mikaniik l kam, w b akhd ""l7edd lklassiki"" fash h katmchi l zero:","which becomes more accurate as the base of the logarithm increases . The approximation can be made exact by extracting a constant h , named by analogy with Planck 's constant from quantum mechanics , and taking the "" classical limit "" as h tends to zero :","والذي تزداد دقته كلما زاد أساس اللوغاريتم. ويمكن جعل التقريب دقيقًا باستخراج ثابت ""h""، والذي سُمي قياسًا على ثابت بلانك في ميكانيكا الكم، وأخذ ""الحد الكلاسيكي"" عندما تؤول ""h"" إلى الصفر:",38,GENERATED
data50263,WIKI_C_02099,C,دورلينݣ، نانسي ڤاين (1997). جان رونار وفن الرومانس: مقالات على ويليام دي دول. UP ديال فلوريدا. ISBN 0 @-@ <unk> @-@ 1495 @-@ 6.,"dorling, nancy vine (1997). jean renart w فن ar-romance: maqalat 3la guillaume de dole. UP dial florida. ISBN 0 @-@ <unk> @-@ 1495 @-@ 6.","Durling , Nancy Vine ( 1997 ) . Jean Renart and the Art of Romance : Essays on Guillaume de Dole . UP of Florida . ISBN 0 @-@ <unk> @-@ 1495 @-@ 6 .",دورلينغ، نانسي فاين (1997). جان رينار وفن الرومانس: مقالات عن غيوم دي دول. مطبعة فلوريدا. ردمك 0 @-@ <unk> @-@ 1495 @-@ 6.,24,GENERATED
data50264,DATA_20270,B,ستيوارت، إيان. شنو هو الشكل ديال واحد الندفة دالثلج؟ أرقام سحرية فالطبيعة. وايدنفيلد آند نيكولسون، 2001.,"stiwart, iyan. shnu huwa shekl dyal wa7ed nndfa dthelaj? ar9am si7riya f ttabi3a. waidenfield and nicolson, 2001.","Stewart , Ian . What Shape is a Snowflake ? Magical Numbers in Nature . Weidenfeld & Nicolson , 2001 .",ستيوارت، إيان. ما شكل ندفة الثلج؟ الأرقام السحرية في الطبيعة. وايدنفيلد ونيكلسون، 2001.,21,GENERATED
data50265,WIKI_D_07690,D,"المفتي أصرّ: ""أهم مهمة ديال هاد الفرقة خاص تكون هي تحمي البلاد و العائلات [ديال المتطوعين البوسنيين]؛ الفرقة ما خاصش يسمح ليها تخرج من البوسنة""، ولكن الألمان ماداوهاش فيه.","lmofti sarr: ""2hom 2hm mimma dyal had lferqa khas tkoun hia t7mi lbled w l3aylat [dyal lmotataw3in lboSnyin] ; lferqa ma khasch ySma7 lih tkhrej men lBoSna"", walakin l2alman madawhach fih.","The Mufti insisted , "" The most important task of this division must be to protect the homeland and families [ of the Bosnian volunteers ] ; the division must not be permitted to leave Bosnia "" , but the Germans paid no attention .","أصر المفتي قائلاً: ""إن أهم مهمة لهذه الفرقة يجب أن تكون حماية الوطن والعائلات [للمتطوعين البوسنيين]؛ ويجب عدم السماح لهذه الفرقة بمغادرة البوسنة""، لكن الألمان لم يولوا اهتماماً.",29,GENERATED
data50266,DATA_19887,B,"في ساوث بارك: أكبر، أطول وغير مقطوع، الأغنية كتتّقلد من طرف Big Gay Al فاش كيغنّي أغنية ""I'm Super"".","Fi South Park: Akbar, Atwal w Ghir Maqtou3, L'ughniya katkettqalled men taraf Big Gay Al fash keyghanni ughniyat ""I'm Super"".","In South Park : Bigger , Longer and Uncut , the song is parodied by Big Gay Al when he performs the song "" I 'm Super "" .","في فيلم ساوث بارك: أكبر، أطول، وأكثر جرأة، يسخر بيغ غاي آل من الأغنية عندما يؤدي أغنية ""أنا خارق"".",29,GENERATED
data50267,WIKI_C_11969,C,إذن، القبول يقدر يتوصل بواحدة من جوج طرق؛ يا إما الوصي يعبر نيشان على القبول ديالو، يا إما بالإيحاء من خلال عدم الرفض.,"idhn, l-qbuul yqdder yetwessl b-wa7da mn juuj truq; ymma l-wsiye yebrr neeshan 3la l-qbuul dyalu, ymma bl-i7aa2 mn khilaal 3adm r-rfD.","Acceptance , therefore , can be communicated in one of two ways ; either by the trustee directly stating his acceptance , or by implying it through not declining .",إذًا، يمكن الإبلاغ عن القبول بإحدى طريقتين؛ إما أن يصرح الوصي بقبوله مباشرة، أو أن يلمح إليه بعدم الرفض.,23,GENERATED
data50268,DATA_1790,A,ماكانش هجومي ولكن كان معقول,makanch 8ojoumi walakin kan m39oul,It wasn't offensive but realistic,لم يكن الأمر مسيئًا ولكنه كان واقعيًا,5,PARTIALLY VALIDATED
data50269,DATA_0199,A,كنخاف لماعمرو يعاود يرجع,kant hadik hia Tari9a lwahida bach nj3lohom irddo lina makltna,i'm afraid he wont be returning,كانت هذه هي الطريقة الوحيدة لجعلهم يعيدون لنا طعامنا,14,PARTIALLY VALIDATED
data50270,DATA_7381,A,كيڭولو عندهوم واحد ريزو ديال فروت دي مير نادي,kigoulou 3endhom wa7ed risotto dial fruit de mer nadi,i've heard they have a fantastic seafood risotto,لقد سمعت أن لديهم ريزوتو مأكولات بحرية رائع,8,PARTIALLY VALIDATED
data50271,WIKI_D_05163,D,فالوقت ديال الحرب، الهاكرز هاجمو السيتات ديال الحكومة الجورجية والسيتات ديال الأخبار وعطلو السيرفورات اللي مستضيفاهم. شي سيتات روسية ديال الأخبار حتى هي تهاجمات. شي خبراء قالو باللي هادي أول مرة فالتاريخ اللي هجمة سيبرانية مهمة ونزاع عسكري حقيقي وقعو فنفس الوقت.,"fwaqt dyal l7arb, lhakrs hajmo sitat dyal l7okoma ljorjiya w sitat dyal l2akhbar w 3attlo sofrorat lli mstdifahm. chi sitat rosia dyal l2akhbar htta hi t7ajmat. chi khobara 9alo bli haddi awwal marra f ttarikh lli hajma sipliraniya mohimma w nzua3 askari 7a9i9i w9ao f nafs lwaqt.","During the war , hackers attacked Georgian government and news websites and disabled host servers . Some Russian news websites were also attacked . Some experts noted this as the first time in history that a notable cyberattack and an actual military engagement happened at the same time .",خلال الحرب، هاجم قراصنة مواقع الحكومة الجورجية ومواقع الأخبار وقاموا بتعطيل الخوادم المضيفة. كما تعرضت بعض مواقع الأخبار الروسية للهجوم. وأشار بعض الخبراء إلى أن هذه هي المرة الأولى في التاريخ التي يحدث فيها هجوم سيبراني كبير واشتباك عسكري فعلي في نفس الوقت.,42,GENERATED
data50272,DATA_5072,A,نتا بحال خويا,nta b7al khoya,you are like a brother to me,أنت كالأخ بالنسبة لي,7,PARTIALLY VALIDATED
data50273,DATA_20828,B,"العائد بالدولار على الإيداعات بالدولار , <formula> , باين باللي كيساوي العائد بالدولار على الإيداعات باليورو , <formula> .","l3a2id b dollar 3la l2ida3at b dollar, <formula>, bayn balli kiساوي l3a2id b dollar 3la l2ida3at b euro, <formula>.","The dollar return on dollar deposits , <formula> , is shown to be equal to the dollar return on euro deposits , <formula> .",يُظهر عائد الدولار على ودائع الدولار، <formula>، أنه يساوي عائد الدولار على ودائع اليورو، <formula>.,24,GENERATED
data50274,DATA_6650,A,الرياضة كاتحافظ ليك على وزن سحي,riyada kat7afed lik 3la wzen si7iy,sports helps maintain a healthy weight,تساعد الرياضة في الحفاظ على وزن صحي,6,PARTIALLY VALIDATED
data50275,DATA_3572,A,تسنا، خاصني نشد كلبي,"tsna, khasni nchd klbi","Wait, I have to catch my dog",انتظر، يجب أن أمسك بكلبي,7,PARTIALLY VALIDATED
data50276,WIKI_C_04629,C,نازا قالت باللي المدار ديال مارس ريكونيسانس، و حتى المدار ديال مارس أوديسي و ماڤن، كانت عندهوم فرصة باش يشوفو الكوميت سايدينغ سبرينغ فاش داز قريب نهار 19 أكتوبر 2014.,"naza qalt blili l مدار dyal mars reconissance, w 7ta l مدار dyal mars odyssey w maven, kan 3ndhom frsa bach ychoufo l comet siding spring fach daz qrib nhar 19 oktober 2014.","NASA reported that the Mars Reconnaissance Orbiter , as well as the Mars Odyssey Orbiter and MAVEN orbiter had a chance to study the Comet Siding Spring flyby on October 19 , 2014 .",أفادت وكالة ناسا بأن المسبار المريخي للاستطلاع، وكذلك المسبار المريخي أوديسي والمسبار ماڤن، أتيحت لهم فرصة لدراسة اقتراب مذنب سايدنج سبرينغ في 19 أكتوبر 2014.,30,GENERATED
data50277,WIKI_D_04503,D,قبل ما يمشيو ل ميريكان، گيتا و پرابهاكار تلاقاو ب رامبابو باش يسمحو ليهم على داكشي اللي دارو، و عبرو على الأمل ديالهم باللي ڤارون غادي يرجع شي نهار. ولكن رامبابو قال ليهم بالمعنى باللي هو قتل ڤارون باش يحمي العائلة ديالو و طلب منهم يسمحو ليه.,"qbel ma ymshiw l merikan, gitta w prabhakar tlaqaw b rambabu bach ysma7o lihom 3la dakchi lli daro, w 3ebbro 3la l'amal dyalhom belli varun radi yreg3 shi nhar. walakin rambabu qal lihom bel ma3na belli huwa qtel varun bach yhmi l3a2ila dyalo w tleb منهم ysma7o lih.","Before leaving for the United States , Geetha and Prabhakar meet Rambabu to apologise for their deeds , and express their hope that Varun will return some day . But Rambabu indirectly tells them that he killed Varun to save his family and asks them to forgive him .",قبل مغادرتهم إلى الولايات المتحدة، تلتقي جيتا وبرابهاكار برامبابو للاعتذار عن أفعالهما، ويعربان عن أملهما في أن يعود فارون يومًا ما. لكن رامبابو يخبرهما بشكل غير مباشر أنه قتل فارون لإنقاذ عائلته ويطلب منهما أن يغفرا له.,47,GENERATED
data50278,wiki_2,B,"بيولوجيا
شيمي
ماط
طيكنولوجيا
لمغريب
تاريخ
جغرافيا
فلسفة

أديان




&nbsp;ساحة د جّماعة&nbsp;&nbsp;&nbsp;لبرلمان&nbsp;&nbsp;&nbsp;ميزان لكلام&nbsp;&nbsp;&nbsp;معاونة&nbsp;&nbsp;&nbsp;دّوزان&nbsp;&nbsp;&nbsp;على ويكيپيديا&nbsp;&nbsp;&nbsp;حقوق نشر&nbsp;&nbsp;&nbsp;باش نقدر نعاون
 &nbsp; &nbsp;


ليوم: لخميس 29 يناير 2026، موافق 10 شعبان 1447ھـ


\n\n\n\n\n [[فيشي:HSutvald2.svg|30px|link=|alt=]] لأرتيكل لمزيانة ديال ليوم \n&quot;,{&quot;template&quot;:{&quot;target&quot;:{&quot;wt&quot;:&quot;مقالة الصفحة اللولا لمزيانة&quot;,&quot;href&quot;:&quot;./موضيل:مقالة_الصفحة_اللولا_لمزيانة&quot;},&quot;params&quot;:{},&quot;i&quot;:2}},&quot;\n\n'''[[موضيل:مقالة الصفحة اللولا لمزيانة|بدل]]'''\n\n\n [[فيشي:HSBild.svg|30px|link=|alt=]] تصويرة لمزيانة ديال ليوم\n&quot;,{&quot;template&quot;:{&quot;target&quot;:{&quot;wt&quot;:&quot;التصويرة المزيانة د الصفحة اللولة&quot;,&quot;href&quot;:&quot;./موضيل:التصويرة_المزيانة_د_الصفحة_اللولة&quot;},&quot;params&quot;:{},&quot;i&quot;:3}},&quot;\n\n'''[[موضيل:صورة الصفحة الرئيسية المختارة|بدل]]'''\n\n\n [[فيشي:HS exclamationmark.svg|30px|link=|alt=]] ربط سلوݣية\n&quot;,{&quot;template&quot;:{&quot;target&quot;:{&quot;wt&quot;:&quot;ربط سلوݣية&quot;,&quot;href&quot;:&quot;./موضيل:ربط_سلوݣية&quot;},&quot;params&quot;:{},&quot;i&quot;:4}},&quot;\n\n'''[[موضيل:ربط سلوݣية|بدل]]'''\n\n\n [[فيشي:HS RTL Exclamation.svg|30px|link=|alt=]] واش ف خبارك ؟\n&quot;,{&quot;template&quot;:{&quot;target&quot;:{&quot;wt&quot;:&quot;واش كاتعرف هادشي&quot;,&quot;href&quot;:&quot;./موضيل:واش_كاتعرف_هادشي&quot;},&quot;params&quot;:{},&quot;i&quot;:5}},&quot;\n\n'''[[موضيل:واش كتعرف|بدل]]'''\n\n\n\n\n [[فيشي:HSWPedia.svg|30px|link=|alt=]] ويكيپيديا دارجة\n&quot;,{&quot;template&quot;:{&quot;target&quot;:{&quot;wt&quot;:&quot;Audio&quot;,&quot;href&quot;:&quot;./موضيل:Audio&quot;},&quot;params&quot;:{&quot;1&quot;:{&quot;wt&quot;:&quot;أوديو ويكيپيديا دارجة - دجنبر 2023.ogg&quot;},&quot;2&quot;:{&quot;wt&quot;:&quot;سمع&quot;}},&quot;i&quot;:6}},&quot;\nمشروع تشاركي باش نّتجو إنسيكلوپيديا حورة، فابور، ؤ متكاملة","biolojia
shimi
mat
tiknolojia
lmghrib
tari5
jografia
falsafa
adiyan
sah_a d j-jamaa
lbarlaman
mizan liklam
m3awana
dduzan
3la
wicipidya
5o9o9 nshir
bsh n9dr n3awn
li_wm: l5mis 29 yanayir 2026, mwaf9 10 sha3ban 1447h
fayshi:HSutvald2.svg|30px|link=|alt=]] l artikl lmaziana dyal li_wm
""{""template"":{""target"":{""wt"":""مقالة الصفحة اللولا لمزيانة"",""href"":""./موضيل:مقالة_الصفحة_اللولا_لمزيانة""},""params"":{},""i"":2}},""\n\n'''[[موضيل:مقالة الصفحة اللولا لمزيانة|بدل]]'''\n\n\n fayshi:HSBild.svg|30px|link=|alt=]] tswira lmaziana dyal li_wm
""{""template"":{""target"":{""wt"":""التصويرة المزيانة د الصفحة اللولة"",""href"":""./موضيل:التصويرة_المزيانة_د_الصفحة_اللولة""},""params"":{},""i"":3}},""\n\n'''[[موضيل:صورة الصفحة الرئيسية المختارة|بدل]]'''\n\n\n fayshi:HS exclamationmark.svg|30px|link=|alt=]] rabt sluwgiya
""{""template"":{""target"":{""wt"":""ربط سلوݣية"",""href"":""./موضيل:ربط_سلوݣية""},""params"":{},""i"":4}},""\n\n'''[[موضيل:ربط سلوݣية|بدل]]'''\n\n\n fayshi:HS RTL Exclamation.svg|30px|link=|alt=]] wach f 5bar_k?
""{""template"":{""target"":{""wt"":""واش كاتعرف هادشي"",""href"":""./موضيل:واش_كاتعرف_هادشي""},""params"":{},""i"":5}},""\n\n'''[[موضيل:واش كتعرف|بدل]]'''\n\n\n\n\n fayshi:HSWPedia.svg|30px|link=|alt=]] wicipidya darja
""{""template"":{""target"":{""wt"":""Audio"",""href"":""./موضيل:Audio""},""params"":{""1"":{""wt"":""أوديو ويكيپيديا دارجة - دجنبر 2023.ogg""},""2"":{""wt"":""سمع""}},""i"":6}},""\nmashru3 tacharuki bsh nntuju insiklopidiya 7wra, fabor, w mutakamila","biology
chemistry
math
technology
morocco
history
geography
philosophy
religions

jamaa square parliament the art of conversation assistance equipment for wikipedia copyright to help

today: thursday, january 29, 2026, corresponding to shawwal 10, 1447 ah

[[file:hsutvald2.svg|30px|link=|alt=]] today's beautiful article
""{""template"":{""target"":{""wt"":""مقالة الصفحة اللولا لمزيانة"",""href"":""./موضيل:مقالة_الصفحة_اللولا_لمزيانة""},""params"":{},""i"":2}},""
'''[[موضيل:مقالة الصفحة اللولا لمزيانة|بدل]]'''

[[file:hsbild.svg|30px|link=|alt=]] today's beautiful picture
""{""template"":{""target"":{""wt"":""التصويرة المزيانة د الصفحة اللولة"",""href"":""./موضيل:التصويرة_المزيانة_د_الصفحة_اللولة""},""params"":{},""i"":3}},""
'''[[موضيل:صورة الصفحة الرئيسية المختارة|بدل]]'''

[[file:hs exclamationmark.svg|30px|link=|alt=]] behavior link
""{""template"":{""target"":{""wt"":""ربط سلوݣية"",""href"":""./موضيل:ربط_سلوݣية""},""params"":{},""i"":4}},""
'''[[موضيل:ربط سلوݣية|بدل]]'''

[[file:hs rtl exclamation.svg|30px|link=|alt=]] did you know?
""{""template"":{""target"":{""wt"":""واش كاتعرف هادشي"",""href"":""./موضيل:واش_كاتعرف_هادشي""},""params"":{},""i"":5}},""
'''[[موضيل:واش كتعرف|بدل]]'''

[[file:hswpedia.svg|30px|link=|alt=]] darija wikipedia
""{""template"":{""target"":{""wt"":""audio"",""href"":""./موضيل:audio""},""params"":{""1"":{""wt"":""أوديو ويكيپيديا دارجة - دجنبر 2023.ogg""},""2"":{""wt"":""سمع""}},""i"":6}},""
a participatory project to produce a beautiful, free, and comprehensive encyclopedia","بيولوجيا
كيمياء
رياضيات
تكنولوجيا
المغرب
تاريخ
جغرافيا
فلسفة

أديان




&nbsp;ساحة الجماعة&nbsp;&nbsp;&nbsp;البرلمان&nbsp;&nbsp;&nbsp;ميزان الكلام&nbsp;&nbsp;&nbsp;مساعدة&nbsp;&nbsp;&nbsp;تجهيز&nbsp;&nbsp;&nbsp;على ويكيپيديا&nbsp;&nbsp;&nbsp;حقوق نشر&nbsp;&nbsp;&nbsp;لكي أستطيع المساعدة
 &nbsp; &nbsp;


اليوم: الخميس 29 يناير 2026، الموافق 10 شعبان 1447ھـ


\n\n\n\n\n [[ملف:HSutvald2.svg|30px|link=|alt=]] المقالة الجميلة لليوم \n&quot;,{&quot;template&quot;:{&quot;target&quot;:{&quot;wt&quot;:&quot;مقالة الصفحة الأولى الجميلة&quot;,&quot;href&quot;:&quot;./موضوع:مقالة_الصفحة_الأولى_الجميلة&quot;},&quot;params&quot;:{},&quot;i&quot;:2}},&quot;\n\n'''[[موضوع:مقالة الصفحة الأولى الجميلة|تغيير]]'''\n\n\n [[ملف:HSBild.svg|30px|link=|alt=]] صورة اليوم الجميلة
&quot;,{&quot;template&quot;:{&quot;target&quot;:{&quot;wt&quot;:&quot;الصورة الجميلة للصفحة الأولى&quot;,&quot;href&quot;:&quot;./موضوع:الصورة_الجميلة_للصفحة_الأولى&quot;},&quot;params&quot;:{},&quot;i&quot;:3}},&quot;\n\n'''[[موضوع:صورة الصفحة الرئيسية المختارة|تغيير]]'''\n\n\n [[ملف:HS exclamationmark.svg|30px|link=|alt=]] ربط سلوكيات
&quot;,{&quot;template&quot;:{&quot;target&quot;:{&quot;wt&quot;:&quot;ربط سلوكيات&quot;,&quot;href&quot;:&quot;./موضوع:ربط_سلوكيات&quot;},&quot;params&quot;:{},&quot;i&quot;:4}},&quot;\n\n'''[[موضوع:ربط سلوكيات|تغيير]]'''\n\n\n [[ملف:HS RTL Exclamation.svg|30px|link=|alt=]] هل تعلم؟
&quot;,{&quot;template&quot;:{&quot;target&quot;:{&quot;wt&quot;:&quot;هل تعرف هذا؟&quot;,&quot;href&quot;:&quot;./موضوع:هل_تعرف_هذا؟&quot;},&quot;params&quot;:{},&quot;i&quot;:5}},&quot;\n\n'''[[موضوع:هل تعرف|تغيير]]'''\n\n\n\n\n [[ملف:HSWPedia.svg|30px|link=|alt=]] ويكيبيديا بالدارجة
&quot;,{&quot;template&quot;:{&quot;target&quot;:{&quot;wt&quot;:&quot;Audio&quot;,&quot;href&quot;:&quot;./موضوع:Audio&quot;},&quot;params&quot;:{&quot;1&quot;:{&quot;wt&quot;:&quot;أوديو ويكيبيديا بالدارجة - دجنبر 2023.ogg&quot;},&quot;2&quot;:{&quot;wt&quot;:&quot;اسمع&quot;}},&quot;i&quot;:6}},&quot;\nمشروع تشاركي لإنتاج موسوعة حرة، مجانية، ومتكاملة",98,active
data50279,DATA_8674,A,راه سائق مهاني,rah sa2i9 mihani,he is a driver professional,إنه سائق محترف,5,PARTIALLY VALIDATED
data50280,DATA_22650,B,أنتوني كيديس - غناء رئيسي ( تسجيلات 1 حتى 5 ، 7 حتى 13 )، غناء رئيسي مساعد ( تسجيل 6 ) ، فكرة فنية,"Anthony Kiedis - ghina' ra'issi (tasjilat 1 hatta 5, 7 hatta 13), ghina' ra'issi mossa'id (tasjil 6), fikra fanniya","Anthony Kiedis – lead vocals ( tracks 1 @-@ 5 , 7 @-@ 13 ) , co @-@ lead vocals ( track 6 ) , art concept",أنتوني كيديس – غناء رئيسي (المقطوعات 1-5، 7-13)، غناء رئيسي مشارك (المقطوعة 6)، مفهوم فني,27,GENERATED
data50281,DATA_6264,A,فاش توصل لرونبوان دور على ليمن,fach twsel l ronpoin dor 3la limen,turn right at the crossroads,انعطف يمينًا عند مفترق الطرق,5,PARTIALLY VALIDATED
data50282,DATA_7163,A,ماكرهتش شي نهار نزور جابون,makrehtch chi nhar nzour japon,i'd love to visit japan someday,أود أن أزور اليابان يومًا ما,6,PARTIALLY VALIDATED
data50283,DATA_24511,B,"(p1 p2) (ω) = (p1 (ω) , p2 (ω)).","(p1 p2) (w) = (p1 (w), p2 (w))","( p1 p2 ) ( ω ) = ( p1 ( ω ) , p2 ( ω ) ) .",( س١ س٢ ) ( أ ) = ( س١ ( أ ) ، س٢ ( أ ) ) .,20,GENERATED
data50284,DATA_8155,A,ماكانتش تكون خدمة سبت,makantch tkon khdama sabt,you will work Saturday morning,ستعمل صباح يوم السبت,5,PARTIALLY VALIDATED
data50285,WIKI_D_06121,D,ال Tottenham واحد الكَْهْوَات لي مصنفين درجة تانية، كاين ف النمرة 6 شارع أكسفورد، حدا طريق Tottenham Court . تبنات ف نص القرن 19 و هي الكَهْوَى اللخرة اللي بقات ف الشارع، اللي كان فيه شحال هادا شي 20 قهوة.,"el Tottenham wa7d el kahwate li msa7efin daraja tanya, kayen f nimra 6 char3 oxford, 7da tari2 Tottenham Court. tbnat f ne s el qarn 19 w hiya el kahwa el lokhra li bqat f char3, li kan fih sh7al hada chi 20 qahwa.","The Tottenham is a Grade II * listed public house at No. 6 Oxford Street , near Tottenham Court Road . It was built in the mid @-@ 19th century and is the last remaining pub in the street , which once had 20 .",يُعد منزل توتنهام حانة عامة مدرجة من الدرجة الثانية، وتقع في الرقم 6 بشارع أكسفورد، بالقرب من طريق توتنهام كورت. تم بناؤه في منتصف القرن التاسع عشر وهو آخر حانة متبقية في الشارع، والذي كان يضم عشرين حانة ذات يوم.,40,GENERATED
data50286,WIKI_D_08364,D,تماشيا مع الروابط المفترضة ديال المنطقة مع الفضائيين، في عام 2006، دارت KFC داك الشي اللي قالو باللي هو أول لوجو ديال شركة باين من الفضاء، مصنوع من تمنية آلاف متر مربع ديال الزليج ومحطوط تقريبا على بعد مئتين متر من الطريق السيار.,"tmašiyan ma3a lruwa6 lmftreḍa dyal lmanṭqa ma3a lfaḍa2iyin, fi 3am 2006, daret KFC dak š-ši lla9alo bli howa awwal logo dyal šarika bayen men lfaḍa2, maṣnu3 men 8000 meter مربع dyal zzliyj w maḥṭuṭ taqriban 3la bu3d 200 meter men ṭ-ṭriq s-siya r.","In keeping with the supposed alien links of the area , in 2006 KFC established what was said to be the first corporate logo visible from space , made from eight thousand square metres of tiles and sited about two hundred metres from the highway .",تماشيًا مع الروابط المزعومة للمنطقة بوجود كائنات فضائية، أنشأت كنتاكي فرايد تشيكن في عام 2006 ما قيل إنه أول شعار لشركة يمكن رؤيته من الفضاء، مصنوع من ثمانية آلاف متر مربع من البلاط ويقع على بعد حوالي مائتي متر من الطريق السريع.,43,GENERATED
data50287,WIKI_D_11241,D,دابا جامعة فلوريدا ستيت مصنفة رقم 2 كاكتر جامعة فعالة و ذات جودة عالية ف البلاد من طرف يو إس نيوز آند وورلد ريبورت 2015. و الجامعة تسمات كاكتر جامعة فعالة ف البلاد عام 2013 و 2014 من طرف يو إس نيوز آند وورلد ريبورت.,daba jami3a florida state msnna raqm 2 kahtar jami3a fa3ala w dnat jawda 3alya f blad mn tarf US News & World Report 2015. w l'jami3a ttsmt kahtar jami3a fa3ala f blad 3am 2013 w 2014 mn tarf US News & World Report.,Florida State University is currently ranked the No. 2 most efficient high @-@ quality university in the country by U.S. News & World Report 2015 . The university was also named the nation 's most efficient in 2013 and 2014 by U.S. News & World Report .,جامعة ولاية فلوريدا مصنفة حاليًا كأفضل جامعة فعالة وذات جودة عالية في البلاد، وذلك حسب تقرير يو إس نيوز آند وورلد لعام 2015. وقد اختيرت الجامعة أيضًا كأفضل جامعة فعالة في البلاد لعامي 2013 و 2014 من قبل نفس التقرير.,45,GENERATED
data50288,DATA_16247,B,داميان واين هو الولد البيولوجي ديال بروس واين وطاليا الغول، و هكا هو الحفيد ديال عدو باتمان رأس الغول.,"Damian Wayne huwa l-weld l-biuluji dial Bruce Wayne u Talia al Ghul, u haka huwa l-hfid dial 'adu Batman Ra's al Ghul.","Damian Wayne is the biological son of Bruce Wayne and Talia al Ghul , and thus the grandson of Batman villain Ra 's al Ghul .","داميان واين هو الابن البيولوجي لبروس واين وتاليا الغول، وبالتالي فهو حفيد الشرير الشرير را ""س"" الغول.",26,GENERATED
data50289,DATA_22378,B,في دستور بيلاروسيا ديال 1994 ، المادة 19 كتعدد الرموز الرسمية ديال البلاد. المادة 19 كتقول:,"Fi دستور Belarus siyaal 1994, l-madda 19 kat3addad r-rmouz r-rasmiyya dyaal l-blad. L-madda 19 katqool:","In the 1994 Constitution of Belarus , Article 19 lists the official symbols of the country . Article 19 reads :",في دستور بيلاروسيا لعام 1994، تحدد المادة 19 الرموز الرسمية للبلاد. تنص المادة 19 على ما يلي:,21,GENERATED
data50290,WIKI_C_03834,C,نهار سبعة وعشرين يوليوز ألفين وأربعة عشر، ستاد هاينز استقبل ماتش ديال الكورة بين آسي ميلان و مانشستر سيتي اللي كان جزء من كاس الأبطال الدولية ديال ألفين وأربعة عشر و مانشستر سيتي ربحو الماتش بخمسة لواحد.,"nhar seb3a w 3chrin yulyuz 2014, stade heinz sta9bel match dyal lkora bin AC Milan w Manchester City lli kan joz2 mn kass l'batal الدولية 2014 w Manchester City rbe7o lmatch bkhamsa l wa7d.","On July 27 , 2014 , Heinz Field hosted a soccer match between A.C. Milan and Manchester City which was part of the 2014 International Champions Cup and Manchester City won the match 5 @-@ 1 .",في السابع والعشرين من يوليو عام 2014 ، استضاف ملعب هاينز مباراة كرة قدم بين إيه سي ميلان ومانشستر سيتي كانت جزءًا من كأس الأبطال الدولية لعام 2014 وفاز مانشستر سيتي بالمباراة بنتيجة 5-1.,37,GENERATED
data50291,WIKI_D_09763,D,المرشح الرئيسي ديال القرن 19 كان واحد من الشخصيات الفكرية الكبيرة ديال إنجلترا الجاكوبية، سير فرانسيس بيكون، محامي، فيلسوف، كاتب مقالات وعالم. الترشيح ديال بيكون كيعتامد على تخمينات تاريخية وأدبية، بالإضافة لشي وحي مزعوم.,"lmersh7 lra'isi dyal lqarn 19 kan w7d mn shkhsiyat lfikriya lkbira dyal ingltera ljakobiya, sir francis bacon, m7ami, filasuf, katib m9alat w 3alim. ltrshih dyal bacon ki3tamd 3la tkhminat ttrihiya w adabiya, b idafa lshi w7i mzoom.","The leading candidate of the 19th century was one of the great intellectual figures of Jacobean England , Sir Francis Bacon , a lawyer , philosopher , essayist and scientist . Bacon 's candidacy relies upon historical and literary conjectures , as well as alleged <unk> revelations .",كان المرشح البارز في القرن التاسع عشر أحد الشخصيات الفكرية العظيمة في إنجلترا الجاكوبية، السير فرانسيس بيكون، وهو محامٍ وفيلسوف وكاتب مقالات وعالم. تعتمد ترشيح بيكون على تخمينات تاريخية وأدبية، بالإضافة إلى وحي مزعوم.,34,GENERATED
data50292,WIKI_D_09175,D,"ميلينا شخصية كيلعبة و مرة مرة كتكون زعيمة في سلسلة ألعاب القتال مورتال كومبات. من نهار بدات كشخصية مبدلة الألوان في مورتال كومبات 2 عام 1993, ميلينا ولات مشهورة بزاف و رجعات من أهم الرموز ديال السلسلة.","mileena shakhsiya kayel3ba w mera mera katkon za3ima f silsilat al3ab alqital mortal kombat. men nhar bdat kshakhsiya mbdla l'alwan f mortal kombat 2 3am 1993, mileena wlat machhura bzaf w rjat men aham armuz dyal silsila.","Mileena is a player and occasional boss character from the Mortal Kombat series of fighting games . Since her introduction as a palette swap character for Mortal Kombat II in 1993 , Mileena has gained significant popularity and became one of the series ' most iconic elements .","ميلينا شخصية لاعبة وزعيمة عرضية من سلسلة ألعاب القتال ""مورتال كومبات"". منذ ظهورها كشخصية مبدلة الألوان في ""مورتال كومبات 2"" عام 1993، اكتسبت ميلينا شعبية كبيرة وأصبحت من أبرز عناصر السلسلة.",37,GENERATED
data50293,DATA_4548,A,عندي خويا صغر مني,3ndi khouya Sghr mnni,I have a younger brother,عندي أخ أصغر,5,PARTIALLY VALIDATED
data50294,WIKI_C_07040,C,بلي المستعمرات كاملة عندها الحق فالقانون الإنجليزي، وبالأخص الحق الكبير واللي ما يتعوضش باش يتحاكمو قدام ناس من نفس البلاصة ديالهم، كيفما كايقول القانون.,"blee lmosta3mmaraat kamla 3ndha l7aq fel qanoun el ingleezi, w bel khass l7aq lkbeer weli ma y3awadch bach y7akmo qdam nass men nafs lblaasa dyalhom, kife7ma kay9oul lqanoun.","That the respective colonies are entitled to the common law of England , and more especially to the great and inestimable privilege of being tried by their peers of the vicinage , according to the course of that law .",بأن المستعمرات المعنية يحق لها القانون العام لإنجلترا، وبشكل خاص الحق العظيم الذي لا يُقدر بثمن في أن تُحاكم أمام نظرائها من المنطقة المجاورة، وفقًا لسير هذا القانون.,24,GENERATED
data50295,DATA_14427,B,شنو كيبداو الحروب: أوهام دولية. نيويورك، نيويورك: شركة هوتون ميفلين. 1936. @.@ ص. 221.,"shnu kaybdaw l7oroub: awham dawliya. New York, New York: shirkat houghton mifflin. 1936. @.@ S. 221.","What Starts Wars : International Delusions . New York , New York : Houghton Mifflin company . 1936 @.@ p . 221 .",ما الذي يبدأ الحروب: الأوهام الدولية. نيويورك، نيويورك: شركة هوتون مفلين. 1936، صفحة 221.,23,GENERATED
data50296,DATA_9326,A,مابقيتش باغي نعاونو راه مسخوت واليديه,mab9itch baghi n3awnou rah mes5out walidih,i will not help him,لن أساعده,5,PARTIALLY VALIDATED
data50297,DATA_12929,B,"Shawcross, William, Sideshow: Kissinger, Nixon ou Takhrib dyal Cambodia. New York: Washington Square Books, 1979.","Shawcross, William, Sideshow: Kissinger, Nixon ou Takhrib dyal Cambodia. New York: Washington Square Books, 1979.","Shawcross , William , Sideshow : Kissinger , Nixon and the Destruction of Cambodia . New York : Washington Square Books , 1979 .",شاوكروس، وليام، جانبي: كيسنجر ونيكسون وتدمير كمبوديا. نيويورك: واشنطن سكوير بوكس، 1979.,24,GENERATED
data50298,DATA_18697,B,نهار الإحصاء اللخر (27 مارس 2011) كان عدد السكان مجموع ديال هاد الأحياء 25 ألف و 093.,nhar l'ihsa' l-lekher (27 mars 2011) kan 3adad soukkan majmou3 dyal had l'ahyaa' 25 alf w 093.,"On the day of the last census ( 27 March 2011 ) the combined population of these wards was 25 @,@ 093","في يوم آخر تعداد سكاني (27 مارس 2011) بلغ إجمالي عدد سكان هذه الأحياء 25,093 نسمة.",22,GENERATED
data50299,WIKI_D_02490,D,نهار 8 شهر 9 عام 1879، سير لويس كافانياري، لي كان مكلف بالمهمة ف كابول، تقتل هو و الكادر ديالو كامل على يد عساكر أفغان متمردين. روبرتس دار واحد الحملة عقابية ناجحة ضد الأفغان على مدى ستة د السيمانات لي تبعو.,"nhar 8 shhar 9 3am 1879, sir louis cavagnari, li kan mkallaf bil-mhimma f kabul, tqtel huwa w l-kader dyalo kamel 3la yad 3asakir afghan mutamarridin. roberts dar wa7ed l-7amla 3iqabiya naj7a d-dud l-afghan 3la mda sittat dyal s-simanat li tba3u.","On 8 September 1879 Sir Louis Cavagnari , in charge of the mission in Kabul , was killed with his entire staff by rebelling Afghan soldiers . Roberts undertook a successful punitive expedition against the Afghans over the next six weeks .",في الثامن من سبتمبر عام 1879، قُتل السير لويس كافانياري، المسؤول عن البعثة في كابول، مع كامل طاقمه على يد جنود أفغان متمردين. وقام روبرتس بحملة عقابية ناجحة ضد الأفغان على مدى الأسابيع الستة التالية.,41,GENERATED
data50300,WIKI_D_08080,D,خو هاموند لكبير، ريجينالد، كان كيلعب بيزبول ف فرقة صغيرة تابعة ل Pittsburgh Pirates، وصل ل Class AAA قبل ما يتعرض لواحد الإصابة سالات ليه الكاريير ديالو. تقيد ف جامعة Northwestern، تخرج منها، ولا سمسار ديال الأسهم وعاون هاموند فالمفاوضات ديال الكونطرا ديالو عام 1992.,"khoo hammonds lkbir, reginald, kan kil3eb baseball f frqa saghira تابعah l pittsburgh pirates, wsseel l class aaa qbel ma ytarra7 l wa7d l2isaba sallat lih l career dyalo. tqayyyd f jami3a northwestern, tkhraj minha, wlla smsar dyal l'ashom w 3awen hammonds f lmufawadat dyal l contract dyalo 3am 1992.","Hammonds ' older brother , Reginald , played minor league baseball for the Pittsburgh Pirates ' organization , reaching Class @-@ AAA before suffering a career @-@ ending injury . He enrolled at Northwestern University , graduated , became a stockbroker and aided Hammonds in his 1992 contract negotiations .",لعب الأخ الأكبر لهاموندز، ريجينالد، البيسبول في دوري الناشئين لمنظمة بيتسبرغ بايرتس، ووصل إلى الفئة AAA قبل أن يتعرض لإصابة أنهت مسيرته. التحق بجامعة نورث وسترن، وتخرج منها، وأصبح وسيطًا في الأوراق المالية، وساعد هاموندز في مفاوضات عقده عام 1992.,45,GENERATED
data50301,DATA_16789,B,ف 1742، لاباط وصف الببغاء الماكو بنفس الطريقة تقريبا لي وصفو بيها دو تيرتر، و زاد شي تفاصيل:,"f 1742, labat wssef lbabbagha l-mako bnefs tariqa taqriban li wssefo biha du terter, o zad shi tfasil:","In 1742 , Labat described the macaw in much the same way as Du Tertre , while adding several details :",في عام 1742، وصف لابيه طائر المكاو بنفس الطريقة تقريبًا التي وصف بها دو تيرتر، مع إضافة عدة تفاصيل:,21,GENERATED
data50302,WIKI_C_01697,C,"إدج ربط داك ""بشكل غير متوقع مؤثر"" سكرين حمرة و الصوت اللي كيطلعو فاش كيلعب كيموت بالإهتمام الشخصي ديال روجرز بموسيقى الروك الصاخبة. سماوه ""بصمة شخصية ساحرة"".","edge rabat dak ""bshkal ghyr metwaque3 mo2ethir"" screen 7amra wassaot lli kiti7o fash kile3ab kimout bil ihtimam shakhsi dyal rogers bmsiqa rock sakiba. samawh ""basta shakhsi sahira"".","Edge related the "" unexpectedly poignant "" red screen and sound effect that flashes upon the player 's death to Rogers 's personal interest in noise rock . They called it a "" beguiling personal signature "" .","ربط إيدج بين الشاشة الحمراء ""المؤثرة بشكل غير متوقع"" والمؤثرات الصوتية التي تظهر عند موت اللاعب وبين اهتمام روجرز الشخصي بموسيقى الروك الصاخبة. ووصفوها بأنها ""بصمة شخصية ساحرة"".",27,GENERATED
data50303,DATA_17073,B,من بعد ملي كان بهاء الله ف عكا، بقا كيكتب رسائل للقادة ديال العالم بحال:,"men be3d melli kan Baha'u'llah f 'Akka, bqa kaykteb rasa'il l-l-qada dyal l-'alem b7al:","Later when Bahá 'u'lláh was in Akka , he continued writing letters to the leaders of the world including :",لاحقًا عندما كان بهاء الله في عكا، استمر في كتابة الرسائل إلى زعماء العالم بما في ذلك:,20,GENERATED
data50304,DATA_20664,B,ف شهر مارس 1942، شارك ف تهريب الجنرال دوغلاس ماكآرثر من الفلبين، و على هادشي خدا راي النجمة الفضية.  الشهادة ديالو كانت كاتقول:,"f chehar mars 1942, charek f thrib jeniral douglas macarthur mn lfilipin, o 3la hadchi khda ray nnejma lfidya. chchahada dyalo kant katgoul:","In March 1942 , he participated in General Douglas MacArthur 's escape from the Philippines , for which Ray was awarded the Silver Star . His citation read :",في مارس 1942، شارك في هروب الجنرال دوغلاس ماكارثر من الفلبين، والذي حصل راي بموجبه على نجمة الفضة. وكان منطوق إشارته: ,29,GENERATED
data50305,DATA_0076,A,واش كايبالّيك أنّها هيا تحت الضغط من المدير ديالها?,wach kayballik anna8a hia t7t DDaghT mn lmoudir dyalha?,Do you feel she herself is under pressure from her director?,هل تشعر بأنها هي نفسها تتعرض لضغوط من مديرها؟,11,PARTIALLY VALIDATED
data50306,WIKI_D_09176,D,التسيير ديال سكة الحديد لويزا كان فاللول مكلف بيه RF & P، من نهار بدا أول تران كيدوز على السكة ديال لويزا ف 20 دجنبر 1837. هادشي بقا حتى لشهر يونيو 1847، ملي سكة الحديد لويزا شدات التسيير.,"ltsiir dyal sekka l7did luiza kan falul mkallaf biha RF & P, mnhar bda awl trran kayduz 3la sekka dyal luiza f 20 dyijmbar 1837. Hadshi bqa 7ta lchhr yuniu 1847, mli sekka l7did luiza shdat ltsiir.","Operation of the Louisa Railroad was initially handled by the RF & P , beginning with the first operation of a train over Louisa Railroad tracks on December 20 , 1837 . This condition continued until June 1847 , when the Louisa Railroad took over operations .",تولّت شركة أر.إف.آند.بي. إدارة عمليات سكة حديد لويزا في البداية، بدءًا من أول تشغيل لقطار على مسارات سكة حديد لويزا في 20 ديسمبر 1837. واستمر هذا الوضع حتى يونيو 1847، عندما تولت سكة حديد لويزا إدارة العمليات.,38,GENERATED
data50307,DATA_15130,B,لارس يسبر بلومكڤيست (تزاد نهار 5 فبراير 1974) هو واحد اللعّاب سويدي قديم كان كيلعب جناح يساري.,Lars Ysber Blomqvist (tzad nhar 5 fibrayir 1974) huwa wahed llla3ab swidi qdim kan كيلعب جناح yassari.,Lars Jesper Blomqvist ( born 5 February 1974 ) is a Swedish former footballer who played as a left winger .,لارس جسبر بلومكفيست (مواليد 5 فبراير 1974) هو لاعب كرة قدم سويدي سابق لعب كجناح أيسر.,21,GENERATED
data50308,WIKI_C_11406,C,إيلا تشاد قدرات تحافظ على شوية ديال الاستقرار، الفلوس ديال برا غادي يرجعو ف اللخر، ولكن وخا دازت 24 عام من آخر انقلاب اللي وصل الرئيس إدريس للكرسي، المستثمرين باقين خايفين يستثمرو ف تشاد.,"ila tchad qdarat t7afed 3la chwiya dyal listiqrar, lflous dyal bra ghadi yرجعو f l akhir, walakin wakha dazat 24 3am mn akhir انقلاب li wassal l ra'is idris l l kursi, l mustathmirin baqin khayfin ystathmro f tchad.","If Chad can maintain a semblance of stability foreign investments will eventually return , but even 24 years after the last successful coup that brought President Idris <unk> to power , investors are still wary of investing in Chad .",إذا استطاع تشاد الحفاظ على بصيص من الاستقرار، فإن الاستثمارات الأجنبية ستعود في نهاية المطاف، ولكن حتى بعد 24 عامًا من آخر انقلاب ناجح أوصل الرئيس إدريس <unk> إلى السلطة، لا يزال المستثمرون يترددون في الاستثمار في تشاد.,34,GENERATED
data50309,DATA_5082,A,آخر نهار معاك,akhir n8ar m3ak,the last day with you,آخر يوم معك,5,PARTIALLY VALIDATED
data50310,DATA_7501,A,شحال وانا كانعلج فيه,chhal wana kan3alj fih,it's been a lot i'm treating it,لقد كان الأمر كثيرًا، وأنا أعالجه.,7,PARTIALLY VALIDATED
data50311,WIKI_C_12247,C,هايز، ديريك (1999). أطلس تاريخي ديال الشمال الغربي الهادئ: خرائط ديال الاستكشاف والاكتشاف. ساسكواتش بوكس. ISBN 1 @-@ <unk> @-@ 215 @-@ 3.,"hayz, dīrīk (1999). atlas tārīxī lišamāl ġarb al-muḥīṭ al-hādīʔ: xarāʔiṭ al-istikšāf wa-l-iktīšāf. kutub saskwatš. ISBN 1 @-@ <unk> @-@ 215 @-@ 3.","Hayes , Derek ( 1999 ) . Historical Atlas of the Pacific Northwest : Maps of exploration and Discovery . Sasquatch Books . ISBN 1 @-@ <unk> @-@ 215 @-@ 3 .",هايز، ديريك (1999). أطلس تاريخي لشمال غرب المحيط الهادئ: خرائط الاستكشاف والاكتشاف. كتب ساسكواتش. ISBN 1 @-@ <unk> @-@ 215 @-@ 3.,23,GENERATED
data50312,DATA_11923,A,عمرك تكرس قيمة لشي حد و هو مايستهلهاش,3emrek t kerres 9ima lchi 7ed ou howa maystahlhach,you should never give him praise,يجب عليك ألا تمنحه الثناء أبداً,6,PARTIALLY VALIDATED
data50313,WIKI_D_03266,D,المدققين اللغويين مازالو ما نشروش فهرس شامل ديال الأوراق اللغوية اللي خدامين عليها و اللي ما نشرهاش كريستوفر تولكين ف تاريخ الأرض الوسطى. و مازال كيخرجوا مواد لغوية جديدة، واخا السرعة ديال النشر ماشي منتظمة.,"lmodaqqiqin lloghawiyyin mazalo ma nshrosh fihris shamel dyal lوراق lloghawiyya lli khdamin 3liha w lli ma nshreha sh christopher tolkien f tarikh l'ard l'wusta. w mazal kikhrejo mawadd lloghawiyya jdida, wakha s-sor3a dyal n-nshr machi montazama.","The editors have not published a comprehensive catalogue of the linguistic papers they are working on and that were not published by Christopher Tolkien in the History of Middle @-@ earth ; new <unk> linguistic material continues to emerge , although the pace of publication is irregular .","لم ينشر المحررون قائمة شاملة بالأوراق اللغوية التي يعملون عليها ولم تنشر من قبل كريستوفر تولكين في ""تاريخ الأرض الوسطى""؛ وتستمر المواد اللغوية الجديدة في الظهور، على الرغم من أن وتيرة النشر غير منتظمة.",35,GENERATED
data50314,WIKI_C_10219,C,"""كلا من ""الطفل الجني"" و ""فين هي ماري أليس سميث؟"" تطبعا فكتاب أول مرة ف 1885 ف ""البنت الباطرونة"".""","klā min ""al-ṭifl al-jinnī"" wa ""ayna mārī ālīs smīth?"" tuṭbiʿā fī shakl kitāb li-awwal marrah ʿām 1885 fī ""al-fatāh al-raʾīsiyyah"".",Both “ The Elf Child ” and “ Where Is Mary Alice Smith ? ” were printed in book form for the first time in 1885 in The Boss Girl .,"تمت طباعة كل من ""الطفل الجني"" و ""أين ماري أليس سميث؟"" في شكل كتاب لأول مرة عام 1885 في ""الفتاة الرئيسية"".",19,GENERATED
data50315,WIKI_D_01085,D,النسبة الذهبية باينة باللي كاتعاود فبزاف ديال البنايات المصرية، بحال الأهرامات، ولكن يقدر يكون هادشي غير نتيجة غير مقصودة ديال الطريقة اللي كانو المصريين القدام كيخدمو بيها الحبال المعقودة مع حس فطري ديال التناسب والانسجام.,nنسبة ذهبية باينة بلي كاتعاود فبزاف ديال البنايات المصرية، بحال الأهرامات، ولكن يقدر يكون هادشي غير نتيجة غير مقصودة ديال الطريقة اللي كانو المصريين القدام كيخدمو بيها الحبال المعقودة مع حس فطري ديال التناسب والانسجام.,"The golden ratio seems to be reflected in many Egyptian constructions , including the pyramids , but its use may have been an unintended consequence of the ancient Egyptian practice of combining the use of knotted ropes with an intuitive sense of proportion and harmony .",تبدو النسبة الذهبية منعكسة في العديد من الإنشاءات المصرية، بما في ذلك الأهرامات، ولكن ربما كان استخدامها نتيجة غير مقصودة لممارسة المصريين القدماء في الجمع بين استخدام الحبال المعقودة والإحساس البديهي بالتناسب والانسجام.,35,GENERATED
data50316,DATA_2828,A,إمكان يعتمد شوية على الجو,imkan i3tamad chwia 3la ljaw,It could depend a bit on the weather,قد يعتمد الأمر قليلاً على الطقس,8,PARTIALLY VALIDATED
data50317,DATA_16397,B,فالحرب العالمية اللولة، الجرادي كانو كيستعملوهم الناس ديال فوج مانشستر باش يترينيو، وتبنات واحد الفابريكة ديال السلاح كاملة مكمولة بالسكك الحديدية ديال التران ديالها.,"falharb l3alamiya l-lula, l-jrady kanu kayst3mluhum n-nas dyal فوج manchester bash yetriniw, w-tbnat wa7d l-fabrika dyal s-sla7 kamla mkamula b-s-skak l-7didya dyal t-tran dyalha.","During the First World War the gardens were used by the Manchester Regiment for drilling , and a munitions factory complete with railway sidings was built .",خلال الحرب العالمية الأولى، استخدمت حدائق مانشستر في التدريبات، وتم بناء مصنع للذخائر مجهز بأرصفة سكك حديدية.,27,GENERATED
data50318,DATA_9989,A,كان كيسحاب ليا غادي يقنعو باش يقرا فهاد الجامعة,kan kis7ab liya ghadi y9en3ou bach y9ra fhad ljami3a,i thought that he will hug him,ظننت أنه سيحتضنه,7,PARTIALLY VALIDATED
data50319,WIKI_C_08540,C,أغلبية كبيرة ديال حالات فرط نشاط الغدة الجار درقية كيكونو نتيجة ديال تكوين عشوائي ديال أورام حميدة و لكن نشيطة فالتمثيل الغذائي فالغدة الجار درقية. هاد الحالات كيمثلو تقريبا 80 حتال 85% من جميع الحالات اللي مسجلة ديال فرط نشاط الغدة الجار درقية.,aglabiya kbira dyal 7alat farT nshat l9uda jar diri9iya kaykunu natija dyal takwin 3ashwa2i dyal oram 7amida w lakin nashTa ftemtil ligadha2i f l9uda jar diri9iya. had l7alat kiyamthlu ta9riban 80 7tal 85% min jmi3 l7alat li msjla dyal farT nshat l9uda jar diri9iya.,"The vast majority of cases of hyperparathyroidism are the result of the random formation of benign , but metabolically active , parathyroid adenoma swellings . These instances comprise approximately 80 – 85 % of all documented cases of hyperparathyroidism .",الغالبية العظمى من حالات فرط نشاط الغدة الجار درقية تنتج عن التكوين العشوائي لأورام غدية حميدة، لكنها نشطة أيضيًا، في الغدة الجار درقية. وتشكل هذه الحالات حوالي 80-85% من جميع الحالات الموثقة لفرط نشاط الغدة الجار درقية.,43,GENERATED
data50320,DATA_20384,B,هاذ الطابلو كيبين التاريخ ديال انتاجات D'Oyly Carte (من غير الجولات) ف حياة Gilbert:,had t-tablo kaybeyyen t-tarikh dyal intajat D'Oyly Carte (men ghir t-jawlat) f hyat Gilbert.,The following table shows the history of the D 'Oyly Carte productions ( excluding tours ) in Gilbert 's lifetime :,"يوضح الجدول التالي تاريخ إنتاجات شركة ""د"" أويل كارت (باستثناء الجولات) في حياة جيلبرت:",21,GENERATED
data50321,DATA_15612,B,وحدة كتر من القياس (فايتات العبار) (كانت سميتها شحال هادي مخربقات، قاتلة بعلامة، القصة المهمة ديال الإدمان على الشراب) (1950),"Wahda kter men lqiyas (faytat l'3bar) (kanet smiyetha shhal hadi mkherbqat, qatla b3alama, lqissa lmohimma dyal l'idman 3la shshrab) (1950)","One Too Many ( previously Mixed @-@ Up Women , Killer With a Label , The Important Story of Alcoholism ) ( 1950 )",أكثر من اللازم (سابقًا نساء مشوشات، قاتل يحمل وصمة، القصة المهمة عن إدمان الكحول) (1950),24,GENERATED
data50322,DATA_10492,A,مانضنش غادي يديها فجردة ديالو,mandench ghadi ydiha fjerda dialo,I dont think he will do something else,لا أعتقد أنه سيفعل شيئًا آخر,8,PARTIALLY VALIDATED
data50323,WIKI_D_10080,D,بْخْلاف مُعْظَم لْمْضَخْمَات دْ لْمُوسِيقَى شّْعْبِيَّة اللي كَيِسْتَعْمْلُو لْجَاك باش يْتْكْوْنّْكْتَاوْ مْعَ لْآلات، لْمُكَبِّرَات دْ لِيزْلِي كَيِسْتَعْمْلُو كُوْنِيكْتُور دْ أَمْفِينُول باش يْتْكْوْنّْكْتَاوْ دِيرِيكْتْ لْأُرْغُن عَنْ طَرِيقْ كُوْنِيكْتُور دْ لْكُوْنْسُول. نّوْعْ و تّصْمِيمْ دْ هَاد لْكُوْنِيكْتُور كَيِخْتَلْفْ عَلْ حَسَبْ لْأُرْغُن و لْمُودِيل دْ لْمُكَبِّر دْ لِيزْلِي.,"bkhlaf mo3zam lmdadkhmat d lmousiqa sha3biya li kayesta3mlo ljack bach ytkonnectaw m3 lalat, lmkabrat d leslie kayesta3mlo connector d amphenol bach ytkonnectaw direct lorgan 3an tariq connector d lconsole. no3 w tdesign d had lconnector kaykhtalf 3la hasab lorgan w lmodel d lmkaber d leslie.","Unlike most popular music amplifiers , that use jack plugs to connect to instruments , Leslie speakers use an amphenol connector to interface directly to an organ via a console connector . The type and design of the connector depends on the organ and model of Leslie speaker .",على عكس معظم مضخمات الموسيقى الشعبية، التي تستخدم قابس جاك للتوصيل بالآلات، تستخدم مكبرات الصوت من نوع ليزلي موصل أمفينول للتواصل مباشرة مع الأورغن عبر موصل لوحة التحكم. يعتمد نوع وتصميم الموصل على الأورغن وطراز مكبر الصوت من نوع ليزلي.,45,GENERATED
data50324,WIKI_D_00009,D,"سيارة العام الخضراء ديال 2011 من مجلة السيارة الخضراء. صحاب الجورنال شرحو باللي ""هاد الجائزة كترحّب بنوع جديد ديال الطوموبيلات الكتريك اللي كتنتج بزاف و موجهة للسوق ديال المستهلك، و الفولت هي أول طوموبيل الكتريك كتشد الجائزة الأولى.""","syarat l3am lkhadra dyal 2011 mn majalt syart lkhadra. s7ab l journal char7o bli ""had l ja2iza katra77eb b naw3 jdid dyal tomobilat l electric li katantaj bezzaf w mowajaha l sou9 l mo3tamdin, w volt hiya lawal tomobil electric katched l ja2iza lawla.""","2011 Green Car of the Year by Green Car Journal . The magazine editors explained that "" This award welcomes a new genre of mass @-@ production electric vehicles to the consumer market , with the Volt as the first @-@ ever electric vehicle to take top prize . ""","سيارة العام الخضراء لعام 2011 من مجلة ""السيارة الخضراء"". أوضح محررو المجلة أن ""هذه الجائزة ترحب بنوع جديد من المركبات الكهربائية ذات الإنتاج الضخم في سوق المستهلك، مع كون فول الصانعة هي أول مركبة كهربائية على الإطلاق تحصل على الجائزة الكبرى.""",38,GENERATED
data50325,WIKI_D_03202,D,الساعة الزايدة و الناقصة بعض المرات كتصعب الحساب ديال الوقت و تقدر تخسر السفر، الفاكتورة، التسجيلات، الأجهزة الطبية، الماكنات الكبار، و النعاس. البرامج ديال الكمبيوتر غالبا كيادابتو الساعة بوحدهوم، و لكن التبديلات ديال السياسة ديال التوقيت الصيفي و الشتوي يقدروا يدوخوا.,"ssa3a zayda w n9osa b3d lmrat ktsa7b l7sab dyal lwa9t w9dr tsir safar, lfactor, t تسجيلات, l'ajhiza tbibiya, lmachinat lkbar, w n3as. lbaramij dyal computer ghalban kayadabto ssa3a bohhom, w lakin tbdilat l'address dyal l'hsdia dyal lwa9t ssemii w schtwi9daro ydochoco.","DST clock shifts sometimes complicate timekeeping , and can disrupt travel , billing , record keeping , medical devices , heavy equipment , and sleep patterns . Computer software often adjusts clocks automatically , but policy changes by various jurisdictions of DST dates and timings may be confusing .",تُعقّد التغييرات في التوقيت الصيفي أحيانًا ضبط الوقت، ويمكن أن تُربك السفر، والفواتير، وحفظ السجلات، والأجهزة الطبية، والمعدات الثقيلة، وأنماط النوم. غالبًا ما تُعدّل البرامج الحاسوبية الساعات تلقائيًا، ولكن تغييرات السياسات المتعلقة بتواريخ وتوقيتات التوقيت الصيفي في مختلف الولايات القضائية قد تكون مربكة.,41,GENERATED
data50326,WIKI_C_05681,C,آرف والجمعيات اللي تابعين ليها فالعالم كيطبعو 11 جورنال: 4 ديال النهار و 7 ديال السيمانة. وزايدون، كاينين جوج قنوات ديال التلفازة، وحدة فيهم ديال الأنترنيت. جوج راديوات كيدوزو كل نهار، وحدة فيهم ديال الأنترنيت.,"arf w-ljami3at lliتابعين liha f-l3alam kaytab3o 11 jurn@l: 4 dyal n-nhar w 7 dyal s-simana. w-zaydin, kaynin jwj qawat dyal tlfaza, wa7da fihom dyal l-internet. jwj radiowat kaydozo kol nhar, wa7da fihom dyal l-internet.","ARF and its affiliate organizations worldwide publish 11 newspapers : 4 daily and 7 weekly . Also , there are two TV channels , including one online . Two radio stations are aired everyday , including one online .","تنشر ""أرف"" والمنظمات التابعة لها في جميع أنحاء العالم 11 صحيفة: 4 يومية و 7 أسبوعية. بالإضافة إلى ذلك، هناك قناتان تلفزيونيتان، بما في ذلك واحدة عبر الإنترنت. تبث محطتا إذاعة كل يوم، بما في ذلك واحدة عبر الإنترنت.",35,GENERATED
data50327,DATA_12689,B,"دليل على وجود واحد الطبقة رقيقة ديال الجو على أوروبا، گانيميد، و كاليستو معروفة بـ ""إكسوسفير مرتبط بالسطح"".","dlil 3la wjood wa7ed t-tabaqa rqiqa dyal l-jo 3la europa, ganimid, o kallisto ma3roofa b ""exosfer mrtabeT b s-seTa7"".","evidence for a thin atmospheric layer on Europa , Ganymede , and Callisto known as a ' surface @-@ bound exosphere ' ;",دليل على وجود طبقة جوية رقيقة على يوروبا وجانيميد وكاليستو تُعرف بـ ' الغلاف الخارجي المرتبط بالسطح '؛,23,GENERATED
data50328,DATA_17380,B,في شهر سبعة ديال 2015، تلاح واحد ليكليان (application/برنامج) ديال التليفونات اللي خدامين ب أندرويد، و راه كاينة ف Google Play.,"f shher seb3a dyal 2015, tla7 wa7d lclient (application/barnej) dyal tlifunat lli khdamyn b android, w rah kayna f Google Play.","In July 2015 , a client for Android mobile phones was introduced , which is available on Google Play .",في يوليو 2015، تم إطلاق عميل لهواتف أندرويد المحمولة، وهو متاح على جوجل بلاي.,20,GENERATED
data50329,DATA_20563,B,"Thrum, Thomas G., إد . (1901). Hawaiian Almanac and Annual ديال 1901. Thomas G. Thrum, الناشر.","Thrum, Thomas G., id. (1901). Hawaiian Almanac and Annual dyal 1901. Thomas G. Thrum, nnashir.","Thrum , Thomas G. , ed . ( 1901 ) . Hawaiian Almanac and Annual for 1901 . Thomas G. Thrum , Publisher .",ثروم، توماس جي.، محرّر. (1901). التقويم السنوي لهاواي لعام 1901. الناشر: توماس جي. ثروم.,24,GENERATED
data50330,WIKI_D_02316,D,تنتخب ف لموزيل ف 1816، حصل ف 1818 على الإذن باش يجلس ف غرفة النواب، و خلا القيادة ديال الفرقة الثالثة ملي ولا مستحق للتقاعد ف 22 يوليوز 1822. مات ف باريس ف 12 شتنبر 1827.,"tntkhb f lmuzil f 1816, hsal f 1818 3la l'idhn bach yjls f ghurfat nnuwab, w khla lqiyada dyal lfrqa t-tltat mli wala msthaq lttqa3d f 22 yulyuz 1822. mat f bariz f 12 shntnbr 1827.","Elected by the Moselle , in 1816 , he obtained in 1818 permission to sit in the Chamber of Deputies , and left the command of the III Division when he became eligible for retirement on 22 July 1822 . He died in Paris on 12 September 1827 .",انتخب عن إقليم الموزيل، وفي عام 1816، حصل عام 1818 على إذن للجلوس في مجلس النواب، وترك قيادة الفرقة الثالثة عندما أصبح مؤهلاً للتقاعد في 22 يوليو 1822. وتوفي في باريس في 12 سبتمبر 1827.,36,GENERATED
data50331,DATA_18315,B,يقدروا يتهموني باللي أنا ديناصور، ولكن نذكركم باللي الديناصورات حكموا الأرض مدة طويلة بزاف.,"yqdro ythmoni bli ana dinasor, walakin ndkrkom bli dinasorat hkmo l'ard moda twila bzzaf.",""" I may be accused of being a dinosaur , but I would remind you that dinosaurs ruled the Earth for a very long time . """,قد يتهمونني بكوني ديناصورًا، ولكني أود أن أذكركم بأن الديناصورات حكمت الأرض لفترة طويلة جدًا.,27,GENERATED
data50332,DATA_6226,A,جيراني شحال فيهوم ديال صداع,jirani ch7al fihoum dial sda3,my neighbors are so noisy,جيراني مزعجون للغاية.,5,PARTIALLY VALIDATED
data50333,DATA_6331,A,ماقدرتش نعاودها من راسي,ma9dertsh n3awedha mn rasli,i can't remember off the top of my head,لا أستطيع أن أتذكر ذلك على الفور.,9,PARTIALLY VALIDATED
data50334,WIKI_C_03598,C,الْعَسْكَر الْمِكْسِيكَانِيِّين دْفَنُوهُم فْ الْمَقْبَرَة دْ الْبْلَاصَة، كَامْبُو سَانْتُو. مورا لْحَرْبْ بْ وَقْت قْصِير، الْكُولُونِيلْ خُوسِي جْوَانْ سَانْشِيزْ نَڤَارُو قْتَارَحْ يْتْبْنَا مَوْلِينُو لْ الْعَسْكَر الْمِكْسِيكَانِيِّين لِي مَاتُو. كُوسْ رْفَضْ الْفِكْرَة.,"ldafan l-3asker l-mexicani f l-maqbara dyal l-blassa, campo santo. m3a l-waqt, l-colonel jose juan sanchez navarro اقتarha ybniw monument l-l-3asker l-mexicani li mato. cos rafad l-fekra.","Mexican soldiers were buried in the local cemetery , Campo Santo . Shortly after the battle , Colonel José Juan Sanchez Navarro proposed that a monument should be erected to the fallen Mexican soldiers . Cos rejected the idea .",دُفِنَ الجنود المكسيكيون في المقبرة المحلية، كامبو سانتو. بعد وقت قصير من المعركة، اقترح الكولونيل خوسيه خوان سانشيز نافارو أن يُبنى نصب تذكاري للجنود المكسيكيين الذين سقطوا. رفض كوس الفكرة.,30,GENERATED
data50335,DATA_17176,B,التلة اللي احتلتها الميليشيا ديال غريفين كاينة في آيرن وركس بارك في ماونت هولي. المعركة كيتعاود تمثيلها كل عام.,at-tella lli 7tallatha l-milisya dyal Griffin kayna fi Ayrn Works Park fi Mount Holly. l-ma3raka kit3awd tamtilha koll 3am.,The hill that Griffin 's militia occupied is located at Iron Works Park in Mount Holly . The battle is reenacted annually .,يقع التل الذي احتله ميليشيا غريفين في حديقة إيرون ووركس في ماونت هولي. تُعاد المعركة سنوياً.,23,GENERATED
data50336,DATA_18355,B,واحد الملاحظة جدية كتر اللي تتقال بزاف على لسان هاينز كانت فاش طلبات مراقبة الحركة الجوية من الكرو يدورو على اليسار باش يبعدو على المدينة:,wa7ed lmulahada jiddiya kter li tetqal bzzaf 3la lssan Heinz kant fash tlebat muraqabat lharaka ljawiya mn l-crew ydorru 3la l-issar bash yb3du 3la lmdina:,A more serious remark often quoted from Haynes was made when ATC asked the crew to make a left turn to keep them clear of the city :,غالباً ما يُستشهد بتعليق أكثر جدية من هايز عندما طلب برج المراقبة من الطاقم القيام بمنعطف يسار لتجنب المدينة:,28,GENERATED
data50337,DATA_17209,B,باش نوفروا دخل و مهارات شغلانية للمشرملين و الناس لي مهمشين، لي كيكونوا بياعة ديال الجرائد و غالبا كيكتبوا فيهم.,"bash nuffru dakhl u maharat shughlaniya l-msharmleen u n-nas li mhmshin, li kikuunu biya3a dyal l-jara2id u ghaliban kiketbu fihum.","To provide income and job skills to the homeless and other marginalized individuals , who act as vendors of and often contributors to the newspapers",لتوفير الدخل والمهارات الوظيفية للمشردين وغيرهم من الأفراد المهمشين، الذين يعملون بائعين للصحف وغالباً ما يساهمون فيها.,25,GENERATED
data50338,WIKI_D_11111,D,محمية [Unclear - name of sanctuary] د لحياة البرية اللي قريبة من سانتينيكيتان، تعلنات محمية ف 1977. كيزرعو فيها الشجر اللي مهم اقتصاديا و [Unclear - animals] و الضباع و ولاد الثعلب و الثعالب و بزاف ديال الطيور ديال الماء عايشين فيها ف ديك 2 كلم مربع.,"m7miyat l7ayat lbarriya li qriba mn santiniketan, t3alnat m7miya f 1977. kayzra3o fiha shjar li m7emme qtisadiyan w dbba3 w wlad t3lab w t3lab w bzaf dyal ttyur dyal lma 3ayshin fiha f dik 2 km مربع.","<unk> Wildlife Sanctuary near Santiniketan was declared a sanctuary in 1977 . Economically important trees are planted here and <unk> , spotted deer , jackals , foxes and a variety of water birds live in its 2 km2 ( 0 @.@ 8 sq mi ) .",تم الإعلان عن محمية الحياة البرية بالقرب من شانتينيكيتان كمحمية في عام 1977. تُزرع فيها الأشجار ذات الأهمية الاقتصادية، وتعيش فيها الظباء المرقطة والذئاب والثعالب ومجموعة متنوعة من الطيور المائية على مساحة 2 كم مربع.,47,GENERATED
data50339,WIKI_D_04905,D,"الديفيزيون 1 / پروميير ليݣ: 1888 – 1899, 1900 – 1903, 1905 – 1908, 1909 – 1910, 1911 – 1933, 1935 – 1964, 1978 – 1980, 1995 – 1996, 1997 – 1998, 2001 – 2012 (73 موسم).","ldivizion 1 / premier lig: 1888 – 1899, 1900 – 1903, 1905 – 1908, 1909 – 1910, 1911 – 1933, 1935 – 1964, 1978 – 1980, 1995 – 1996, 1997 – 1998, 2001 – 2012 (73 mawsim).","Division 1 / Premier League : 1888 – 1899 , 1900 – 1903 , 1905 – 1908 , 1909 – 1910 , 1911 – 1933 , 1935 – 1964 , 1978 – 1980 , 1995 – 1996 , 1997 – 1998 , 2001 – 2012 ( 73 seasons )",الدوري الأول / الدوري الممتاز: 1888 – 1899، 1900 – 1903، 1905 – 1908، 1909 – 1910، 1911 – 1933، 1935 – 1964، 1978 – 1980، 1995 – 1996، 1997 – 1998، 2001 – 2012 (73 موسماً).,37,GENERATED
data50340,DATA_14256,B,"السيد كيعترف بلي ""الاختلافات الجغرافية وتقلبات التاريخ"" أثروا على الماكلة ديال مختلف بلدان البحر الأبيض المتوسط، ولكن مع ذلك كيجزم بلي:","s-sayyed kيعترف blli ""l-ikhtilafat l-jughrafiya w taqalubat t-tarikh"" atru 3la l-makla dyal mukhtalif buldan l-bahr l-abyad l-mutawassit, walakin m3a dalk kijzem blli:","Essid acknowledges that "" geographical differences and the vicissitudes of history "" have affected the food of different Mediterranean lands , but nonetheless asserts that :","يعترف عصيد بأن ""الاختلافات الجغرافية وتقلبات التاريخ"" قد أثرت على طعام بلدان البحر الأبيض المتوسط المختلفة، لكنه يؤكد مع ذلك على أن:",26,GENERATED
data50341,WIKI_C_02512,C,الموكب ديال عيد الميلاد اللي كيدوز في الشارع الرئيسي احتفال بعيد الميلاد و وقت الأعياد و كيدوز كل دجنبر في وسط مدينة نورمان. فيه عروض و عوّامات مزوقة على حساب عيد الميلاد.,lmkwb dyal 3id lmylad lli kaydouz f t-shar3 t-ra2isi 7tifal b 3id lmylad w waqt l2a3yad w kaydouz kol dshmbr f wast mdint norman. fih 3rdod w 3wamat mzwga 3la 7sab 3id lmylad.,The Main Street Christmas Holiday Parade is a celebration of Christmas and the holiday season held every December in downtown Norman . The parade features holiday @-@ themed costumes and floats .,مسيرة عيد الميلاد في الشارع الرئيسي هي احتفال بعيد الميلاد وموسم الأعياد يقام كل ديسمبر في وسط مدينة نورمان. المسيرة تضم أزياء وعربات احتفالية مستوحاة من العطلة.,32,GENERATED
data50342,WIKI_D_09764,D,كينجي كويزو (كاميكي ماعرفتش) واحد التلميذ صغير ف واحد الليسي عندو موهبة فالماط و خدام بارت تايم موديراتور ف واحد العالم كبير ديال الواقع الإفتراضي سميتو OZ هو و صاحبو تاكاشي ساكوما (تاكاهيرو ماعرفتش).,kenji koiso (kamiki) wa7ed tlemd sghir f lycée 3ndo mawhiba f lmat w khdam part time moderator f wa7ed 3alam kbir dyal lwaqe3 l 7afili smito OZ howa w sahbo takashi sakuma (takahiro).,Kenji Koiso ( <unk> Kamiki ) is a young student at <unk> High School with a gift for mathematics and a part @-@ time moderator in the massive computer @-@ simulated virtual reality world OZ along with his friend Takashi Sakuma ( Takahiro <unk> ) .,كينجي كويسو (كاميكي) هو طالب شاب في المدرسة الثانوية لديه موهبة في الرياضيات ويعمل بدوام جزئي كمشرف في عالم الواقع الافتراضي الضخم المحاكى بالحاسوب OZ مع صديقه تاكاشي ساكوما (تاكاهيرو).,34,GENERATED
data50343,WIKI_C_06518,C,روزالي هول فلبْرونْكْس نيويورك، واحد السونطر ديال الرعاية و الراحة للمراهقات الحاملات و اللي كيربيو، كانت فالأصل تابعة لسبيطار ميزيريكورديا القديم اللي أسسوه السيسترات.,"rozaali hol f lbronx, nyw york, wa7d lcentre dyal r3aya w ra7a l lmra7t l7awlat w lli kayrbyw, kan f l aṣl tba3a l sbitar misericordia lqdime lli assasoh l sistrat.","Rosalie Hall in the Bronx , New York , a care and comfort centre for pregnant and parenting teens , originally part of the former Misericordia Hospital founded by the Sisters .",مركز روزالي هول في برونكس، نيويورك، وهو مركز للرعاية والراحة للمراهقات الحوامل والوالدات، كان في الأصل جزءًا من مستشفى ميزيريكورديا السابق الذي أسسته الراهبات.,24,GENERATED
data50344,WIKI_C_05374,C,"تيليشارجومون رقمي – نسخة فيها 18 تراك، هاد النسخة فيها النسخة المونطية ديال "" Frozen "" ماشي النسخة الكاملة اللي كاينة في النسخة الديلوكس.","telechargement raqmi - noskha fiha 18 track, had noskha fiha noskha montiya dyal ""Frozen"" machi noskha kamla li kayna fi noskha deluxe.","Digital download – 18 tracks edition , this version contains the album edit version of "" Frozen "" and not the full album version which is on the deluxe edition","تنزيل رقمي - إصدار 18 مسارًا، هذه النسخة تحتوي على النسخة المختصرة من الأغنية ""Frozen"" وليس النسخة الكاملة الموجودة في الإصدار الفاخر.",24,GENERATED
data50345,WIKI_C_05354,C,آخر واحد بقى حي من سلامات، جورج ديكستر اللي كان عسكري في سلاح النقل الملكي، كيقول باللي من بعد ما غرقت Wryneck، هو و ثلاثة الرجال خرين تنقدوهم الطرادة HMS Orion.,"akher wa7d bqa 7ay mn slamat, george dexter lli kan 3skri f slaa7 n9l lmlki, kyi9ol bli mn ba3d ma ghr9et wryneck, howa w 3 رجالة khorin t2n9dohom tarrada HMS Orion.","The last living survivor from Slamat , Royal Army Service Corps veteran George Dexter , states that after Wryneck was sunk he and three other men were rescued by the cruiser HMS Orion .","آخر ناجٍ باقٍ على قيد الحياة من سلامات، المحارب القديم في سلاح خدمة الجيش الملكي جورج ديكستر، يقول إنه بعد غرق ""راينيك""، تم إنقاذه هو وثلاثة رجال آخرين بواسطة الطراد ""إتش إم إس أوريون"".",31,GENERATED
data50346,WIKI_C_00985,C,"لعناوين ديال القصص يقدروا يكونوا فيهم كلمات د ""الخطر"" بحال ""عشبة خطيرة قانونية..."" ولا ""أخطار مميتة ديال واحد المادة كطلع الراس مسموحة في الزنقة"".","l3nawin dyal lqssas yqdro ikunu fihom klmat d ""l5tr"" b7al ""3shba 5tira qanoniya..."" wala ""5tar mimtiya dyal wa7d l madda katkll3 rras msmu7a f zznga"".","Story headlines may also include ' danger ' keywords , such as "" Dangerous Herb is Legal ... "" or "" Deadly Dangers Of A Street Legal High "" .","قد تتضمن عناوين القصص أيضاً كلمات مفتاحية تشير إلى ""الخطر""، مثل ""عشبة خطيرة وقانونية..."" أو ""مخاطر قاتلة لارتفاع قانوني في الشارع"".",24,GENERATED
data50347,WIKI_C_10939,C,"النظرية ديال النسبية العامة فيها واحد القانون أساسي— معادلات آينشتاين اللي كتشرح كيفاش الفضاء كيتقوس, والمعادلة الجيوديزية اللي كتشرح كيفاش الجسيمات كتحرك ممكن تستنتجها من معادلات آينشتاين.","nazaria dyal nisbiya l3ama fiha wa7ed qanoun asasi— mo3adalat ainstain lli katchre7 kifash lfaDaa' kitiqawss, w lmo3adala ljudizia lli katchre7 kifash ljossaymat kitharru moumkine tistantajha mn mo3adalat ainstain.","The theory of general relativity has a fundamental law — the Einstein equations which describe how space curves , the geodesic equation which describes how particles move may be derived from the Einstein equations .",لنظرية النسبية العامة قانون أساسي - معادلات آينشتاين التي تصف كيف ينحني الفضاء، ومعادلة المسار الجيوديسي التي تصف كيف تتحرك الجسيمات يمكن اشتقاقها من معادلات آينشتاين.,27,GENERATED
data50348,DATA_12700,B,Smith AH. (1947). الأنواع ديال أمريكا الشمالية ديال Mycena. آن أربور، ميشيغان: مطبعة جامعة ميشيغان.,"Smith AH. (1947). Anwa3 dyal Amerika ash-shamaliya dyal Mycena. Ann Arbor, Michigan: Matba3at jami3at Michigan.","Smith AH . ( 1947 ) . North American species of Mycena . Ann Arbor , Michigan : University of Michigan Press .",سميث إيه. إتش. (1947). أنواع الفطر الناقص من أمريكا الشمالية. آن أربور، ميشيغان: مطبعة جامعة ميشيغان.,23,GENERATED
data50349,DATA_19644,B,زَيَّر ليه الذراع و دْفَع رْجْلْ فوْقْ الذراع اللي مزيَّر و ضرب ليه بْطْرفة ديال الرْجْل (ولا الكْعب) تحت وجهو.,zeyyer lih d-drae w dfe3 rjel fouq d-drae li mzeyyer o dreb lih b-terfa dyal r-rjel (wella l-ke3b) te7t wejho.,Arm wrench followed by stepping a leg over the wrenched arm and performing a mule kick with the leg below the opponent 's face,تُتبع حركة سحب الذراع بحركة تمرير الساق فوق الذراع المسحوبة، ثم أداء ركلة بغل بالساق السفلى لوجه الخصم.,24,GENERATED
data50350,DATA_1986,A,بغاو يوكلو البط بسكويت؟,bghaw ywaklo lbaT lbiskwi?,They want to feed the ducks with cookies?,هل يريدون إطعام البط بالبسكويت؟,8,PARTIALLY VALIDATED
data50351,DATA_23399,B,"جون لودر، مهندس ديال الصوت ومؤسس ديال استوديوهات ساوثرن، كايتّعتابر شي مرات ""العضو التاسع"" ديال كراس.","John Louder, mhandes dyal s-sawt u mu'asses dyal studios Southern, kay-t'et'taber shi marrat ""l-3udw t-tase3"" dyal Krass.","John Loder , sound engineer and founder of Southern Studios , is sometimes considered the "" ninth member "" of Crass .","يعتبر جون لودر، مهندس الصوت ومؤسس استوديوهات ساوثرن، أحيانًا ""العضو التاسع"" في فرقة كراس.",22,GENERATED
data50352,WIKI_C_02879,C,ملي كيتخوا الوقود من الطيارات باش يشوفو واش فيه شي شوائب، العينة خاصها تجمع فشي قرعة شفافة باش يبان مزيان واش كاين شي ما.,"mlli kitchwa lwo9od mn ttiyarat bach ychofo wach fih chi shawa2ib, l3ayna khasaha tjem3 f chi 9ar3a shfafa bach yban mzyan wach kayn chi ma.","when fuel was being drained from an aircraft 's tanks to check for the presence of impurities , the sample should be collected in a transparent vessel to allow more reliable identification of any water that might be present .",عندما كان الوقود يُسحب من خزانات الطائرة للتحقق من وجود الشوائب، يجب جمع العينة في وعاء شفاف للسماح بتحديد أكثر موثوقية لأي ماء قد يكون موجودًا.,24,GENERATED
data50353,DATA_5863,A,واش ماشي مشكل نقاطعك؟,wach machi mouchkil n9aT3ek?,Do you mind if I interrupt you?,هل تمانع إذا قاطعتك؟,7,PARTIALLY VALIDATED
data50354,DATA_3496,A,لا لا ماعرفش المنطقة,la la ma3arfch lminTa9a,"No, I don't know the area.",لا، لا أعرف المنطقة.,6,PARTIALLY VALIDATED
data50355,DATA_1740,A,"غايكون بني جديد نشوفوه, تماتيل, آثار, معارض تاع الفن.","ghaykon bni jdid nchofoh, tamatil, atar, ma3arid ta3 lfan.","There'll be new architecture to see, statues, monuments, art galleries.",سيكون هناك معماريات جديدة لرؤيتها، وتماثيل، ونصب تذكارية، ومعارض فنية.,10,PARTIALLY VALIDATED
data50356,DATA_24653,B,"Mike Starr f دور جورج وايس: مولاي @-@الفم منتج أفلام الزبل ديال الزيرو اللي معروف بخدمتو على الأفلام ديال الاستغلال. وايس كيخدم إد باش يخرج فيلم ""غلين أو غليندا"".","Mike Starr f dor George Weiss: مولاي alfomm منتج aflam dyal zzebl dyal zzero lli m3ruf bkhdmto 3la aflam dyal l'istighlal. Weiss kaykhddem Ed bash ykhrej film ""Glen or Glenda"".",Mike Starr as George Weiss : Foul @-@ mouthed Z movie producer known for his work on exploitation films . Weiss hires Ed to direct Glen or Glenda .,"مايك ستار في دور جورج وايس: منتج أفلام من الدرجة الثانية بذيء اللسان، معروف بأعماله في أفلام الاستغلال. وايس يوظف إد لإخراج فيلم ""جلين أو جلندا"".",29,GENERATED
data50357,WIKI_C_06159,C,"الديزاين ديال الجوكر ديال هيمينغ و ليدجر خلا أثر فالثقافة الشعبية و السياسية بحال البوستر ديال باراك أوباما ""الجوكر""، و من بعد ولا ميم بوحدو.","ldesign dyal l joker dyal hemming w ledger khalla atar f thaqafa cha3biya w siyasiya bhal l poster dyal barack obama ""l joker"", w men ba3d walla meme bwehdo.","Hemming and Ledger 's Joker design has had an impact in popular and political culture in the form of the Barack Obama "" Joker "" poster , and has since become a meme in its own right .","لقد ترك تصميم الجوكر الخاص بهيمينغ وليدجر أثراً في الثقافة الشعبية والسياسية في شكل ملصق باراك أوباما ""الجوكر""، وأصبح منذ ذلك الحين ميمًا بحد ذاته.",25,GENERATED
data50358,WIKI_D_08613,D,فنيو فيݣاس، اللّاعب يقدر يمشي للكازينوات باش يلعب ميني ݣيمز باش يربح لفلوس، بحال بلاك جاك، سلوتس، و روليت. و يقدر يلعب واحد اللعبة ديال لكارطة سميتها كارڤان، اللي مصايبة خصيصا للعبة، برا لكازينوات.,"f new vegas, lla3ib i9der ymchi lel casinoباش yal3ab mini gamesباش yreb7 lflouss, bhal blackjack, slots, w roulette. w i9der yal3ab wa7d l3ba dyal l card smitha caravan, lli msayba khssissatan lel 3ba, bra lel casino.","In New Vegas , the player can visit casinos to participate in minigames to win currency , including blackjack , slots , and roulette . A card game called Caravan , which was designed specifically for the game , can be played outside of the casinos .","في نيو فيغاس، يمكن للاعب زيارة الكازينوهات للمشاركة في ألعاب مصغرة لربح العملة، بما في ذلك البلاك جاك، وماكينات القمار، والروليت. ويمكن لعب لعبة ورق تسمى ""كارافان""، والتي صُممت خصيصاً للعبة، خارج الكازينوهات.",34,GENERATED
data50359,WIKI_C_06546,C,وزيد خدا جائزة إيبان ف 1975 من الجمعية الأمركية لموارد الما، واحد المنظمة وطنية فيها كثر من 2800 عضو، على قبل التشجيع ديال الطرق المتعددة لحل مشاكل الما.,"wزيد khda jayza iban f 1975 mn ljam3iya l'amrikiya limawarid lma, wa7d lmnddma waTaniya fiha ktar mn 2800 3do, 3la qbel t+hji3 dyal Toriyaq lmtt3ddida l7all machakil lma.","He also received the Iban Award in 1975 from the American Water Resources Association ( AWRA ) , a national organization of over 2800 members , for promotion of multidisciplinary approaches to water resource problems .",كما حصل على جائزة إيبان عام 1975 من الجمعية الأمريكية لموارد المياه (AWRA)، وهي منظمة وطنية تضم أكثر من 2800 عضو، لتعزيز المناهج متعددة التخصصات لمشاكل موارد المياه.,28,GENERATED
data50360,DATA_18351,B,ف شهر أبريل 2011، أعلنوا على أرونوفسكي رئيس لجنة التحكيم فالمهرجان الدولي ديال ڤينيسيا للتصويرة رقم 68.,"f chehar abril 2011, a3lanu 3la aronofsky ra2is lajnat tahkim falmihrajan dawli dyal venecia l ttswira raqam 68.","In April 2011 , Aronofsky was announced as the President of the Jury for the 68th Venice International Film Festival .",في أبريل 2011، تم الإعلان عن أرونوفسكي رئيسًا للجنة تحكيم الدورة الثامنة والستين لمهرجان البندقية السينمائي الدولي.,21,GENERATED
data50361,DATA_15171,B,الصوت مهبّط و غليظ و فيه بحة و فيه تقهقهات، و كيدير حس بحال شي دجاجة كاتككي، و كيزيد شي هضرة. و فاش كيكون كيبين راسو، الذكر كيدير حس ديال الرعد و كينبح.,"ssot mhabat u ghlij u fih b7a u fih taqahqahat, u kidir 7ess b7al shi djaja katkekki, u kiyzid shi hdra. u fash kikun kibeyyen rassu, ddkerr kidir 7ess dyal rra3d u kyenba7.","The voice is low @-@ pitched and guttural and includes chuckles , repeated clucking sounds , expostulations . When displaying , the male makes rattles and barking noises .",الصوت منخفض الطبقة وغليظ، ويتضمن ضحكات، وأصوات نقنقة متكررة، واعتراضات. عند العرض، يصدر الذكر أصوات خشخشة ونباح.,29,GENERATED
data50362,WIKI_C_06071,C,محمد دار المقر ديال العسكر ديالو فديك التلة ديال سلا و العسكر تقاد تما; هاد البلاصة غاتعطي للمسلمين الأسبقية إلا العدو فات الخندق.,mohamed dar lmaqr dyal l3askar dyalo fdik tella dyal sla w l3askar t9ad tema; had lbblasa ghat3ti lmsllmin l'asba9ia ila l3do fat lkhndo9.,Muhammad established his military headquarters at the hillock of Sala ' and the army was arrayed there ; this position would give the Muslims an advantage if the enemy crossed the trench .,أسس محمد مقر قيادته العسكرية في تلعة سلا، وتجمعت هناك الجيوش؛ وكان هذا الموقع سيعطي المسلمين أفضلية إذا عبر العدو الخندق.,23,GENERATED
data50363,DATA_6938,A,ماعمرك مجربتي شي تخليطة ديال ماكلة و سدقات نادية ?,ma3emerek majrebti chi te5lita dial makla ou sed9at nadya ?,have you ever tried a food combination that turned out surprisingly awesome?,هل جربتَ يومًا مزيجًا من الأطعمة أثبت أنه رائع بشكل مدهش؟,12,PARTIALLY VALIDATED
data50364,WIKI_C_04072,C,القوى اللي كدور شي حاجة طويلة عندها علاقة بالعزوم. حسابياً، العزم ديال شي قوة <formula> كيتحدد بالنسبة لواحد النقطة مرجعية كيفما كانت بالضرب المتجهي:,"l-qwa li kadur chi 7aja tawila 3andha 3alaqa bel-'uzum. 7isabiyn, l-'eazm dyal chi qwa <formula> kayt7aded b-nissba li wa7d n-nuqta merj3iya kifma kanet b-d-darb l-mettajezi:","Forces that cause extended objects to rotate are associated with torques . Mathematically , the torque of a force <formula> is defined relative to an arbitrary reference point as the cross @-@ product :",القوى التي تسبب دوران الأجسام الممتدة ترتبط بالعزوم. رياضياً، يُعرَّف عزم القوة <formula> بالنسبة لنقطة مرجعية اعتباطية بأنه حاصل الضرب الاتجاهي:,24,GENERATED
data50365,DATA_20194,B,تعامل بحذر - الحياة في عالم الباليه . تسجيل HD (شريط) مع أغنية، سينتيسيزر ومؤثرات صوتية (1995).,"ta3amel bi hazar - alhayat fi 3alam albalih. tsjil HD ( الشريط) m3a aghniya, sintisizer w mu'athirat sawtiya (1995).","Handle with care – Life inside ballet . HD recording ( tape ) with song , synthesizers and sound effects ( 1995 )",تعامل مع العناية – الحياة داخل الباليه. تسجيل عالي الدقة (شريط) مع أغنية، ومُركِّبات صوتية، ومؤثرات صوتية (1995),23,GENERATED
data50366,WIKI_C_02657,C,مدارس خراين ف ميدلتون كاين مدرسة ميدلتون برايمري اللي فالوسط ديال الإقامة اللي تحلات ف العشرينات، و سانت فيليب كاتوليك برايمري و نورسري اللي تحلات ف 1941، و ويستوود برايمري.,"mdares khrin f middleton kayen mdrast middleton primary li fel wasst dial l'iqama li t7alat f l3echrinat, w sant filib catholic primary w nursery li t7alat f 1941, w westwood primary.","Other schools in Middleton are Middleton Primary School , in the centre of the housing estate which opened in the 1920s , St Philip 's Catholic Primary and Nursery School which opened in 1941 , and Westwood Primary School .",المدارس الأخرى في ميدلتون هي مدرسة ميدلتون الابتدائية، في وسط المجمع السكني والتي افتتحت في عشرينيات القرن الماضي، ومدرسة سانت فيليب الكاثوليكية الابتدائية ودور الحضانة والتي افتتحت في عام 1941، ومدرسة ويستوود الابتدائية.,30,GENERATED
data50367,WIKI_C_00179,C,مارلبورو تحطات ف لائحة البيع ف شهر ماي 1932 و دغيا تباعت لشركة ألوة ديال تكسير السفن. ف 25 يونيو، وصلات ل روزيث، فين تفككات باش تولي حديد قديم.,"marleboro t7t9t f l2i7a dyal lbi3 f chhar may 1932 w dghya tba3t lchrika dyal allo li tksir ssofno. f 25 jwinio, wslt l rozit, fin tfkktt bach twli 7did 9dim.","Marlborough was placed on the disposal list in May 1932 and was quickly sold to the Alloa Shipbreaking Co . On 25 June , she arrived in Rosyth , where she was broken up for scrap .",وُضِعَت مارلبورو في قائمة التخلص منها في مايو 1932 وبيعت بسرعة لشركة ألو لكسر السفن. في 25 يونيو، وصلت إلى روزيث، حيث تم تفكيكها للخردة.,29,GENERATED
data50368,DATA_0653,A,واش كاتخاف من الضلام?,Wash mkhwafak l-zlama?,Are you scared of the dark?,هل أنت خائف من الظلام؟,6,PARTIALLY VALIDATED
data50369,DATA_18203,B,† أورنيثوبودا (أحجام مختلفة; كيتمشاو على جوج رجلين و أربعة; طورو واحد الطريقة باش يمعسو بيها الماكلة بليونة ديال الجمجمة و بزاف ديال السنان).,Ornithopoda (ahjam mokhtalifa; kaytmchaw 3la jouj rejlین o arba3a; torro wa7ed tariqa bash ym3so biha lmakla bliyouna dyal ljamjouma o bzaf dyal snan).,† Ornithopoda ( various sizes ; bipeds and quadrupeds ; evolved a method of chewing using skull flexibility and numerous teeth ),† أورنيثوبودا (أحجام متنوعة؛ ثنائيو وثلاثيو الأرجل؛ طوروا طريقة للمضغ باستخدام مرونة الجمجمة والأسنان العديدة),22,GENERATED
data50370,WIKI_C_09305,C,"سيلبر، ريبيكا ر (15 مارس 1998). ""قاموس الإبادة الجماعية (رسالة إلى المحرر)"". نيويورك تايمز. تجبدات نهار 1 يناير 2008.","silber, ribeka r (15 maris 1998). ""qamois l-ibada l-jama3iya (rsala ila l-muharrir)"". nyu york times. tjbedat nhar 1 yanayr 2008.","Silber , Rebecca R ( March 15 , 1998 ) . "" Lexicon of Genocide ( Letter to the Editor ) "" . New York Times . Retrieved January 1 , 2008 .","سيلبر، ريبيكا ر (15 مارس 1998). ""معجم الإبادة الجماعية (رسالة إلى المحرر)"". نيويورك تايمز. استرجع في 1 يناير 2008.",19,GENERATED
data50371,WIKI_C_01256,C,كاينين سطاش راديو ف المدينة كايدوزو أنواع و اهتمامات مختلفة، كلشي ف لإف إم. عشرة منهم باللونگليزية و ستة بالفرونصيص.,"kaynin shtaash radio f lmdina kaydozo anwaa3 w ihtemamat mokhtalifa, kolshi f lfm. 3ashra منهم b l'inglizya w seta b l'faransiya.","There are 16 broadcast radio stations in the city covering a variety of genres and interests , all on the FM dial . Ten of these stations are English and six are French .",توجد ست عشرة محطة إذاعية في المدينة تغطي مجموعة متنوعة من الأنواع والاهتمامات، وكلها على موجة FM. عشر من هذه المحطات باللغة الإنجليزية وست باللغة الفرنسية.,20,GENERATED
data50372,WIKI_D_07640,D,بموجب قانون سوء استعمال المخدرات، المدير ديال المكتب المركزي للمخدرات يقدر يأمر المدمنين على المخدرات يدوزو علاج ولا تأهيل في مؤسسة معتمدة لمدد متجددة ديال ست شهور لمرة، و ما يفوتوش تلات سنين كحد أقصى.,"bimujib qanun su'i istikhdam al-mukhaddirat, yajuz li-mudir al-maktab al-markazi lil-mukhaddirat an ya'mura muta'ati al-mukhaddirat bil-khudu' lil-'ilaj aw i'adat al-ta'hil fi mu'assasa mu'tamada li-fatarat mutajaddida muddatuha sittat ashhurin bi-haddin aqsa thalath sanawat.","Under the Misuse of Drugs Act , the Director of the Central Narcotics Bureau may order drug addicts to undergo drug treatment or rehabilitation at an approved institution for renewable six @-@ month periods up to a maximum of three years .",بموجب قانون إساءة استعمال المخدرات، يجوز لمدير المكتب المركزي للمخدرات أن يأمر متعاطي المخدرات بالخضوع للعلاج أو إعادة التأهيل في مؤسسة معتمدة لفترات متجددة مدتها ستة أشهر بحد أقصى ثلاث سنوات.,35,GENERATED
data50373,WIKI_C_04527,C,لي سينيال لهورمونات لميتوكوندري حساسة و كتجاوب مع الهرمونات، شي شوية بفضل لخدمة ديال ليستروجين لي كيستقبلو لميتوكوندري. هاد ليستقبالات لقاوهم ف بزاف ديال النسايج و الخلايا، بحال الدماغ و القلب.,"l sinal dyal l hormones. l mitochondria hassasa w katjawb m3a l hormones, chwiya b l action dyal les recepteurs dyal estrogen li kayestaqblo l mitochondria. had les recepteurs lqawhom f بزاف dyal nssayeg w l kheliya, bhal l dmari w l qalb.","Hormonal signaling Mitochondria are sensitive and responsive to hormones , in part by the action of mitochondrial estrogen receptors ( <unk> ) . These receptors have been found in various tissues and cell types , including brain and heart",الإشارات الهرمونية: الميتوكوندريا حساسة للهرمونات وتستجيب لها، ويرجع ذلك جزئيًا إلى عمل مستقبلات هرمون الاستروجين الميتوكوندري ( <unk> ). وُجدت هذه المستقبلات في أنسجة وأنواع خلايا مختلفة، بما في ذلك الدماغ والقلب.,31,GENERATED
data50374,DATA_13499,B,فالعشية الثانية طلبت من الجنرال بيرستون بحكم أنه صاحب قديم ديال راول باش يحاول يقنعو و يهديه، ولكن بيرستون ما صدقاتش ليه.,"fal3chiya ttaniya tlebt mn ljiniral birston b7okm annaho sa7b qdim dyal rawl bach y7awl yqn3o w yhdih, walakin birston ma sdqatch lih.",On second evening I asked General Burston as an old friend of Rowell to endeavour to induce a proper frame of mind but Burston met with no success .,في المساء الثاني، طلبت من الجنرال بورستون، بصفته صديقاً قديماً لرول، أن يبذل جهداً لحثه على التفكير بشكل مناسب، لكن بورستون لم ينجح.,29,GENERATED
data50375,DATA_21247,B,البوليس متكلف بيه شريف ديال مقاطعة بوفورت. و الجزيرة مجهزة بنظام متطور ديال 9-1-1.,lbolis mtkelff bih shrif dyal moqata'a boufort. o l-jazira mjhhza b nidaam mttoor dyal 9-1-1.,Police services are contracted through Beaufort County Sheriff 's Office . The island is equipped with an enhanced 9 @-@ 1 @-@ 1 system .,يتم التعاقد مع خدمات الشرطة من خلال مكتب شريف مقاطعة بوفورت. الجزيرة مجهزة بنظام محسّن للطوارئ 911.,25,GENERATED
data50376,DATA_6633,A,ملي تمركا البيت الجمغور فرح نيت,mli tmarka lbit ljomgor fre7 nit,the goal celebration was a moment of pure joy,كان الاحتفال بالهدف لحظة فرح خالص,9,PARTIALLY VALIDATED
data50377,DATA_0500,A,إمكن لينا نمشيو نشوفو أش كايدير داك سنجاب تمّا,imken lina nmchiw nchoufou ach kaydir dak sinjab tmma,We could go see what that squirrel's doing over there,يمكننا الذهاب لنرى ما يفعله السنجاب هناك,10,PARTIALLY VALIDATED
data50378,DATA_20839,B,قبل ما يتبنى القنطرة، اللي بغا يدوز لهومبر كان خاصو يا إما يشد فاري ديال هومبر ولا يمشي لداخل حتى لڭول.,"qbel ma ytbna l-qantra, li bgha iduz l-homber kan khasso ya imma yshed ferry dial homber wla ymshi l-dakhel 7etta l-gul.","Before the bridge was built , those wishing to cross the Humber had to either take a Humber Ferry or travel inland as far as Goole .",قبل بناء الجسر، كان على الراغبين في عبور نهر هامبر إما استخدام عبّارة هامبر أو السفر داخليًا حتى مدينة غول.,27,GENERATED
data50379,DATA_15219,B,تكلفة الإنتاج ديال The Living Daylights كانت 40 مليون دولار، و الفيلم جاب في البوكس أوفيس 191.2 مليون دولار.,"Tklfa l intaj dyal The Living Daylights kanat 40 melyun dolar, u l film jab fi l box office 191.2 melyun dolar.","The production costs of The Living Daylights were $ 40 million , and the film posted box office results of $ 191 @.@ 2 million .",بلغت تكاليف إنتاج فيلم «ذكريات يوم مشرق» 40 مليون دولار، وحقق الفيلم إيرادات شباك تذاكر بلغت 191.2 مليون دولار.,26,GENERATED
data50380,WIKI_C_08253,C,ملي كاتطلع الحوتة للفوق، الزعنفة ديال الظهر كتبان مورا النفاخة دغيا. ديك النفاخة كتكون واقفة ورقيقة و تقدر توصل لستة د المترو ولا كتر.,"mlli katetla3 l7outa lfo9, zza3nafa dyal dhar katban mora naffa5a dghya. dik naffa5a katkoun wa9fa w r9i9a w t9dar tوصel l sitta d lmétro wla ktr.","When the whale surfaces , the dorsal fin is visible soon after the spout . The spout is vertical and narrow and can reach heights of 6 m ( 20 ft ) or more .",عندما تطفو الحوتة على السطح، تظهر الزعنفة الظهرية بعد فترة وجيزة من النفث. يكون النفث عموديًا وضيقًا ويمكن أن يصل إلى ارتفاعات تصل إلى 6 أمتار (20 قدمًا) أو أكثر.,24,GENERATED
data50381,WIKI_D_11895,D,"فوستر كبر فجنوب يوركشاير. ووصف راسو ب ""راجل ديال العائلة""، ولكن كيعترف بلي دار اختيارات خايبة فالعيشة ديالو ف""صغرو"". عندو ولد واحد، لي مراتو ولداتو في يناير 2010.","foster kbr fjnb yorkshire. wewsaf raso b ""rajl dyal l3aila"", walakin kyt3rf bli dar ikhtiyarat khayba fl3icha dyalo f""sghro"". 3ndo wld wa7d, li marto wlatdo f yanayir 2010.","Foster grew up in South Yorkshire . He has described himself as a "" family man "" , but admits to making bad lifestyle choices in his "" younger years "" . He has one son , whom his partner gave birth to in January 2010 .","نشأ فوستر في جنوب يوركشاير. وقد وصف نفسه بأنه ""رجل عائلة""، لكنه يعترف بارتكاب خيارات نمط حياة سيئة في ""سنواته الأولى"". لديه ابن واحد، أنجبته شريكته في يناير 2010.",28,GENERATED
data50382,DATA_9557,A,المشاكل ماغاتلقايهومش معايا,koun ghir 9dert njtaneb ga3 lmachakil,you wont find problems with me,ليتني تجنبت المشاكل,5,PARTIALLY VALIDATED
data50383,WIKI_D_10263,D,"المؤرخين ديال دابا غالبا كيعتابرو الموت ديال هارالد ف ستامفورد بريدج, اللي سالات الغزو ديالو, هيا النهاية ديال العصر ديال الفايكينݣ. هارالد كيتعتابر تا هو عادة آخر ملك فايكينݣ كبير, ولا حتى آخر فايكينݣ كبير.","lmouarrikhine dyal daba galban kiy3tabro lmout dyal harald f stamford bridge, lli salat lghazw dyalo, hiya lneghaya dyal l3asr dyal lvikingu. harald kiy3tabar ta howa 3adatan akher malik vikingu kbir, wla hatta akher vikingu kbir.","Modern historians have often considered Harald 's death at Stamford Bridge , which brought an end to his invasion , as the end of the Viking Age . Harald is also commonly held to have been the last great Viking king , or even the last great Viking .",غالباً ما اعتبر المؤرخون المعاصرون وفاة هارالد في ستامفورد بريدج، والتي أنهت غزوه، نهاية عصر الفايكنج. كما يُنظر إلى هارالد عادةً على أنه آخر ملوك الفايكنج العظام، أو حتى آخر فايكنج عظيم.,35,GENERATED
data50384,DATA_3033,A,ولكن ماكانعرف عليها والو,walakin mkan3raf 3liha walo,but I don't know anything about it,ولكني لا أعرف شيئًا عنه,7,PARTIALLY VALIDATED
data50385,DATA_18587,B,"بحال شحال من جبل فسكوتلندا، معروف عند الناس اللي ساكنين تما و عند الزوار غير بـ ""البن"".","b7al sh7al mn jbel fscotlanda, m3روف 3nd nass li sakinine tma w 3nd zouwwar ghir b ""l ben"".","As is common for many Scottish mountains , it is known both to locals and visitors as simply "" the Ben "" .","كما هو شائع بالنسبة للعديد من الجبال الاسكتلندية، يُعرفها السكان المحليون والزوار على حد سواء ببساطة باسم ""البن"".",23,GENERATED
data50386,WIKI_D_04004,D,فشهر فبراير 2016، نوتي دوݣ أعلنات على صدور فيݣور ناثن دريك ديال 7 إنش، عندو المفاصل كيتحركو و معاه سلاح و بزاف ديال لوازيم. هاد الفيݣور كتصاوبها شركة ديال اللعب سميتها ناشونال إنترتينمنت كوليكتيبلز أسوسييشين، لي معروفة ب NECA.,"f shher febrayer 2016, nawtii dog 3elnet 3la sedour figeur nathan drake dyal 7 inch, 3endo lmfaSil kithrekko w m3ah slah w bzaf dyal lwaziem. had lfigeur ketsawebha sherika dyal l3ebb semitha nashionl entertaynment kolektibilz asousiieshen, li ma3rofa b neca.","In February 2016 , Naughty Dog announced the release of a 7 @-@ inch Nathan Drake action with articulated joints and an arsenal of gear and accessories . This action figure is being made by the toy company National Entertainment Collectibles Association , also known as NECA .",في فبراير 2016، أعلنت شركة Naughty Dog عن إصدار مجسم أكشن لناثان دريك بقياس 7 بوصات، يتميز بمفاصل متحركة وترسانة من العتاد والملحقات. يتم تصنيع هذا المجسم بواسطة شركة الألعاب National Entertainment Collectibles Association، والمعروفة أيضًا باسم NECA.,39,GENERATED
data50387,DATA_5667,A,كانتمنّا ليك نهار زوين,kantmenna lik n8ar zwin,Wishing you a pleasant day,أتمنى لك يومًا سعيدًا,5,PARTIALLY VALIDATED
data50388,DATA_16433,B,تيا ليوني بدور أماندا كيربي، مرات پول القديمة اللي مشات مع المجموعة لجزيرة إيسلا سورنا باش تقلب على ولدها.,"tiya liyoni b دور amanda kirbi, mrat بول lqdima lli mchat m3a lmjmou3a ljazirat isla sorna bash tqllb 3la wldha.","Téa Leoni as Amanda Kirby , Paul 's former wife who accompanies the group to Isla Sorna to search for her son .",تينا ليوني في دور أماندا كيربي، زوجة بول السابقة التي ترافق المجموعة إلى جزيرة سورنا للبحث عن ابنها.,23,GENERATED
data50389,DATA_6914,A,كيعجبوك ريسطورة لي كايركزو على مذهر ديال ماكلة؟,ki3ejbouk restorat li kayrekzou 3la medher dial makla ?,do you prefer restaurants with a focus on food presentation artistry?,هل تفضل المطاعم التي تركز على فن تقديم الطعام؟,11,PARTIALLY VALIDATED
data50390,DATA_14714,B,ابتداءً من شهر مارس 2015، واحد الكار ديال الطوموبيل اللي كاتمشي بالموطور، مصاوب في 1923، راه معروض ف متحف النقل ديال لندن ف كوفنت غاردن.,"ibtida'an min chhar مارس 2015, wahed l-kar dyal ttomobil lli katmchi bl-motor, msawb f 1923, rah ma3roud f mt-haf n-naql dyal london f kuffent gardn.",As of March 2015 a driving motor car built in 1923 is a static exhibit at London Transport Museum at Covent Garden .,اعتباراً من مارس 2015، أصبحت سيارة بمحرك تم بناؤها عام 1923 معروضة بشكل ثابت في متحف لندن للنقل في كوفنت غاردن.,23,GENERATED
data50391,DATA_16754,B,كلورور الحديد (III) و PAC كيتستعملو بجوج كا مواد ديال التجميع والتخثير في معالجة الصرف الصحي، وإنتاج ماء الشرب، وصناعة الورق.,"kloror lhadid (III) o PAC kitsta3mlo bjoj ka mawad dyal tajmi3 w tkhtir fi m3aljat sserf ssi7i, w intaj ma dchrob, w ssina3at lwaraq.","Both iron ( III ) chloride and PAC are used as flocculation and coagulation agents in sewage treatment , drinking water production , and paper production .",يُستخدم كلوريد الحديد (III) والبولي ألومنيوم كلوريد كعوامل تنديف وتخثير في معالجة مياه الصرف الصحي، وإنتاج مياه الشرب، وصناعة الورق.,27,GENERATED
data50392,DATA_22050,B,اللوغاريتم ديال عاملي نون، ن! = 1 · 2 · ... · ن، كايتعطى بـ,"allogharitm dyal 3amili nūn, n! = 1 · 2 · ... · n, kayt3atta bـ","The logarithm of n factorial , n ! = 1 · 2 · ... · n , is given by",يُعطى لوغاريتم مضروب العدد ن، ن! = ١ · ٢ · ... · ن، بالصيغة,20,GENERATED
data50393,DATA_6369,A,تاواحد ماعاون هاديك المرة العاشرة,tawa7d ma3awen hadik lmra l3ewra,no one in the street has ever given the blind woman any help,لم يسبق لأحد في الشارع أن قدم أي مساعدة للمرأة العمياء,13,PARTIALLY VALIDATED
data50394,DATA_18344,B,"دارو فيلم وثائقي سميتو ""مشاكل صعيبة: الطريق لأصعب مسابقة ديال الماط فالعالم"" على الفريق ديال ميريكان اللي شارك ف أولمبياد الرياضيات الدولي عام 2006.","daru film watai9i smito ""machakil s3iba: ttri9 l as3ab mosaba9a dyal lmat fal3alam"" 3la lfri9 dyal mirikan li shark f olympya dyal riyadiyat ddwali 3am 2006.","A documentary , "" Hard Problems : The Road To The World 's Toughest Math Contest "" was made about the United States 2006 IMO team .","تم إنتاج فيلم وثائقي بعنوان ""مشاكل صعبة: الطريق إلى أصعب مسابقة رياضيات في العالم"" عن فريق الولايات المتحدة لعام 2006 في الأولمبياد الدولي للرياضيات.",27,GENERATED
data50395,WIKI_C_04560,C,موسوعة ديال الإبادة الجماعية وجرائم ضد الإنسانية. تلاتة ديال المجلدات. إدّيتها أنا ودينا شيلتون. ديترويت: طومسون/غيل، 2005. ISBN 0 @-@ 02 @-@ <unk> @-@ 9.,"mouso3a dyal l-ibada l-jama3iya w jarayim d-d l-insaniya. tlata dyal l-mojalladat. idditha ana w dina shelton. detroit: thomson/gale, 2005. ISBN 0-02-unk-9","Encyclopedia of Genocide and Crimes Against Humanity . 3 vols . Edited with Dinah Shelton . Detroit : Thomson / Gale , 2005 . ISBN 0 @-@ 02 @-@ <unk> @-@ 9",موسوعة الإبادة الجماعية والجرائم ضد الإنسانية. 3 مجلدات. حررتها مع دينا شيلتون. ديترويت: طومسون/جيل، 2005. ISBN 0-02-<unk>-9,25,GENERATED
data50396,DATA_1995,A,أنا ماشي متأكد واش عارف اش كاياكل البط,ana machi mat2akd wach 3arf ach kayakol lbaT,I'm not even sure I know what the ducks are eating,لست متأكدًا حتى مما تأكله البط,11,PARTIALLY VALIDATED
data50397,DATA_18823,B,باعكليف سي دي پي فيها لمدرسة ديال كينيث إي. ليتل ليليمونطير و پارك بشور اللي تقاد من أرض تبرعات بيها شركة تيكساس جينكو.,ba3klif sidi bi fiha lmdrassa dyal kinith i. littl lilimontir o park bshur li tqad mn ard tbarra3at biha shrika tiksas ginko.,"The Bacliff CDP is home to the Kenneth E. Little Elementary school and Bayshore Park , created from land donated by Texas Genco .",تضم منطقة بالتكليف المخططة للتنمية (CDP) مدرسة كينيث إي. ليتل الابتدائية ومتنزه بايشور، واللذان تم إنشاؤهما من أرض تبرعت بها شركة تكساس جينكو.,24,GENERATED
data50398,DATA_2763,A,لوبنا دوزات زبالة طولقت كاتوريني كيفاش نشعلو ونشارجيه ونصيفت الإيمايلات,Loubna dwzat zbbala tlw9t katwrrini kifach nch3lo o ncharjih o nSift les emails,"Loubna spent ages showing me how to switch it on, charge it up, how to send emails",أمضت لبنى وقتًا طويلاً في إرشادي إلى كيفية تشغيله وشحنه وكيفية إرسال رسائل البريد الإلكتروني.,17,PARTIALLY VALIDATED
data50399,DATA_11914,A,عمرك ت وزّع على ناسّ فلوس,3emrek t wzze3 3la nass flouss,you should never give money off,لا ينبغي عليك أبداً تقديم خصم على المال,6,PARTIALLY VALIDATED
data50400,WIKI_D_11638,D,زيمبابوي فيها بزاف ديال الثقافات المختلفة اللي يقدروا يكونوا فيهم معتقدات وطقوس، وحدة منهم هي شونا، أكبر مجموعة عرقية في زيمبابوي. شعب شونا عندهم بزاف ديال التماثيل والنقوش اللي مصاوبين بأجود المواد اللي كاينين.,"zimabwi fiha bzaf dyal thaqafat mokhtalifa li yqdro ikono fihom mo3taqadat w toqos, wa7da منهم hiya shona, kbir majmo3a 3irqia f zimbabwi. cha3b shona 3ndhom bzaf dyal tmatil w noqosh li msawebin b ajwad mawad li kaynin.","Zimbabwe has many different cultures which may include beliefs and ceremonies , one of them being Shona , Zimbabwe 's largest ethnic group . The Shona people have many sculptures and carvings which are made with the finest materials available .",تتمتع زيمبابوي بالعديد من الثقافات المختلفة التي قد تشمل المعتقدات والاحتفالات، ومنها ثقافة الشونا، أكبر مجموعة عرقية في زيمبابوي. يمتلك شعب الشونا العديد من المنحوتات والأعمال الخشبية المصنوعة من أجود المواد المتاحة.,34,GENERATED
data50401,DATA_11030,A,تعطلي بزّاف باش تركّز,t3etli bezzaf bach trekkez,you are too late to to focus,لقد تأخرت كثيرًا للتركيز,7,PARTIALLY VALIDATED
data50402,DATA_22346,B,"كاع الأغاني تكتبو و تلحنو من طرف لينون – مكارتني من غير ""Within You Without You"" اللي كتبها جورج هاريسون.","ga3 leghnayi tktbo o tlahno mn taraf lennon - mccartney mn ghir ""Within You Without You"" li ktebha george harrison.","All songs written and composed by Lennon – McCartney except "" Within You Without You "" , by George Harrison .","جميع الأغاني كتبها ولحنها لينون - مكارتني باستثناء أغنية ""داخل أنت وخارجك""، لجورج هاريسون.",21,GENERATED
data50403,WIKI_D_00808,D,في 2006 نيوزيلندا بدات واحد البروجي پيلوط مع جوج طوموبيلات فورد فوكوس فليكسي E85 باش تجربهم. المادة اللولة اللي كيستعملو فنيوزيلاندا باش يصاوبو الإيثانول هي الشرش، واحد الشياطة ديال إنتاج الحليب.,"f 2006 nz land bdat wa7d project pilot m3a jwaj tomobilat ford focus flexi E85 bach tjrrbhom. l madda lawla li kist3mlo f nz land bach yswabo l ethanol hi charch, wa7d chiyaT dial intaj l 7lib.","In 2006 New Zealand began a pilot project with two E85 Ford Focus Flexi @-@ Fuel evaluation cars . The main feedstock used in New Zealand for ethanol production is whey , a by @-@ product of milk production .",في عام 2006، بدأت نيوزيلندا مشروعًا تجريبيًا بسيارتي فورد فوكس فليكسي E85 لتقييم الوقود. المادة الأولية الرئيسية المستخدمة في نيوزيلندا لإنتاج الإيثانول هي مصل اللبن، وهو منتج ثانوي لإنتاج الحليب.,31,GENERATED
data50404,DATA_2610,A,كنبغي الحوت وشيبس بزاف، ولكن ماكاناكلش بزاف ديال اللحم,"kanbghi l7ot o chips bzaf, walakin makanakolch bzaf dyal l7am","I like fish and chips a lot, but I don't eat much meat.",أحب السمك والبطاطا المقلية كثيراً، لكنني لا آكل الكثير من اللحم.,13,PARTIALLY VALIDATED
data50405,WIKI_C_05770,C,نورياكي كاساي - بطل العالم 1992; مول الركور ديال اليابان دابا بـ 240 فاصلة شي حاجة 5 ميترو (789 قدم); عندو 9 نطات فوق 230 ميترو و جوج نطات فوق 240 ميترو.,noriaki kasai - btal dyal l3alam 1992; moul l-record dyal l-yaban daba b 240.5 mitro (789 qdam); 3endo 9 ntat fawq 230 mitro w joj ntat fawq 240 mitro.,Noriaki Kasai – 1992 World Champion ; current Japanese national record holder with 240 @.@ 5 m ( 789 ft ) ; 9 jumps over 230 m and 2 jumps over 240 m .,نورياكي كاساي - بطل العالم لعام 1992؛ صاحب الرقم القياسي الياباني الحالي بـ 240.5 مترًا (789 قدمًا)؛ 9 قفزات فوق 230 مترًا و قفزتان فوق 240 مترًا.,32,GENERATED
data50406,DATA_0387,A,"كاتعيّط عليا ب سميت خويا, و خسّني نغوّت ونبدا نعاود لهدرا","kat3yyeT 3lia b smyt khouya, o khssni nghowwet onbda n3awd lhdra","She calls me by my brother's name, and I have to shout and keep repeating myself",تناديني باسم أخي، وعليّ أن أصرخ وأكرر نفسي,16,PARTIALLY VALIDATED
data50407,DATA_11736,A,نتحداك ت حقّ ديك لكوپا,nt7edak t 799e9 dik lcoupa,I dare you to win the cup,أتحدّاك أن تفوز بالكأس,7,PARTIALLY VALIDATED
data50408,DATA_1491,A,غايكون سخون الحال اليوم.,ghaykon skhoun l7al lioma.,It's going to be hot today.,سيكون الجو حارًا اليوم.,6,PARTIALLY VALIDATED
data50409,WIKI_C_11783,C,"""تيتانيوم"" خرجات للتيليشارجومونط ف 8 غشت 2011، كأول سينجل من بين أربعة د السينجلات اللي دارو بيبليستي للألبوم، كجزء من العد التنازلي ديال iTunes Store للإصدار ديال الألبوم.","titaniyum khrej l-telechargement f 8 ghesht 2011, ka-awel single men bein arba3 d-singles li daro publicite l-album, k-juz men l-3edd t-tanawozi dyal iTunes Store l-isdar dyal album.",""" Titanium "" was released for digital download on August 8 , 2011 , as the first of four promotional singles from the album , as part of the iTunes Store 's countdown to the album 's release .","تم إصدار ""تيتانيوم"" للتنزيل الرقمي في 8 أغسطس 2011، كأول أغنية منفردة ترويجية من بين أربع أغنيات من الألبوم، كجزء من العد التنازلي لمتجر آيتيونز لإصدار الألبوم.",28,GENERATED
data50410,wiki_36,B,آيت عميرة جماعة ترابية قروية كاينة في إقليم اشتوكة آيت باها، جهة سوس ماسة، ساكنين فيها 76559 نسمة، على حسب الإحصاء العام 2014,"Ayit 3mira jama3a trabiya qruwiya kayna fi iqlim Ishtuka Ayit Baha, jiha Sus Masa, saknin fiha 76559 nasma, 3la hasb al-ihsa2 al-3amm 2014","aït amira is a rural commune located in the province of chtouka ait baha, souss-massa region, with a population of 76,559 inhabitants, according to the 2014 general census.",آيت عميرة جماعة ترابية قروية تقع في إقليم اشتوكة آيت باها، جهة سوس ماسة، ويبلغ عدد سكانها 76559 نسمة، حسب الإحصاء العام لسنة 2014.,28,active
data50411,DATA_6741,A,اشناهيا احسن عادة كاديرها فعيد الميلاد؟,achnahiya a7ssen 3ada kadirha f3id lmilad ?,what's your favorite holiday tradition?,ما هو تقليدك الاحتفالي المفضل؟,5,PARTIALLY VALIDATED
data50412,WIKI_D_04418,D,ولكن أنا مشيت مؤخراً لواحد السونا ف نيوزيلندا، فين الناس كاملين غير كيهضرو، اللي جاتني غريبة بزاف. أمم، ولكن عرفتي، يمكن حيت كانت مدينة صغيرة و الناس كيعرفو بعضياتهوم.,"wlakin ana mchit mo2akharan l wa7ed sauna f New Zealand, fein nas kamlin ghi kayhdero, li jatni ghariba bezzaf. omm, wlakin 3rafti, ymken 7it kanet mdina sghira w nas kay3rfo b3diyatoum.","But I ’ ve been to a sauna recently in New Zealand , where everyone just chatted away , which I found very strange . Um , but you know , that 's because I guess it was a smaller city and people generally knew each other .",ولكنني ذهبت مؤخراً إلى حمام بخار في نيوزيلندا، حيث كان الجميع يتحدثون فقط، وهو ما وجدته غريباً جداً. أمم، ولكنك تعلم، ربما كان ذلك لأنها كانت مدينة صغيرة وكان الناس يعرفون بعضهم البعض بشكل عام.,29,GENERATED
data50413,WIKI_D_03404,D,"آل پاكينو بدور ألفونس ""بيغ بوي"" كابريس: هو الرايس لكبير ديال الجريمة ف المدينة. واخا داخل ف بزاف ديال الأنشطة الإجرامية، والو ما ثابت عليه، حيت تريسي عمرها ما شداتو متلبس و لا لقات شي شاهد يشهد عليه.","al pacino bdor alphonse ""big boy"" caprice: howa rais likbir dyal ljrima f mdina. wakha dakhel f bzaf dyal lنشاطat l'ijramiya, walou ma thabet 3lih, hit tracy 3omrha ma chdado mtlbess wla la9at chi shahed yechhed 3lih.","Al Pacino as Alphonse "" Big Boy "" Caprice : The leading crime boss of the city . Although he is involved with numerous criminal activities , they remain unproven , as Tracy has never been able to catch him in the act or find a witness to testify .","آل باتشينو في دور ألفونس ""بيغ بوي"" كابريس: زعيم الجريمة الرئيسي في المدينة. على الرغم من تورطه في العديد من الأنشطة الإجرامية، إلا أنها تظل غير مثبتة، حيث لم يتمكن تريسي أبدًا من القبض عليه متلبسًا أو العثور على شاهد للإدلاء بشهادته.",38,GENERATED
data50414,DATA_7986,A,علت ليا مو لاحدمتي يمشي معاك فينما مخيتي,4lt lia mo la5dmti ymxi m3ak finma mxiti,his mother told me he woudl accoppany you,قالت لي أمه إنه سيرافقك,8,PARTIALLY VALIDATED
data50415,DATA_3887,A,واش كتحلم كتاكل الآيس كريم في الليل قبل ماتنعس وتاكلو؟,wach kat7lam katakol l ice cream flil 9bal matnod otaklo?,Do you dream that you eat ice cream for the night before you wake up and eat them?,هل تحلم بأنك تأكل الآيس كريم في الليلة السابقة قبل أن تستيقظ وتأكلهم؟,18,PARTIALLY VALIDATED
data50416,WIKI_D_10557,D,زيد على داكشي ديال العروضات المنفردة، شي أعضاء من فرقة بنسيلفانيا باليه لعبو دور الكور دي باليه، خلفية للعروض ديال الممثلين الرئيسيين. و حتى كريستينا <unk> و توبي همنغواي و سيباستيان ستان و جانيت مونتغمري بانوا فالفيلم.,"zid 3la dakchi dyal l'3roudat lmonfarida, chi a3da2 men fer9a Pennsylvania Ballet 3abou dor l'corps de ballet, khalfiya l'3roudat dyal l ممثلين ar-ra2issiyin. w hatta Kristina <unk> w Toby Hemingway w Sebastian Stan w Janet Montgomery banou f lfilm.","In addition to the soloist performances , members of the Pennsylvania Ballet were cast as the corps de ballet , backdrop for the main actors ' performances . Also appearing in the film are Kristina <unk> , Toby Hemingway , Sebastian Stan , and Janet Montgomery .",بالإضافة إلى العروض المنفردة، تم اختيار أعضاء فرقة بنسلفانيا باليه لتجسيد دور كور دو باليه، كخلفية لعروض الممثلين الرئيسيين. كما يظهر في الفيلم كريستينا <unk>، توبي همنغواي، سيباستيان ستان، وجانيت مونتغمري.,37,GENERATED
data50417,DATA_10529,A,مانضنش غادي راه فهم المعنى ديال كلامي,mandench ghadi rah fhem lme3na dial klami,I dont think he understood what i said,لا أعتقد أنه فهم ما قلته,8,PARTIALLY VALIDATED
data50418,DATA_4539,A,كاينين بزّاف دلكتوبا فوڭ طبلا,kaynin bzzaf dlktouba fog Tbla,There are many books on the table,هناك العديد من الكتب على الطاولة,7,PARTIALLY VALIDATED
data50419,WIKI_D_10034,D,نّظرية ديال فوستر عامة بزاف. بالخصوص، كتْطبّق على الشبكات ديال العناصر الموزّعة، واخا فوستر صاغها بدلالة المحاثات والمكثفات المنفصلة. اذن قابلة للتطبيق في الترددات ديال الميكروويف بحال الترددات المنخفضة تماما.,"n3oriya dyal foster 3amma bzaf. bkhousouss, kat7ebb9 3la shabakat dyal l3anasir lmozzaw3a, wakhaw foster sagha bdalalat lma7athat wlmokathafat lmofassaala. idn qabla lilta7biq f ttaraadooadat dyal lmikrowiif 7al ttaraadooadat l mkhafada tamaam.","Foster 's theorem is quite general . In particular , it applies to distributed element networks , although Foster formulated it in terms of discrete inductors and capacitors . It is therefore applicable at microwave frequencies just as much as it is at lower frequencies .",نظرية فوستر عامة جدًا. وبشكل خاص، تنطبق على شبكات العناصر الموزعة، على الرغم من أن فوستر صاغها بمصطلحات المحثات والمكثفات المنفصلة. ولذلك فهي قابلة للتطبيق عند ترددات الموجات الدقيقة بنفس القدر الذي تنطبق فيه على الترددات المنخفضة.,30,GENERATED
data50420,WIKI_C_10918,C,— — (2011)، تعليمات ديال Thomas S. Monson، سالت ليك سيتي، يوتا: ديزيريت بوك، ISBN 978 @-@ 1 @-@ <unk> @-@ 890 @-@ 3,"— — (2011)، ta3limat dyal Thomas S. Monson، Salt Lake City, Utah: Deseret Book, ISBN 978-1-unk-890-3","— — ( 2011 ) , Teachings of Thomas S. Monson , Salt Lake City , Utah : Deseret Book , ISBN 978 @-@ 1 @-@ <unk> @-@ 890 @-@ 3",— — (٢٠١١)، تعاليم توماس إس. مونسون، سولت ليك سيتي، يوتا: ديزيريت بوك، ردمك ٩٧٨-١-؟-٨٩٠-٣,24,GENERATED
data50421,DATA_10825,A,حشمي على عرضك البسي لبيض راجلك مات,t3etli bezzaf bach tjbd m3ah lmawdou3,wear white to pay respect for your dead husband,لقد فاتك الوقت للتحدث إليه,8,PARTIALLY VALIDATED
data50422,WIKI_D_06064,D,هادي شحال، بانت واحد الساحة ديال الموسيقى اللاتينية فيها بزاف ديال الأنواع بحال بوسا نوفا، سامبا، السالسا، و التانغو. كاينين شي فرقات معروفين بحال <unk>، <unk>، Athens Tango Project، و <unk> De <unk>.,"hadi chhal, banat wahed sa7a dyal lmusi9a latiniya fiha bzzaf dyal l2anwa3 b7al bossa nova, samba, salsa, w tango. kaynin chi fer9at ma3rofin b7al <unk>, <unk>, Athens Tango Project, w <unk> De <unk>.","Recently , a Latin music scene has emerged with a diverse array of different musical styles that include bossa nova , samba , salsa music , and tango . Notable groups include <unk> , <unk> , Athens Tango Project , and <unk> De <unk> .",مؤخرًا، ظهرت ساحة للموسيقى اللاتينية تضم مجموعة متنوعة من الأساليب الموسيقية المختلفة التي تشمل البوسا نوفا، والسامبا، وموسيقى السالسا، والتانغو. تشمل الفرق البارزة <unk>، و<unk>، ومشروع أثينا للتانغو، و<unk> دي <unk>.,33,GENERATED
data50423,WIKI_D_02659,D,بامبا واحد الكاطو رطب بنكهة الكاوكاو اللي كتعجب الدراري الصغار، و \m/ واحد الكراطا مقرمشة مصايبة من المقرونية مقلية فالزيت، كتباع بنكهات مختلفة، بحال الباربيكيو، البيتزا، الفلافل و البصلة.,"bamba wa7ed el kato ratb bnektet el kaokao elli kt3jb eddaryya essoghar, w ""m"" wa7ed el krata me9ermcha msayba men elme9ronya me9liya felzit, betba3 bnekat mokhtalifa, b7al el barbecue, el pizza, el falafel w elbصلa.","Bamba is a soft , peanut @-@ flavored snack food that is a favorite of children , and <unk> is a crunchy snack made of deep @-@ fried dry pasta , sold in various flavors , including BBQ , pizza , falafel and onion .","بامبا هي وجبة خفيفة ناعمة بنكهة الفول السوداني، وهي المفضلة لدى الأطفال، و ""\m/"" وجبة خفيفة مقرمشة مصنوعة من المعكرونة الجافة المقلية بعمق، تباع بنكهات متنوعة، بما في ذلك الباربيكيو، البيتزا، الفلافل والبصل.",29,GENERATED
data50424,DATA_9608,A,كون غير قدرت نستمر ف شي مشروع,koun ghir 9dert n stetmer f chi mchrou3,if only i invested in a project,لو أنني استثمرت في مشروع,7,PARTIALLY VALIDATED
data50425,DATA_1794,A,كانظن أناني عديتك...,kanDn anani 2aditk...,I think I hurt you...,أعتقد أنني آذيتك...,5,PARTIALLY VALIDATED
data50426,WIKI_C_07632,C,ميهر بابا (اللي تزاد ميروان شيريير إيراني؛ 25 فبراير 1894 – 31 يناير 1969) كان واحد المعلم روحاني هندي اللي كان كيقول على راسو هو الأفاتار، الله فصورة بنادم.,"meher baba (lli tzad merwan sheriar irani; 25 fevriye 1894 – 31 jannaye 1969) kan wa7ed lme3ellem rou7ani hindi lli kan kay9oul 3la rasso houwa l'avatar, lah f souret bnadem.","Meher Baba ( born Merwan Sheriar Irani ; 25 February 1894 – 31 January 1969 ) was an Indian spiritual master who said he was the Avatar , God in human form .",كان مهير بابا (المولود ميروان شيرييار إيراني؛ 25 فبراير 1894 – 31 يناير 1969) معلمًا روحيًا هنديًا قال إنه الأفاتار، الله في صورة بشرية.,29,GENERATED
data50427,DATA_8320,A,راه دارو توا راكيرية,rah darou tawra fikriya,this is a revolutionary movement,هذه حركة ثورية,5,PARTIALLY VALIDATED
data50428,WIKI_C_05802,C,واحد الوقت بقا Bois Protat ف عائلة Protat عاد توكل ل Bouchot. ف 2001 تعطى هدية للمكتبة الوطنية ديال فرنسا.,wa7d lwaqt ba9a bois protat f 3a2ilt protat 3ad tawakklet l bouchot. f 2001 t3ta hdya l lmaktaba lwaTniya dyal fransa.,For some time the Bois Protat remained in Protat 's family before it was entrusted to Bouchot . In 2001 it was donated to the National Library of France .,بقي لمدة من الزمن في عائلة بروتات قبل أن يؤتم تسليمه إلى بوشوت. في عام 2001 تم تقديمه هدية للمكتبة الوطنية لفرنسا.,20,GENERATED
data50429,DATA_6755,A,أشناهوا أحسّن كتاب قريتيه فسخر?,achnahowa a7ssen ktab 9ritih fs5er?,what's your favorite childhood book?,ما هو كتاب طفولتك المفضل؟,5,PARTIALLY VALIDATED
data50430,DATA_24007,B,"اللعبة ديال ""ماركو پولو"" هي واحد النوع ديال التّݣ كيتلعب ف البيسين ولا ف الأرض, ولكن بقواعد مبدّلة شوية.","al l3ba dyal ""marco polo"" hiya wa7ed nou3 dyal ttag kitl3b f lbissin wla f l'ard, walakin b qawa3id mbdla shwiya.","The game "" Marco Polo "" is a form of tag played in a swimming pool or on land , with slightly modified rules .","لعبة ""ماركو بولو"" هي شكل من أشكال لعبة الغميضة تلعب في حمام سباحة أو على الأرض، بقواعد معدلة قليلاً.",25,GENERATED
data50431,DATA_22121,B,"فالدورة الأربعين ديال جوائز GMA Dove Awards، ألبوم ""Peace on Earth"" ترشح و خدا الجائزة ديال أحسن ألبوم ديال الكريسماس ديال العام.","Falddawra l'arba'in dyal jawayz GMA Dove Awards, album ""Peace on Earth"" tarchah w khda ljayza dyal ahsan album dyal l-christmas dyal l'aam.","At the 40th GMA Dove Awards , Peace on Earth was nominated for and received the award for Christmas Album of the Year .","في حفل توزيع جوائز GMA Dove الأربعين، تم ترشيح أغنية ""السلام على الأرض"" وفازت بجائزة ألبوم الكريسماس لهذا العام.",24,GENERATED
data50432,WIKI_D_09906,D,الطريق السيار رقم 8 كيرجع لتأسيس سيستيم ديال الطرق الوطنية ف 1924. فاللول كان طريق من الحدود للحدود، ولكن تقصر للطول ديالو الحالي حيت الطرق السريعة ديال ميريكان بداو كيقربو. الطريق رقم 8 تابع المسار الحالي ديالو من 1966.,"tariq siyari raqm 8 kayrja3 lta2sis sistim dyal turiq watania f 1924. falawwal kan tariq mn lhoudod l lhoudod, walakin tqsser l toul dyalo lhali hit turiq saria dyal marinikan bdawe kayqrebbu. tariq raqm 8 تابع lmasar lhali dyalo mn 1966.","Highway 8 dates from the creation of the state highway system in 1924 . Initially a border @-@ to @-@ border route , it was shortened to its current extent due to encroaching U.S. highways . SH @-@ 8 has followed its current route since 1966 .",يعود تاريخ الطريق السريع 8 إلى إنشاء نظام الطرق السريعة في عام 1924. في البداية، كان طريقًا من الحدود إلى الحدود، وتم تقصيره إلى طوله الحالي بسبب تداخل الطرق السريعة الأمريكية. اتبع الطريق السريع 8 مساره الحالي منذ عام 1966.,39,GENERATED
data50433,WIKI_D_01905,D,"<unk>، تيلمان (2010). ""<unk> - سينما ديال كامبوديا"". قسم ديال الإعلام والتواصل - جامعة الملكية ديال بنوم بن. مؤرشف من الأصل (PDF) في 27 غشت 2015. تم الاسترجاع في 8 يوليوز 2015.","tilman (2010). ""- synima dyal kambodia"". qism dyal l'i3lam w talwasol - jam3a lmalakiya dyal pnom penh. m7afad men l'asl (pdf) f 27 aghsht 2015. tm l'istirja3 f 8 yulyuz 2015.","<unk> , Tilman ( 2010 ) . "" <unk> – The Cinema of Cambodia "" . Department of Media and Communication – Royal University of Phnom Penh . Archived from the original ( PDF ) on 27 August 2015 . Retrieved 8 July 2015 .","تلمان (2010). ""-"". قسم الإعلام والاتصال - الجامعة الملكية في بنوم بنه. مؤرشف من الأصل (PDF) في 27 أغسطس 2015. تم الاسترجاع في 8 يوليو 2015.",32,GENERATED
data50434,DATA_1120,A,و لكن راني عارفة من ديما,walakin rani 3arfa men dima,But I have always known,لكنني علمت دائمًا,5,PARTIALLY VALIDATED
data50435,DATA_22054,B,− لو (واحد ناقص زيد). وزايد على هادشي، ليستواحد كتساوي فونكسيون زيطا د ريمان ζ(إس).,"lu (wa7d na9s zid). W zayd 3la hadshi, l'istwa7d katsawi fonksyon zeta d riman ζ(es).","− ln ( 1 − z ) . Moreover , Lis ( 1 ) equals the Riemann zeta function ζ ( s ) .",− لوغاريتم ( ١ − ز ) . وفوق ذلك، فإن ليِس ( ١ ) تساوي دالة زيتا ريمان ζ ( س ) .,24,GENERATED
data50436,WIKI_C_03034,C,كييس دار تا هو واحد الطلعة اللي هضرو عليها بزاف ف فيلم بورات ف 2006. ف 2010، About.com اللي كانت ديال نيويورك تايمز سمات كييس واحد من بين 20 محافظ اللي خصك تابعهم ف تويتر.,"keyes dar ta howa wa7d tal3a li 7dro 3liha bzaf f film borat f 2006. f 2010, about.com li kanet dyal new york times semmat keyes wa7d mn bin 20 mo7afidin li khasak تابعهم f twitter.","Keyes also made a widely discussed appearance in the 2006 film Borat . In 2010 , About.com , owned by The New York Times Company , named Keyes one of the top 20 conservatives to follow on Twitter .",ظهرت كيز أيضًا بشكل واسع النقاش في فيلم بورات عام 2006. وفي عام 2010، اختارت About.com، المملوكة لشركة نيويورك تايمز، كيز كأحد أفضل 20 محافظًا لمتابعتهم على تويتر.,35,GENERATED
data50437,WIKI_C_03360,C,المشاركة ديال بريطانيا فالحرب كانت ضرورية بزاف باش البرنامج ديال السلاح النووي المستقل ديال المملكة المتحدة ينجح من بعد الحرب ملي قانون ماكماهون ديال 1946 حبس التعاون النووي الأمريكي مؤقتا.,lmusharaka dial britanya f l7arb kanat daruriya bzzf bach lbarnamej dial ssal7 lnowawi lmustaqil dial l'imarat lmutta7ida yنجa7 min ba3d l7arb mli qanun mcmahon dial 1946 7abbas tta3awun lnowawi l'amriki mu'aqatan.,The British wartime participation was crucial to the success of the United Kingdom 's independent nuclear weapons program after the war when the McMahon Act of 1946 temporarily ended American nuclear cooperation .,كانت مشاركة بريطانيا خلال الحرب حاسمة لنجاح برنامج الأسلحة النووية المستقل للمملكة المتحدة بعد الحرب عندما أنهى قانون ماكماهون لعام 1946 مؤقتًا التعاون النووي الأمريكي.,30,GENERATED
data50438,WIKI_C_11624,C,يوفنتوس واللعّاب الفرنسي بول <unk> على حساب ما قال خوه الكبير ماتياس (اللي كيلعب فتيستل)، كيشد التيراك ديال النتايج ديال تيستل من الطاليان و كيحمق على الفرقة.,"yuvntus w l l3ab lfrnsi bol <unk> 3la 7sab ma qal khoh lkbir matias (lli kile3b f thistil), kishid ttrad dyal ntayij dyal thistil mn taliya w kyi7ma9 3la lfrqa.","Juventus and French international footballer Paul <unk> , according to older brother Mathias ( who plays for Thistle ) , keeps track of Thistle 's results from Italy and is a fan of the club .",ووفقًا لأخيه الأكبر ماتياس (الذي يلعب في صفوف ثيستل)، فإن لاعب كرة القدم الدولي الفرنسي ونجم يوفنتوس بول <unk> يتابع نتائج ثيستل من إيطاليا وهو من مشجعي النادي.,27,GENERATED
data50439,WIKI_C_02595,C,ليبريديان، جيرارد (1988). ملف كاراباخ: وثائق و حقائق على منطقة كاراباخ الجبلية، 1918-1988. كامبريدج، ماس: معهد ... ؛ الطبعة الأولى.,"libaridyan, jrard (1988). mulf karabagh: watha2iq w haqa2iq 3la mintaqit karabagh l jabaliya, 1918-1988. kambridj, mas: ma3had ...; t. lula.","Libaridian , Gerard ( 1988 ) . The Karabagh file : Documents and facts on the region of Mountainous Karabagh , 1918 – 1988 . Cambridge , Mass : <unk> Institute ; 1st ed .",ليبريديان، جيرارد (1988). ملف قره باغ: وثائق وحقائق عن منطقة قره باغ الجبلية، 1918-1988. كامبريدج، ماس: معهد <unk>؛ الطبعة الأولى.,20,GENERATED
data50440,WIKI_D_00855,D,تامارا گيليس؛ IABC (21 مارس 2011). دليل IABC للتواصل التنظيمي: دليل التواصل الداخلي والعلاقات العامة والتسويق والقيادة. جون وايلي وأولاده. ISBN 978 @-@ 1 @-@ 118 @-@ <unk> @-@ 0.,tamara gilis; iabc (21 maris 2011). dalil iabc liltawasol al-tanzimi: dalil altawasol al-dakhili wal-alaqat al-amma wal-taswiq wal-qiyada. jon waili wa awladuh. isbn 978-1-118-<unk>-0.,"Tamara Gillis ; IABC ( 21 March 2011 ) . The IABC Handbook of Organizational Communication : A Guide to Internal Communication , Public Relations , Marketing , and Leadership . John Wiley & Sons . ISBN 978 @-@ 1 @-@ 118 @-@ <unk> @-@ 0 .",تامارا جيليس؛ IABC (21 مارس 2011). دليل IABC للتواصل التنظيمي: دليل التواصل الداخلي والعلاقات العامة والتسويق والقيادة. جون وايلي وأولاده. ISBN 978-1-118-<unk>-0.,30,GENERATED
data50441,DATA_19326,B,الأرقام ديال معركة بلجيكا ما معروفينش، ولكن فرنسا خسرت هادشي كامل فالحملة اللي كانت فالغرب كاملة، من 10 ماي حتى لـ 22 يونيو:,"l'ar9am dyal m3rka beljika ma m3rofinch, walakin fransa khsratt hadchi kaml fel7amla li kanet felgharb kamla, men 10 may 7etta lـ 22 yunyu:","Numbers for the Battle of Belgium are unknown , but the French suffered the following losses throughout the entire western campaign , 10 May – 22 June :",أعداد المعركة في بلجيكا غير معروفة، لكن الفرنسيين عانوا الخسائر التالية طوال الحملة الغربية بأكملها، من 10 مايو إلى 22 يونيو:,28,GENERATED
data50442,DATA_0657,A,"لكلاب أه, و لكن الدياب لا!","lklab ah, walakin ddyab lla!","Dogs do, but wolves don't!",الكلاب تفعل، لكن الذئاب لا تفعل!,5,PARTIALLY VALIDATED
data50443,WIKI_C_05754,C,هذا سؤال الليتلتون كان باين كايخمّم فيه شحال هادي. في كتابه ديال 1971، النفخ الزجاجي: بحث عن شكل، كتب:,"hada su2al lytlton kan bayen kaykhmm fih sh7al hadi. f ktbo dyal 1971, nfx zجاجي: b7t 3la shap, ktb:","This was a question that Littleton had evidently been thinking about for some time . In his 1971 book , Glassblowing : A Search for Form , he wrote :","كان هذا سؤالاً يفكر فيه ليتلتون بوضوح منذ فترة. في كتابه لعام 1971، ""النفخ الزجاجي: بحث عن شكل""، كتب:",19,GENERATED
data50444,WIKI_C_03587,C,على حساب المنظمة العالمية للأرصاد الجوية، أعلى درجة حرارة تسجلات فجنوب أمريكا كانت 48.9 درجة مئوية فريڤادافيا، إقليم سالطا نهار 11 دجنبر 1905.,"3la hesab l منظمة l 3alamia dyal l arsad l jawiya, a7san darajat 7arara tsjelat f janoub amrika kanet 48.9 daraja mariya f Rivadavia, i9lim Salta nhar 11 dejember 1905.","According to the World Meteorological Organization , the highest temperature ever recorded in South America was 48 @.@ 9 ° C ( 120 @.@ 0 ° F ) in Rivadavia , Salta Province on December 11 , 1905 .",وفقًا للمنظمة العالمية للأرصاد الجوية، فإن أعلى درجة حرارة سُجّلت على الإطلاق في أمريكا الجنوبية كانت 48.9 درجة مئوية (120.0 درجة فهرنهايت) في ريفادافيا، مقاطعة سالتا، في 11 ديسمبر 1905.,23,GENERATED
data50445,WIKI_D_01270,D,"من بعد ما راجع ليونتوفيتش ""التجميعة الثانية ديال الأغاني من بودوليا""، ليسينكو كتب: ""ليونتوفيتش عندو موهبة أصيلة و لامعة. ف الترتيبات ديالو لقيت مقاطع بوحدها، حركة ديال الأصوات، اللي من بعد تطورات ف واحد <unk> شبكة موسيقية منسوجة.""","men ba3d ma raja3 lyontovich ""tazmiima tanya dyal l-aghani men budolia"", lysenko kteb: ""lyontovich 3ndo mawhiba asila w lami3a. f t-tartibat dyalo lqit maqati3 bohdha, haraka dyal l-aswat, li men ba3d ttawwrt f wa7d <unk> shabaka musiqiya mansouja.""","After reviewing Leontovych 's "" Second Compilation of Songs from Podolia "" , Lysenko wrote : "" Leontovych has an original , illustrious gift . In his arrangements I found separate passages , movement of voices , which later developed in a <unk> weaved musical network . ""","بعد مراجعته لـ ""التجميعة الثانية للأغاني من بودوليا"" لليونتوفيتش، كتب ليسينكو: ""لدى ليونتوفيتش موهبة أصيلة ولامعة. في ترتيباته، وجدت مقاطع منفصلة، وحركة نغمات، التي تطورت لاحقًا في شبكة موسيقية منسوجة.""",38,GENERATED
data50446,WIKI_D_02284,D,كان ويݣنز كان متعاقد باش يركب لݣارمين سليپستريم تاني ف 2010، ولكن تعلن نهار 10 دجنبر باللي غادي يمشي يلتاحق بتيم سكاي، حيت سنا عقد ديال ربعة سنين مع الفريق البريطاني الجديد.,"kan Wiggins kan mte3aqed bach yركeb l Garmin Slipstream tani f 2010, walakin te3len nhar 10 decembre belli ghadi yemchi ylta7e9 b Team Sky, 7it sena 3aqed dyal rab3a snin m3a l farieq el britani jdid.","Wiggins had been contracted to ride for Garmin Slipstream again in 2010 , but it was announced on 10 December that he was to leave to join Team Sky , having signed a four @-@ year contract with the new British team .",تم التعاقد مع ويغينز للركوب لصالح فريق جارمين سليب ستريم مرة أخرى في عام 2010، ولكن تم الإعلان في 10 ديسمبر أنه سيغادر للانضمام إلى فريق سكاي، بعد توقيعه عقدًا مدته أربع سنوات مع الفريق البريطاني الجديد.,32,GENERATED
data50447,DATA_18348,B,الخطط المستقبلية ديال Perl 5 كتضم تسهيل توسيع اللغة الأساسية من الموديلات (modules)، وتوفير بروتوكول صغير وقابل للتوسيع ديال ميتا @-@ أوبجيكت (meta @-@ object) فالقلب ديال اللغة.,"alkhotat almostaqbalia dial Perl 5 katddam tasshil tawsiaa allougha al'asassia min almodيلات (modules), ou taufir brutukol sghir ou qabil litawsiaa dial mita @-@ objet (meta @-@ object) falgalb dial allougha.","Future plans for Perl 5 include making the core language easier to extend from modules , and providing a small , extensible meta @-@ object protocol in core .",تتضمن الخطط المستقبلية لـ Perl 5 جعل اللغة الأساسية أسهل للتوسيع من الوحدات، وتوفير بروتوكول كائن تعريفي صغير وقابل للتوسيع في النواة.,29,GENERATED
data50448,WIKI_D_01339,D,إيڭور كيلعب دور الكولونيل الروسي أنطونين دوفشينكو، المعاون الثاني ديال سبالكو. الشخصية ديالو كتعوض البنية القوية ديال الأعوان اللي كان كيلعبهم بات روتش في الأفلام الثلاثة اللي فاتو، حيت روتش مات عام 2004 بمرض سرطان الحنجرة.,"igor kayel3ab doure el colonel el rusi antonin dovchenko, el me3awen ettani dyal spalko. el shakhsiya dyalo kat3awwed el bniya el qwiya dyal el a3wan elli kan kayel3abhom pat roach f el aflam et toulta elli fato, hit roach mat 3am 2004 be mered سرطان el honjra.","Igor <unk> plays Russian Colonel Antonin Dovchenko , Spalko 's second @-@ in @-@ command . His character stands in for the heavily built henchmen that Pat Roach played in the three previous films , as Roach died in 2004 from throat cancer .",يلعب إيغور دور الكولونيل الروسي أنطونين دوفشينكو، النائب الثاني لسبالكو. شخصيته تحل محل العناصر القوية البنية التي لعبها بات روتش في الأفلام الثلاثة السابقة، حيث توفي روتش عام 2004 بسبب سرطان الحنجرة.,36,GENERATED
data50449,WIKI_C_02463,C,الراية ديال الدولة الجديدة كانت شكل مبدل من الراية الوطنية اليونانية، فيها صليب أبيض في الوسط على خلفية زرقا وفوقو النسر البيزنطي الإمبراطوري بالكحل.,"raya dyal dawla jdida kanet shkel mbeddel men raya wataniya yunaneya, fiha salib abyad fel wasst 3la khalfiya zarqa w fo9o nser bizantini imbratori bel k7el.","The flag of the new state was a variant of the Greek national flag , consisting of a white cross centered upon the blue background surmounted by the imperial Byzantine eagle in black .",كان علم الدولة الجديدة شكلاً متغيرًا من العلم الوطني اليوناني، يتكون من صليب أبيض في الوسط على خلفية زرقاء يعلوه النسر البيزنطي الإمبراطوري باللون الأسود.,24,GENERATED
data50450,WIKI_C_06079,C,واخا كانو شي تخوفات على تصنيف الكواكب اللي كيدورو على نجوم خرا، المشكل ما تحلش، بل اقترحوا باش يقرروا فيه غير فاش يبداو يشوفو هادوك الكائنات.,"wakha kano chi tkhafwat 3la tasnif lkawakb li kaydorou 3la nujoum khra, lmochkil ma t7allch, bl iqtara7ou bach yqrrro fih ghir fach ybdaou ychoufo hadouk lkaynat.","Although concerns were raised about the classification of planets orbiting other stars , the issue was not resolved ; it was proposed instead to decide this only when such objects start being observed .",على الرغم من إثارة مخاوف بشأن تصنيف الكواكب التي تدور حول نجوم أخرى، لم يتم حل المسألة؛ بل اقترح أن يتم حسم هذا الأمر فقط عندما تبدأ ملاحظة مثل هذه الأجرام.,26,GENERATED
data50451,WIKI_D_07586,D,"المعدن الرئيسي ديال الرصاص هو الكحل (galena). الكحل كيتلقا بزاف مع معادن أخرى, خاصة الخامات ديال الزنك. أغلبية المعادن الأخرى ديال الرصاص عادةً كتكون عندها علاقة بالكحل بشي طريقة; بحال مثلاً [blank], Pb.","lm3din erra2isi dyal rrass l9whet lk7ol (galena). lk7ol kaytla9a bzaf m3a m3adin o5ra, khassatan l5amat dyal zenk. aghlabya lma3adin l5ra dyal rrass 3adatan katkon 3andha 3ala9a b lk7ol bchi tari9a; b7al mtalan [blank], Pb.","The main lead mineral is galena ( <unk> ) . Galena is mostly found with other minerals , mostly zinc ores . Most other lead minerals are normally related to galena in some way ; for example , <unk> , Pb",المعدن الرئيسي للرصاص هو الجالينا (galena). غالبًا ما يوجد الجالينا مع معادن أخرى، وخاصة خامات الزنك. ترتبط معظم معادن الرصاص الأخرى عادةً بالجالينا بطريقة ما؛ على سبيل المثال، [unk]، Pb.,33,GENERATED
data50452,WIKI_C_00609,C,ما عرفتش هادشي، برنت. 1988. تسجيل متعدد المسارات للموسيقيين. فان نويس: ألفرد ميوزك. ISBN 978 @-@ 1 @-@ <unk> @-@ <unk> @-@ 7.,"ma 3raftsh hadshi, brent. 1988. t تسجيل muta3addid lmasarat lilmusiqin. fan nuys: alfred music. ISBN 978-1-<unk>-<unk>-7.","<unk> , Brent . 1988 . Multi @-@ Track Recording for Musicians . Van Nuys : Alfred Music . ISBN 978 @-@ 1 @-@ <unk> @-@ <unk> @-@ 7 .",<unk>، برنت. 1988. التسجيل متعدد المسارات للموسيقيين. فان نويس: ألفريد ميوزك. ISBN 978-1-<unk>-<unk>-7.,23,GENERATED
data50453,DATA_19349,B,المحلول ديال ألبرازولام اللي كيتشرب كاين على شكل 0.5 ميليغرام/ 5 ميليلتر و حتى على شكل 1 ميليغرام/ 1 ميليلتر.,l-mahlul dyal alprazolam li kaytshrab kayn 3la shkl 0.5 milligram/ 5 millilitr w hatta 3la shkl 1 milligram/ 1 millilitr.,Alprazolam oral solutions are available as 0 @.@ 5 mg / 5 mL and as 1 mg / 1 mL oral solutions .,محاليل الألبرازولام الفموية متوفرة بتركيز 0.5 ملغ / 5 مل وبتركيز 1 ملغ / 1 مل.,23,GENERATED
data50454,DATA_9107,A,أنا غادي ن تويتر بزّاف معا هاد لخدمة,ana ghadi n twetter bezzaf m3a had l5edma,i will improve too much,سوف أتحسن كثيرًا,5,PARTIALLY VALIDATED
data50455,WIKI_C_03197,C,بوش قرا فمدارس عمومية فميدلاند، تكساس، تا نقلات العائلة لهيوستن ملي سالا السابع. موراها مشا لكينكيد سكول، واحد المدرسة خاصة ف هيوستن عامين.,"bush qra fmdaris 3omoumiya f midland, texas, ta nqalt l3ayla l houston mli sala s-sabe3. mouraha mcha l kincaid school, wa7d l madrasa khassa f houston 3amayn.","Bush attended public schools in Midland , Texas , until the family moved to Houston after he had completed seventh grade . He then went to The Kinkaid School , a prep school in Houston for two years .",حضر بوش المدارس الحكومية في ميدلاند، تكساس، حتى انتقلت العائلة إلى هيوستن بعد أن أكمل الصف السابع. ثم التحق بمدرسة كينكيد، وهي مدرسة تحضيرية في هيوستن لمدة عامين.,23,GENERATED
data50456,DATA_17251,B,"الباستي كيتّعتابر هو الطبق الوطني ديال كورنوال، و المصطلح ديال ""باستي كورنيشي"" كيتخدّم من الستينات ديال القرن 19 على الأقل.","l-basti kayt'tabar huwa t-tbssil lwattani dyal kurnuwal, u l-mustalah dyal ""basti kurnishi"" kaytkhddem mn s-sittinat dyal l-qarn ttsa'tach 'ala l-aqall.","The pasty is regarded as the national dish of Cornwall , and the term "" Cornish pasty "" has been in use since at least the early 1860s :","يُعتبر طبق الباستي الطبق الوطني لكورنوال، واستُخدِم مصطلح ""باستي كورنوال"" منذ أوائل ستينيات القرن التاسع عشر على الأقل.",29,GENERATED
data50457,WIKI_C_08505,C,لازنبى، جي إف (1993). الدفاع على اليونان 490-479 قبل الميلاد. آريس وفيليبس المحدودة. رقم الكتاب المعياري الدولي 0 @-@ 85668 @-@ 591 @-@ 7.,"lazanbi, jf (1993). difa3 3la l-yunan 490-479 qbl lmilaD. aris w filibs l-ma7duda. raqm l-kitab l-mi3yari dawli 0-85668-591-7.","Lazenby , JF ( 1993 ) . The Defence of Greece 490 – 479 BC . Aris & Phillips Ltd . ISBN 0 @-@ 85668 @-@ 591 @-@ 7 .",لازينبي، ج. ف. (1993). الدفاع عن اليونان 490-479 ق.م. أريس وفيليبس المحدودة. ردمك 0-85668-591-7.,24,GENERATED
data50458,DATA_23960,B,أورسون ويلز فْ دور لو شيفر – الوكيل المالي ديال SMERSH، و حاصل فيه اليأس باش يربح ف الباكارات باش يخلّص الفلوس اللي نهبها من المنظمة.,"Orson Welles f door Le Chiffre - l-wakil lmali dyal SMERSH, o hasel fih l-ya's bash yrebah f l-baccarat bash ykhaless l-flous li nhabha mn l-monaddama.","Orson Welles as Le Chiffre – SMERSH 's financial agent , desperate to win at baccarat to repay the money he has embezzled from the organisation .",أورسون ويلز في دور لي شيفري - وكيل شمرش المالي، الذي يسعى بيأس للفوز في الباكارات لسداد الأموال التي اختلسها من المنظمة.,27,GENERATED
data50459,DATA_21034,B,فاش كان مزوج بمارغريت مانسفيلد، أرنولد جاب تلاتة دالولاد، كاملين خدمو من بعد ف الجيش البريطاني:,"Fash kan mzewwej b Margaret Mansfield, Arnold jab tlata d lwlad, kamlin khdmu men b3d f l-jaysh l-britani:","During his marriage to Margaret Mansfield , Arnold had three sons , all of whom later served in the British Army :",خلال زواجه من مارغريت مانسفيلد ، أنجب أرنولد ثلاثة أبناء ، خدم جميعهم فيما بعد في الجيش البريطاني.,22,GENERATED
data50460,DATA_8339,A,راه معروف هاداك ريسطورة غير سير ليها على حسابي,rah m3rouf hadak restora ghir sir liha 3la 7sabi,this restaurant is well known,هذا المطعم مشهور,5,PARTIALLY VALIDATED
data50461,DATA_0316,A,"أوك, دابا نشوف واش هادشي بصّح","ok, daba nchof wach hadchi bSSe7","Okay, I'll see if that's right",حسناً، سأرى إن كان ذلك صحيحاً,6,PARTIALLY VALIDATED
data50462,WIKI_C_03888,C,الدارجة: الدارجة الصينية الرسمية، لي هي واحد الشكل ديال الصينية مبني على الدارجة ديال بكين، هي اللغة الرسمية ديال الصين وكيدويو بيها الناس اللي عندهم لهجات مختلفة باش يفهمو بعضياتهم.,"lmandarine dyal china l'rasmiya, lia wahd chkel mn lmandarine mbnîi 3la lmandarine dyal beijing, hiya llogha l'rasmiya dyal china w kaydwew biha nass li 3ndhom lahjat mokhtalifa bach yfhamo b3diyatom.","Standard Mandarin , a variety of Mandarin based on the Beijing dialect , is the official national language of China and is used as a lingua franca in the country between people of different linguistic backgrounds .",اللغة الصينية الماندرينية القياسية، وهي لهجة من الماندرين تستند إلى لهجة بكين، هي اللغة الرسمية الوطنية للصين وتستخدم كلغة مشتركة في البلاد بين الأشخاص ذوي الخلفيات اللغوية المختلفة.,30,GENERATED
data50463,DATA_16420,B,ليڤيسك كان كيلعب المصارعة ف بزاف ديال لي پروموشنز ف السيركوي المستقل ف الساحل الشرقي تا ل 1994. ف هاد الفترة، كان كيديرو ليه المانيدجمان جون روديو.,"Livesque kan كيلعب lmsara3a f bzzaf dyal li promotions f circuit lmustaqil f sahel charqi ta l 1994. F had lfatra, kan kaydiro lih lmanagedgment John Rodeo.","Levesque wrestled for various promotions on the East Coast independent circuit until 1994 . During this period , he was managed by John Rodeo .",صارع ليفيسك لصالح اتحادات مختلفة في حلبة المستقلين بالساحل الشرقي حتى عام 1994. خلال هذه الفترة، كان يديره جون روديو.,25,GENERATED
data50464,DATA_12573,B,"""Abba Eban ma' Hwashi (or F Hwashi),"" Journal of Palestine Studies, vol. 32 (2003), ṣafḥat 74-89.","abba eban ma' hwashi (ou f hwashi), journal of palestine studies, vol. 32 (2003), safhat 74-89.",""" Abba Eban with Footnotes "" , Journal of Palestine Studies , vol 32 . ( 2003 ) , pp. 74 – 89",«عبا إيبان مع حواشي» ، مجلة دراسات فلسطين ، المجلد 32. (2003) ، الصفحات 74 – 89,23,GENERATED
data50465,DATA_16702,B,ممنوع الإشهار لي كيعتمد على شخصيات مرخصة لطرف آخر، فالوجبات ديال الأطفال لي أقل من 12 عام، إلا إذا كانت الوجبات كتحترم معايير التغذية ديالنا.,"mamnou3 l'ishar li kay3tamad 3la shakhsiyat mrkhasa l taraf akhar, falwajjabat dyal l'atfal li qell mn 12 3am, illa ida kanat lwajjabat kathtarm ma3ayir ttaghdiya dyalna.",Restrict advertising to children under 12 that uses third @-@ party licensed characters to Kids Meals that meet its Nutrition Guidelines,تقييد الإعلان عن المنتجات الموجهة للأطفال دون سن 12 عامًا والتي تستخدم شخصيات مرخصة من أطراف ثالثة، ليشمل وجبات الأطفال التي تستوفي إرشاداتها الغذائية.,21,GENERATED
data50466,DATA_16575,B,مدينة بلا سور وقصائد أخرى (لندن، نيويورك، 1969) (مهداة لبيتر هايوورث).,"mdina bla sour w qassayid ukhra (lundun, niyuyurk, 1969) (muhdat libitar haywurth).","City Without Walls and Other Poems ( London , New York , 1969 ) ( dedicated to Peter Heyworth ) .",مدينة بلا أسوار وقصائد أخرى (لندن، نيويورك، 1969) (مهداة إلى بيتر هايوورث).,21,GENERATED
data50467,DATA_13176,B,"حادثة ديال البون ديال ماركو بولو 1937 (في كتاب The China Quagmire . New York : Columbia University Press , 1983 .)","hadita dyal l-bon dyal Marko Polo 1937 (fi ktab The China Quagmire. New York: Columbia University Press, 1983.)",""" The Marco Polo Bridge Incident 1937 "" ( in The China Quagmire . New York : Columbia University Press , 1983 . )", حادثة جسر ماركو بولو عام 1937 (في مستنقع الصين. نيويورك: مطبعة جامعة كولومبيا، 1983).,24,GENERATED
data50468,DATA_24351,B,ف 14 أبريل 2009 ، العدد الإجمالي ديال الزيارات من ترميم ديال حقبة Showa فات 40 مليون.,"f 14 abril 2009, l'3adad l'ijmali dial ziyarat mn ترميم dial 7aqba Showa fat 40 million.","On April 14 , 2009 , the total number of visits since the Showa @-@ era restoration surpassed 40 million .",في الرابع عشر من أبريل عام ٢٠٠٩، تجاوز إجمالي عدد الزيارات منذ استعادة عصر شووا ٤٠ مليون زيارة.,21,GENERATED
data50469,DATA_5600,A,بابا كاين ف افريقيا,baba kayn f 2ifri9ya,My father is in Africa,أبي في أفريقيا,5,PARTIALLY VALIDATED
data50470,DATA_10826,A,تعطلي بزّاف باش تلع دروج,t3etli bezzaf bach tl3 droj,you are too late to go escalate,لقد فات الأوان لتصعيده,7,PARTIALLY VALIDATED
data50471,DATA_21178,B,اللوحات الكبيرة و العصي يقدروا يكونوا تقراو بلا ما يتقلبوا، إلا كان اللي كيقرا قادر يقرا بالمقلوب.,"al-law7at l-kbira u l-3ssi y9dro ykunu t9raw bla ma yt9lbu, ila kan li kiqra qader yqra b l-mqlub.","Larger tablets and staves may have been read without turning , if the reader were able to read upside @-@ down .",ربما كان بالإمكان قراءة الألواح والعصي الأكبر حجمًا دون قلبها، إذا كان القارئ قادرًا على القراءة بالمقلوب.,22,GENERATED
data50472,WIKI_D_05646,D,هيربرت تشارلز ويلسون (7 دجنبر 1859 – 17 دجنبر 1909) كان سياسي وطبيب كندي. خدم كرئيس بلدية مدينة إدمونتون ورئيس الجمعية التشريعية لأقاليم الشمال الغربي.,herbert charles wilson (7 dcmb 1859 - 17 dcmb 1909) kan siyasi w tabib kanadi. khdem ka rais baladiya mdint edmonton w rais ljam3iya tachri3iya li2aqalim chomalo lgharbi.,"Herbert Charles Wilson ( December 7 , 1859 – December 17 , 1909 ) was a Canadian politician and physician . He served as mayor of the Town of Edmonton and Speaker of the Legislative Assembly of the North @-@ West Territories .",كان هربرت تشارلز ويلسون (7 ديسمبر 1859 - 17 ديسمبر 1909) سياسيًا وطبيبًا كنديًا. شغل منصب عمدة بلدة إدمونتون ورئيس الجمعية التشريعية لأقاليم الشمال الغربي.,25,GENERATED
data50473,WIKI_C_02752,C,الحراشف تبدلو مع الوقت باش يديرو وظايف خرين بحال الشفار و وقاية للعينين و التبديلة اللي باينة بزاف هي الحسحاس ديال الحنش الرتال اللي كاينة فميريكان الشمالية.,l_harshef tabdlo m3 l_waqt bach ydirou wazayef khorin b7al shfar w tiqaya l_3inin w tbdila li bayna bezzaf hiya l_hshash dyal l_hnesh rtayl li kayna f merican shmaliya.,"Scales have been modified over time to serve other functions such as ' eyelash ' fringes , and protective covers for the eyes with the most distinctive modification being the rattle of the North American rattlesnakes .","عُدِّلَت الحراشف عبر الزمن لِتَخدِمَ وظائف أخرى مثل أهداب ""الرموش""، وأغطية واقية للعينين، مع كون التعديل الأكثر تميزاً هو خشخشة أفاعي ""الراطل سنيك"" في أمريكا الشمالية.",27,GENERATED
data50474,DATA_0279,A,كاتمنّا مانكونش اللخر,katmenna mankonch llekher,And I hope I won't be the last.,وآمل ألا أكون الأخير.,8,PARTIALLY VALIDATED
data50475,WIKI_C_05882,C,في أواخر السبعينات، شالر دوز مدة فالبرازيل كيقرا على النمر، الكابيبارا، التمساح (كايمان)، وحيوانات أخرى ديال ديك الجهة.,"f awakhir s-sb3inat, schaller dawaz moda f-l-brazil kayqra 3la n-nimr, l-kapibara, t-timsah (kayman), w 7iwanat okhrin dyal dik l-jiha.","In the late 1970s , Schaller spent time in Brazil studying the jaguar , capybara , "" alligator "" ( caiman ) , and other animals of the region .","في أواخر السبعينيات، أمضى شالر وقتاً في البرازيل يدرس النمر، والظربان، و""التمساح"" (الكايمن)، وحيوانات أخرى في المنطقة.",18,GENERATED
data50476,WIKI_D_03157,D,فأواخر القرن تسعودطاش، الطريق الوحيدة اللي كانت فدواور ديفيدسون، سليڤان كاونتي من غير السوسكوهانا و التايوڭا تورنپايك كانت كدوز حدا واد مونسي و التجمعات السكانية اللي حداه. الوادي ديال واد مونسي مازال ما تطورش بزاف، تقريبا ما فيه تا كاع الكامبينڭ ديال الصيف.,"fawakhir lqarn t9wda7, tri9 li wahda likanat f dawwar davidson, sullivan county mn ghyr susquehanna w tioga turnpike kanat kadouz 7da wadi muncy w tjamou3at skaniya lihadak. lwadi dyal wadi muncy mazal ma twr bzaf, ta9riban ma fih ta ga3 lcampin dyal ssyf.","In the late 1800s , the only road in Davidson Township , Sullivan County besides the Susquehanna and Tioga Turnpike passed near Muncy Creek and the settlements along it . The valley of Muncy Creek is largely undeveloped , largely lacking even summer camps .",في أواخر القرن التاسع عشر، كان الطريق الوحيد في بلدة ديفيدسون، مقاطعة سوليفان، بخلاف طريق سوسكيهانا وتيوغا السريع، يمر بالقرب من نهر مونسي والمستوطنات على طوله. وادي نهر مونسي غير متطور إلى حد كبير، ويفتقر إلى حد كبير حتى إلى المخيمات الصيفية.,43,GENERATED
data50477,WIKI_C_01059,C,ف شهر غشت ديال 2014، وارن لابين، اللي كان ريداکتور ديال أبسولوت ماݣنيتود، و ريلمز أوف فانتازي، و ويرد تيلز، عاود حيا اللوغو ديال فانتاستيك ستوريز أوف دي إيماجينيشن كويبزين مجاني.,"f chher ghesht dyal 2014, warren lapine, li kan redaktor dyal absolute magnitude, w realms of fantasy, w weird tales, 3awed haya logo dyal fantastic stories of imagination kwebzine majani.","In August 2014 , Warren Lapine , former editor of Absolute Magnitude , Realms of Fantasy , and Weird Tales , revived the Fantastic logotype of Fantastic Stories of the Imagination as a free webzine .","في أغسطس 2014، أحيا وارن لابين، المحرر السابق لمجلات أبسولوت ماجنيتيود، وريلمز أوف فانتازي، ويرد تيلز، شعار ""فانتاستيك ستوريز أوف دي إيماجينيشن"" كويبزين مجاني.",31,GENERATED
data50478,WIKI_C_02255,C,بيل جرا ب 35 كرة ضد إلينوي فـ 1975 كانت الثانية كثرة فالتاريخ ديال ليكول ديك الساعة، مور رون جونسون لي جرا 42 كرة فـ 1967. دابا راه متعادل فالمركز التاني عشر فالتاريخ ديال ليكول.,"bell jra b 35 كرة droub illinois f 1975 kant l-tanya ktour f-tarikh dyal l-college dik sa3a, mor ron johnson li jra 42 كرة f 1967. daba ra mta3dal f lmrakiz 12 f-tarikh dyal l-college.","Bell 's 35 carries against Illinois in 1975 was the second most in school history at the time , behind Ron Johnson 's 42 @-@ carry performance in 1967 . He is now tied for twelfth in school history .",كانت 35 حملة لبيل ضد إلينوي في عام 1975 هي ثاني أكثر حملة في تاريخ المدرسة في ذلك الوقت، خلف أداء رون جونسون بـ 42 حملة في عام 1967. وهو الآن متعادل في المركز الثاني عشر في تاريخ المدرسة.,35,GENERATED
data50479,WIKI_C_01017,C,كارلسن لعب تسع الماتشات لصالح النرويج فالدورة 41 ديال أولمبياد الشطرنج، ربح خمسة، وتعادل جوج، وخسر جوج (ضد أركاديج نايديتش وإيفان شاريتش).,"karlsen le3b tesse3 lmatchat lse7t norwij f'd'dourra 41 dyal olimpiad shatranj, reb7 khamsa, w t3adel jouj, w khsser jouj (d'd norwigya a. naiditsch w i. saric)","Carlsen played nine games for Norway in the 41st Chess Olympiad , scoring five wins , two draws , and two losses ( against Arkadij Naiditsch and Ivan Šarić ) .",لعب كارلسن تسع مباريات لصالح النرويج في أولمبياد الشطرنج الحادي والأربعين، محققًا خمسة انتصارات، وتعادلين، وخسارتين (ضد أركاديج نايديتش وإيفان شاريتش).,22,GENERATED
data50480,WIKI_C_02438,C,فالقرود لكبار لوخرين، التقبة الشوكية ما كتكونش فالعظم الوتدي، كتكون فبلاصص من العظم الصدغي بحال الجزء الحرشفي اللي كاين حدا واحد الخياطة، ولا ما كتكونش كاع.,"fel qrod likbar l'okhrin, t9ebba d'chawkiya ma katkonch f l'adhm l'wtdi, katkon f blassat men l'adhm sdwri b7al l'juz l'7rshfi li kayn 7da wa7d lkhiyata, wlla ma katkonch k3.","In other great apes , the foramen spinosum is found not in the sphenoid bone but in parts of the temporal bone such as the squamous part , found at the <unk> suture , or absent .",في الرئيسيات الكبيرة الأخرى، توجد الثقبة الشوكية ليس في العظم الوتدي بل في أجزاء من العظم الصدغي مثل الجزء الحرشف، الموجود عند الدرز <unk>، أو تكون غائبة.,26,GENERATED
data50481,DATA_11155,A,تعطلي بزّاف باش تيّب أتاي,t3etli bezzaf bach teyyeb atay,you are too late to make atay,لقد تأخرت كثيراً لعمل الأتاي,7,PARTIALLY VALIDATED
data50482,WIKI_C_04996,C,أخر حجة داروها الجماعة هي أن القضية ديال الأرض اللي طالباتها قبيلة أونيدا كانت واحد المشكل سياسي ما مفهومش. المحكمة لقات هاد الهضرة ما عندها علاش تعول بالنظر للقوانين اللي ديجا كاينين فحق الهنود.,akher 7ijja daryro l jma3a hiya an l qaDiyya dyal l arD lli taLibatha qbila oneida kanat waHd l mshkil siyasi ma mafhUmsh. l ma7kama laqat had l hDra ma 3ndha 3lash t3awl b nDAr l l qawanin lli dija kaynin f 7aQ l hind.,The counties final argument was that the Oneida 's land claim was a <unk> political question . The Court found this argument to be non @-@ meritorious in light of similar Indian law precedents .,كانت الحجة النهائية للمقاطعات أن مطالبة أونيدا بالأرض كانت مسألة سياسية لا يمكن البت فيها. وجدت المحكمة أن هذه الحجة لا أساس لها في ضوء سوابق مماثلة في قانون الهنود.,34,GENERATED
data50483,WIKI_C_01053,C,هام استعمل الذكريات ديال باه باش يصوّر دراپر، واحد لواحد لابس مزيان و عندو نفوذ فالتجارة و المجتمع و مخبّي واحد الضيم كبير لداخل و مواجه تغييرات فالعالم كثر من القياس ديالو.,"ham 7toche l'dhikriyat dyal bah bach ysewwer draper, wa7ed lli lbes mzyan w 3ndo nofoz f t'jarra w l'mojtama3 w mkhbi wa7ed d'dlim kbir dakhle w mewajeh tghyirat f l3alam ktar mn l'qyas dyalo.","Hamm used memories of his father to portray Draper , a well @-@ dressed , influential figure in business and society hiding great inner turmoil and facing changes in the world beyond his control .",استخدم هام ذكريات والده لتجسيد درابر، شخصية أنيقة ذات نفوذ في عالم الأعمال والمجتمع، تخفي اضطرابًا داخليًا كبيرًا وتواجه تغييرات في العالم تفوق سيطرته.,32,GENERATED
data50484,WIKI_C_02246,C,"منعم ترشح للرئاسة عاوتاني ف 2003, ولكن مامتاكدش واش غادي يغلب نيستور كيرشنر, استاقل. وتنتخب سيناتور ديال لا ريوخا ف 2005.","mneem trsh7 l ri2sa 3awtani f 2003, walakin ma mta2kdch wach radi yghleb nestor kirchner, sta9al. w tantakheb senator dyal la rioja f 2005.","Menem ran for the presidency again in 2003 , but unsure of winning against Néstor Kirchner , he resigned . He was elected senator for La Rioja in 2005 .",ترشح منعم للرئاسة مرة أخرى في عام 2003، لكنه، لعدم تأكده من الفوز على نيستور كيرشنر، استقال. تم انتخابه سناتوراً عن لا ريوخا في عام 2005.,21,GENERATED
data50485,WIKI_D_07149,D,ف 24 نونبر 2012، موطولا ترقى باش يولي مدرب ديال الضرب عند تورونتو بلو جايز للموسم ديال 2013. وف 7 أكتوبر 2013، بلو جايز علنو باللي موطولا مارجعش للموسم ديال 2014.,"f 24 november 2012, mottola trqa bach yuli mdrb dyal drb 3nd toronto blue jays l-mousom dyal 2013. w f 7 octobre 2013, blue jays 3nno bli mottola marj3ch l-mousom dyal 2014.","On November 24 , 2012 , Mottola was promoted to be the Toronto Blue Jays hitting coach for the 2013 season . On October 7 , 2013 , the Blue Jays announced that Mottola would not be returning for the 2014 season .",في الرابع والعشرين من نوفمبر عام 2012، تمت ترقية موتوولا ليصبح مدرب الضرب لفريق تورونتو بلو جايز لموسم 2013. وفي السابع من أكتوبر عام 2013، أعلن فريق بلو جايز أن موتوولا لن يعود لموسم 2014.,31,GENERATED
data50486,DATA_23958,B,بيتر سيلرز بدور إيفلين تريمبل/جيمس بوند 007 – واحد ماهر فالباكارا جنداتو ڤيسبر ليند باش يتحدا لو شيفري فكازينو رويال.,Peter Sellers b ddor Evelyn Tremble/James Bond 007 - wahed maher fel bakara jendato Vesper Lynd bash yet-hada lu Chiffre f Casino Royale.,Peter Sellers as Evelyn Tremble / James Bond 007 – A baccarat master recruited by Vesper Lynd to challenge Le Chiffre at Casino Royale .,بيتر سيلرز في دور إيفلين تريمبل / جيمس بوند 007 – خبير باقارته استقطبته فيسبير ليند لتحدي لو تشيفر في كازينو رويال.,25,GENERATED
data50487,DATA_0356,A,"أه, إمكن نزلو من هاد جيها","ah, imken nzlo mn had jiha","Yeah, we can try to go down that way",نعم، يمكننا محاولة الذهاب في هذا الاتجاه.,9,PARTIALLY VALIDATED
data50488,DATA_12437,A,عمرك جربتي تزعلل فالأخرى تايح على راسك,3emrek jerebti tze3lel fla5ar sde9ti tay7 3la rassek,Have you tried to swing but you fell ,هل حاولت أن تتأرجح ولكنك سقطت؟,8,PARTIALLY VALIDATED
data50489,WIKI_C_02082,C,بزاف من لبلايص اللي كان كيدور فيها لو، بحال الما اللي داير بجزر شولز قريبة لنيوهامبشاير و جزيرة هوت ف نوڤا سكوشيا، كيجذبو صحاب الكنوز اللي كيقلبو على شي تحف ف الباطيمات اللي غرق.,"bezzaf men lbliys li kan kaydor fiha low, b7al lma li dayer b jzor shoals qriba li new hampshire w jzirt hot f nova scotia, kayjdbu s7ab lknooz li kayqallbo 3la chi t7af f lbaytymat li ghra9.","Some of Low 's haunts , such as the waters around the Isles of Shoals off New Hampshire and Isle Haute in Nova Scotia , attract treasure hunters who seek artifacts in the ships he sank .",تجذب بعض أماكن تواجد لو، مثل المياه المحيطة بجزر شولز قبالة نيو هامبشير وجزيرة هوت في نوفا سكوشيا، صيادي الكنوز الذين يبحثون عن قطع أثرية في السفن التي أغرقها.,34,GENERATED
data50490,WIKI_D_01778,D,الحلقة ستضفات عروض من ممثلين ضيوف بحال كيفين وايزمان، مارك أتشيسون، مينه لي، باولا ليندبرغ، تايلر مكليندون، و فينسنت تونغ؛ نجوم ضيوف سابقين بحال ريان ماكدونالد و كلارك ميدلتون رجعوا بدور العالم براندون فاييت و بائع الكتب النادرة إدوارد ماركهام، على التوالي.,"l'7alaqa staddfat 3rood mn momathilin dyof b7al kevin weisman, mark acheson, minh ly, paula lindberg, tyler mcclendon, w vincent tong; njoom dyof sab9in b7al ryan mcdonald w clark middleton rja3o bdor l3alim brandon fayette w ba3i3 lkotob lnadra edward markham, 3la twali.","The episode featured performances by guest actors Kevin Weisman , Mark Acheson , Minh Ly , Paula Lindberg , Tyler McClendon , and Vincent Tong ; previous guest stars Ryan McDonald and Clark Middleton returned as scientist Brandon Fayette and rare bookseller Edward Markham , respectively .",استضافت الحلقة عروضًا لممثلين ضيوف مثل كيفن وايزمان، ومارك أتشيسون، ومينه لي، وباولا ليندبرغ، وتايلر ماكليندون، وفينسنت تونغ؛ وعاد النجوم الضيوف السابقون رايان ماكدونالد وكلارك ميدلتون بدور العالم براندون فاييت وبائع الكتب النادرة إدوارد ماركهام، على التوالي.,42,GENERATED
data50491,WIKI_C_02271,C,الموسيقى ديال الفيلم دايرينها بزاف ديال الفنانين بحال لويس أرمسترونج و إيلا فيتزجيرالد وفرانك سيناترا و راي تشارلز وبينج كروسبي وهاري كونيك جونيور.,lmusiqi dyal lfilm dayrinha bzaf dyal lfananin bhal louis armstrong w ella fitzgerald w frank sinatra w ray charles w bing crosby w harry connick jr.,"The music in the film is performed by various artists , such as Louis Armstrong and Ella Fitzgerald , Frank Sinatra , Ray Charles , Bing Crosby , and Harry Connick Jr .",تؤدي مجموعة متنوعة من الفنانين الموسيقى التصويرية للفيلم، مثل لويس أرمسترونج وإيلا فيتزجيرالد وفرانك سيناترا وراي تشارلز وبينغ كروسبي وهاري كونيك جونيور.,23,GENERATED
data50492,DATA_18215,B,سيسيليا (أو سيسيلي) تزادت قبل عام 1066، وماتت عام 1127، كانت رئيسة ديال الدير ديال الثالوث المقدس، كاين.,"cicilia (ou cicili) tzadet qbel 'am 1066, u matet 'am 1127, kanet r'issa dial d-dir dial t-talut l-muqaddas, kayn.","Cecilia ( or Cecily ) was born before 1066 , died 1127 , Abbess of Holy Trinity , Caen .",ولدت سيسيليا (أو سيسلي) قبل عام 1066، وتوفيت عام 1127، وكانت رئيسة دير الثالوث المقدس في كاين.,20,GENERATED
data50493,DATA_24278,B,النسخة الرئاسية ديال النقل خاصة بسلاح البحرية د الولايات المتحدة المعروفة ب VH-71 Kestrel، تصاوبو منها ربعة ديال الطيارات للتجريب وخمسة طيارات للإنتاج التجريبي.,"nnuskha rri'asiya diyal nnql khassa b silah lbahriya d lwilyat lmuttahida lma'rufa b VH-71 Kestrel, tsawbo mnha rb'a diyal ttyarat lttajrib w khmsa ttyarat lil'intaj tttajribi.","Presidential Transport variant for the United States Marine Corps as the VH @-@ 71 Kestrel , four test vehicles and five pilot production aircraft built .",طائرة النقل الرئاسية للقيادة العامة للقوات المسلحة الأمريكية كنموذج VH @-@ 71 Kestrel ، تم بناء أربع مركبات اختبار وخمس طائرات إنتاج أولية.,26,GENERATED
data50494,DATA_1865,A,عييت منك.,3yit mnak.,I've had enough of you.,لقد اكتفيت منك.,5,PARTIALLY VALIDATED
data50495,DATA_4880,A,مشيت لحديقة الحيوانات,mchit l7adi9at l7ayawanat,I went to the zoo,ذهبت إلى حديقة الحيوان,5,PARTIALLY VALIDATED
data50496,WIKI_C_01829,C,ديك الساعة تقشبت و فهمت: أصل ديك اللعيبة ديال <unk> هي حب الله - الروح ديال الحماية و المحبة لكلشي مخلوقات...,dik sa3a taqshbt w fhamt: aSl dik l3iba dyal <unk> hi hbb lah - rru7 dyal lhimaya w lma7ba liklshi mkhluqat...,At that moment I was enlightened : the source of <unk> [ the martial way ] is God 's love – the spirit of loving protection for all beings ...,في تلك اللحظة أُنِرْتُ: مصدر <unk> [الفن القتالي] هو محبة الله - روح الحماية المحبة لجميع الكائنات...,21,GENERATED
data50497,WIKI_D_01149,D,"ف هاد الطابلو، النمرة اللي فالخانة اللولة كتعني النمرة ديال الحلقة فالسيرية كاملة، و ""UK viewers in millions"" كتعني شحال من بريطاني شاف الحلقة ف Sky1. السيرية كاتّلعب على شكل تلاتة ديال الحلقات مقسومين على جوج.","f had tabla, nimra li fel khana lewwla ka3ni nimra dyal hlqa felsiria kamla, w ""UK viewers in millions"" ka3ni shhal mn britani shaf hlqa f Sky1. Sisiria katel3eb 3la shkl tlata dyal hlqat maqsumin 3la joj.","In this table , the number in the first column refers to the episode 's number within the entire series , "" UK viewers in millions "" refers to how many Britons watched the episode on Sky1 . The series plays out as three two @-@ part episodes .","في هذا الجدول، يشير الرقم الموجود في العمود الأول إلى رقم الحلقة ضمن السلسلة بأكملها، ويعني ""المشاهدون في المملكة المتحدة بالملايين"" عدد البريطانيين الذين شاهدوا الحلقة على قناة Sky1. تتكون السلسلة من ثلاث حلقات مقسمة إلى جزأين.",36,GENERATED
data50498,DATA_23677,B,"""Martyrium تسجلات ف 1994، و شي نسخ مسربة انتشروا، ولكن ما تطلقش رسميًا حتى عام 2000.""","Martyrium tsjjelat f 1994, u shi nsekh mserrba ntashru, walakin ma ttelqsh resmiyan hetta 'am 2000.","Note : Martyrium was recorded in 1994 , with some bootleg copies leaked , but not officially released until 2000","ملاحظة: تم تسجيل فيلم ""مارتيريوم"" عام 1994، مع تسريب بعض النسخ غير الرسمية، لكن لم يتم إصداره رسميًا حتى عام 2000.",20,GENERATED
data50499,DATA_5042,A,ماديرش فيها مكلخ,maddirch fi8a mkellekh,don't pretend you are stupid,لا تتظاهر بأنك غبي,5,PARTIALLY VALIDATED
data50500,DATA_9687,A,علاش مابغيتيش تدخل دوش,3lach mabghitich tdkhol dewech,why you dont wanna shower,لماذا لا تريد أن تستحم؟,5,PARTIALLY VALIDATED
data50501,DATA_13149,B,"""Crazy in Love"" خدات عينة من ""Are You My Woman (Tell Me So)"" (1970) ديال Chi @-@ Lites.","""Crazy in Love"" khdat 3ayina mn ""Are You My Woman (Tell Me So)"" (1970) dyal Chi @-@ Lites.",""" Crazy in Love "" samples "" Are You My Woman ( Tell Me So ) "" ( 1970 ) by the Chi @-@ Lites","تستعير أغنية ""Crazy in Love"" من أغنية ""Are You My Woman (Tell Me So)"" (عام 1970) لفرقة ذا تشي-لايتس",25,GENERATED
data50502,WIKI_C_03307,C,والي لعب دور فعال كتر فرجعة ديال لوتون للدوري، لعب شي 18 ماتش فالبطولة، كان تيلعب بزاف في التشكيلة الرسمية، و ماركا تلاتة ديال البيوت.,"wali laeb dor فعال ktar ferj3a dyal luton ledori, laeb shi 18 match felbotoola, kan tile3ab bezzaf f teshkila rasmiya, w marka tlata dyal lbyout.","Whalley played a more active part in Luton 's return to the Football League , playing in 18 league games , often in the starting XI , and scoring three goals .",لعب والي دورًا أكثر فاعلية في عودة لوتون إلى دوري كرة القدم، حيث لعب في 18 مباراة بالدوري، وغالبًا ما كان ضمن التشكيلة الأساسية، وسجل ثلاثة أهداف.,25,GENERATED
data50503,DATA_15242,B,كلمة ثانية اللي كتجي مورا سمية ديال antibody كتدل على أن مادة أخرى لاصقة فيه، و هادشي كيدار لعدة أسباب.,"kelma tania li katji moura smia dial antibody katddel 3la ann madda ukhra lasqa fih, w hadshi kydar l3edda asbab.","A second word following the name of the antibody indicates that another substance is attached , which is done for several reasons .",تشير كلمة ثانية تتبع اسم الجسم المضاد إلى ارتباط مادة أخرى، ويتم ذلك لعدة أسباب.,23,GENERATED
data50504,DATA_22117,B,إلا تسمحنا بالتعويض على الخسارة الاقتصادية المحضة فهاد الحالات، يقدر يوصلنا بزاف ديال الشكايات، و شي وحدين منهم يقدروا يكونوا غير كذوب.,"Ila tsm7na b ta3wid 3la lkhsara l iqtisadiya l mahda f had l7alat, iqdar ywsalna bzaf dyal chkayat, w shi wa7din mnhom iqdrou ykounou ghir kdoub.","If claims for pure economic loss in such cases were allowed , it might lead to countless claims , some of which may be spurious .",إذا سُمح بالدعاوى المتعلقة بالخسارة الاقتصادية البحتة في مثل هذه الحالات ، فقد يؤدي ذلك إلى دعاوى لا حصر لها ، قد يكون بعضها زائفًا.,26,GENERATED
data50505,DATA_6196,A,شريت كاميرا جديدة,chrit camera jdida,i bought a new camera,اشتريت كاميرا جديدة,5,PARTIALLY VALIDATED
data50506,WIKI_D_09529,D,البلدية ديال ترافورد كاينة فواحد لبلاصة كبيرة فالملتقى ديال طريق طالبت و طريق وارويك، نيشان مع ملعب الكريكيت ديال أولد ترافورد. الخدمة على هاد البني بدات نهار 21 غشت 1931، و دارو التصميم ديالها المهندسين المعماريين برادشو كاس & هوب ديال بولتون.,"lbaladia dyal trafford kayna f wa7d lbbalaça kbiira fel mtlqa dyal tariq talbot w tariq warwik, nishan ma3a lmel3ab lkrikit dyal old trafford. lkhidma 3la had lbni bdat nhar 21 ghsht 1931, w daro tassim dyalha lmohandisin lme3mariyin bradshaw gas & hope dyal bolton.","Trafford Town Hall stands in a large site at the junction of Talbot Road and Warwick Road , directly opposite the Old Trafford Cricket Ground . Work on the building , designed by architects Bradshaw Gass & Hope of Bolton , began on 21 August 1931 .",تقع قاعة مدينة ترافورد في موقع واسع عند تقاطع طريق تالبوت وطريق وارويك، مقابل ملعب أولد ترافورد للكريكيت مباشرة. بدأ العمل في المبنى، الذي صممه المهندسون المعماريون برادشو جاز وآمل من بولتون، في 21 أغسطس 1931.,42,GENERATED
data50507,DATA_5694,A,بغيت نكمي ڭارو,8ad ll7em S3ib f lmDigh,i want to smoke a cigarette,أريد أن أدخن سيجارة,6,PARTIALLY VALIDATED
data50508,DATA_21400,B,"1990. Samuels GJ, Doi Y, Rogerson CT. ""Hypocreales"". Mem New York Bot Gard 59: 6-108.","1990. Samuels GJ, Doi Y, Rogerson CT. ""Hypocreales"". Mem New York Bot Gard 59: 6-108.","1990 . Samuels GJ , Doi Y , Rogerson CT . "" Hypocreales "" . Mem New York Bot Gard 59 : 6 – 108 .",صموئيلز جي. جاي، دوي ي.، روجرسون سي. تي. (1990). «Hypocreales». Mem New York Bot Gard 59: 6-108.,26,GENERATED
data50509,WIKI_D_09735,D,تخريب القدس من طرف تيتوس لڤيلهلم ڤون كاولباخ (1846). زيت على الثوب، 585 × 705 سم. نويه پيناكوتيك، ميونيخ. تصويرة رمزية لتخريب القدس، مركزة درامياً على شخصية تيتوس.,"t7rib lqds mn tarf titus lwilhelm fon kaulbach (1846). zayt 3la t-tobe, 585 x 705 sm. neue pinakothek, munich. tswira ramziya l t7rib lqds, mrakaza dramiyan 3la shakhsiya titus.","The Destruction of Jerusalem by Titus by Wilhelm von Kaulbach ( 1846 ) . Oil on canvas , 585 x 705 cm . Neue Pinakothek , Munich . An allegorical depiction of the destruction of Jerusalem , dramatically centered around the figure of Titus .",تدمير القدس على يد تيتوس للفنان فيلهلم فون كاولباخ (1846). زيت على قماش، 585 × 705 سم. معرض نويه بيناكوتيك، ميونيخ. تصوير رمزي لتدمير القدس، يتمحور درامياً حول شخصية تيتوس.,28,GENERATED
data50510,WIKI_D_06693,D,"واحد الهيكل مرممش راه دابا ديال هيو موڤي سپلايز فلانگليز. مولاه عندو تا نسخة مصبوبة ديال توريت و موطور, ولكن ناقصينو ليشان ديال التران (ليشان و لڭرونات الأصليين يتبدلو بليشان ديال إم 5 ستيوارت).","wa7ed l'hekel mramech rah daba dyal Hugh Movie Supplies f'England. Molah 3endo ta noskha maṣbouba dyal turret w motor, walakin na9ssino l'ichan dyal tran (l'ichan w l'gornat l'aṣliyin ytbaddlo b'ichan dyal M5 Stuart).","One unrestored hull is currently owned by Hugh Movie Supplies in England . The owner also has a turret cast reproduction and an engine , but is missing the original tracks ( the original tracks and sprockets can be replaced by M5 Stuart ones ) .",هيكل واحد غير مُرمم تملكه حالياً شركة هيو موفي سبلايزز في إنجلترا. يمتلك المالك أيضًا نسخة مصبوبة من برج المدفع ومحركًا، ولكنه يفتقر إلى الجنادب الأصلية (يمكن استبدال الجنادب والتروس المسننة الأصلية بجنادب عربة إم 5 ستيوارت).,34,GENERATED
data50511,WIKI_D_07427,D,فشهر نونبر 1854، ماركهام كان تختار عضو ف الجمعية الجغرافية الملكية. الجمعية دغيا ولات هي المركز ديال الاهتمامات الجغرافية ديالو، وف 1863 تعين سيكريتير شرفي ديالها، منصب غيبقى شاد فيه 25 عام.,"f shhar noumbir 1854, markham kan tkhdar 3dou f ljama3iya ljoughrafiya lmalakiya. ljama3iya dghya wlat hiya lmarkaz dyal lihitmamat ljoughrafiya dyalo, w f 1863 t3ayan sekhretir shorfi dyalha, mnsob ghayb9a shad fih 25 3am.","In November 1854 Markham had been elected a Fellow of the Royal Geographical Society . The Society soon became the centre of his geographical interests , and in 1863 he was appointed its honorary secretary , a position he was to hold for 25 years .",في نوفمبر 1854، انتخب ماركهام زميلاً في الجمعية الجغرافية الملكية. وسرعان ما أصبحت الجمعية مركز اهتماماته الجغرافية، وفي عام 1863 تم تعيينه سكرتيرًا فخريًا لها، وهو منصب شغله لمدة 25 عامًا.,32,GENERATED
data50512,WIKI_C_11810,C,فرانسيس فولجر فرانكلين (20 أكتوبر 1732 - 21 نوفمبر 1736) كان الولد الكبير ديال بنيامين فرانكلين، اللي كان من الآباء المؤسسين ديال الولايات المتحدة، من مرتو ديبورا ريد.,"fransis foljer franklin (20 oktobar 1732 - 21 novambar 1736) kan l-weld l-kbir dyal benyamin franklin, li kan mn l-aba2 l-mu2assisin dyal l-wilayat l-muttahida, mn merto debora read.","Francis Folger Franklin ( October 20 , 1732 – November 21 , 1736 ) was the eldest son of Founding Father of the United States Benjamin Franklin by Deborah Read .",كان فرانسيس فولجر فرانكلين (20 أكتوبر 1732 - 21 نوفمبر 1736) الابن الأكبر للمؤسس الأمريكي بنجامين فرانكلين من زوجته ديبورا ريد.,28,GENERATED
data50513,WIKI_C_00638,C,طريق ميريكان 195، اللي كيتعرف بطريق الداخل، كيربط سبوكان بمنطقة پالوز فالجنوب وكيتقاطع مع طريق سيار رقم 90 غير شوية لغرب ديال سبوكان حدا واد لاتا.,"tari9 mirikan 195, li kayt3rf b tari9 l-dakhil, kayrbot spokane b mintaqt palouse f-l-janoub w kayt9at3 m3 tari9 sayar nr 90 ghi chwiya l-gharb dyal spokane hda wadi lata.","US 195 , also known as the Inland Empire Highway , connects Spokane with the Palouse region to the south and intersects Interstate 90 just west of Spokane near Latah Creek",الطريق السريع 195 الأمريكي، المعروف أيضاً باسم طريق الداخل السريع، يربط سبوكين بمنطقة بالوس في الجنوب، ويتقاطع مع الطريق السريع 90 غرب سبوكين بالقرب من وادي لاتا.,26,GENERATED
data50514,WIKI_C_07185,C,او @-@ 39 كان هو اللول من بزاف ديال او @-@ القوارب اللي تغرقو في الحرب العالمية الثانية؛ في 58 ° 32 ′ شمالا 11 ° 49 ′ غربا.,u @-@ 39 kan huwa l-lawwal min bzaf dyal u @-@ l-qwarib lli tghrqu f l-7arb l-3alamiya d-taniya; f 58° 32′ chamalan 11° 49′ gharban.,U @-@ 39 was the first of many U @-@ boats to be sunk in World War II ; at 58 ° 32 ′ N 11 ° 49 ′ W.,كانت يو @-@ 39 الأولى من بين العديد من قوارب يو @-@ التي غرقت في الحرب العالمية الثانية؛ عند 58 درجة و 32 دقيقة شمالاً و 11 درجة و 49 دقيقة غرباً.,29,GENERATED
data50515,DATA_5227,A,شكران حيت عرضتي علينا,chokran 7it 3redti 3lina,Thank you for inviting us,شكراً لدعوتنا,5,PARTIALLY VALIDATED
data50516,DATA_8903,A,أنا غادي نخوت على هاد البراهش,ana ghadi n5wet 3la had lbrahech,i will scream to this boys,سأصرخ لهؤلاء الأولاد,6,PARTIALLY VALIDATED
data50517,DATA_24277,B,نوع متعدد الاستعمالات مدني بباب خلفي، مصوبين منو جوج. واحد كيستعملوه البوليس ديال طوكيو وواحد باش يعاونو ملف الترشيح ديال US101.,"Nou3 muta3addid al-isti3malat madani b-bab khalfi, msowbin mennu juj. Wahed kist3mluh al-bulis dyal Tokyo u-wahed bash y3awnu milaff at-tarshih dyal US101.","Civil utility variant with rear ramp , two built . One used for Tokyo Metropolitan Police Agency and one used to support US101 bid .",متغير المنفعة المدنية مزود بمنحدر خلفي ، اثنان مدمجان. واحد يستخدم لشرطة العاصمة طوكيو وواحد لدعم عرض US101.,25,GENERATED
data50518,WIKI_C_01939,C,نهار 12 يونيو 1985 واحد f 16 b فيها جوج الناس طرات ليها مشكلة في الكونترول شمال بانك . الطيار تنترة ونجا و واحد الضابط مات.,nhar 12 يونيو 1985 wa7d f 16 b fiha jwuj nnes tra lha mushkila f lcontrol chamal banak. Ttiyyar tntra w nja w wa7d daboT mat.,On 12 June 1985 an F @-@ 16B with two people on board experienced control problems north of Banak . The pilot ejected and survived while an officer died .,"في الثاني عشر من يونيو عام 1985، واجهت طائرة من طراز ""إف-16بي"" وعلى متنها شخصان مشاكل في التحكم شمال بانك. قفز الطيار بالمظلة ونجا، بينما توفي ضابط.",26,GENERATED
data50519,DATA_3630,A,واش نتا داير ليه؟,wesh nta dayr lih?,So are you up for it?,إذًا، هل أنت مستعد لذلك؟,6,PARTIALLY VALIDATED
data50520,DATA_5753,A,علاش ماتحبسش دابا؟,3lach mat7besch daba?,Why don't you stop now?,لمَ لا تتوقف الآن؟,5,PARTIALLY VALIDATED
data50521,DATA_23406,B,"Khass: Ma kayn hta chi solța ġir nfssek (film dokumentari bḍyal Alexander Oey, 2006) kaywtteq ttarix d Crass w Dial House.","Khass: Ma kayn hta shi solta ghir nfssek (film dokumentari bdyal Alexander Oey, 2006) kaywetteq ttarix d Crass w Dial House.","Crass : There Is No Authority But Yourself ( documentary by Alexander Oey , 2006 ) documenting the history of Crass and Dial House .",كراس: لا سلطة إلا لذاتك (فيلم وثائقي لألكسندر أوي، 2006) يوثق تاريخ كراس ودايل هاوس.,25,GENERATED
data50522,DATA_1054,A,"هادي قهوة بيضة, حيت ماعمرني دقتها.","hadi 9hwa biDa, 7it ma3mrni de9tha.","It's a white coffee, because I've never tasted it.",إنها قهوة بيضاء، لأنني لم أتذوقها مطلقًا.,9,PARTIALLY VALIDATED
data50523,DATA_19920,B,"ماثيوز، ويليام سميث بابكوك. ""حوار مع جون فيليب سوسا."" موسيقى: مجلة شهرية 9 (1896): 487-92.","Matthews, William Smith Babcock. ""Hiwar m3a John Philip Sousa."" Musiqi: Majalla chahriya 9 (1896): 487-92.","Mathews , William Smith Babcock . "" An Interview with John Philip Sousa . "" Music : A Monthly Magazine 9 ( 1896 ) : 487 – 92 .","ماثيوز، وليام سميث بابكوك. ""مقابلة مع جون فيليب سوزا."" الموسيقى: مجلة شهرية 9 (1896): 487-92.",29,GENERATED
data50524,WIKI_D_09696,D,"ف 2014, Gawker نشرات ليستة ديال كاع الحلقات ديال Friends مرتبين من رقم 236 حتى رقم 1. ""The One With The Prom Video"" تصنفات كأحسن حلقة رقم 1 فالليستة.","f 2014, Gawker nashret liste dial ka3 l7alqat dial Friends mertabin mn raqm 236 hatta raqm 1. ""The One With The Prom Video"" tsanefet ka7sen 7laqa raqm 1 f l'liste.","In 2014 , Gawker published a list of every episode of Friends ranked from # 236 through # 1 . "" The One With The Prom Video "" was ranked as the # 1 best episode on the list .","في عام 2014، نشرت Gawker قائمة بكل حلقات مسلسل Friends مرتبة من الرقم 236 إلى الرقم 1. وحصلت حلقة ""The One With The Prom Video"" على التصنيف رقم 1 كأفضل حلقة في القائمة.",29,GENERATED
data50525,WIKI_C_00207,C,"فاش تعرض ""Hi, Infidelity"" أول مرة، تفرج فيه جوج فاصلة زيرو سبعة وخمسين مليون واحد، جا ف المرتبة 94 من بين 97 ف الترتيب ديال السيمانة.","fash t3red ""Hi, Infidelity"" awel merra, tferrej fih joj faSel zet sba3 w khmsein milyon wahed, ja f l-merTba 94 men bin 97 f t-tarteeb dyal s-simana.","At the time of its initial broadcast , "" Hi , Infidelity "" was viewed by 2 @.@ 75 million people , ranking 94th out of 97 in the weekly rankings .","وقت عرضها الأول، شاهد فيلم ""أهلاً أيتها الخيانة"" 2.75 مليون شخص، ليحتل المرتبة 94 من بين 97 في التصنيف الأسبوعي.",26,GENERATED
data50526,WIKI_D_11476,D,"الحلقة كتبوها تري باركر و مات ستون اللي شاركو فصناعة السلسلة مع الكاتب فيليب ستارك, و أخرجها باركر. ""ميكا سترايسند"" كتحاكي بزاف ديال الأفلام المشهورة ديال كايجو و فيها تصاور ديال الممثل سيدني بواتييه و الناقد السينمائي ليونارد مالتين.","el7lqa ktbuh trey parker w matt stone lli shar9o f sana3t silsila m3a lkatb philip stark, w akhrajha parker. ""mecha streisand"" kat7aki bzaf dyal aflam machhoura dyal kaiju w fiha taswir dyal l ممثل sidney poitier w lna9d sinima'i leonard maltin.","The episode was written by series co @-@ creators Trey Parker and Matt Stone along with writer Philip Stark , and was directed by Parker . "" Mecha @-@ Streisand "" parodies numerous popular Kaiju films and features portrayals of actor Sidney Poitier and film critic Leonard Maltin .","كتب الحلقة المبدعان المشاركان في إنشاء المسلسل تري باركر ومات ستون، بالإضافة إلى الكاتب فيليب ستارك، وأخرجها باركر. ""ميكا سترايسند"" تسخر من العديد من أفلام ""كايجو"" الشهيرة وتتضمن تصويرًا للممثل سيدني بواتييه وناقد الأفلام ليونارد مالتين.",39,GENERATED
data50527,DATA_4886,A,غاندير القيلولة,ghandir l9aylola,I will take a nap,سآخذ قيلولة,5,PARTIALLY VALIDATED
data50528,DATA_14305,B,الشكل الجغرافي ديال كوكيلام تقدر تشوفو بحال شي ساعة رملية مايلة، فيها جوج طروفة كبار ديال الأرض و واحد الطريف صغير في الوسط كيربطهم.,"ash-shakl al-jughrafi dyal Kwikilam tqder t-shufu bhal shi sa'a ramliya mayla, fiha juj trufa kbar dyal l-ard w wahed t-trif sghir fi l-wust kayrbethum.","Coquitlam 's geographic shape can be thought of as a tilted hourglass , with two larger parcels of land with a smaller central section connecting them .",يمكن النظر إلى الشكل الجغرافي لكوكويتلام على أنه ساعة رملية مائلة، مع وجود قطعتين أكبر من الأرض يفصل بينهما قسم مركزي أصغر.,27,GENERATED
data50529,DATA_2909,A,هادشي نعكاس ديال الحالة العقلية ديالك,hadchi n3ikas dyal l7ala l3a9lia dyalk,it's a reflection of your mental state,إنه انعكاس لحالتك الذهنية,7,PARTIALLY VALIDATED
data50530,DATA_14786,B,في شهر خمسة ديال 2015، كينان دار ظهور قصير فواحد الحلقة ديال Comedy Bang! Bang! بشخصية ديال موسيقي بانك وهمي سميتو بارف إدواردز.,"Fi chehar khamsa dial 2015, kinan dar douhour qsir f wahed lhalqa dial Comedy Bang! Bang! b chekhssiya dial moussiqi bank wahmi smitou Barf Edwards.","In May 2015 , Keenan made a cameo in an episode of Comedy Bang ! Bang ! as fictional punk musician Barf Edwards .",في مايو 2015، ظهر كينان ظهورًا قصيرًا في حلقة من برنامج Comedy Bang! Bang! في دور موسيقي البانك الخيالي بارف إدواردز.,24,GENERATED
data50531,DATA_23959,B,أورسولا أندريس بدور فيسبر ليند / 007 - عميلة سرية بريطانية متقاعدة مضطرة ترجع للخدمة مقابل تتساهل ليها الدولة في الضرائب اللي عليها.,Ursula Andress b-dor Vesper Lynd / 007 - 3amila sirriya britaniya mutaqa3ida mudtara trje3 l-l-khidma muqabil ttsahal liha d-dawla f d-ddarayb lli 3liha.,Ursula Andress as Vesper Lynd / 007 – A retired British secret agent forced back into service in exchange for writing off her tax arrears .,أورسولا أندرس في دور فيسبر ليند / 007 – عميلة بريطانية سرية متقاعدة أُجبرت على العودة للخدمة مقابل شطب متأخرات ضرائبها.,26,GENERATED
data50532,WIKI_D_08585,D,محطة الشحن العامة – كتعامل مع الماكلة، علف ديال البهائم، القطن، الطابا والمنتوجات الصناعية؛ فيها تسهيلات ديال المعالجة، التغليف والتخزين، ستة ديال الأرصفة وغاطس ديال 9.2 متر.,"ma7attat l-sh7n l-3amma – kat3amel ma3a l-makla, 3alf dyal l-bhaym, l-qotn, l-tabba w-l-mntoujat s-sina3iyya; fiha tasiylat dyal l-mo3alja, t-taghylif w-t-tkhzin, stta dyal l-arfifa w-ghatis dyal 9.2 mitr.","General Cargo Terminal – handles food , cattle food , cotton , tobacco and industrial products ; it has processing , packaging and storage facilities , six berths and a 9 @.@ 2 @-@ metre ( 30 ft ) draught .",محطة البضائع العامة – تتعامل مع الأغذية، أعلاف الماشية، القطن، التبغ، والمنتجات الصناعية؛ وتضم مرافق للمعالجة والتعبئة والتخزين، وستة أرصفة، وغاطس بعمق 9.2 متر (30 قدماً).,27,GENERATED
data50533,WIKI_D_06112,D,جون بنا طاحونة ديال لخشب و طاحونة ديال الدقيق على واد لكاتاويسا الصغير على بعد 5 ميل (0.80 كيلومتر) غرب رينغتون عام 1853. واد لكاتاويسا الصغير كان كيتستعمل كاحتياط ديال لما فالوقت ديال الضرورة في أوائل التسعينيات.,john bena ta7ona dyal lkhshb w ta7ona dyal ddiq 3la wad lkatwisa sghar 3la b3d 5 mil (0.80 km) ghrb ringtown 3am 1853. wad lkatwisa sghar kan k statista7mal ka7tiyat dyal lma falwaqt dyal 3ddura f awail ssinin.,John <unk> constructed a sawmill and gristmill on Little Catawissa Creek 0 @.@ 5 miles ( 0 @.@ 80 km ) west of Ringtown in 1853 . Little Catawissa Creek was used as an emergency water supply in the early 1900s .,أنشأ جون <unk> منشرة للطحن ومطحنة للحبوب على جدول كاتويسا الصغير، على بعد 0.5 ميل (0.80 كم) غرب رينجتاون في عام 1853. استُخدم جدول كاتويسا الصغير كمصدر مياه للطوارئ في أوائل القرن العشرين.,37,GENERATED
data50534,WIKI_C_01835,C,تحت الممر الخشبي - قصة مونوبولي - فيلم كيهضر على التاريخ اللول ديال اللعبة مع مقابلات فيها فيل أوربانيس، راندولف بارتون، فيكتور واتسون، و تشارلز دارو الثاني.,"t7t l-m'r l-khchbi - sst monoboli - film kayhdar 3la t-tarikh l-lwl dyal l-lb3 m3 m9ablat fiha phil orbannys, randolph barton, victor watson, w charles darrow II.","Under the Boardwalk – The MONOPOLY Story – Film detailing the early history of the game with interviews including Phil Orbanes , Randolph Barton , Victor Watson , & Charles Darrow II .",تحت الرصيف الخشبي – قصة مونوبولي – فيلم يوثق التاريخ المبكر للعبة مع مقابلات تضم فيل أوربانيس، وراندولف بارتون، وفيكتور واتسون، وتشارلز دارو الثاني.,27,GENERATED
data50535,DATA_3675,A,واخا، گوليا شنو جابك هنا,"wakha, goliya chno jabk 8na","Well, tell me what brings you here",حسناً، أخبرني ما الذي أتى بك إلى هنا,7,PARTIALLY VALIDATED
data50536,DATA_19937,B,في قصيدة فولوسبا من الإيدا الشعرية، هلين كاتذكر في ماتيقول على موت الإله أودين خلال المعركة الكبيرة اللي غاتوقع في راكناروك:,"Fi qasida folousba min al-ida achi3riya, helen katdkker fi ma teqoul 3la mout al-ilah Odin khilal alma3raka elkebira li ghatouqqa3 fi rakenarok:","In the Poetic Edda poem Völuspá , Hlín receives a mention regarding the foretold death of the god Odin during the immense battle waged at Ragnarök :","في قصيدة ""فولوسبا"" من ""الإيدا الشعرية""، تحظى هلين بذكر فيما يتعلق بالموت المتنبأ به للإله أودين خلال المعركة الهائلة التي ستُشَن في راجناروك.",27,GENERATED
data50537,WIKI_D_11804,D,هاد التراݣ كان ف لي بوند أوريجينال ديال فيلم Real Steel ديال 2011، و حتى ف NBA ديال 2K Sports. هاد التراݣ تستعمل حتى ف التريلر ديال السيزون 8 ديال Entourage ديال HBO و التريلر المطول ديال Fast & Furious 6.,"had track kan f li bond original dyal film Real Steel dyal 2011, w hatta f NBA dyal 2K Sports. had track tsemmet hatta f trailer dyal season 8 dyal Entourage dyal HBO w trailer l-mtowel dyal Fast & Furious 6.","The track was featured on both the soundtracks of the 2011 film Real Steel , and on 2K Sports ' NBA <unk> . The track was also used for HBO 's Entourage season 8 trailer and the Extended First Look trailer for Fast & Furious 6 .","ظهرت الأغنية في الموسيقى التصويرية لفيلم ""Real Steel"" عام 2011، وكذلك في لعبة ""NBA"" من ""2K Sports"". كما استُخدمت الأغنية في الإعلان الترويجي للموسم الثامن من مسلسل ""Entourage"" على شبكة HBO، والإعلان الترويجي المطول لفيلم ""Fast & Furious 6"".",41,GENERATED
data50538,WIKI_D_04728,D,باعتبار عام 2007، التسجيلات ديال طائر الشنقب ويلسون (من 1985 و 1998)، و نورس الليلي الأنيق (من 2002)، و شوية ديال بلبولة بيضاء شرقية و بلبولة صغيرة، و شي فراخ شوفان عادية شمال أفريقية بانت، باقين قيد الدراسة.,"bichkal 3am 2007, t تسجيلات dial tayr lchenqeb wilson (men 1985 w 1998), w naws l layli l ani9 (men 2002), w chwiya dial bolbol bayda shar9iya w bolbol saghira, w shi fra5 choafan 3adiya chamafrikya bant, ba9yin 9id derasa.","As of 2007 , records of Wilson 's snipe ( from 1985 and 1998 ) , elegant terns ( from 2002 ) , a number of eastern whitethroats and lesser whitethroats , and several apparent North African common chaffinches , are still under consideration .",حتى عام 2007، لا تزال سجلات طائر الشنقب ويلسون (من عامي 1985 و 1998)، وطائر الخرشنة الأنيق (من عام 2002)، وعدد من طيور الغنّات الشرقية والغنّات الصغرى، وعدد قليل من طيور الشوفان الشائعة شمال الأفريقية الواضحة، قيد الدراسة.,38,GENERATED
data50539,WIKI_D_08434,D,"أغاني خرا خرين دارو على مواضيع غريبة بحال ""Wave of Mutilation"" اللي وصفها فرانسيس باللي كتهضر على ""رجال الأعمال يابانيين اللي كيديرو قتل انتحاري مع عائلاتهم حيت فشلو فالخدمة، و كيكونوا سايقين من فوق واحد الرصيف للبحر.""","aghayni khra khreens daroo 3la mawadee3 ghreeba7al ""Wave of Mutilation"" lli wassfha francis balili kata7der 3la ""rjal el a3mal yabaniyeen lli kaydirro qatel ent7ari ma3a 3aylatihom 7it fashloo fel khadma, w kaykonoo sayqeen men foq wa7ed rasif lelb7ar.""","Other songs explored eccentric subjects , such as in "" Wave of Mutilation "" , which Francis described as being about "" Japanese businessmen doing murder @-@ suicides with their families because they 'd failed in business , and they 're driving off a pier into the ocean . ""","استكشفت أغاني أخرى مواضيع غريبة، مثل أغنية ""Wave of Mutilation""، التي وصفها فرانسيس بأنها تدور حول ""رجال الأعمال اليابانيين الذين يرتكبون جرائم قتل انتحارية مع عائلاتهم بسبب فشلهم في العمل، وهم يقودون سياراتهم من فوق رصيف إلى المحيط"".",37,GENERATED
data50540,WIKI_C_00584,C,مارْيون (1989). نساء فالمجهول: مرجع على المستكشفات و المسافرات. نيويورك: دار النشر غرينوود. ISBN 0 @-@ 313 @-@ <unk> @-@ 5.,marion (1989). nisa2 f lmjhol: morja3 3la lmostakchafat w lmsafrat. niyuwerk: dar nashr greenwood. ISBN 0-313-<unk>-5.,"<unk> , Marion ( 1989 ) . Women into the Unknown : A Sourcebook on Women Explorers and Travelers . New York : Greenwood Press . ISBN 0 @-@ 313 @-@ <unk> @-@ 5 .",ماريون (1989). نساء في المجهول: كتاب مرجعي عن المستكشفات والرحالة. نيويورك: مطابع غرينوود. ردمك 0-313-<unk>-5.,21,GENERATED
data50541,DATA_13692,B,الكيلمات ديال المسافة اللي شمال جيلّا بيند كتعكس المسافات ديال طريق 80 القديمة بالقياس مع الحدود ديال كاليفورنيا.,l-klmat dyal l-msafa lli shmal Gilla Bend kat3kes l-msafat dyal triq 80 l-qdima b l-qyas m3a l-hdud dyal California.,The mileposts north of Gila Bend reflect the mileage of old US 80 in proximity to the California state line .,تعكس الأميال الواقعة شمال جيلا بيند المسافة المقطوعة على الطريق الأمريكي القديم 80 بالقرب من خط ولاية كاليفورنيا.,21,GENERATED
data50542,WIKI_D_01148,D,القناطر ديال ليكوردا لي كيدييو طريق سيار رقم 15 فوق طريق رقم 161 فالنهاية الشمالية ديالها تبناو ف 1966 مع البني ديال طريق سيار رقم 15 فديك المنطقة. القناطر لي كيدييو طريق سيار رقم 70 فوق طريق رقم 161 تبناو ف 1973.,lqna2tr dyal likorda li kydiyyou tri2 syar raqm 15 fawq tri2 raqm 161 f lnihaya shshmaliya dyalha tbnaw f 1966 m3 l bni dyal tri2 syar raqm 15 f dik l mntaqa. lqna2tr li kydiyyou tri2 syar raqm 70 fawq tri2 raqm 161 tbnaw f 1973.,The parallel T @-@ beam bridges that carry I @-@ 15 over SR @-@ 161 at its northern terminus were constructed in 1966 along with the construction of I @-@ 15 though the area . The bridges carrying I @-@ 70 over SR @-@ 161 were constructed in 1973 .,تم إنشاء جسور الإيزو المتوازية التي تحمل الطريق السريع 15 فوق الطريق السريع 161 عند نهايته الشمالية في عام 1966 بالتزامن مع إنشاء الطريق السريع 15 عبر المنطقة. تم بناء الجسور التي تحمل الطريق السريع 70 فوق الطريق السريع 161 في عام 1973.,42,GENERATED
data50543,WIKI_D_03842,D,بصفتها منخفض مداري، سيلا دازت فوق فانوا ليفو. وخا المنطقة كانت تضررات بزاف بسبب الإعصار أمي جوج سيمانات قبل، الما ديال الفيضانات اللي جاو مع الشتا ديال الإعصار رجع بالزربة حيت العاصفة كانت كتحرك دغيا.,"bisfetha mnkhedf مداري, cilla dazt fouq vanua levu. wakha l-mintaqa kanet tdarret bzzaf bsbab l-i3sar ami jouj simanat qbel, lma dyal l-fiyedanat lli jaw m3a shata dyal l-i3sar rje3 bzzarba hit l3asfa kanet kthearek deghya.","As a tropical depression , Cilla passed over Vanua Levu . Even though the region had been severely affected by Cyclone Ami two weeks earlier , flood waters that resulted from rains associated with the cyclone quickly receded due to the storm 's rapid motion .",بصفتها منخفضًا استوائيًا، مرت سيلّا فوق جزيرة فانوا ليفو. ورغم أن المنطقة تضررت بشدة بسبب الإعصار أمي قبل أسبوعين، إلا أن مياه الفيضانات الناتجة عن الأمطار المرتبطة بالإعصار سرعان ما انحسرت بسبب الحركة السريعة للعاصفة.,35,GENERATED
data50544,DATA_16157,B,جون رادكليف (1652 - 1714)، اللي أسس مستشفى جون رادكليف ديال أوكسفورد و كان طبيب ديال ويليام ديال أورانج.,"John Radcliffe (1652 - 1714), li أسس sbitar John Radcliffe dyal Oxford o kan tbib dyal William dyal Orange.","John Radcliffe ( 1652 – 1714 ) , founder of Oxford 's John Radcliffe Hospital and physician to William of Orange .",جون رادكليف (1652-1714)، مؤسس مستشفى جون رادكليف في أكسفورد وطبيب ويليام من أورانج.,22,GENERATED
data50545,WIKI_C_11212,C,"العلاقات الاجتماعية (بالبولونية، ""<unk> społeczne""): هادو كيحتاجو على الأقل جوج د الناس وواحد الالتزام متبادل؛ الدراسة ديال العلاقات الاجتماعية هي الدراسة ديال القواعد اللي كتنظم الأفعال الاجتماعية؛","l3alaqat lijtima3iya (bpolonia, ""<unk> społeczne""): hadu kay7taju 3la lقل jOuj d nass w 7da liltizam mtbaDal; ddrassa dyal l3alaqat lijtima3iya hiya ddrassa dyal lqwa3id li katnaDOm l af3al lijtima3iya;","social relations ( in Polish , "" <unk> społeczne "" ) : these require at least two persons and a mutual obligation ; the study of social relations is the study of norms regulating social actions ;","العلاقات الاجتماعية (بالبولندية، ""<unk> społeczne""): تتطلب هذه على الأقل شخصين والتزامًا متبادلًا؛ دراسة العلاقات الاجتماعية هي دراسة للقواعد المنظمة للأفعال الاجتماعية؛",27,GENERATED
data50546,DATA_22921,B,محمد علي جناح كان كيلعب لبلياردو فالفندق باش يدبر شوية ديال الفلوس زيادة.,Mohamed Ali Jinnah kan كيلعب لبلياردو fel-fondok bash idaber shwiya dial flous ziyada.,"Muhammad Ali Jinnah used to play pool in the hotel , to make a little extra money for himself .",اعتاد محمد علي جناح على لعب البلياردو في الفندق، لكسب القليل من المال الإضافي لنفسه.,20,GENERATED
data50547,DATA_12205,A,عمرك ت تقاعد بكري,3emrek t t9a3d bekri,you should never retire early,لا ينبغي لك أبداً التقاعد المبكر,5,PARTIALLY VALIDATED
data50548,DATA_15853,B,Khayb (Afrojack Remix) [feat. Pitbull] [DJ Buddha Edit] - Single - 4:29,Khayb (Afrojack Remix) [feat. Pitbull] [DJ Buddha Edit] - Single - 4:29,Bad ( Afrojack Remix ) [ feat . Pitbull ] [ DJ Buddha Edit ] - Single - 4 : 29,سيء (ريمكس أفروجاك) [بمشاركة بيت بول] [تعديل دي جي بوذا] - أغنية منفردة - 4:29,21,GENERATED
data50549,WIKI_D_02846,D,الكتاب د الأغاني ديال جامعة مكگيل، لي جمعاتو لجنة متكونة من خريجين و طلبة، تنشر فمونتريال من طرف W.F. Brown، تقريبا عام 1896. من بين بزاف ديال الأغاني لي كيتعزفو و كيتغناو فمناسبات مختلفة بحال التخرج و الاحتفالات، و الماتشات د الرياضة كاين:,"ktab dyal l'aghani dyal jami3a dyal mcgill, li jama3to لجنة متكونة من kharejin w talaba, tnechar f montreal mn tarf W.F. Brown, ta9riban 3am 1896. mn bin bezzaf dyal l'aghani li kayt3zafo w kaytghnaw f monasabat mokhtalifa bhal takharoj w l'ihtifal, w lmatche dyal riyada kayn:","The McGill University song book , compiled by a committee of graduates and undergraduates , was published in Montreal by W.F. Brown , circa 1896 . Notable among a number of songs commonly played and sung at various events such as commencement and convocation , and athletic games are :",كتاب أغاني جامعة مكجيل، الذي جمعته لجنة من الخريجين والطلاب، نُشر في مونتريال بواسطة دبليو. إف. براون، حوالي عام 1896. ومن بين عدد من الأغاني التي تُعزف وتُغنى عادةً في مناسبات مختلفة مثل التخرج والاحتفالات، والمباريات الرياضية، نذكر على وجه الخصوص:,43,GENERATED
data50550,DATA_9443,A,كان كيسحاب ليا غادي يرجع داك الموتور لصاحبو,kan kis7ab liya ghadi yrejje3 dak lmotor lsa7bou,i thought he will speak to his friend,ظننت أنه سيتحدث إلى صديقه,8,PARTIALLY VALIDATED
data50551,DATA_4813,A,كانتمشّشا كول صباح,kantmechcha kol Sba7,I go for a walk every morning,أذهب في نزهة كل صباح,7,PARTIALLY VALIDATED
data50552,WIKI_D_09767,D,بسباب غياب شي جامعة دولية، البوڭوص التنافسي فوق الطابلة مزال فالبدية ديالو بزاف. و ماكايناش بطولة عالمية. شي بلدان كينظمو دوريات ديال البوڭوص داخل الجامعة الوطنية ديال الشطرنج. بحال:,"bsbab ghiab chi jami3a dawliya, lboghos tanafosie fawq tabla mazal flbdia dyalo bzzaf. w makaynch butula 3alamiya. chi bladan kayn9mo dawriyat dial lboghos dakhel jami3a lwataniya dyal shatranj. bhal:","With the absence of an International Federation , over @-@ the @-@ board competitive bughouse is very much in its infancy . There is also no world championship . A few countries do organize bughouse tournaments within the national chess federation . Examples include :",مع غياب اتحاد دولي، فإن لعبة البوغ هاوس التنافسية على الرقعة لا تزال في بدايتها إلى حد كبير. ولا توجد بطولة عالمية. تنظم بعض الدول بطولات للبوغ هاوس ضمن الاتحاد الوطني للشطرنج. ومن الأمثلة على ذلك:,29,GENERATED
data50553,DATA_5709,A,هوا ماشي مالك,8owwa machi malak,He is not an angel,ليس ملاكًا,5,PARTIALLY VALIDATED
data50554,DATA_23933,B,القلعة تقيدت في لائحة الآثار ديال عام 1925. و تضررات بالقصيفة الجوية في الحرب العالمية الثانية.,l-qala'a tqiyydat f la'ihat l-athar dyal 'aam 1925. u tdarrat b l-qsifa l-jawiya f l-harb l-'aalamiya t-tanya.,The fort was included on the Antiquities List of 1925 . It was damaged by aerial bombardment during World War II .,تم إدراج الحصن في قائمة الآثار عام 1925. وقد تعرض لأضرار جراء القصف الجوي خلال الحرب العالمية الثانية.,22,GENERATED
data50555,WIKI_C_10980,C,واحد الدراسة كاتݣول باللي الدخول ديال الأورو دار شي أثر زوين على شحال ديال السياح كايسافرو داخل الاتحاد النقدي الأوروبي، بواحد الزيادة ديال 6 فاصلة شي حاجة 5 فالمية.,"wa7d d-drassa katgoul bli d-dkhoul dyal l-euro dar chi atar zwin 3la sh7al dyal s-syah kaysefro dakhel l-ittihad-d-naqdi l-urope, b-ziyada dyal 6.5%.","A study suggests that the introduction of the euro has had a positive effect on the amount of tourist travel within the EMU , with an increase of 6 @.@ 5 % .",تقترح دراسة أن إدخال اليورو كان له تأثير إيجابي على حجم السفر السياحي داخل الاتحاد النقدي الأوروبي، بزيادة بلغت 6.5%.,29,GENERATED
data50556,WIKI_D_04814,D,هاجر تزوج بكاتالينا وايت فدجنبر 2010. و لولد عندهوم الولد اللول، سموه نوكس ستيرلينغ، ف 17 أكتوبر 2011. ف 18 ماي 2015، جابو بنت ثانية، سمّاوها بريسلي بيرل.,"hager tzewwej b catalina white f december 2010. w lwald 3ndhom lwald el-lawl, semmo knox sterling, f 17 october 2011. f 18 may 2015, jabou bant tania, semmawha presley pearl.","Hager married Catalina White in December 2010 . The couple had their first child , son Knox Sterling , on October 17 , 2011 . On May 18 , 2015 , the couple had their second child , daughter Presley Pearl .",تزوجت هاجر بكاتالينا وايت في ديسمبر 2010. وأنجب الزوجان طفلهما الأول، الابن نوكس ستيرلينغ، في 17 أكتوبر 2011. وفي 18 مايو 2015، أنجب الزوجان طفلهما الثاني، الابنة بريسلي بيرل.,28,GENERATED
data50557,DATA_18849,B,على ود التهم ديال التلاعب بالعملة، خلصات UBS 800 مليون دولار للمنظمين الأمركيين و البريطانيين و السويسريين.,"`3la wedd ttoham dyyal ttal3ob bel3omla, khllaSat UBS 800 milyon dollar l lmonaddimin l amerikiyn o lbriTaniyin o sswiisriyn.`","For the currency rigging charges , UBS paid US $ 800 million to American , British , and Swiss regulators .",مقابل تهم التلاعب بالعملة ، دفع بنك يو بي إس 800 مليون دولار أمريكي لهيئات تنظيمية أمريكية وبريطانية وسويسرية.,21,GENERATED
data50558,DATA_14000,B,نهار خمسطاش شهر واحد، عام ألفين وطنعش، علنوا باللي هانتمان غايسحب غدوة من السباق وغادي يدعم ميت رومني.,"nhar khamstash shhar wahed, aam alfayn o tnash, a'lnou balli Huntsman ghaysehb ghedda men ssebaq o ghadi yda'm Mitt Romney.","On January 15 , 2012 , it was announced that Huntsman would be withdrawing from the race the next day and endorsing Mitt Romney .",في ١٥ يناير ٢٠١٢، أُعلن أن هانتسمان سينسحب من السباق في اليوم التالي ويدعم ميت رومني.,25,GENERATED
data50559,WIKI_C_04062,C,داك الشي اللي برا الغلاف الجوي ديال الأرض و كيوصل حتى كيدوز شوية المدار ديال القمر، و فيه النقط ديال لاغرانج، شي مرات كيتسمى الفضاء القمري القريب.,"dak shi li bra lghlaf jwiyi dyal l'ard w kiyosol 7ta kiduz shwiya l مدار dyal l'amar, w fih l niqt dyal lagrange, shi marrat kiytsmma l fada2 l qamari l qarib.","The region outside Earth 's atmosphere and extending out to just beyond the Moon ’ s orbit , including the Lagrangian points , is sometimes referred to as cis @-@ lunar space .",يُشار أحيانًا إلى المنطقة الواقعة خارج الغلاف الجوي للأرض وتمتد إلى ما بعد مدار القمر بقليل، بما في ذلك نقاط لاغرانج، باسم الفضاء القمري القريب.,27,GENERATED
data50560,WIKI_D_04227,D,كانو ربعة د المراحل رئيسية فبنيان ديال القلعة. الخدمة على الجزء اللول، واحد لقصر محصن ديال الدسپوت Đurađ Branković اللي تبنى فين كيتلاقاو الوديان، بدات فالخريف ديال 1428.,"kanu rba3a d lmara7el ra2issiya f bnyan dyal lqal3a. lkhdma 3la l joz2 llowl, wa7d l9sr m7aSSn dyal adisput Đurađ Branković lli tsbna fin kital9aw lwadyan, bdat f lkhrief dyal 1428.","There were four main phases in the construction of the fortress . The work on the first part , a fortified manor for Despot Đurađ Branković built at the confluence of the rivers , began in the autumn of 1428 .",كانت هناك أربع مراحل رئيسية في بناء القلعة. بدأ العمل على الجزء الأول، وهو قصر محصن للدسپوت دوراد برانكوفيتش، بني عند التقاء الأنهار، في خريف عام 1428.,28,GENERATED
data50561,DATA_10018,A,كان كيسحاب ليا غادي يتراسي الحدود,kan kis7ab liya ghadi ytrassi l7odod,i thought that he will trace limits,ظننت أنه سيضع حدوداً,7,PARTIALLY VALIDATED
data50562,WIKI_C_04580,C,"واحد السلسلة ( x0 , x1 , x2 , … ) عندها واحد الليميت x إلى كانت المسافة | x − xn | كتصغار بزاف كلما n كبر. الهضرة باللي 0 @.@ 999 … =","wa7d silsla ( x0 , x1 , x2 , … ) 3ndha wa7d llimit x ila kanat lmsafa | x − xn | katSghar bzaf kolma n kbr. Lhdra bli 0.999 … =","A sequence ( x0 , x1 , x2 , … ) has a limit x if the distance | x − xn | becomes arbitrarily small as n increases . The statement that 0 @.@ 999 … =","تكون للسلسلة (x0, x1, x2, ...) نهاية x إذا كانت المسافة |x - xn| تصغر اعتباطياً كلما زاد n. العبارة القائلة بأن 0.999... =",35,GENERATED
data50563,DATA_12202,A,عمرك ت حسر القدورات ديالك,3emrek t 7ser l9dourat dialek,you should never limit yourself,لا ينبغي لك أبداً أن تحد من نفسك,5,PARTIALLY VALIDATED
data50564,WIKI_C_10568,C,واحد لمسرحية سميتها 1856، دارها كوري إلسوورث، اللي هو من ذرية إدموند إلسوورث، دازت ف ميسا، أريزونا و سالت ليك سيتي ف شهر سبعة د 2006.,"wa7ed lmasra7iya smahya 1856, darha kory elsworth, lli howa mn drriyat edmund elsworth, dazet f mesa, arizona w salt lake city f chher sab3a d 2006.","A musical called 1856 , produced by Cory Ellsworth , a descendant of Edmund Ellsworth , was performed in Mesa , Arizona and Salt Lake City in July 2006 .",تم تقديم مسرحية موسيقية بعنوان 1856، من إنتاج كوري إلسوورث، وهو سليل إدموند إلسوورث، في ميسا، أريزونا، وسولت ليك سيتي في يوليو 2006.,26,GENERATED
data50565,DATA_2006,A,كيعجبوني الفكارن بزاف,kay3ajboni lfkarn bzaf,I like turtles a lot!,أحب السلاحف كثيراً!,5,PARTIALLY VALIDATED
data50566,WIKI_C_05709,C,الطريقة ديال القطرة المعلقة: التوتر السطحي و البيني تقدر تقيسهم بهاد التقنية، حتى فدرجات الحرارة والضغط اللي طالعين. الشكل ديال شي قطرة كتحلل بالعين. الا بغيتي التفاصيل، شوف قطرة.,"tarigat lqaTRA lmoTalaaqa: ltwtr saT7i w ltwtr bini ti9dr ti9isihom bhad ta9niya, 7ta fdrjat l7arara w dght liTal3iin. shkl dyal shi qTora kaT7al l3iin. ila bghiti tafasil, shuf qTora.","Pendant drop method : Surface and interfacial tension can be measured by this technique , even at elevated temperatures and pressures . Geometry of a drop is analyzed optically . For details , see Drop .",طريقة القطرة المتدلية: يمكن قياس التوتر السطحي والتوتر البيني بهذه التقنية، حتى في درجات الحرارة والضغوط المرتفعة. يتم تحليل هندسة القطرة بصريًا. للتفاصيل، انظر القطرة.,29,GENERATED
data50567,DATA_15622,B,إيلا بقاو شي فراقي من هادوك لي لفوق متساويين من بعد ما طبقنا هاد المعايير، الترتيب ديالهم غادي يتقرر بالقرعة.,"ila bqaw shi furaqi mn hadouk li lfouq mtساويin mn b3d ma tbqna had lma3ayir, tartib dyalhoum ghadi ytqrr belqor3a.","If any of the teams above remain level after applying the above criteria , their ranking will be determined by the drawing of lots",إذا بقي أي من الفرق المذكورة أعلاه متعادلاً بعد تطبيق المعايير المذكورة، فسيتم تحديد ترتيبهم عن طريق سحب القرعة.,24,GENERATED
data50568,WIKI_D_09435,D,ضّاك هاوس فيها ديپارتمونات لبحث والتّطوير وديال الدّين والأخلاق ديال BBC. ف شهر نونبر 2011، ليكيبات ديال راديو 6 ميوزيك ديال BBC نقلو من نييو برودكاستين هاوس لضّاك هاوس، فين كيتصاوبو شي برامج ديال راديو 4 ديال BBC.,"dak house fiha dipartimana dyal lba7t w ttawri w dyal ddin w l5la9 dyal BBC. f chher november 2011, l ekipat dyal radio 6 music dyal BBC na9lo mn new broadcasting house l dak house, fin kaytsobo chi baramij dyal radio 4 dyal BBC.","Dock House contains the BBC 's Research & Development and Religion & Ethics departments . In November 2011 BBC Radio 6 Music teams moved from New Broadcasting House into Dock House , where some programmes for BBC Radio 4 are made .",يحتوي دوك هاوس على إدارتي البحث والتطوير لشؤون الأديان والأخلاق في بي بي سي. في نوفمبر 2011، انتقلت فرق راديو بي بي سي 6 الموسيقي من نييو برودكاستينغ هاوس إلى دوك هاوس، حيث تُصنع بعض البرامج لراديو بي بي سي 4.,38,GENERATED
data50569,DATA_20181,B,استعمالات ترفيهية أخرى اللي ما فيهاش التنفس كاتشمل استعمالات ديال الألعاب النارية، بحال ديك لخمسة ثواني اللي كان كيشعل بيها جورج غوبل الشوايات ديال باربيكيو.,"sti3malat tarfihiya okhra li ma fiha-ch tanaffos kat-chmel sti3malat dyal l-al3ab nnariya, bhal dik l-khamsa twani li kan ki-ch3el biha george gobble ch-chwayat dyal barbecue.","Other recreational uses that do not involve breathing include pyrotechnic applications , such as George Goble 's five @-@ second ignition of barbecue grills .",استخدامات ترفيهية أخرى لا تتضمن التنفس تشمل التطبيقات النارية ، مثل إشعال جورج جوبل للشوايات لمدة خمس ثوانٍ.,25,GENERATED
data50570,DATA_7260,A,خلينا نبلنيو شي سفر لشي بلاصة ماعمرنا ماشفناها,5lina nblniw chi sfer lchi blassa ma2merna machfnaha,let's plan a surprise weekend trip to a place we've never been before,لنخطط لرحلة نهاية أسبوع مفاجئة إلى مكان لم نزره من قبل,13,PARTIALLY VALIDATED
data50571,DATA_7518,A,وهزوني يورجنت الطبيب,whzouni urgent ltbib,and i want to the emergencies,وأريد التوجه إلى الطوارئ,6,PARTIALLY VALIDATED
data50572,WIKI_C_04994,C,"فبريطانيا، فيلم ""القاتل"" خرج ف ديڤيدي مع ""Hong Kong Legends"" نهار 21 أكتوبر 2002، وكانت معاه شي هضرة مسموعة فيها باي لوڭان، و شي مقابلات مع كينيث تسانڭ، سالي يي، والمصور پيتر پاو.","f britanya, film ""el katel"" khrej f dvd m3 ""Hong Kong Legends"" nhar 21 oktober 2002, w kanet m3ah chi hḍra msmu3a fiha Bey Logan, w chi mo9ablat m3 Kenneth Tsang, Sally Yeh, w el moṣawwer Peter Pau.","In the United Kingdom , The Killer was released on DVD by Hong Kong Legends on 21 October 2002 which included an audio commentary with Bey Logan and interviews with Kenneth Tsang , Sally Yeh and cinematographer Peter Pau .","في المملكة المتحدة، صدر فيلم ""القاتل"" على قرص دي في دي عن طريق شركة ""هونغ كونغ ليجندز"" في 21 أكتوبر 2002، وتضمن تعليقاً صوتياً مع بي لوغان ومقابلات مع كينيث تسانغ، سالي يي، والمصور السينمائي بيتر باو.",33,GENERATED
data50573,DATA_21084,B,بويز، ويليام دي. (1925). أفريقيا المصورة، الشمالية، الاستوائية، الجنوبية. شيكاغو: راند ماكنالي وشركاه.,"bouize, wiliam di. (1925). afriqia lmoussawra, shshimalia, l-istiwai'ia, l-janoubia. shikago: rand maknali wa shurakao.","Boyce , William D. ( 1925 ) . Illustrated Africa , North , Tropical , South . Chicago : Rand McNally & Co .",بویس، ویلیام دی. (١٩٢٥). أفريقيا المصورة، شمالاً، استوائياً، جنوباً. شيكاغو: راند ماكنالي وشركاه.,24,GENERATED
data50574,DATA_10804,A,مانضنش غادي يسبق ديك دار را يالله شاريحة,mandench ghadi ysbe5 dik dar ra yallah chariha,I dont think  he wll outrace her,لا أعتقد أنه سيتفوق عليها في السباق.,7,PARTIALLY VALIDATED
data50575,wiki_8,B,بلي أول مغريبي ربح ميدالية أولمپية، عبد سلام راضي، تحنسر ف حياتو ل درجة أنو باع ديك لميدالية,"Bli awal maghribi rab7 ميدالية olympia, Abdel Salam Radi, t7nsar f 7yato l daraja ano ba3 dik l medalya","the first moroccan to win an olympic medal, abdel salem radi, struggled so much in his life that he sold that medal.",حاز أول مغربي يفوز بميدالية أولمبية، عبد السلام راضي، على نجاح في حياته لدرجة أنه باع تلك الميدالية.,22,active
data50576,DATA_12490,A,عمرك جربتي توقف دكشي لي كادير,3emrek jerebti twe99ef dkchi li kadir,Have you tried to stop what you do,هل حاولت التوقف عما تفعله؟,8,PARTIALLY VALIDATED
data50577,DATA_19291,B,Bit: 02 (DST1) كيكون اون فالميط ديال UTC ف نص الليل نيشان مورا ما كيبدا التوقيت الصيفي، و كيطفى فالميط ديال UTC ف نص الليل نيشان مورا ما كيرجع التوقيت العادي.,"Bit: 02 (DST1) kaykoun on falmit dyal UTC f nns lil nishan moura ma kibda t-touqit s-sifi, o kaytfa falmit dyal UTC f nns lil nishan moura ma kayrja3 t-touqit l-3adi.","Bit : 02 ( DST1 ) is set at UTC midnight just after DST comes into effect , and cleared at UTC midnight just after standard time resumes .",يتم تعيين البت 02 (DST1) عند منتصف ليل التوقيت العالمي المنسق بعد دخول التوقيت الصيفي حيز التنفيذ مباشرة، ويتم مسحه عند منتصف ليل التوقيت العالمي المنسق بعد استئناف التوقيت القياسي مباشرة.,29,GENERATED
data50578,DATA_12431,A,عمرك جربتي فكّرتي فكّرتي شكون كاتبغي كتر مو ولا ولادك,3emrek jerebti fekkerti chkon katbghi kter mok oula wladek,Have you tried to think whom you love more,هل حاولت التفكير فيمن تحب أكثر؟,9,PARTIALLY VALIDATED
data50579,WIKI_D_10699,D,تبين باللي الأنواع لي من تسمانيا عندها قدرة على تحمل الصقيع ف أي وقت من العام، و هادشي يقدر يفسر النجاح ديالها ف الانتشار و النمو ف مختلف البيئات ف الجزيرة. هاد الصفة يمكن تكون سمحات ليها تعيش ف الفترات الباردة ف تسمانيا ف العصر البليستوسيني.,"tbayen belli l-anwa3 li men tasmania 3andha qderra 3la t7emmoul s-sqi3 f ay waqt men l-3am, w hadchi yeqder yefsser n-nejah dyalha f l-intissar w n-numuw f mokhtalef l-bi2at f l-jziira. had s-sifa ymken tkoun sma7t liha t3iich f l-fatarat l-barida f tasmania f l-3asr l-blistocini.","Tasmanian forms have been shown to be frost tolerant at any time of year , which might explain some of their success in spreading and growing in different habitats around the island . This attribute might have allowed them to survive cold periods in Tasmania in the Pleistocene .",لقد تبين أن الأشكال التسمانية تتحمل الصقيع في أي وقت من السنة، وهو ما قد يفسر بعض نجاحها في الانتشار والنمو في موائل مختلفة حول الجزيرة. قد تكون هذه السمة قد سمحت لها بالبقاء على قيد الحياة خلال فترات البرد في تسمانيا خلال العصر البليستوسيني.,46,GENERATED
data50580,WIKI_C_11623,C,"هاذ الممثل ميريكاني، ديفيد هاسلهوف اللي معروف ب ""نايت رايدر"" و ""بايواتش""، قال باللي كيشجع هاد الفريق فاش كان كيدير واحد المسرحية ديالو ف گلاسكو، و قال باللي هما ""الفريق اللي كيعجبوه بزاف واخا ديما خاسرين"".","had l ممثl mrikani, david hasselhoff li makrruf b ""knight rider"" w ""baywatch"", qal bli kishj3 had l fariq fach kan kaydir wahd l masra7iya dyalo f glasgow, w qal bli homa ""l fariq li kay3jbuh bzzaf wakha dima khasrin"".","American actor David Hasselhoff , best known for Knight Rider and Baywatch , has stated his support for the club during his pantomime run in Glasgow , and mentioned they are his "" favourite underdogs "" .","صرح الممثل الأمريكي ديفيد هاسلهوف، المعروف بأعمال مثل ""نايت رايدر"" و ""بايواتش""، بدعمه للنادي خلال مشاركته في عرض بانتميم في غلاسكو، وذكر أنهم ""الفرق المفضلة لديه بين الفرق الأقل شهرة"" .",36,GENERATED
data50581,WIKI_D_08680,D,الاطباء قرروا باللي هاسكيسون غالبا غادي ينجا ولكن رجلو المجروحة غالبا غاتحتاج للبتر. مع ما كاين لا دوا لا أدوات ديال الجراحة، تسناو حتى يوصل المعدات ديال الجراحة والأخصائيين اللي مشى ستيفنسون باش يجيبهم من مانشستر.,"l-ttaba2 qarru bli huskisson galban ghadi yenza walakin rjloh l-mjro7a galban ghat7aj lel-btr. m3a makayn la dwa la adawat dyal jra7a, tsanaw 7ta yوصol l-m3addat dyal jra7a w-l-khasayin lli msha stephenson bash yjibhom mn manchester.","The doctors decided that Huskisson was likely to survive but his injured leg was likely to need amputation . With no medicines or surgical tools , they waited for the arrival of the surgical equipment and medical specialists Stephenson had gone to summon from Manchester .",قرر الأطباء أن هاسكيسون من المرجح أن ينجو، لكن ساقه المصابة من المرجح أن تحتاج إلى البتر. في غياب الأدوية أو الأدوات الجراحية، انتظروا وصول المعدات الجراحية والمتخصصين الطبيين الذين ذهب ستيفنسون لاستدعائهم من مانشستر.,36,GENERATED
data50582,WIKI_C_03563,C,جوّا راسو راه تفركع مع تشين يو مني خلاها ف 1922. حس براسو حر يتزوج مرا خرا واخا مادار تا طلاق رسمي.,jou raSso rah tferre9 m3a chen yu mni khalla-ha f 1922. Hasse braSso Hor yetzewwej mra khra wakha madar ta tila9 rasmmi.,"Zhu viewed himself as separated from Chen Yu @-@ chen after leaving her 1922 . He felt free to marry again , though there had been no formal divorce .",اعتبرت جو نفسها منفصلة عن تشين يو بعد أن تركها عام 1922. شعرت بالحرية في الزواج مرة أخرى، على الرغم من عدم وجود طلاق رسمي.,22,GENERATED
data50583,DATA_7363,A,كانت أحسّن طريقة نهربو بيها من ستريس ديال لخدمة,kant a7ssen tari9a nherbou biha mn stress dial l5edma,it was a perfect escape from the hustle and bustle of work,لقد كان ملاذاً مثالياً من صخب العمل وضجيجه,12,PARTIALLY VALIDATED
data50584,DATA_10074,A,كان كيسحاب ليا غادي يحدّد إمتا عيكون عرس,kan kis7ab liya ghadi y7edded imta 5aykoun 3erss,i thought that he will determine when the wedding,اعتقدت أنه سيحدد موعد الزفاف,9,PARTIALLY VALIDATED
data50585,DATA_18350,B,"قال على المعتقدات الروحانية ديالو ف 2014 ، ""كنظن باللي أنا متيقن باللي كانآمن. أكبر تعبير ديالي على شنو كانآمن كاين ف فيلم ""النافورة"".""","gal 3la lmu3taqadat arru7aniya diyalu f 2014, ""kanḍenn balli ana mtiqqen balli kan'aamen. akbar ta3biir diyali 3la shnu kan'aamen kayn f film ""annafoura"".""","He said of his spiritual beliefs in 2014 , "" I think I definitely believe . My biggest expression of what I believe is in The Fountain "" .","قال عن معتقداته الروحية في عام 2014: ""أعتقد أنني بالتأكيد أؤمن. أكبر تعبير لي عما أؤمن به هو في فيلم The Fountain"".",29,GENERATED
data50586,WIKI_C_04373,C,كيندريك سنا واحد الكونطرا ديال عام مع الكولورادو روكيز نهار 4 فبراير 2015 . و من بعد سماوه هو اللي غادي يبدا الماتش اللول ديال الروكيز ف السيزون ديال 2015.,kendrik sena wa7d l contract dyal 3am m3a l colorado rockies nhar 4 fevrier 2015. w men ba3d samawh howa li radi yebda l match l-awwal dyal l rockies f season dyal 2015.,"Kendrick signed a one @-@ year deal with the Colorado Rockies on February 4 , 2015 . He was later named the Rockies ' opening @-@ day starter for the 2015 season .","وقع كندريك على عقد لمدة عام مع فريق كولورادو روكيز في 4 فبراير 2015. وتم تسميته لاحقاً ليبدأ كـ ""روكيز"" في يوم الافتتاح لموسم 2015.",30,GENERATED
data50587,DATA_5344,A,عندي نمشي نخدم,khaSni nmchi lkhedma,I have to go to work,يجب علي الذهاب إلى العمل,6,PARTIALLY VALIDATED
data50588,WIKI_D_07446,D,أغلب الإغنمبريتات ديال القطاع الجنوبي عندها حجم ديال 50 كيلومتر مكعب ولا قل و مرتبطة بالبراكين الطبقية و كالديرا صغار. جايين من التبلور الجزئي ديال الماغما الأنديزيتية مع مدخلات قشرية متباينة.,aglab lighnimbrite dyal lqta3 jnnoubi 3ndha hajm dyal 50 km meq3a wala qel we merbota b lbarakin tabaqia we caldera sghar. jayin men tbellwr l joz2i dyal lmagma l andezitia m3a madkhlat qechria mtabayna.,Most ignimbrites of the southern sector have volumes of 50 cubic kilometres ( 12 cu mi ) or less and are associated with stratovolcanoes and small calderas . They are derived from fractional crystallization of andesitic magmas with variable crustal input .,معظم الإغنمبريتات في القطاع الجنوبي لها حجوم تبلغ 50 كيلومترًا مكعبًا (12 ميلًا مكعبًا) أو أقل وترتبط بالبراكين الطبقية والكالديرات الصغيرة. وهي مشتقة من التبلور التجزيئي لصهارات الأنديزيت مع مدخلات قشرية متغيرة.,31,GENERATED
data50589,WIKI_D_10561,D,إيرباص A330-800neo غادا تبدل نيشان إيرباص A330-200. غادي يكونو فيه موطورات رولز رويس ترينت 7000 ديال الجيل الجاي و جناحين صغار بحال ديال A350. الطيارة مبرمجة باش تبدا الخدمة في أوائل 2018 ولا أواخر 2017 مع هاواييان إيرلاينز.,airbus a330-800neo ghada tbdel nishan airbus a330-200. ghadi ykounou fih motorat rolls royce trent 7000 dyal l-jeel jay w janhin sghar bhal dyal a350. t-tayyara mbrmja bash tbda l-khidma f awaeil 2018 wla awakhir 2017 m3 hawaiian airlines.,The Airbus A330 @-@ 800neo will directly replace the Airbus A330 @-@ 200 . It will feature next @-@ generation Rolls Royce Trent 7000 engines and A350 @-@ style winglets . The aircraft is scheduled to enter service in early 2018 or late 2017 with Hawaiian Airlines .,سيحل طراز إيرباص A330-800neo محل طراز إيرباص A330-200 مباشرة. وسوف يشتمل على محركات رولز رويس ترنت 7000 من الجيل القادم وأطراف أجنحة على طراز A350. ومن المقرر أن يدخل الطراز الخدمة في أوائل عام 2018 أو أواخر عام 2017 مع شركة هاوايان إيرلاينز.,38,GENERATED
data50590,DATA_15867,B,السلسلة الكاملة ديال ميني @-@ تطلقات على ديڤيدي ريجن 1 من طرف أليانس هوم إنترتينمنت في 3 غشت 2010.,as-silsila l-kamila dyal mini @-@ tatalqat 3la dvd region 1 mn taraf Alliance Home Entertainment fi 3 ghusht 2010.,"The complete mini @-@ series was released on Region 1 DVD by Alliance Home Entertainment on August 3 , 2010 .",تم إصدار المسلسل المصغر الكامل على أقراص DVD للمنطقة 1 بواسطة أليانس هوم إنترتينمنت في 3 أغسطس 2010.,21,GENERATED
data50591,DATA_13376,B,ليكسي تومسون، أصغر وحدة ربحات شي بطولة ديال LPGA فالتاريخ ف عمر 16 عام، تزادت ف كورال سبرينݣز.,"Lexi Thompson, sghar wehda rbhat shi بطولة dyal LPGA ftarikh f 3mor 16 3am, tzadatt f Coral Springs.","Pro golfer Lexi Thompson , youngest winner ever of a LPGA tour event at 16 , was born in Coral Springs .",وُلدت لاعبة الغولف المحترفة ليلي طومسون، أصغر فائزة على الإطلاق بحدث في جولة رابطة لاعبات الغولف المحترفات في سن السادسة عشرة، في كورال سبرينغز.,22,GENERATED
data50592,DATA_8893,A,أنا غادي نقددن أول مرة,ana ghadi n2adden awel mra,i will pray for first time,سأصلي لأول مرة,6,PARTIALLY VALIDATED
data50593,DATA_21147,B,ف 2009 تكون مجلس مدينة شروزبري و رجّعو الشعار ديال المدينة القديم للاستعمال اليومي.,f 2009 tkwen mejlis mdina shrewsbury w rej3o sh-sha3ar dyal l-mdina l-qdim l-l-isti3mal lyawmi.,In 2009 Shrewsbury Town Council was formed and the town 's traditional coat of arms was returned to everyday use .,في عام 2009 ، تشكل مجلس مدينة شروزبري وأعيد شعار النبالة التقليدي للمدينة إلى الاستخدام اليومي.,21,GENERATED
data50594,DATA_9369,A,مابقيتش باغي نعبر هاد النفق تايتوّل طريق,mab9itch baghi n 3ber had ltunnel 5aytewel tri9,i will not go in this tunnel,لن أدخل هذا النفق,7,PARTIALLY VALIDATED
data50595,WIKI_D_01561,D,تّفتتح لميرة رويال لمعهد موريس وول للعلوم لعصبية سّريرية ف 2015 ف لكامپوس د دنمارك هيل . و هاد لمعهد مسمي على محسن بريطاني موريس وول، لي كانت عندو علاقة طويلة مع كينڭز و دعم بزاف د لمشاريع طبية.,"tftat7 lmira royal lma3hed moris wol l3olom l3asbiya saririya f 2015 f lkambus d denmark hill. w had lma3hed mesmi 3la m7sen britani moris wol, li kanet 3ndo 3alaqa tawila m3 kings w da3am bzaf d lmachari3 tibiya.","The Maurice Wohl Clinical Neuroscience Institute was opened by the Princess Royal in 2015 at the Denmark Hill Campus . It is named after British philanthropist Maurice Wohl , who had a long association with King ’ s and supported many medical projects .",افتتحت الأميرة الملكية معهد موريس وول للعلوم العصبية السريرية في عام 2015 في حرم دنمارك هيل. سُمي المعهد على اسم المحسن البريطاني موريس وول، الذي كانت لديه علاقة طويلة مع كينغز ودعم العديد من المشاريع الطبية.,39,GENERATED
data50596,WIKI_D_11903,D,"كاينين حكايات قديمة على ""ساحرة وكي هول""، اللي باقين محفوظين فالسمية ديال واحد الصواعد الكلسية فالبيت اللول ديال الكهوف. القصة عندها بزاف ديال النسخ المختلفة بنفس الملامح الأساسية:","kaynin 7kayat qdima 3la ""s7art wooky hole"", li baqin ma7fudin f smiyat wa7d sswade3 lklsiya f lbit l2ol dyal lkuf. lqiss 3ndha bzaf dyal nsox mxtlifa bns lmlam7 l2asasiya:","There are old legends of a "" witch of Wookey Hole "" , which are still preserved in the name of a stalagmite in the first chamber of the caves . The story has several different versions with the same basic features :","توجد أساطير قديمة عن ""ساحرة كهف وكي""، لا تزال محفوظة في اسم صواعد كلسية في الغرفة الأولى من الكهوف. للقصة عدة روايات مختلفة بنفس السمات الأساسية:",28,GENERATED
data50597,WIKI_C_01679,C,فواحد الإصلاح ف 1922 عمروا ديك لبلاصة الوسطانية ديال الباطو، ورجع السطاح مقاد. وف 1930 عاودوا صاوبوها وردوها جديدة وعصرية. فهاد الوقت، الكوماندور ولات كتعبر 543 طن ديال الحمولة الإجمالية و 315 طن ديال الحمولة الصافية.,"f wa7d lislah f 1922 3amrou dik lb7ala li wastanya dyal lbato, w raja3 stah m9ad. w f 1930 3awdou sawwbouha w raddouha jdida w 3assriya. f had lwa9t, lkomandoren walat katchof 543 ton dyal l7moula l-ijmaliyya w 315 ton dyal l7moula s-safiya.","A rebuild in 1922 saw the ship 's well deck built over , creating a flush deck profile . In 1930 the ship was refurbished and modernized . By this time , Kommandøren measured 543 GRT and 315 NRT .",شهد إعادة بناء في عام 1922 بناء سطح البئر الخاص بالسفينة، مما أدى إلى إنشاء شكل سطح مستوٍ. في عام 1930، تم تجديد السفينة وتحديثها. بحلول هذا الوقت، بلغ وزن كوماندورن 543 طن إجمالي و 315 طن صافي.,36,GENERATED
data50598,DATA_15720,B,"1 , ... , Z = 25. التشفير ديال حرف <formula> بتحويل بـ n يمكن نوصفوه حسابيًا بـ ،","a, ..., z = 25. t-chfir dyal 7arf <formula> b t7wil b n ymkn nwصفوه 7isabiyan b,","1 , ... , Z = 25 . Encryption of a letter <formula> by a shift n can be described mathematically as ,",يمكن وصف تشفير حرف <formula> بإزاحة n رياضيًا على النحو التالي،,23,GENERATED
data50599,DATA_19110,B,كلما كانت هادي كبيرة، كلما كان الخرج ديال التيار المتردد المحتمل أكبر بالنسبة لواحد التيار مستمر معين، وبالتالي كتكون الفعالية أكبر.,"Kullama kanat hadi kbira, kullama kan l-khrej dyal t-tayyar l-mutaraddid l-muhtamal akbar bnissba l-wahd t-tayyar mustamirr mu'ayyan, u bitali katkun l-fa'aliya akbar.","The larger this is , the larger the potential AC output for a given DC bias current , and therefore the greater the efficiency",كلما كان هذا أكبر، زاد خرج التيار المتردد المحتمل لتيار انحياز تيار مستمر معين، وبالتالي زادت الكفاءة.,24,GENERATED
data50600,WIKI_C_04926,C,واخا ما عطاوناش شي رقم محدد ديال البيوعة، يرلي بين باللي ما عجبوش البيع ديال رايز على الاكس بوكس وان في غشت 2014، و لوم الطيحة ديال البيوعة على الاكس بوكس وان.,"wakha ma 3tawnach chi rqm mohaddad dyal lbyou3a, yerli bayn belli ma 3ajboch lby3 dyal ryse 3la l'xbox one f 8 2014, w lwom tti7a dyal lbyou3a 3la l'xbox one.","While no exact sales figure was revealed , Yerli expressed his disappointment with the sales of Ryse for the Xbox One in August 2014 , blaming the low sales of the Xbox One .",بينما لم يتم الكشف عن رقم مبيعات دقيق، أعرب ييرلي عن خيبة أمله في مبيعات لعبة رايز لجهاز إكس بوكس ون في أغسطس 2014، وعزا انخفاض المبيعات إلى انخفاض مبيعات جهاز إكس بوكس ون.,32,GENERATED
data50601,DATA_22149,B,"F kull mo7akama jina2iya, l-motteham 3ando l7aq ythakem bzerba...","f kull mo7akama jina2iya, l-motteham 3ando l7aq ythakem bzerba...","In all criminal prosecutions , the accused shall enjoy the right to a speedy . . . trial . . . .",في جميع الملاحقات الجنائية ، يتمتع المتهم بالحق في محاكمة سريعة . . .,22,GENERATED
data50602,DATA_23899,B,"1. @@ تحت.
2. @@ فوق / على.
3. @@ مورا.","1. ta7t
2. foq / 3la
3. moura","no : 1 @.@ under . 2 @.@ upon . 3 @.@ after ( of place ) , behind .",لا : ١ تحت . ٢ فوق . ٣ خلف ( للمكان ) ، وراء .,20,GENERATED
data50603,WIKI_D_00038,D,البراهينو سنا مع ويست برومويتش ألبيون مركز التكوين في 2004 في أقل من 12 عام، جا من فريق في وسط المدينة سميتو Phoenix United. طلع مع السيستيم ديال الشباب ديال لي باگيز و في صيف 2011، سنا كونطرا بروفيسيونيل معاهم.,"lbrihino sana m3a west bromwich albion markaz takwin f 2004 f a9al mn 12 3am, ja mn farik f wasst mdina smito Phoenix United. tella3 m3a l system dyal shbab dyal li baggies w f sayf 2011, sana contract professional m3ahom.","Berahino signed for the West Bromwich Albion Centre of Excellence in 2004 at under @-@ 12 level , joining from inner @-@ city team Phoenix United . He progressed through the youth system of the Baggies and in summer 2011 , he signed a professional contract with them .","وقع براهينو لمركز التميز التابع لنادي ويست بروميتش ألبيون في عام 2004 ضمن فئة أقل من 12 عامًا، قادمًا من فريق فينكس يونايتد الواقع في وسط المدينة. ترقى في نظام شباب النادي (المعروف باسم ""الباقيز"") وفي صيف عام 2011، وقع عقدًا احترافيًا معهم.",40,GENERATED
data50604,DATA_0467,A,كانعقل كنت خدّام حدا داك الراجل لي كان فخور أنّه كايضرب 15 كيلومتر بل پيكالا تال لخدمة,kan39el knt khddam 7da dak rrajl lli kan fakhour annaho kayDreb 15 kilometre bl pikala tal lkhdma,I remember working next to this man who was very proud of cycling 15 km into work,أتذكر أنني كنت أعمل بجوار هذا الرجل الذي كان فخورًا جدًا بركوب الدراجة لمسافة 15 كيلومترًا إلى العمل.,17,PARTIALLY VALIDATED
data50605,DATA_0523,A,"تسنّا, راه يالّاه درت لما ل شعرية.","tsenna, rah yallah dert lma l ch3ria.","Hold on, I've only just put the water on for the pasta.",انتظر، لقد وضعت الماء للباستا للتو.,12,PARTIALLY VALIDATED
data50606,WIKI_D_10478,D,العملة ديال باربر كانت كتكون من عشر سنت، ربع دولار، و نص دولار اللي صممها كبير نقاشي فالمكتب ديال السكك الأمريكية، شارلز إي. باربر. تضربو بين 1892 و 1916، واخا نص دولار ما تضربش في العام الأخير ديال السلسلة.,"l3omla dyal barber kant katkon mn 3shr سنت, rbe3 dollar, w nss dollar li ssemha kbir nqashi f lmaktab dyal skak l2amrikiya, charles e. barber. tdarbo bin 1892 w 1916, wakha nss dollar ma tdarbsh f l3am l2akhir dyal silsila.","The Barber coinage consisted of a dime , quarter , and half dollar designed by United States Bureau of the Mint Chief Engraver Charles E. Barber . They were minted between 1892 and 1916 , though no half dollars were struck in the final year of the series .",تألفت عملات باربر من عملة عشرة سنتات، وربع دولار، ونصف دولار صممها كبير نقاشي مكتب صك العملة الأمريكي تشارلز إي. باربر. وسُكّت بين عامي 1892 و1916، على الرغم من عدم سك أي نصف دولار في العام الأخير من السلسلة.,39,GENERATED
data50607,DATA_5331,A,خدا شي كوكياجات,khda chi kokiyyajat,He picked up some shells,التقط بعض الأصداف,5,PARTIALLY VALIDATED
data50608,DATA_20173,B,اللي كيدور على هاد الكواكب كيجي كامل غير من الأشعة فوق البنفسجية اللي كتضرب الأوكسجين و شي جزيئات فيهم الأوكسجين بحال ثاني أكسيد الكربون.,Li kidur 3la had lkawakib kiji kamel ghir mn lash3a lfawqa lbanafsajiya li katdarb l'oxygène w shi jozay2at fihum l'oxygène bhal tani okszid lkarbun.,2 surrounding those planets is produced solely by ultraviolet radiation on oxygen @-@ containing molecules such as carbon dioxide .,ينتج الغلاف الجوي المحيط بتلك الكواكب حصريًا عن طريق الأشعة فوق البنفسجية على الجزيئات التي تحتوي على الأكسجين مثل ثاني أكسيد الكربون.,20,GENERATED
data50609,WIKI_D_02954,D,ف 1914، پيپ لعب مع روچيستر هاستلرز ديال الإنتيرناشونال ليݣ. كانت عند پيپ .314 معدل ديال الضرب و 27 تريبل. تصدّر كاع الضرابين ف الليݣ ب 15 هوم ران، .526 بيرسونطاج ديال السلاݣينݣ، و 290 قاعدة طوطال.,"f 1914, pipp le3eb m3a rochester hustlers dyal l'international league. kanet 3end pipp .314 ma3del dyal ddreb w 27 triples. tsedder k3a lddarbin f l'league b 15 home run, .526 persontaj dyal slogging, w 290 base total.","In 1914 , Pipp played for the Rochester Hustlers of the International League . Pipp had a .314 batting average and 27 triples . He led all batters in the league with 15 home runs , a .526 slugging percentage , and 290 total bases .",في عام 1914، لعب بيب مع فريق روتشستر هاستلرز في الدوري الدولي. حقق بيب متوسط ضرب بلغ 314 من ألف، و27 ضربة ثلاثية. تصدر جميع الضاربين في الدوري بـ 15 ضربة منزلية، ونسبة إغلاق بلغت 526 من ألف، و290 قاعدة إجمالية.,37,GENERATED
data50610,DATA_0963,A,الناسّ لي خدّامين هنا مزيرين ماكايخليوش النزلاء يخرجو بوحدهوم,nnass li kheddamin hna mziyrin makaykheliwch nnozala2 ykherjo bo7dhom,The staff are very strict about allowing residents to go out on their own,يلتزم الموظفون بشدة بالسماح للمقيمين بالخروج بمفردهم.,14,PARTIALLY VALIDATED
data50611,DATA_20555,B,ثرم، توماس جي.، محرر. (1891). Hawaiian Almanac and Annual for 1892. مطبعة Press Publishing Company.,"therme, thomas g., mo7arir. (1891). Hawaiian Almanac and Annual for 1892. matba3at Press Publishing Company.","Thrum , Thomas G. , ed . ( 1891 ) . Hawaiian Almanac and Annual for 1892 . Press Publishing Company Print .",ثروم، توماس ج.، محرّر. (1891). التقويم السنوي لهاواي لعام 1892. مطبعة شركة بريس بابليشينغ.,23,GENERATED
data50612,DATA_23425,B,جوناثان برايس بدور إليوت كارفر، واحد مول الميديا سيكوباتي لي ناوي يشعل حرب عالمية باش يطلع المبيعات و الريتينݣ ديال القنوات الإخبارية ديالو.,"Jonathan Price bdor Eliot Carver, wa7ed mul al-media sikopati li nawi yech3el 7arb 3alamia bash yettala3 al-mabi3at u r-riting dyal al-qanawat al-ikhbaria dyalu.","Jonathan Pryce as Elliot Carver , a psychopathic media mogul who plans to provoke global war to boost sales and ratings of his news divisions .",جوناثان برايس بدور إليوت كارفر، قطب إعلامي سيكوباتي يخطط لإثارة حرب عالمية لزيادة مبيعات وتقييمات أقسامه الإخبارية.,26,GENERATED
data50613,WIKI_C_09623,C,نهار 19 أبريل 2009، المنظمين اختاروا جزيرة هايكسينشا، و معاها واد اللؤلؤ، باش يديرو فيها حفلة الافتتاح و الختام، هي لبلاصة الوحيدة اللي ما كانتش ديال المنافسة.,"nhar 19 april 2009, lmunaththmin khtaru jazirat haixinsha, w m3aha wad l'lu2lu, bash ydiru fiha 7aflat lftitah w lkhtitam, hiya lbblasa lwihida lli ma kantsh dyal lmunaafasa.","On April 19 , 2009 , organisers chose Haixinsha Island , along with the Pearl River , as the venue for the opening and closing ceremonies , the only venue which was not for competition purposes .",في التاسع عشر من أبريل عام 2009، اختار المنظمون جزيرة هايكسينشا، إلى جانب نهر اللؤلؤ، كموقع لحفلي الافتتاح والختام، وهو الموقع الوحيد الذي لم يكن مخصصًا لأغراض المنافسة.,27,GENERATED
data50614,DATA_16834,B,باش نقصو من هاد الصداع، كناخدو معدل تاني τ ( a ) على كاع الأعداد اللي ما بينهوم قاسم مشترك مع a.,"bash nqesso mn had صداع, kanakhdo m3ddal tani τ (a) 3la gaa3 l'a3dad lli ma binathom qasim moshtarak m3a a.","To reduce this noise , a second average τ ( a ) is taken over all numbers coprime with a",لتقليل هذا الضجيج، يتم أخذ متوسط ثانٍ τ(a) على جميع الأعداد الأولية مع a,20,GENERATED
data50615,DATA_3358,A,و شي لعيبات ديال نظافة لي كتبغيها حتى هيا,o chi l3ibat dyal naDafa likatbghiha 7ta hiya,and some toiletries she likes too,وبعض أدوات الزينة التي تحبها أيضًا,6,PARTIALLY VALIDATED
data50616,WIKI_D_02751,D,بفضل البرودة د الأعصاب و الشجاعة الشخصية ديالو، لملازم تاني بيركس خلا الرجال ديالو فمعنويات طالعة طيلة الوقت. تقـ**ـتل فالبوسط ديالو بسباب قذيفة و هو كي حاول ينقد شي رجال مدفونين بسباب شي قذيفة.,"bفضل lbroda d l'a9sab w chja3a shakhsiya dyalo, lmla7em tani birks khlla rjal dyalo f ma3nawiyat tal3a tlil waqt. t9tl f l post dyalo bsbab qdhifa w howa kiyhawel ynqod chi rjal madfunin bsbab chi qdhifa.",By his wonderful coolness and personal bravery 2nd Lt. Birks kept his men in splendid spirits throughout . He was killed at his post by a shell whilst endeavouring to extricate some of his men who had been buried by a shell .,بفضل برودته الرائعة وشجاعته الشخصية، حافظ الملازم الثاني بيركس على معنويات رجاله عالية طوال الوقت. وقد قُتل في موقعه بقذيفة بينما كان يحاول إنقاذ بعض رجاله الذين دفنتهم قذيفة.,34,GENERATED
data50617,WIKI_D_04271,D,"Zumwalt, L. R., Gethard, P. E., & Anderson, E. E. (1963). Fission @-@ Product Release from 'Single @-@ Crystal' <unk> Particles. Transactions of the American Nuclear Society. 6 (1): 132.","zumwalt, l. r., gethard, p. e., & anderson, e. e. (1963). fission @-@ product release from 'single @-@ crystal' <unk> particles. transactions of the american nuclear society. 6 (1): 132.","Zumwalt , L. R. , Gethard , P. E. , & Anderson , E. E. ( 1963 ) . Fission @-@ Product Release from ' Single @-@ Crystal ' <unk> Particles . Transactions of the American Nuclear Society . 6 ( 1 ) : 132 .","زوموالت، إل. آر.، غيثارد، بي. إي.، وأندرسون، إي. إي. (1963). إطلاق نواتج الانشطار من جسيمات ""بلورية أحادية"". معاملات الجمعية النووية الأمريكية. 6 (1): 132.",30,GENERATED
data50618,WIKI_D_00455,D,"""كاع الأنشطة كانت محلولة قدام العبيد من غير السياسة. حيت السياسة عند الإغريق كانت هي الحاجة الوحيدة اللي تستاهل يديرها المواطن، والباقي كانو كيحاولوا يديوه لناس اللي ماشي مواطنين. المهم هو المكانة، ماشي النشاط.""","ka3 l2نشTA7 kanat ma7lula f9dam l3bid man ghir s-siyassa. 7it s-siyassa 3and l-ighri9 kanat hiya l7aja l-w7ida lli testahal ydirha l-mwatin, w-l-ba9i kanu k7awlu ydyyuh l-nass lli machi mwatinin. l-mohim huwa l-makaana, machi l-2nshAT.","All activities were open to slaves with the exception of politics . For the Greeks , politics was the only activity worthy of a citizen , the rest being relegated wherever possible to non @-@ citizens . It was status that was of importance , not activity .",كانت جميع الأنشطة متاحة للعبيد باستثناء السياسة. بالنسبة للإغريق، كانت السياسة النشاط الوحيد الذي يستحقه المواطن، بينما تم تفويض الباقي، حيثما أمكن، لغير المواطنين. كانت المكانة هي المهمة، وليس النشاط.,34,GENERATED
data50619,DATA_15239,B,تومَاس پي. بيرنز تزاد ف 6 شهر تسعود عام 1864 ف فيلاديلفيا. واليدين ديالو، باتريك و ماري بيرنز، بجوج كانو مهاجرين إيرلنديين.,"Tomas P. Birns tzad f 6 shhar ts3ud 3am 1864 f Filadelfia. Lwalidin dialou, Patrik u Mari Birns, bjouj kanu mhajrin Irlandiyyin.","Thomas P. Burns was born on September 6 , 1864 , in Philadelphia . His parents , Patrick and Mary Burns , were both Irish immigrants .",ولد توماس بي. بيرنز في السادس من سبتمبر عام 1864 في فيلادلفيا. كان والداه، باتريك وماري بيرنز، مهاجرين أيرلنديين.,27,GENERATED
data50620,WIKI_C_01121,C,"غادي غي الركاب فالنسخة ""مطولة"" ديال السيري 200، فيها 123 بوصة (شي 3 د لمترو) زايدة فالفيزيلاج، كتهز تا 139 راكب (فالأصل 99)، و فيها الكاباسيتي ديال ليسانس متوسطة.","ghadi ghi rrkab f-l-version ""mtowla"" dyal siri 200, fiha 123 بوصة (chi 3 dyal l-metro) zayda f-l-fuselage, kat-hzz ta 139 rakab (f-l-asl 99), w fiha l-capacity dyal essence mtwssTta.","Passenger only "" stretched "" version of the 200 series , incorporating 123 inches ( 3 @.@ 1 m ) longer fuselage , capable of carrying up to 139 ( originally 99 ) passengers , medium @-@ fuel capacity .","نسخة ""المطولة"" المخصصة للركاب فقط من السلسلة 200، مع دمج هيكل أطول بـ 123 بوصة (3.1 متر)، وقادرة على حمل ما يصل إلى 139 راكبًا (99 في الأصل)، وذات سعة وقود متوسطة.",29,GENERATED
data50621,WIKI_C_04510,C,فالوقت اللي كانو فيه فأنفيلد، جون هولدينغ قرر يخلص النادي الكرا على حساب الزيادة اللي كتجي من البيوع ديال التذاكر و ماشي كيف كان شحال هادي بواحد الثمن ثابت.,"fwaqt lli kanu f Anfield, John Houlding 9arr ykhlles l-club l-kra 3la 7sab ziada li katji mn l-byu3 dyal t-takaret w maši kif kan ch7al hadi b wa7d taman sabit.","During their spell at Anfield , John Houlding decided to charge the Club rent based on the increase of gate receipts from attendances and not , as was previously the case , at a fixed rate .",خلال فترة وجودهم في الأنفيلد، قرر جون هولدينغ فرض رسوم على النادي مقابل الإيجار بناءً على زيادة إيرادات شباك التذاكر من الحضور، وليس، كما كان الحال سابقًا، بسعر ثابت.,29,GENERATED
data50622,DATA_3663,A,غادي نطلب منهم ليك تانتا,ghadi nTlab mn8om lik tanta,I'll ask them for you too,سأسألهم لك أيضاً,6,PARTIALLY VALIDATED
data50623,DATA_6236,A,مالك على هاد الزربة,malk 3la had zrba,why are you in such a hurry,لماذا أنت في عجلة من أمرك,7,PARTIALLY VALIDATED
data50624,DATA_7481,A,نهار 4 ناتّ ناشقة,nhar 4 natt nach9a,the 4th of month i did house work,في اليوم الرابع من الشهر قمت بأعمال منزلية,8,PARTIALLY VALIDATED
data50625,WIKI_D_07585,D,قليل فين كاينين شي مركبات ديال الرصاص (IV). مركبات الرصاص (IV) اللي ماشي عضوية غالبا كايكونو مؤكسدات قوية ولا كايكونو غير ف محاليل حامضية بزاف. أكسيد الرصاص (II) كا يعطي أكسيد مخلط يلا تزاد تأكسد، Pb₃O₄.,"qlel fin kaynin chi merkbate dyal r'ass (IV). merkbate r'ass (IV) li machi 'orwiyya ghalban kaykonu mu2ssidat qwiya wlla kaykonu ghir f mhalil hamdiyya bezzaf. uksid r'ass (II) ka ya3ti uksid mekhlet ila tzad ta2ksed, Pb3O4.","Few lead ( IV ) compounds are known . Inorganic lead ( IV ) compounds are typically strong oxidants or exist only in highly acidic solutions . Lead ( II ) oxide gives a mixed oxide on further oxidation , Pb",قليلٌ من مركبات الرصاص (IV) معروفة. مركبات الرصاص (IV) غير العضوية عادةً ما تكون عوامل مؤكسدة قوية أو توجد فقط في محاليل حمضية للغاية. أكسيد الرصاص (II) يعطي أكسيدًا مختلطًا عند الأكسدة الإضافية، Pb₃O₄.,36,GENERATED
data50626,WIKI_C_06016,C,فوقاش كانت فترة سينڭوكو، قبيلة نامبو وصلات للقاع ديال الشهرة ديالها تحت الرياسة ديال نامبو هاروماسا. هاروماسا كان ناشط بزاف فالسياسة، وكان كيتراسل مع أودا نوبوناڭا.,"fwa9ash kanet ftrar sen9o, qbila nambo wslet l qa3 dyal chohra dyalha taht riyasa dyal nambo harmasa. harmasa kan nashit bzzaf f siyasa, w kan ytraseel m3a oda nobunaga.","In the Sengoku period , the Nanbu clan reached the zenith of its power under the headship of Nanbu Harumasa . Harumasa was very politically active , and corresponded with Oda Nobunaga .",خلال فترة الدول المتحاربة، بلغت عشيرة نامبو ذروة قوتها تحت قيادة نامبو هاروماسا. كان هاروماسا نشطًا سياسيًا للغاية، وكان يتبادل الرسائل مع أودا نوبوناغا.,26,GENERATED
data50627,WIKI_D_08316,D,فاش شاركات فان روزمالن فبطولة العالم ديال السباحة ديال IPC فمونتريال، كانادا، عام 2013، ربحات ربعة ديال الميداليات البرونزية ف 200 متر متنوع فردي صنف SM13 ديال العيالات، و 100 متر فراشة صنف S13 ديال العيالات، و 100 متر صدر صنف SB13 ديال العيالات، و 100 متر ظهر صنف S13 ديال العيالات.,"fashشارك van roosmalen fbtula l3alam dyal sba7a dyal IPC fmontreal, canada, 3am 2013, rab7at rba3a dyal lmdaliyat lbronziya f 200 metar mtanawi fardiy ssnf SM13 dyal l3ayalat, w 100 metar fraxa ssnf S13 dyal l3ayalat, w 100 metar sder ssnf SB13 dyal l3ayalat, w 100 metar dher ssnf S13 dyal l3ayalat.","Competing at the 2013 IPC Swimming World Championships in Montreal , Canada , Van Roosmalen won four bronze medals in the Women 's 200 m Individual Medley SM13 , Women 's 100m Butterfly S13 , Women 's 100m Breaststroke SB13 and Women 's 100m Backstroke S13 .",في بطولة العالم للألعاب البارالمبية للسباحة عام 2013 في مونتريال، كندا، فازت فان روزمالن بأربع ميداليات برونزية في سباق 200 متر فردي متنوع لفئة SM13 للسيدات، وسباق 100 متر فراشة لفئة S13 للسيدات، وسباق 100 متر صدر لفئة SB13 للسيدات، وسباق 100 متر ظهر لفئة S13 للسيدات.,52,GENERATED
data50628,WIKI_D_09277,D,قناطر كوزواي تقيدو فالسجل المؤقت ديال المواقع التراثية ف غرب أستراليا ف 30 يونيو 1998، و هادشي ولا دائم ف 30 أكتوبر 1998. و تصنفوا تا من طرف National Trust ف 8 يونيو 1998.,"qnatir causeway tqydo f'slgl lmo2qt dyal lmawqe3 ltratya f ghrb australia f 30 yunyu 1998, w hadshi wala d2im f 30 octobr 1998. w tsnafto ta mn taraf National Trust f 8 yunyu 1998.","The Causeway bridges received an interim entry on the Western Australian Register of Heritage Places on 30 June 1998 , and this was made permanent on 30 October 1998 . They were also classified by the National Trust on 8 June 1998 .",تلقت جسور كوزواي إدراجًا مؤقتًا في السجل الغربي الأسترالي للأماكن التراثية في 30 يونيو 1998، وأصبح هذا دائمًا في 30 أكتوبر 1998. كما تم تصنيفها من قبل الصندوق الوطني في 8 يونيو 1998.,34,GENERATED
data50629,DATA_1079,A,مابقيتش شاب كيف كنت شحال هادا,mab9itch chab kif kent ch7al hada,I am not as young as I used to be,لم أعد صغيرًا كما كنت في السابق.,10,PARTIALLY VALIDATED
data50630,DATA_14519,B,نهار 11 ماي 1941، التران نمرة 934 لي سميتو St. Lawrence تضرّر بزاف ف محطة كانون ستريت، لندن، فواحد الغارة ديال الطيارات ديال لوفتڤافه.,"nhar 11 may 1941, ttran nmra 934 li smitu St. Lawrence tddar بزاف f mḥṭṭa Kanon Street, London, f waḥd l-ghāra dyal t-ṭṭayarat dyal Luftwafe.","On 11 May 1941 , locomotive No. 934 St. Lawrence was severely damaged at Cannon Street station , London in a Luftwaffe air raid .",في 11 مايو 1941، تضررت القاطرة رقم 934 سانت لورانس بشدة في محطة كانون ستريت بلندن في غارة جوية لسلاح الجو الألماني (اللوفتفافه).,25,GENERATED
data50631,WIKI_C_07263,C,كان مبرمج تيست ديال العلو طالع و السرعة متوسطة و لكن تقطع. كان غادي يستعمل إف ناين آر فواحد لبلاصة مكرياها سبيس إكس ف سپيسپورت أمريكا فنيو مكسيكو.,kan mbarmej test dyal l3lo tayye7 w ssur3a fostaniya w lakin tqta3. kan ghadi yst3mel F9R f wa7d lblaça makraya SpaceX f Spaceport America f New Mexico.,"high @-@ altitude , mid @-@ velocity testing was planned but discontinued . It would use F9R <unk> ) at a SpaceX leased facility at Spaceport America in New Mexico .",كان مخططاً اختبارات الارتفاع العالي والمتوسط السرعة ولكن تم إيقافها. كان سيتم استخدام محرك F9R في منشأة مستأجرة من قبل سبيس إكس في سبورت أمريكا بنيو مكسيكو.,28,GENERATED
data50632,WIKI_C_11515,C,كاينين شي كلوبات ديال الرياضة ديال الخواص ف Hale Barns فيهم فين تلعب التينيس، البولينغ و الكورة. هادشي فيه الدار ديال الكريكيت ديال Hale Barns.,"kaynin chi klubat dyal rriyada dyal lkhawass f Hale Barns fimn tel3eb t-tennis, l-bowling w l-kora. hadchi fih d-dar dyal l-cricket dyal Hale Barns.","There are a number of private sports clubs within the Hale Barns providing facilities for tennis , bowling and football . This includes the home of Hale Barns Cricket Club .",توجد عدة نوادٍ رياضية خاصة داخل قرية هيل بارنز توفر مرافق للتنس والبولينج وكرة القدم. ويشمل ذلك مقر نادي هيل بارنز للكريكيت.,25,GENERATED
data50633,WIKI_C_01595,C,وزايدون على هادشي، دارو واحد تفاعل ديال الماغنيزيوم والهالوجين فبانيو واحد وزيدو عليه شي تخربيق من بعد، بينو بيه باللي هاد الويينريب نام أميد راه ثابت، وعطاو طريقة ساهلة باش نصاوبو الأريل كيتونات.,"w zaydin 3la hadchi, daro wa7d tafaa3ol dyal lmaghizium w lhalujin f baniw wa7d w zid 3lih chi takhrib9 men ba3d, bayno bih bli had l weynreb nahm amide rah thabit, w 3taw tari9a sahla bach nsaweb l aryl ketounat.","Additionally , a one @-@ pot magnesium – halogen exchange with subsequent <unk> has been developed , showcasing the stability of the Weinreb – Nahm amide and providing an operationally simple method for the synthesis of aryl ketones .",بالإضافة إلى ذلك ، تم تطوير تفاعل تبادل المغنيسيوم – هالوجين في وعاء واحد متبوعًا بـ <unk> ، مما يوضح استقرار أميد واينريب – نام ويوفر طريقة بسيطة تشغيليًا لتخليق الكيتونات الأريلية.,33,GENERATED
data50634,DATA_7626,A,سڭار هوما ليديري فيهوم,sgar homa lidiri fihom,small one are the perfect ones,الصغيرة هي المثالية,6,PARTIALLY VALIDATED
data50635,DATA_0111,A,واش نقدّم لمقال على أنّه واقعي ولّا ناخد وجهة نضر سياسية?,wach n9ddem lma9al 3la annaho waa9i3i olla nakhod wij8at naDar siyasia?,Do I present the essay as factual or do I take a political view point?,هل أقدم المقال كحقائق واقعية أم أتخذ وجهة نظر سياسية؟,15,PARTIALLY VALIDATED
data50636,DATA_15211,B,"في بريطانيا، كيستعملو مصطلح ""السكة الحديدية عالية السرعة"" على السكك اللي كيكونوا مطورين و كتوصل السرعة ديال القطار فيها حتى لـ 201 كيلومتر في الساعة.","Fi britanya, kist3mlu mustalah ""ssikka lhadidiya 3aliya ssor3a"" 3la ssikak lli kikunu mtowwrin u katwsal ssor3a dyal lqitar fiha htta lـ 201 kilomitr fi ssa3a.","In the United Kingdom , the term higher @-@ speed rail is used for upgraded tracks with train speeds up to 125 mph ( 201 km / h )",في المملكة المتحدة، يُستخدم مصطلح السكك الحديدية عالية السرعة للمسارات المحدثة التي تصل سرعة القطارات فيها إلى 125 ميلًا في الساعة (201 كم/ساعة).,29,GENERATED
data50637,DATA_19769,B,كلينتون عيّن جوج قضاة في المحكمة العليا: روث بادر غينسبورغ في 1993 و ستيفن براير في 1994.,clinton عيّن jooj qdat f l-m7kma l-ʹlya: ruth bader ginsburg f 1993 w stephen breyer f 1994.,Clinton appointed two justices to the Supreme Court : Ruth Bader Ginsburg in 1993 and Stephen Breyer in 1994 .,عيّن كلينتون قاضيين في المحكمة العليا: روث بادر غينسبورغ عام 1993 وستيفن براير عام 1994.,20,GENERATED
data50638,WIKI_C_03181,C,فالرواية الأصلية ديال رومان غاري، هادشي ماكانش هو اللي تعاود – الكلب بدا كيهاجم البيض حيت واحد الكحل حاقد من العنصرية ديال البيض عاود ليه التربية باش يدير هاكا بالنية.,"falriwaya l2asliya dyal roman ghari, hadchi makanch howa lli t3awd - lkelb bda kihaajm lbayD 7it wa7d lke7el 7a9d men l3ensariya dyal lbayD 3awd lih trbya bach ydir haka b-niya.","In the original Romain Gary novel , this was not the story that was told — the dog started to attack white people because a black man embittered by white racism deliberately retrained him to do so .",في الرواية الأصلية لـ رومان غاري، لم تكن هذه هي القصة التي رُويت - بدأ الكلب في مهاجمة البيض لأن رجلاً أسودًا استاء من العنصرية البيضاء أعاد تدريبه عمدًا للقيام بذلك.,30,GENERATED
data50639,WIKI_D_06014,D,اليوم، قصر فراملينغهام معلم تاريخي مصنف و درجة أولى، مملوك لـ English Heritage و تيدار كمزار سياحي، و فيه متحف لانمان ديال التاريخ المحلي. البحيرة ديال القصر مملوكة لكلية فراملينغهام و تديرها مؤسسة سوفولك للحياة البرية.,"lyom, qasr framlingham ma3lam tarikhi mosanaf w daraja oula, mamluka l english heritage w tidar k mazzar siyahi, w fih mat7af lanman dyal tarikh l ma7ali. lb7ira dyal l qasr mamluka l kulliyat framlingham w tidarha mo2assast suffolk lil 7ayat lbarriya.","Today , Framlingham Castle is a scheduled monument and a grade I listed building , owned by English Heritage and run as a tourist attraction , incorporating the Lanman Museum of local history . The castle mere is owned by Framlingham College and run by the Suffolk Wildlife Trust .",اليوم، قلعة فراملينغهام هي نصب تذكاري مسجل ومبنى مدرج من الدرجة الأولى، مملوكة لـ English Heritage وتُدار كمعلم سياحي، وتضم متحف لانمان للتاريخ المحلي. بحيرة القلعة مملوكة لكلية فراملينغهام وتديرها هيئة سوفولك للحياة البرية.,36,GENERATED
data50640,DATA_4508,A,بغيت نمشي لحمام,bghit nmchi l7mmam,I want to go to the hammam,أودّ ارتياد الحَمّام.,7,PARTIALLY VALIDATED
data50641,DATA_9663,A,كون غير قدرت نستوعب دروس دغيا,koun ghir 9dert n stow3eb doross dghia,if only i understood my lessons,ليتني فهمت دروسي,6,PARTIALLY VALIDATED
data50642,WIKI_C_06526,C,إيلا كانت الحركة ديال الجسيم الأول كتنتج بفعل قوة مركزية F1 (r)، راه بينو مهومد و فاودا بلي الحركة ديال الجسيم الثاني تقدر تنتج بفعل القوة التالية,"ila kant l7erka dyal ljsim l'awel katnetj bfe3l qowa merkazia F1(r), rah bayno mohamed w fawda bli l7erka dyal ljsim t-tani t9der netj bfe3l lqowa ttalia","If the motion of the first particle is produced by a central force F1 ( r ) , Mahomed and Vawda showed that the motion of the second particle can be produced by the following force",إذا كانت حركة الجسيم الأول ناتجة عن قوة مركزية F1 (r)، فقد أظهر محمد وفودة أن حركة الجسيم الثاني يمكن أن تنتج عن طريق القوة التالية,27,GENERATED
data50643,WIKI_C_10082,C,ر. ر. بوهور روبيل، 1842: كيتعرف تا ب بوخور القصب الحبشي. كاينة ف جنوب غرب و غرب و وسط إثيوبيا، و النيل الزرق (السودان).,"r. r. bohor rüppell, 1842: kitychref ta b bokhor lqseb l7ebchi. kayna f janub ghrb w ghrb w wast ethiopia, w nill azreq (lsudan).","R. r. bohor Rüppell , 1842 : Also known as the Abyssinian bohor reedbuck . It occurs in southwestern , western and central Ethiopia , and Blue Nile ( Sudan ) .",ر. ر. بوهور روبيل، 1842: يُعرف أيضًا باسم ظبي القصب الحبشي. يوجد في جنوب غرب وغرب ووسط إثيوبيا، والنيل الأزرق (السودان).,24,GENERATED
data50644,DATA_1416,A,كاينا شي كلمة فهاد البيت؟,kayna chi klima fhad lbit?,Is there air conditioning in the room?,هل يوجد مكيف هواء في الغرفة؟,7,PARTIALLY VALIDATED
data50645,DATA_23512,B,ويل جون، لي عندو 75 عام و هو الجد ديالو، ولا أكبر لاعب دار جوج ضربات كاملين متابعين فالبولينغ نهار 31 غشت 2010.,"ويل جون, li 3endo 75 3am w howa l-jadd dyalo, wlla akbar la3b dar juj darbat kamlin mtatab3in f l-bowling nhar 31 ghusht 2010.","75 @-@ year @-@ old Will June , his grandfather , became the oldest player to bowl consecutive perfect games on August 31 , 2010 .",أصبح ويل جوني ، البالغ من العمر 75 عامًا ، جده ، أكبر لاعب يرمي مباراتين مثاليتين متتاليتين في 31 أغسطس 2010.,26,GENERATED
data50646,WIKI_D_03979,D,مول الشو مايك سكالي كان قترح فكرة على دان غريني على مارج لي غاتجبر بارت باش يولي صاحب رالف ويغوم. سكالي عطى الفكرة لغريني حيت كيعرف يكتب الهضرة والتصرفات ديال رالف مزيان، و حيت كيعجبو الشخصية بزاف.,"mol chou mike scally kan kta7 fkra 3la dan greaney 3la marge li ghatchber bart bach yuli sa7eb ralf wiggum. scally 3ta lfkra lgreaney 7it kay3ref yekteb lhda w tserafat dial ralf mzyan, w 7it kay3jbo شخصیت بزاف.","Show runner Mike Scully had pitched an idea to Dan Greaney on Marge forcing Bart to become Ralph Wiggum 's friend . Scully gave the idea to Greaney due to his ability to write Ralph 's lines and actions well , and his overall liking of the character .",اقترح مدير الإنتاج مايك سكالي فكرة على دان غريني حول إجبار مارج لبارت ليصبح صديقًا لرالف ويغام. أعطى سكالي الفكرة لغريني بسبب قدرته على كتابة أقوال رالف وأفعاله بشكل جيد، وبسبب إعجابه العام بالشخصية.,37,GENERATED
data50647,WIKI_C_02084,C,"تبلرمان تقارن بشعرا و موسيقيين مختلفين بحال شكسبير و بيتهوفن. آس كليفيلاند كاتقول باللي تسمّا ""موزار ديال الشعر السويدي، و هوڭارث""، مع الملاحظة باللي","tbeldman tqarn bchiara w msiqiyin mokhtalifin b7al chekspir w baytovn. ase klevaland katqul bli tsamma ""mozar dyal shi3r soydi, w hogarth"", m3a lmola7ada bli","Bellman has been compared with poets and musicians as diverse as Shakespeare and Beethoven . Åse Kleveland notes that he has been called "" Swedish poetry 's Mozart , and Hogarth "" , observing that","لقد قورن بلمان بشعراء وموسيقيين متنوعين مثل شكسبير وبيتهوفن. وتلاحظ آس كليفلاند أنه وُصف بأنه ""موزارت الشعر السويدي، وهوغارث""، مشيرةً إلى أن",24,GENERATED
data50648,WIKI_C_09427,C,حتى لشهر 8 ف 2011، كانو مكلفين بلمشروع ترانسبورت إنيشياتيفز إدنبرة، واحد الشركة ديال الكونسيل ديال مدينة إدنبرة نيشان، اللي كانو مسؤولين على أنهم يديورو الكونستروكسيون ديال الترامواي.,"7ata l shahr 8 f 2011, kanu mkallfin b l mechrou3 Transport Initiatives Edinburgh, wa7d sh-sharika dyal l council dyal mdint Edinburgh nishan, lli kanu ms2ulin 3la annahum ydiru l construction dyal t-tramway.","Until August 2011 , the project was overseen by Transport Initiatives Edinburgh ( TIE ) , a company wholly owned by the City of Edinburgh Council , who were responsible for project @-@ managing the construction of the tramway .",حتى أغسطس 2011، أشرفت شركة مبادرات النقل في إدنبرة (TIE) على المشروع، وهي شركة مملوكة بالكامل لمجلس مدينة إدنبرة، والذين كانوا مسؤولين عن إدارة بناء الترام.,28,GENERATED
data50649,WIKI_C_06036,C,رايس تعاون مع الجمهورية إيمي ستيفنز باش يمولّو قانون كيسمح لأسواق الصحة الصغيرة و الفردية يعرضو برامج تحفيزية مقابل تخفيض على أقساط التأمين.,rays t3awn m3a ljumhuryya amy stephens bash ymowlu qanun kism7 l'aswaq sSihha sSghira w l'fardiya y3arḍu baramij t7fiziyya muqabil t5fid 3la aqsaṭ t'amin.,Rice partnered with Republican Amy Stephens in sponsoring a bill to allow small @-@ group and individual health @-@ care markets to offer wellness incentive programs in exchange for a discount on insurance premiums .,تعاون رايس مع الجمهورية إيمي ستيفنز في رعاية مشروع قانون يسمح لأسواق الرعاية الصحية الجماعية والفردية الصغيرة بتقديم برامج حوافز صحية مقابل خصم على أقساط التأمين.,23,GENERATED
data50650,WIKI_D_07415,D,كاينة كثرة ديال لبلايص فين مدفونين ناس ديال لعصر الحديدي ف هيرتفوردشاير، و هادشي مخليها بلاصة مهمة بزاف عالميا ف دراسة ديال لعصر الحديدي. لكثرة ديال هاد لبلايص ب أنواعهم كتبين بلي كانت سكنة كثيفة و معقدة بزاف قبل ما يدخل الرومان.,"kayna ktra dyal lbwayes fin madfonin nas dyal l'asr lhdidi f hertfordshire, w hadchi mkhliha blasa mmahima bzaf 'alamiyan f drasat dyal l'asr lhdidi. lktra dyal had lbwayes b anwahom katbin bli kanat skana ktifa w m'aqqda bzaf qbl ma ydkhol romane.","There is a wealth of Iron Age burial sites in Hertfordshire , making it a place of international importance in Iron Age study . The large number of sites of all types indicates dense and complex settlement patterns immediately prior to the Roman invasion .",توجد ثروة من مواقع الدفن في العصر الحديدي في هيرتفوردشاير ، مما يجعلها مكانًا ذا أهمية دولية في دراسة العصر الحديدي. يشير العدد الكبير من المواقع بجميع أنواعها إلى أنماط استيطان كثيفة ومعقدة مباشرة قبل الغزو الروماني.,42,GENERATED
data50651,WIKI_C_09089,C,"فرقة الروك البديل ميريكانية لوكال إتش سجلات كوڤر ديال أغنية ""تيم"" ف إلكتريكال أوديو ف شيكاڭو، إيلينويز. النسخة ديال لوكال إتش خرجات سينگل ف 21 أبريل 2014.","fer9at lrock lbdil merikanya local h سجلات cover dyal aghniya ""team"" f electrical audio f chicago, illinois. l'virsion dyal local h kharjat single f 21 avril 2014.","American alternative rock band Local H recorded a cover version of "" Team "" at Electrical Audio in Chicago , Illinois . The Local H version was released as a single on 21 April 2014 .","سجلت فرقة الروك البديل الأمريكية لوكال إتش نسخة غلاف لأغنية ""تيم"" في إلكتريكال أوديو بشيكاغو، إلينوي. صدرت نسخة لوكال إتش كوحداني في 21 أبريل 2014.",27,GENERATED
data50652,WIKI_D_04284,D,مارݣريت تشين (تزادت ف 26 ماي 1954) هي عضوة ديال المجلس فالدائرة اللولة ديال مجلس مدينة نيويورك. وهي ديموقراطية، و هي و بيتر كو، العضو ديال المجلس ديال كوينز، كيشكلو الوفد الآسيوي الأمريكي ديال مجلس المدينة.,"margret chin (tazdat f 26 may 1954) hiya 3owda dyal lmajlis f daira loola dyal majlis mdint new york. w hiya damuqratya, w hiya w peter koo, l3w dyal lmajlis dyal queens, kayshaklo lwifd lasiwi l'amriki dyal majlis mdina.","Margaret Chin ( born May 26 , 1954 ) is the Council member for the 1st District of the New York City Council . A Democrat , she and Queens Council member Peter Koo comprise the Asian American delegation of the city council .",مارغريت تشين (مواليد 26 مايو 1954) هي عضو المجلس عن الدائرة الأولى في مجلس مدينة نيويورك. كديمقراطية، هي وبيتر كو، عضو المجلس عن كوينز، يشكلان الوفد الأمريكي الآسيوي لمجلس المدينة.,36,GENERATED
data50653,DATA_7774,A,ياك قل عادي يجيو,yak 4al 4adi yjiw,its true they will come,حقًا سيأتون,5,PARTIALLY VALIDATED
data50654,WIKI_D_01821,D,واحد اللوحة على النحاس اللي تحت الشكل لقدام كاتݣول باللي هاداك تمثال ضخم كيمثل الحرية، مصمم من طرف بارتولدي ومصاوب من طرف الشركة الباريسية ديال ݣاجي، ݣوتييه إي سي (سي إي هي الاختصار الفرنسي بحال شركة ).,"wa7ed llo7a 3la nni7as lli ta7t shkel lqdam kat9ol bli hadak timthal dkhom kiyamttal l7oriya, msammem mn tarf bartoldi w msawwob mn tarf sharikat lbarisiya dyal 3aji, 3otyeh i si (si i hiya lkhtissar lfaransi b7al sharika).","A plaque on the copper just under the figure in front declares that it is a colossal statue representing Liberty , designed by Bartholdi and built by the Paris firm of Gaget , Gauthier et Cie ( Cie is the French abbreviation analogous to Co . ) .","لوحة على النحاس أسفل التمثال في المقدمة تعلن أنه تمثال ضخم يمثل الحرية، صممه بارتولدي وبنته شركة باريسية باسم ""جاجي، غوتييه وشركاه"" ( ""شركاه"" اختصار فرنسي يعادل ""Co."").",37,GENERATED
data50655,DATA_12379,A,عمرك جربتي دير هاد الحركة بزيدك,3emrek jerebti dir had l7araka b2idek,Have you tried to make this gesture with your hands,هل حاولت أن تقوم بهذه الإيماءة بيديك؟,10,PARTIALLY VALIDATED
data50656,WIKI_D_09186,D,"كيفما تفصل فالدكومونطير ديال المؤثرات الخاصة فديڤيدي ديال فيلم سوبرمان: الفيلم، ""السحر اللي مور الرداء""، اللي قدمو المشرف على المؤثرات البصرية روي فيلد، في الأخير، استعملو ثلاثة ديال التقنيات باش يحققو مؤثرات الطيران.","kima tafassal f'dcomontaire dyal l'mou2atirate lkhassa f'dvd dyal film superman: film, ""s7ar li mor l'rida"", li qeddmo lmeshref 3la l'mou2atirate lbassariya roy field, f'lakhir, stamllo talat dyal ta9niyate bach yhqqo l'mou2atirate dyal tiran.","As detailed in the Superman : The Movie DVD special effects documentary ' The Magic Behind The Cape ' , presented by optical effects supervisor Roy Field , in the end , three techniques were used to achieve the flying effects .","كما تم تفصيله في الفيلم الوثائقي الخاص بالمؤثرات الخاصة على قرص DVD لفيلم سوبرمان: الفيلم، ""السحر وراء الرداء""، والذي قدمه المشرف على المؤثرات البصرية روي فيلد، فقد تم استخدام ثلاث تقنيات في النهاية لتحقيق مؤثرات الطيران.",33,GENERATED
data50657,DATA_2176,A,واش إمكان ليا نكري بيت أولا نريزيرفي شي بار؟,wach imkan liya nkri bit ola n reservi chi bar?,can I rent a room or book a bar?,هل يمكنني استئجار غرفة أو حجز حانة؟,9,PARTIALLY VALIDATED
data50658,DATA_10038,A,كان كيسحاب ليا غادي يتلع من لاسنسور,kan kis7ab liya ghadi ytlle3 men lasensour,i thought that he will elevate,اعتقدت أنه سيرتقي,6,PARTIALLY VALIDATED
data50659,WIKI_C_06140,C,في فم بنادم لي فيه كرون يقدر ينوض ليه التقرح و النفاخ و شي شكيلات خرين ديال المشاكل ديال الفم و الوجه، بحال التقرحات لي كتعاود، اللسان الجغرافي، و التهاب الفم المهاجر كثر من الناس العاديين.,"f lfam dyal lbnadam li fih kron y9dar ynooD lih ta9aro7 w nffa5 w chi chi7kilaat 5orin dyal lmacha7kil dyal lfam w lwjeh, b7al ta9aro7at li kata3awd, llsan l جغرافي, w tlhib lfam lmohajer ktr mn nnas l3adiyin.","In the oral cavity people with Crohn 's may develop <unk> <unk> and other forms of orofacial <unk> , <unk> <unk> , recurrent aphthous stomatitis , geographic tongue , and migratory stomatitis in higher prevalence than the general population .",في التجويف الفموي، قد يصاب الأشخاص المصابون بمرض كرون بقرح وتقرحات وأشكال أخرى من الاضطرابات الفموية الوجهية، والتهابات الفم المتكررة، ولسان جغرافي، والتهاب الفم المهاجر، بنسبة انتشار أعلى من السكان عمومًا.,36,GENERATED
data50660,DATA_9070,A,أنا غادي ن قاد ليك هاد اللبسة,ana ghadi n 9aad lik had lebssa,i will make you an outfit,سأفصل لك ثوباً,6,PARTIALLY VALIDATED
data50661,WIKI_D_01724,D,لميني سيري هذي خرجات أول مرة في دي في دي ريجون 1 من سي بي إس تلفزيون نهار 15 فبراير 2005. و نهار 13 فبراير 2007، ليونز غايت إنترتينمنت خرجاتها مع واحد لميني سيري أخرى ديال لكوارث سميتها 10 @.@ 5، بحال جوج أفلام مجموعين.,"lmini siri hadhi khrejat awl marra f dvd region 1 mn cbs television nhar 15 fevrier 2005. w nhar 13 fevrier 2007, lions gate entertainment khrejat-ha m3a wa7d lmini siri okhra dyal lkwarith sma-ha 10 @.@ 5, 7al joj aflam majmou3in.","The miniseries was first released to Region 1 DVD by CBS Television on February 15 , 2005 . On February 13 , 2007 , Lions Gate Entertainment released it , together with fellow disaster miniseries 10 @.@ 5 , as a two feature set .","صدرت السلسلة المصغرة لأول مرة على أقراص DVD للمنطقة 1 من قِبل سي بي إس تيليفيجن في 15 فبراير 2005. وفي 13 فبراير 2007، أصدرتها شركة ليونز غيت إنترتينمنت، جنبًا إلى جنب مع السلسلة المصغرة الأخرى حول الكوارث ""10 @.@ 5""، كمجموعة فيلمين.",45,GENERATED
data50662,WIKI_D_07199,D,الدورة د إنيكو ديال 2015 كانت واحد السباق ديال stages ف طريق ديال البيكالا اللي داز ف هولندا و بلجيكا ما بين 10 و 16 غشت 2015. كانت النسخة 11 ديال سباق stages ديال إنيكو و كانت السباق رقم 21 ديال 2015 UCI World Tour.,doura d eneco dyal 2015 kant wa7d sbé9 dyal stages f tri9 dyal lbikla lli daz f hollanda w beljika main 10 w 16 aghocht 2015. kant naskha 11 dyal sbé9 stages dyal eneco w kant sbé9 raqm 21 dyal 2015 UCI World Tour.,The 2015 Eneco Tour was a road cycling stage race that took place in the Netherlands and Belgium between 10 and 16 August 2015 . It was the 11th edition of the Eneco Tour stage race and was the twenty @-@ first race of the 2015 UCI World Tour .,كان سباق إنيكو تور 2015 سباق مراحل لسباق الدراجات على الطرق أقيم في هولندا وبلجيكا بين 10 و 16 أغسطس 2015. كانت النسخة الحادية عشرة من سباق مراحل إنيكو تور، وكانت السباق الحادي والعشرين من جولة الاتحاد الدولي للدراجات 2015.,45,GENERATED
data50663,WIKI_C_00060,C,ف 1910، الفرانسيسكان عطاو التسيير ديال الباريش ل Diocese of Omaha. و ف شهر عشرة ديال داك العام، إدوارد س. مينيك ولا أول قسيس تابع للديوسيز ف كنيسة سانت ليونارد.,"f 1910, l-fransiskan 3taw t-tasiir dyal l-barish l Diocese of Omaha. w f shher 3shra dyal dak l3am, Edward S. Muenich walla awwal qsis تابع l-dioseez f kaniiset St. Leonard.","In 1910 , the Franciscans turned the management of the parish over to the Diocese of Omaha . In October of that year , Edward S. Muenich became the first diocesan pastor of St. Leonard 's .",في عام 1910، سلم الفرنسيسكان إدارة الأبرشية إلى أبرشية أوماها. وفي أكتوبر من ذلك العام، أصبح إدوارد إس. مونش أول راعي أبرشي لكاتدرائية سانت ليونارد.,30,GENERATED
data50664,WIKI_D_07322,D,غياب نتوءات الريش ماشي بالضرورة كا يعني بلي شي ديناصور ما كانش عندو الريش. ولكن لڭينا نتوءات الريش عند الفيلوسيرابتور كا يعني باللي كان عندو الريش بالضرورة. هادي حاجة شحال هادي و حنا شاكين فيها ولكن حتى واحد ما قدر يثبتها.,ghiyab ntu2at er-rich machi bddarura ka ya3ni bli shi dinasor ma kanch 3ndo er-rich. walakin lqina ntu2at er-rich 3nd el-velociraptor ka ya3ni bli kan 3ndo er-rich bddarura. hadi haja shhal hadi w 7na shakin fiha walakin 7ta wa7d ma qdar ytbtha.,"A lack of quill knobs does not necessarily mean that a dinosaur did not have feathers . Finding quill knobs on Velociraptor , though , means that it definitely had feathers . This is something we 'd long suspected , but no one had been able to prove .",إن غياب بروزات الريش لا يعني بالضرورة أن الديناصور لم يكن لديه ريش. العثور على بروزات الريش في الفيلوسيرابتور، مع ذلك، يعني أنه بالتأكيد كان لديه ريش. هذا شيء كنا نشك فيه منذ فترة طويلة، لكن لم يتمكن أحد من إثباته.,41,GENERATED
data50665,DATA_14937,B,"نيويورك تايمز كتبات في 1910 باللي الكتاب ""كيتعتابر من بين السير الذاتية العظيمة بالصح – أو غايكون كان الموضوع ديالو عنده أهمية ذاتية كثر"".","new york times ketbat f 1910 balli l-ktab ""kit3tabar men bin s-siyar d-datiyya l3dima b-ssah – u ghaykun kan l-mudu3 dyalu 3ndo ahammiyya datiyya kter"".","The New York Times wrote in 1910 that the book "" ranks among the really great biographies – or would were its subject of more intrinsic importance "" :","كتبت صحيفة نيويورك تايمز في عام 1910 أن الكتاب ""يحتل مكانة بين السير الذاتية العظيمة حقًا - أو كان سيكون كذلك لو كان موضوعه ذا أهمية جوهرية أكبر"" :",29,GENERATED
data50666,DATA_17550,B,المدينة مكلفة بالصرف الصحي ديال الما دالروبيني للسكان وكتصيفطو لمحطات التصفية التابعة لمنطقة Hampton Roads.,lmdina mkalfa bsserf ssi7i dyal lma droubini lssokkan w ktsifto lma7att ttasfiya ttabia لمنطقة Hampton Roads.,The city provides wastewater services for residents and transports wastewater to the regional Hampton Roads Sanitation District treatment plants .,توفر المدينة خدمات الصرف الصحي للمقيمين وتنقل مياه الصرف الصحي إلى محطات معالجة منطقة هامبتون رودز الصحية الإقليمية.,20,GENERATED
data50667,WIKI_C_00669,C,مينوي كانت خت موسيقى من نفس لمّا و تولدات ف 1812. ربحات أوكس ديال 1815، يوليو ستيكس و شي سباقات خرين و خرجات شي ربايح فالدّرة، ولكن السلالة ديالها ما دْوامتش.,"minuwit kanet kht musiqah mn nafs l-mma w twaldat f 1812. rba7at oaks dyal 1815, yulyu stiks w shi sbayaq khryn w khrejat shi rebaye7 f-d-dra, walakin s-slalah dyalha ma dawamtsh.","Minuet was a full @-@ sister of Music and was foaled in 1812 . She won the 1815 Oaks , July Stakes and several sweepstakes and produced several winners at stud , but her line did not endure .",كانت مينويت شقيقة كاملة لميوزيك، وُلدت عام 1812. فازت بسباق أوكس عام 1815، وسباق يوليو ستيكس، والعديد من سباقات الرهان، وأنجبت العديد من الخيول الرابحة في التربية، لكن سلالتها لم تستمر.,31,GENERATED
data50668,WIKI_D_00948,D,لعناصر ديال المجموعة 12 كانت موجودة عبر التاريخ، و كانو كيتستعملو من شحال هادي من العصور القديمة حتى تكتشفو فالمختبرات. المجموعة نفسها ما خداتش شي سمية دارجة، ولكن كانت كتسمى المجموعة IIB شحال هادي.,"lcnasir dyal lmojmou3a 12 kanou mawjoudin 3abr ttarikh, w kanou kiyist3mlo men ch7al hadi men l3osour l9dima 7ta tktachfo f lmkhtabarat. lmojmou3a nafsaha ma khedatch chi smya darja, walakin kant katsamma lmojmou3a IIB ch7al hadi.","The elements of group 12 have been found throughout history , being used since ancient times to being discovered in laboratories . The group itself has not acquired a trivial name , but it has been called group IIB in the past .",لقد وُجدت عناصر المجموعة 12 عبر التاريخ، واستُخدمت منذ العصور القديمة حتى اكتشافها في المختبرات. لم تحصل المجموعة نفسها على اسم شائع، ولكنها كانت تسمى المجموعة IIB في الماضي.,34,GENERATED
data50669,DATA_10159,A,كان كيسحاب ليا غادي ينتج شوية ديال الزيت لعود هاد العام,kan kis7ab liya ghadi yntej chwiya dial zit l3oud had l3am,i thought that  he will produce olive oil,ظننت أنه سينتج زيت الزيتون,8,PARTIALLY VALIDATED
data50670,DATA_0868,A,واش نتا متأكد?,wach nta mt2ekked?,Are you sure about that?,هل أنت متأكد من ذلك؟,5,PARTIALLY VALIDATED
data50671,WIKI_D_02026,D,الطريقة باش هوبكنز قسم الغنايم تنتاقدات، و حيت ما تبعش الأوامر باش يدور على شاطئ فيرجينيا، الكونݣرس القاري وبّخو. من بعد بزاف ديال الغلطات و الاتهامات، هوبكنز تفرض عليه يخرج من البحرية عام 1778.,"tari9a bish hopkins 9asm lghnmaym tant9dat, w 7it ma tbe3ch l2awamir bish ydor 3la shat2 virjinia, lkongres l9ari wbekh. men ba3d bzaf dyal lghlatat w l9abilat, hopkins tfareD 3lih ykhrej men lb7riya 3am 1778.","The manner by which Hopkins distributed the spoils was criticized , and his failure to follow his orders to patrol the Virginia shore resulted in censure by the Continental Congress . After a series of further missteps and accusations , Hopkins was forced out of the navy in 1778 .",انتقدت الطريقة التي وزع بها هوبكنز الغنائم، وأدى عدم امتثاله لأوامره بالقيام بدوريات على شاطئ فيرجينيا إلى لوم الكونغرس القاري. وبعد سلسلة من الأخطاء والاتهامات الأخرى، أُجبر هوبكنز على ترك البحرية في عام 1778.,34,GENERATED
data50672,DATA_16421,B,فواحد الروبرطاج مع ITV London فدجنبر 2015، قال ليفيسك باللي هو مساند ديال الفرقة ديال كرة القدم الإنجليزية ويست هام يونايتد.,"f wa7ed rrobortaj m3a ITV London f dujanbir 2015, qal livesk balli huwa msanid dyal lfirqa dyal kora lqadam l'ingliziya wist ham yunayitid.","During an interview with ITV London in December 2015 , Levesque said that he is a supporter of the English football team West Ham United FC .",خلال مقابلة مع تلفزيون آي تي في لندن في ديسمبر 2015، قال ليفيسك إنه من مشجعي فريق كرة القدم الإنجليزي وست هام يونايتد.,27,GENERATED
data50673,WIKI_D_00877,D,السلسلة اللولة ما كاتبيّنش التوسع ديال الاتحاد الأوروبي: قبرص ماكايناش مرسومة في هاد الأوراق حيت الخريطة ماكاتوصّلش بعيد كفاية للشرق؛ مالطا تا هي غايبة حيت ماكاتوافقش الحجم الأدنى ديال السلسلة اللولة باش تّرسّم.,salsla lwla ma katbaynch twssa dyal l'ittihad l'oropi: qobros makaynach marsouma f had l'awraq hit l'kharita makatwslch b3id kifaya lchareq; malta ta hi ghayba hit makatwaffqch lhjm l'adna dyal salsla lwla bach trssm.,The first series issues do not reflect the expansion of the European Union : Cyprus is not depicted on those notes as the map does not extend far enough east ; Malta is also missing as it does not meet the first series ' minimum size for depiction .,لا تعكس الإصدارات الأولى من السلسلة توسع الاتحاد الأوروبي: قبرص غير مصورة على تلك الأوراق حيث أن الخريطة لا تمتد بعيدًا بما فيه الكفاية شرقًا؛ مالطا غائبة أيضًا لأنها لا تلبي الحد الأدنى للحجم المطلوب للتصوير في السلسلة الأولى.,33,GENERATED
data50674,DATA_24374,B,الأولى لتيموثاوس: 1: 1 – 3: 9؛ 5: 20 @-@ حتى اللخر.,lwla l timutawus: 1: 1 – 3: 9; 5: 20 @-@ hta llekher.,First Epistle to Timothy : 1 : 1 – 3 : 9 ; 5 : 20 @-@ fin . ;,رسالة تيموثاوس الأولى ١: ١ – ٣: ٩؛ ٥: ٢٠ – نهاية.,20,GENERATED
data50675,DATA_6110,A,بغيتي غرفة مزدوجة؟,bghiti ghorfa mozdawaja?,do you wish to have a twin room?,هل ترغب في غرفة مزدوجة؟,8,PARTIALLY VALIDATED
data50676,DATA_5524,A,ماتحطوش فوق البيرو,mat7eTTouch fo9 lburou,Don't put it on the desk,لا تضعها على المكتب,6,PARTIALLY VALIDATED
data50677,WIKI_D_00526,D,بلگراد معروفة بالليل ديالها اللي عامر بالنشاط؛ كاينين بزاف ديال الكلوبات محلولين حتى الفجر فجميع أنحاء المدينة. وأكثر حاجة معروفة فالليل ديال بلغراد هما المراكب/البارجات اللي منتشرين على طول ضفاف نهر سافا والدانوب.,blghrad ma3roufa blil dyalha lli 3amer bnshat; kaynin bezaf dyal lklubat mahulin hatta lfsr fjami3 anha2 lmdina. wakter haja ma3roufa flil dyal blghrad homa lmarakib/lbarjat lli montachrin 3la twl difaf nhar sava wldanub.,"Belgrade has a reputation for offering a vibrant nightlife ; many clubs that are open until dawn can be found throughout the city . The most recognizable nightlife features of Belgrade are the barges ( <unk> ) , spread along the banks of the Sava and Danube Rivers .",تشتهر بلغراد بحياتها الليلية النابضة بالحياة؛ ويمكن العثور على العديد من النوادي المفتوحة حتى الفجر في جميع أنحاء المدينة. وأبرز ما يميز الحياة الليلية في بلغراد هي الأكشاك العائمة (العوامات)، المنتشرة على طول ضفاف نهري سافا والدانوب.,33,GENERATED
data50678,DATA_16936,B,Pa @-@ Pa @-@ Pa @-@ Pa @-@ بارتي من جيم جونستون (WWE; 2005-2006),Party men Jim Johnston (WWE; 2005-2006),""" Pa @-@ Pa @-@ Pa @-@ Pa @-@ Party "" by Jim Johnston ( WWE ; 2005 – 2006 )","""با @-@ با @-@ با @-@ با @-@ بارتي"" لجيم جونسون (دبليو دبليو إي؛ 2005 – 2006)",21,GENERATED
data50679,DATA_19630,B,لفيلم الرابع من سلسلة أفلام بورن، بورن ليجاسي، خرج فـ 2012. لا ديمون ولا جرينجراس كانو فيه.,"lfilm rab3 mn silsilat aflam bourne, bourne legacy, khraj f 2012. la damon wla greengrass kano fih.","The fourth film of the Bourne franchise , The Bourne Legacy was released in 2012 . Neither Damon nor Greengrass was involved .","صدر فيلم ""إرث بورن""، الفيلم الرابع في سلسلة بورن، عام 2012. ولم يشارك فيه لا ديمون ولا غرينغراس.",23,GENERATED
data50680,WIKI_D_05235,D,الشخص اللي لقاو الحكم ، و رجال الدين اللي حضروا ، حطّو راسهوم فوق منصة الإعدام مع السجين . المزمار عزف المزمور الرابع داير بمنصة الإعدام ، و موراها الوزير دعا مع السجين حتى تلقى الضربة القاضية .,"chakhsse li lqaw l7okm, w rjal din li 7adro, 7atto rasshom fawq mansat l3dam m3a ssin. lmezmar 3azaf lmezmor rab3 dayer bmansat l3dam, w moraha lwezir d3a m3a ssin 7ta t9la d9a l9adiya.","The persons who had found the verdict , and the attending clergymen , placed themselves on the scaffold with the prisoner . The fourth psalm was then played round the scaffold on the bagpipes , after which the minister prayed with the prisoner till he received the final stroke .",والمُحَلِّفُون الذين أصدروا الحكم، ورجال الدين الحاضرون، وضعوا أنفسهم على منصة الإعدام مع السجين. ثم عزفت المزامير ترتيلة المزمور الرابع حول المنصة، وبعد ذلك صلى الوزير مع السجين حتى تلقى الضربة الأخيرة.,38,GENERATED
data50681,WIKI_D_10545,D,رئيس ديال المجلس الأوروبي كيتّخب من طرف المجلس الأوروبي بالأغلبية المؤهلة لواحد المدة ديال عامين ونص قابلة للتجديد مرة وحدة. الرئيس خاصّو يقدم تقرير للبرلمان الأوروبي من بعد كل اجتماع ديال المجلس الأوروبي.,ra2is dyal l-majlis l-orobi kayt7eb men tref l-majlis l-orobi b-l-aghlabiya l-moa77ada l-wa7d l-mda dyal 3amtn w nuss qabla latdjid marra w7da. ra2is khassto yqddm ta9rir l-l-barlaman l-orobi men ba3d kol ijtima3 dyal l-majlis l-orobi.,The President of the European Council is elected by the European Council by a qualified majority for a once @-@ renewable term of two and a half years . The President must report to the European Parliament after each European Council meeting .,يُنتخب رئيس المجلس الأوروبي من قبل المجلس الأوروبي بأغلبية مؤهلة لفترة قابلة للتجديد مدتها سنتان ونصف. ويجب على الرئيس أن يقدم تقريرًا إلى البرلمان الأوروبي بعد كل اجتماع للمجلس الأوروبي.,33,GENERATED
data50682,WIKI_C_05700,C,الشكاية ديال FTC كانت مقررة تدار ليها محاكمة فالمحكمة الفيدرالية فميريكان في شهر واحد عام الفين و تمنية، و لكن قبل المحاكمة، المتهمين فضلوا يتصالحوا برا المحكمة مع FTC.,"chkaya dyal FTC kant mo9rra tdar liha mohakma f lma7kama l federala f merikan f chhar wa7ed 3am l2008, walakin 9bel lmohakma, lmtahmin fddlo ytsale7o bra lma7kama m3a FTC.","The FTC complaint was scheduled to be tried in United States District Court in January 2008 , but before trial , the defendants chose to settle out of court with both the FTC .",كان من المقرر محاكمة شكوى لجنة التجارة الفيدرالية في محكمة مقاطعة الولايات المتحدة في يناير 2008، ولكن قبل المحاكمة، اختار المدعى عليهم التسوية خارج المحكمة مع كل من لجنة التجارة الفيدرالية.,29,GENERATED
data50683,WIKI_D_01714,D,في شهر ستة ديال 2014، كلارك غريݣ قال باللي كان كايظن باللي السيزون غادي تدوز ف دقة وحدة ديال 10 الحلقات، و من بعد يقطعو ل Agent Carter، عاد يرجعو يدوزو 12 حلقة اللي بقاو. و ملّي كان كايشرح هاد القرار، بيل قال،,"f shahr stta dyal 2014, klark gregg qal blli kan kaydunn blli s-sizuun ghadi tdduz f dqa wa7da dyal 10 l-halaqat, w men ba3d yqaT3u l Agent Carter, 3ad yrj3u yduzuz 12 halaqa lli bqaw. w mlli kan kaychra7 had l-qrar, bell qal,","In June 2014 , Clark Gregg stated he believed the season would be shown in a block of 10 episodes , then breaking for Agent Carter , before airing the remaining 12 . Explaining this decision , Bell said ,","في يونيو 2014، صرح كلارك غريغ بأنه يعتقد أن الموسم سيعرض في دفعة من 10 حلقات، ثم يتوقف لـ ""Agent Carter""، قبل بث الحلقات الـ 12 المتبقية. شارحًا هذا القرار، قال بيل:",43,GENERATED
data50684,DATA_4616,A,مرحبا، تختيط الهاد الحفلة غادي يكون ممتع,"marhba, takhTiT lhad l7afla ghadi ikon momti3","Hi, planning this party will be fun",مرحباً، سيكون التخطيط لهذا الحفل ممتعاً,7,PARTIALLY VALIDATED
data50685,WIKI_D_00541,D,اللعبه تقبلات عليها الآراء مخلطة فاش خرجات. النسخة ديال البلاي ستيشن 3 عندها معدل ديال 74% ف ميتاكريتيك، و النسخة ديال البيسي عندها 69%، بينما النسخة ديال الاكس بوكس 360 عندها 67%.,"l3ba ta9abalt 3liha lara2 mkhlta fash khrajat. lonskha dyal playstation 3 3ndha mo3addal dyal 74% f metacritic, w lonskha dyal pc 3ndha 69%, bntma lonskha dyal xbox 360 3ndha 67%.","The game received mixed reviews upon release . The PlayStation 3 version holds an aggregate score 74 % from Metacritic , the PC version hold scores of 69 % , whereas the Xbox 360 version hold a score of 67 % .",حظيت اللعبة باستقبال مختلط عند صدورها. تحتل نسخة بلاي ستيشن 3 معدل 74% من ميتاكريتيك، ونسخة الحاسوب الشخصي تحصل على 69%، بينما تحصل نسخة إكس بوكس 360 على 67%.,32,GENERATED
data50686,WIKI_D_00739,D,القتل ديال جان ديگز و ولادها الربعة اللي وقع ف دجنبر 1975 باقي ما تحلش. البوليس قالو ف 1977 باللي ما قدروش يعرفو شكون اللي دار هاد الجريمة مورا عامين و الاف السوايع ديال التحقيق.,lqtel dyal jean diggs w wladha rreba3a lli wqa3 f dnjmber 1975 baqi ma t7llsh. lboulais qalo f 1977 blli ma qdroush y3rfo shkun lli dar had lgrimma mora 3amin w llaf sswai3 dyal tthqi9.,The December 1975 murder of Jean Diggs and her four children has never been solved . Police reported in 1977 that they had been unable to identify a perpetrator after two years and thousands of hours spent investigating the crime .,لم يتم حل جريمة قتل جان ديغز وأطفالها الأربعة التي وقعت في ديسمبر 1975. أفادت الشرطة في عام 1977 بأنها لم تتمكن من تحديد هوية مرتكب الجريمة بعد عامين وآلاف الساعات التي قضتها في التحقيق في الجريمة.,35,GENERATED
data50687,WIKI_C_03478,C,التوقعات ديال النشاط ديال الأعاصير كيخرجو قبل كل موسم ديال الأعاصير من عند الخبراء المعروفين في الأعاصير فيليب ج. كلوتسباخ، الدكتور ويليام م. جراي، والزملاء ديالهم في جامعة ولاية كولورادو؛ وبشكل منفصل من عند المتنبئين ديال NOAA.,"ltowqo3at dyal lنشاط dyal l3asa2ir kherjo qbel kol mawsim dyal l3asa2ir men 3end lkhobara2 lma3rofin f l3asa2ir philip j. klotzbach, doctor william m. gray, w lazmaya2 dyalhom f jam3a dyal wilayet colorado; w bshkel menfsel men 3end lmtnbi2in dyal NOAA.","Forecasts of hurricane activity are issued before each hurricane season by noted hurricane experts Philip J. Klotzbach , Dr. William M. Gray , and their associates at Colorado State University ; and separately by NOAA forecasters .",تُصدر توقعات النشاط الإعصاري قبل كل موسم أعاصير من قبل خبراء الأعاصير البارزين فيليب ج. كلوتسباخ، والدكتور ويليام إم. جراي، وزملاؤهم في جامعة ولاية كولورادو؛ وبشكل منفصل من قبل المتنبئين في الإدارة الوطنية للمحيطات والغلاف الجوي.,37,GENERATED
data50688,WIKI_D_09455,D,"شارا نوڤا، لي هي المغنية ديال ماي برايتيست دايموند، واللي كانت دارت تعاون مع ستيفنز ك مغنية مساعدة ف الألبومات ذ أڤالانش و إلينوي، عندها أداء منفرد فالتراك ""إمبوسيبل سول""، و كدير غنا مساند فالألبوم كامل.","shara nova, li hi l-mghniya dyal my brightest diamond, w-lli kanet darat ta3awon m3a stevens k mghniya mosa3ida f l-albums the avalanche w illinois, 3andha ada2 monfarid f-ttrack ""impossible soul"", w kdir ghena mosa7ed f-l-album kamel.","My Brightest Diamond frontwoman Shara Nova — who previously collaborated with Stevens as a backing vocalist on the albums The Avalanche and Illinois — has a solo performance on the track "" Impossible Soul "" , and provides backing vocals throughout the album .","تؤدي شارا نوفا، المغنية الرئيسية لفرقة ماي برايتيست دايموند، والتي سبق لها أن تعاونت مع ستيفنز كمغنية مساندة في ألبومي ""ذا أفالانش"" و ""إلينوي""، أداءً منفردًا في أغنية ""إمبوسيبل سول""، وتوفر غناءً مساندًا طوال الألبوم.",36,GENERATED
data50689,WIKI_D_00028,D,التحسينات على التشخيص ديال تخثر الجيوب الوريدية الدماغية فالحياة دارو مع التقديم ديال تصوير الأوردة ف 1951، الشي اللي عاون حتى فالتفريق بين ارتفاع الضغط داخل الجمجمة مجهول السبب، اللي عندو علامات وأعراض مشابهة فبزاف ديال الحالات.,"t7sinat 3la tdishis dyal t5tr jyoub waridiyya dmaghiyya f l7ayat daru m3a t2dim dyal tswir l-wridat f 1951, shi lli 3awun 7ta f tfrî9 bin rtifa3 d-dghT d5l l-jmujm m jhul sbab, lli 3ndu 3alamat w a3rad mshabiha f bzaf dyal l7alat.","Improvements on the diagnosis of cerebral venous sinus thrombosis in life were made with the introduction of venography in 1951 , which also aided in the distinction from idiopathic intracranial hypertension , which has similar presenting signs and symptoms in many cases .",أُجريت تحسينات على تشخيص الانسداد الوريدي الجيبي الدماغي في الحياة مع إدخال تصوير الأوردة عام 1951، والذي ساعد أيضًا في التمييز بينه وبين ارتفاع الضغط داخل القحف مجهول السبب، والذي له علامات وأعراض متشابهة في العديد من الحالات.,37,GENERATED
data50690,WIKI_C_01815,C,فوقاش كان كيقرا الحقوق، والديه تطلقو. بقى كيهضر مع باه غي شوية، و لكن بقى قريب بزاف لمو حتى ماتت ف 1988.,"fawqash kan kiyqra l7o9o9, walidih tetla9o. b9a kiyhder m3a bah ghi chwiya, w lakin b9a9rib bzaf lmo hatta matet f 1988.","During his law school years , his parents separated . Falk maintained minimal contact with his father , but remained very close with his mother until her death in 1988 .",خلال سنوات دراسته للقانون، انفصل والداه. حافظ فالك على الحد الأدنى من التواصل مع والده، لكنه ظل قريبًا جدًا من والدته حتى وفاتها في عام 1988.,22,GENERATED
data50691,WIKI_D_08102,D,ف 1998 الجامعة أسسات مركز عائلة هاريس للإعاقة وسياسة الصحة. المركز كيدافع على الحاجيات الصحية ديال الناس اللي عندهم إعاقة وكايقدم استشارات وتكوينات للمنظمات والشركات والسبيطارات باش يعاونهم يلبّيو الحاجيات ديال الناس المعاقين.,f 1998 l-jami3a assaset markaz 3a2ilat Harris lil-i3aqa w-siyasat s-se77a. l-markaz kaydefa3 3la l-7a2e2at s-se77iya dyal n-nas li 3ndhom i3aqa w-kayqaddem istisharat w-takwinat lil-munaẓẓamat w-sh-sharikat w-s-sbitarat bach y3awnom ylbbu l-7a2e2at dyal n-nas l-m3aqin.,"In 1998 , the university established the Harris Family Center for Disability and Health Policy . The Center advocates for the health needs of individuals with disabilities and provides consultation and training to organizations , companies , and hospitals to help them meet the needs of disabled individuals .",في عام 1998، أنشأت الجامعة مركز عائلة هاريس للإعاقة وسياسة الصحة. يدافع المركز عن الاحتياجات الصحية للأشخاص ذوي الإعاقة ويقدم الاستشارات والتدريب للمنظمات والشركات والمستشفيات لمساعدتها على تلبية احتياجات الأشخاص ذوي الإعاقة.,33,GENERATED
data50692,DATA_7279,A,كيفاش ديما كتفرحني ملي كانكون عيانة؟,kifach dima katfere7ni mli kankoun 3yana ?,how do you always know how to lift my spirits when i'm feeling low?,كيف تعرف دائمًا كيف ترفع معنوياتي عندما أشعر بالإحباط؟,14,PARTIALLY VALIDATED
data50693,WIKI_D_06476,D,ملّي الدين كيولي مصطنع، الفن خاصو يعتقو. الفن يقدر يوري باللي الرموز اللي الديانات باغيينا نتيقو باللي صحاح حرفيا، هوما في الحقيقة رمزيين. الفن يقدر يصوّر هاد الرموز بشكل مثالي، و هاكا يكشف الحقائق العميقة اللي فيهم.,"mlli ddin kaywli msta9e3, lfn khasou y3e9o. lfn qder yweri bli lrmooz lli dyanat baghiina nti9o bli s7a7 7erfyan, homa f l7eqi9a rmzayan. lfn qder ysawwer had lrmooz bchekel mitalya, w haka ykchef l7a2e9 l3ee9a lli fihom.","When religion becomes artificial , art has a duty to rescue it . Art can show that the symbols which religions would have us believe literally true are actually figurative . Art can idealize those symbols , and so reveal the profound truths they contain .",عندما يصبح الدين مصطنعًا، فالفن واجب عليه إنقاذه. يمكن للفن أن يُظهر أن الرموز التي ترغب الأديان في أن نؤمن بأنها صحيحة حرفيًا هي في الواقع مجازية. يمكن للفن أن يجسد هذه الرموز بشكل مثالي، وبالتالي يكشف عن الحقائق العميقة التي تحتويها.,37,GENERATED
data50694,DATA_7219,A,تقدر تعاوني باش نلقى القياس فهاد الحوايج؟,t9der t3aweni bach nl9a l9yass fhad l7wayj ?,could you assist me with finding the right size in this clothing item?,هل يمكنك مساعدتي في إيجاد المقاس المناسب لهذا الغرض من الملابس؟,13,PARTIALLY VALIDATED
data50695,WIKI_D_10089,D,"من بعد، كانت ف علاقة مع الممثل مارك أدامز، ودوزات بزاف ديال سنينها اللخرة فواحد الدار ديال البحر فواحد لبلاصة كانت منعزلة ف ""ذا باينز"" ف فاير آيلاند، نيويورك.","mn ba3d, kanet f 3ala9a m3 l ممثل Marc Adams, w dozat bzaf dyal sninha l5ra f wa7d dar dyal lb7r f wa7d lbblasa kanet m3zola f ""The Pines"" f Fire Island, New York.","Later in life , she was in a relationship with actor Marc Adams , and spent many of her final years at a beach house in what was then an isolated section of The Pines on Fire Island , New York .",لاحقًا في حياتها، كانت في علاقة مع الممثل مارك آدامز، وقضت سنواتها الأخيرة في منزل شاطئي في ما كان آنذاك قسمًا معزولًا من ذا باينز في فاير آيلاند، نيويورك.,29,GENERATED
data50696,WIKI_D_05586,D,شخصيات وحدوخرين ديال هاد الشخصية اللي تقتبسوهم فوسائل الإعلام الأخرى كاين منهم باربرا غوردن كبيرة فالعمر، اللي دارت صوتها ستوكارد تشانينغ وأنجي هارمون فـ Batman Beyond ديال 1999، واللي من بعد ما تقاعدت من باتجيرل، ولات مفوضة ديال البوليس فمدينة غوثام.,"chkhaSYat w7dookhrin dyal had chkhasya li t9btesohom f ws222il l23lam l2okhra kayn mnhom barbara gordon kbira f l3mr, li dart Sothha stockard channing w angi harmon f batman beyond dyal 1999, w li mn ba3d ma t9a3adt mn batgirl, walat mofawda dyal lbolis fmdint gotham.","Other variations of the character that have been adapted into other media include an elderly Barbara Gordon , voiced by Stockard Channing and Angie Harmon in 1999 's Batman Beyond , who after retiring as Batgirl , became commissioner of Gotham City police .","تشمل التنويعات الأخرى للشخصية التي تم تكييفها في وسائط أخرى باربرا غوردن المسنة، والتي قامت بأداء صوتها ستوكارد تشانينغ وأنجي هارمون في فيلم ""باتمان بيوند"" عام 1999، والتي بعد اعتزالها دور باتجيرل، أصبحت مفوضة شرطة مدينة غوثام.",41,GENERATED
data50697,WIKI_D_03287,D,فمسيرتو، تريسي بان ف 75 فيلم و بنا سمعة بين صحابو كواحد من أحسن الممثلين فالتاريخ ديال السينما. ف 1999، المعهد الأمركاني للفيلم صنّف تريسي هو النجم رقم 9 من بين أحسن نجوم الرجال ديال السينما الكلاسيكية ف هوليود.,"fmsirto, tracy ban f 75 film w bna sm3a bin s7abo k wa7d men a7sen l ممثلين f tarikh dyal cinema. f 1999, lma3had l'amérikan dyal film ssnf tracy howa n najm raqm 9 men bin a7sen nujum rjal dyal cinema lclassiqia f hollywood.","During his career , Tracy appeared in 75 films and developed a reputation among his peers as one of the screen 's greatest actors . In 1999 the American Film Institute ranked Tracy as the 9th greatest male star of Classic Hollywood Cinema .",خلال مسيرته المهنية، شارك تريسي في 75 فيلمًا واكتسب سمعة بين أقرانه كواحد من أعظم ممثلي الشاشة. في عام 1999، صنف معهد الفيلم الأمريكي تريسي تاسع أعظم نجم ذكر في السينما الكلاسيكية الهوليوودية.,39,GENERATED
data50698,DATA_8272,A,راه غا بغا يضحك معاك,rah gha bgha yd7ek m3ak,he is just kidding with you,هو يمازحك فقط,6,PARTIALLY VALIDATED
data50699,DATA_2895,A,غادي ناخد قرعة ديال الماء فبلاصتها,ghadi nakhod 9ar3a dyal lma fblast8a,I'll have a bottle of water instead then,سآخذ زجاجة ماء بدلاً من ذلك حينها,8,PARTIALLY VALIDATED
data50700,WIKI_C_11806,C,"المحطة كاينة فالحلقة ديال ""عش الدبابير"" من سلسلة Poirot ديال أجاثا كريستي مع ديفيد سوشي بدور هيركيول بوارو، و كاتبَان كيما محطة ""ماربل هيل"".","el me7ta kayna fel 7alqa dyal ""3esh eddebaber"" men selsel Poirot dyal Agatha Christie m3a David Suchet bdooor Hercule Poirot, w ketban kima me7att ""Marble Hill"".","The station building appears as "" Marble Hill "" tube station in the episode "" Wasps ' Nest "" of the Agatha Christie 's Poirot TV series with David Suchet as Hercule Poirot .","يظهر مبنى المحطة كمحطة مترو ""ماربل هيل"" في حلقة ""عش الدبابير"" من مسلسل ""أجاثا كريستي بوارو"" التلفزيوني مع ديفيد سوتشيه في دور هيركيول بوارو.",24,GENERATED
data50701,DATA_8934,A,أنا غادي نجمع ليك لمشتركين لقانات,ana ghadi njme3 lik lmochtarikin l9anat,i will calculate the subscribers,سأقوم بحساب المشتركين,5,PARTIALLY VALIDATED
data50702,DATA_24152,B,وستن هي آخر محطة في مسيرة كرنفال ويست كاونتري اللي كتكون في شهر نونبر، واللي كيدوز فيها بزاف ديال العوامات مزينة ومضوية في الشوارع.,"weston hiya akher m7etta fi massira carnaval west country lli katkoun fi chhar november, o lli kaydouz fiha bzzaf dial l3awwamat mzeyna o mdwya f chwari3.","Weston is also the final event on the November West Country Carnival circuit , when a large number of brightly illuminated floats parade through the streets .",ويستون هو أيضاً الحدث الختامي في جولة كرنفالات ويست كنتري في نوفمبر، عندما تسير قافلة كبيرة من العوامات المضاءة بشكل ساطع عبر الشوارع.,27,GENERATED
data50703,DATA_13053,B,"السرعة القصوى: 220 ميل في الساعة (354 كيلومتر في الساعة؛ 191 عقدة) على ارتفاع 10,000 قدم (3,000 متر).","As-sor'a al-quswa: 220 mayl fi sa'a (354 kilomitr fi sa'a; 191 'uqda) 'ala irtifa' 10,000 qadam (3,000 metr).","Maximum speed : 220 mph ( 354 km / h ; 191 kn ) at 10 @,@ 000 feet ( 3 @,@ 000 m )",أقصى سرعة: 220 ميل في الساعة (354 كم/ساعة؛ 191 عقدة) عند 10000 قدم (3000 متر),25,GENERATED
data50704,WIKI_D_05075,D,الأركيا كايعاودو تدوير العناصر بحال الكاربون، الآزوت والكبريت فمختلف البيئات ديالهوم. واخا هاد الأنشطة مهمة بزاف باش النظام البيئي يخدم نورمال، الأركيا حتى هما يقدرو يساهمو فالتبديلات اللي دارها الإنسان، وحتى يسببو التلوث.,"larkiya kay3awdu tdwir l9alam ydir b7al lkarbon, lazut w lkibrit fmdint lbi2at dyalo m. wakha had l2نشi7a mhinna bzaf bach lni7am lbi2i ykhdm normal, larkiya 7ta homa yqdro ysa7mu ftbidlat li darha l2insan, w 7ta ysbbu ltlnwth.","Archaea recycle elements such as carbon , nitrogen and sulfur through their various habitats . Although these activities are vital for normal ecosystem function , archaea can also contribute to human @-@ made changes , and even cause pollution .",تعيد العتائق تدوير عناصر مثل الكربون والنيتروجين والكبريت عبر مواطنها المختلفة. وعلى الرغم من أن هذه الأنشطة حيوية لوظيفة النظام البيئي الطبيعية، إلا أن العتائق يمكن أن تساهم أيضًا في التغييرات التي صنعها الإنسان، بل وتتسبب في التلوث.,33,GENERATED
data50705,WIKI_C_09416,C,مارشال، بيتر. معاودة تعريف الإصلاح الديني الإنجليزي، مجلة الدراسات البريطانية، يوليوز 2009، المجلد 48 العدد 3 الصفحات 564-586.,"marshal, peter. ""(wawdedh) ta3dif lislah dini l-inglisi"", majallat ddiraissat l-britaniyya, yulyuz 2009, l-mojallad 48 l-3adad 3 ssaf7at 564-586.","Marshall , Peter . "" ( Re ) defining the English Reformation , "" Journal of British Studies , July 2009 , Vol . 48 # 3 pp 564 – 586","مارشال، بيتر. ""(إعادة) تعريف الإصلاح الإنجليزي""، مجلة الدراسات البريطانية، يوليو 2009، المجلد 48، العدد 3، الصفحات 564 – 586.",18,GENERATED
data50706,WIKI_D_09326,D,تلاقاو موراها فالفينال ديال رولان غاروس 2011، أول ماتش ديالهم فݣراند سلام من مور الفينال ديال أستراليا 2009. واخا كانت ماتش صعيبة، نادال عاود غلب فيدرر بربعة د السيطات باش ربح التيتخ العاشرة ديالو ف ݣراند سلام والسادسة ديالو ف رولان غاروس.,"tlaqaw moraha falfinal dyal rollan garos 2011, awel match dyalhom f grand slam min mor alfinal dyal australiya 2009. wakha kant match صعيبة, nadal 3awd ghalb federer brb3a d sitat bach rbe7 titlx l3achra dyalo f grand slam w lsada dyalo f rollan garos.","They then met in the finals of the 2011 French Open , their first Grand Slam meeting since the 2009 Australian Open final . Although it was a competitive match , Nadal again defeated Federer in four sets to win his tenth Major title and sixth French Open crown .",ثم التقيا في نهائيات بطولة فرنسا المفتوحة 2011، وهي أول مواجهة بينهما في إحدى البطولات الكبرى منذ نهائي بطولة أستراليا المفتوحة 2009. ورغم أنها كانت مباراة تنافسية، إلا أن نادال هزم فيدرر مرة أخرى في أربع مجموعات ليفوز بلقبه الكبير العاشر ولقبه السادس في بطولة فرنسا المفتوحة.,42,GENERATED
data50707,WIKI_C_04098,C,فرقة بريطانيا دخلات بتلاتة ديال الرياضيين للمنافسة ديال الطايكواندو فبكين. سارة ستيفنسون ربحات أول ميدالية لفرقة بريطانيا فالطايكواندو فالألعاب الأولمبية، برونزية فالفئة ديال السيدات +67 كيلو.,"faraq briTania daxlat b talat dyal r-riyadiyin l-munaafasa dyal t-taekwondo f-Bikin. Sara Stevenson rabHat awl midaliya li-faraq briTania f-t-taekwondo f-l-'ab albumbiya, bronziya f-l-fii'a dyal s-saydat +67 kilo.",Team GB entered three athletes into the taekwondo competition in Beijing . Sarah Stevenson won Team GB 's first ever medal in Olympic taekwondo – a bronze in the women 's + 67 kg .,دخل فريق بريطانيا العظمى بثلاثة رياضيين في مسابقة التايكواندو في بكين. فازت سارة ستيفنسون بأول ميدالية لبريطانيا العظمى على الإطلاق في رياضة التايكواندو الأولمبية - وهي ميدالية برونزية في وزن +67 كجم للسيدات.,26,GENERATED
data50708,DATA_0940,A,الطلبة فالغالب كاينعسو إذن شي حاجا لي غادي تجبد الانتباه ديالهوم هيا لي خاصةنا.,Talaba flghalib kayn3so idan chi 7aja li ghadi tjbed lntibah dialhom hia li khaSSana.,Often students fall asleep so something to grab their attention might be just the thing,غالبًا ما ينام الطلاب، لذا قد يكون شيء لجذب انتباههم هو الحل الأمثل.,15,PARTIALLY VALIDATED
data50709,DATA_7403,A,ناسّ كيڭولو عليه واعر,nass kigoulou 3lih wa3er,it's been getting rave reviews,لقد تلقى إشادات واسعة,5,PARTIALLY VALIDATED
data50710,DATA_6235,A,هادا أحسن عصير دقت في حياتي,hada a7ssn 3assir d9t f 7yati,this is the best juice i've had so far,هذا أفضل عصير تناولته حتى الآن,9,PARTIALLY VALIDATED
data50711,DATA_19474,B,الدنستر، اللي كاينة في ناشيونال بارك ديال إكسمور، فيها بزاف ديال البني مسجل، منهم 200 ديال الكراد 2، و جوج ديال الكراد 1، و جوج ديال الكراد 2 نجمة.,"ddenster, lli kayna f national park dyal Exmoor, fiha bzzaf dyal lbni msjjel, mnhom 200 dyal lgrad 2, o joj dyal lgrad 1, o joj dyal lgrad 2 nejma.","Dunster , in Exmoor National Park , has many listed buildings including 200 Grade II , two Grade I and two Grade II * .",يحتوي دنستر، الواقعة في متنزه إكسمور الوطني، على العديد من المباني المسجلة، بما في ذلك 200 مبنى من الدرجة الثانية، واثنين من الدرجة الأولى، واثنين من الدرجة الثانية *.,25,GENERATED
data50712,WIKI_D_02548,D,شنو اللي سبّب الكون يتشكّل؟ واش الفرضية ديال الكون المضبوط مزيان صحيحة؟ و إلا كانت صحيحة، واش هادشي يقدر يكون نتيجة ديال الانتقاء الطبيعي الكوني؟ شنو اللي سبّب التضخم الكوني اللي أنتج الكون المتجانس ديالنا؟ علاش كاين عدم التماثل الباريوني؟,"shno lli sb'b lkon ytechkel? wach lfrdya dyal lkon lmdboot mzyan s7i7a? w ila kanet s7i7a, wach hadshi yqder ykun ntyja dyal linti2a 7tbi3i lkoni? shno lli sb'b tto7om lkoni lli ntejj lkon lmtjanes dyalna? 3lash kayen 3adam tmtalo lbarioni?","What caused the Universe to form ? Is the premise of the Fine @-@ tuned universe hypothesis correct ? If so , could this be the result of cosmological natural selection ? What caused the cosmic inflation that produced our homogeneous universe ? Why is there a baryon asymmetry ?",ما الذي تسبب في تشكل الكون؟ وهل فرضية الكون المضبوط صحيحة؟ إذا كان الأمر كذلك، فهل يمكن أن يكون ذلك نتيجة الانتخاب الطبيعي الكوني؟ ما الذي تسبب في التضخم الكوني الذي أنتج كوننا المتجانس؟ لماذا يوجد عدم تناظر باريوني؟,40,GENERATED
data50713,DATA_6402,A,زدت سيتو لكتاب,zedt sitou lktab,i added his name to the book,أضفت اسمه إلى الكتاب,7,PARTIALLY VALIDATED
data50714,WIKI_C_04725,C,ف 1982 خرج واحد لكوليكسيون ديال شي تسجيلات خايبة و شي بروفات ديال واحد الوقيتة بين 1972 و 1975 (ف اللول غير ف كاسيط) سميتها Time Vaults. هادو ماشي تسجيلات ديال ستوديو مزيانين.,f 1982 kherj wa7d lakoliksiyon dyal shi tsjilat khayba w shi provat dyal wa7d lwoqita bin 1972 w 1975 (f loul ghir f kassit) smiytiha Time Vaults. Hado machi tsjilat dyal studio mzianin.,"In 1982 a collection of out @-@ takes and rehearsal recordings from the 1972 – 1975 hiatus was released ( initially on cassette only ) , called Time Vaults . These are not studio @-@ quality recordings .","في عام 1982، صدرت مجموعة من التسجيلات غير الرسمية وتسجيلات التدريبات من فترة الانقطاع بين عامي 1972 و 1975 (في البداية على شريط كاسيت فقط)، باسم ""Time Vaults"". هذه ليست تسجيلات بجودة الاستوديو.",33,GENERATED
data50715,WIKI_D_07234,D,"البيانو ديال ""Grotrian Steinweg"" المودرن قال لاري فاين ف2011 باللي هوما من ""أعلى جودة""، بحال اللي مصاوبين ف هامبورغ بحال <unk> و <unk> و <unk>؛ جودة طالعة على اللي تصاوب فنيويورك <unk>.","lbiyano dyal ""Grotrian Steinweg"" lmodern qal Larry Fine f2011 bli homa men ""aala jawda"", b7al lli mesawbin f Hamburg b7al <unk> w <unk> w <unk>; jawda tal3a 3la lli tsawwob f New York <unk>.","Modern Grotrian @-@ Steinweg pianos were said by Larry Fine in 2011 to be among the "" highest quality "" , on par with Hamburg @-@ built <unk> , <unk> and <unk> ; higher quality than New York @-@ built <unk> .","قيل إن بيانو ""غروتريان شتاينفايغ"" الحديث كان من ""أعلى جودة""، حسب قول لاري فاين في عام 2011، وهو على قدم المساواة مع ما هو مصنوع في هامبورغ، مثل <unk> و <unk> و <unk>؛ وجودة أعلى من ما هو مصنوع في نيويورك <unk>.",32,GENERATED
data50716,WIKI_D_03765,D,ويلسون تزادت ف بويز، إيداهو. كتقول باللي فاش كانت كبر، كانت حشمانة بزاف وهي صغيرة. ويلسون لقات بلاصتها ف بزاف ديال الأنشطة فالمدرسة، بحال التشجيع، الرقص، وكانت منافسة بزاف ف ألعاب القوى.,"wilson tzadit f boiz, idaho. ktaqul belli fash kanat tkber, kanat hachmana bezzaf hiya sghira. wilson qat plastha f bezzaf dyal l-نشاطات f lmadrassa, bhal chja3, dans, wkanat mnafsia bezzaf f al3ab lqwa.","Wilson was born in Boise , Idaho . She claims that while growing up she was painfully shy as a child . Wilson found her niche in many school activities , including cheerleading , dance , and was very competitive in track and field .",ولدت ويلسون في بويز، أيداهو. تدعي أنه أثناء نشأتها كانت خجولة للغاية في طفولتها. وجدت ويلسون مكانها في العديد من الأنشطة المدرسية، بما في ذلك التشجيع والرقص، وكانت تنافسية للغاية في ألعاب القوى.,32,GENERATED
data50717,DATA_9540,A,كون غير قدرت ن دعاف,koun ghir 9dert n d3af,if only i lost weight,ليتني خسرت وزناً,5,PARTIALLY VALIDATED
data50718,WIKI_D_04831,D,"..., التعليم العمومي, مثال على شغف سارمينتو بتحسين التعليم. سارمينتو ركز على الأمية عند الشباب, واقترح تبسيط القراءة والكتابة لنظام التعليم العمومي, واحد الطريقة اللي عمرها ما تطبقات.","<unk> , ttlam lyame, mesal 3ala shaghaf sarmiento b تحسين ttlam. sarmiento rkiz 3la omya dyal shabab, w اقتراح taslil qraya w ktba li system ttlam lyame, wa7d triqa li 3omrha ma tatbi9at.","<unk> , Instrucción Publica , an example of Sarmiento 's passion for improved education . Sarmiento focused on illiteracy of the youth , and suggested simplifying reading and spelling for the public education system , a method which was never implemented .",<unk> ، التعليم العام، مثال على شغف سارمينتو بالتعليم المحسن. ركز سارمينتو على أمية الشباب، واقترح تبسيط القراءة والإملاء لنظام التعليم العام، وهي طريقة لم تُنفذ قط.,28,GENERATED
data50719,DATA_0514,A,دوك الجوج سيّاح نڭالزا?,dok jjoj soyya7 ngalza?,The couple of British tourists?,زوج السياح البريطانيين؟,5,PARTIALLY VALIDATED
data50720,DATA_21788,B,قال بلي إلى قبلوا الألمان باللي قالو لبارتيزان، بالخصوص فحق الجرحى و اللي تشدو، البارتيزان غادي يديرو نفس الشيء.,"gal belli ila qeblou l'alman blli galou l'bartizan, belkhosous fe hq ljerha ou lli tchedou, l'bartizan ghadi ydiro nefs shshi.","said that if the Germans accepted the Partisan proposal , especially in regard to the wounded and captured , the Partisans would reciprocate ;",قال إنه إذا قبل الألمان اقتراح الفدائيين، خاصة فيما يتعلق بالجرحى والأسرى، فسوف يبادر الفدائيون بالمقابل؛,24,GENERATED
data50721,WIKI_C_00031,C,ف2014 و 2015، الجماعة اليهودية ديال زغرب قدمو شي مخططات جداد لواحد المركز يهودي متعدد الأغراض وكنيس ف زنقة پراشكا فيه 10 على 600 مترو مربع ( 114 على 000 قدم مربع).,"f 2014 w 2015, ljama3a liyhudiya dyal zagreb qeddmu chi mkhattat jdad l wa7d lmarkaz lihudi mte3edd l aghrad w knis f zenqa praxka fih 10 600 m2 (114 000 sq ft) multi purpose.","In 2014 and 2015 , the Jewish Community of Zagreb presented new plans for a 10 @,@ 600 m2 ( 114 @,@ 000 sq ft ) multi @-@ purpose Jewish center and synagogue in Praška Street .","في عامي 2014 و 2015، قدمت الطائفة اليهودية في زغرب خططًا جديدة لمركز يهودي متعدد الأغراض وكنيس بمساحة 10,600 متر مربع (114,000 قدم مربع) في شارع براشكا.",32,GENERATED
data50722,DATA_13158,B,وزيادة على هادشي، الظاهر باللي كانو شي مشاكل كبيرة ف الشخصية، اللي وصلات ڭو @-@ طوبة باش يكتب مرة، من بعد ما مدح الشعر ديال تيكا، باللي:,"w zayada 3la hadshi, d-daher blli kanu shi mashaakil kbira f shakhsiya, li wsslatt ڭo @-@ toba bash ykteb mrra, mn b3d ma md7 sh-sh3r dyal tika, blli:","In addition , there apparently were serious personality conflicts , which lead Go @-@ Toba to write once , after praising Teika 's poetry , that :",بالإضافة إلى ذلك، يبدو أنه كانت هناك صراعات شخصية خطيرة، مما دفع غو-توبا إلى الكتابة ذات مرة، بعد مدح شعر تيكا، قائلاً:,27,GENERATED
data50723,DATA_24308,B,حتى شي بلاد ما خدات صفر نقطة فالمجموع ديال النقاط ملي تزادو النقاط بجوج، ولكن فرنسا خدات صفر نقطة فالتصويت ديال الجمهور.,"7etta shi blad ma khdat sifr noqta felmajmoo3 dyal nnoqat melli tzadu nnoqat bjouj, walakin fransa khdat sifr noqta fttasweet dyal l الجمهور.","No country took nul points ( receiving 0 points total ) when both scores were added together , but France received 0 points at the televoting stage .",لم تحصل أي دولة على صفر نقطة ( مجموع نقاط يساوي صفراً ) عند جمع النتيجتين معاً ، لكن فرنسا حصلت على صفر نقطة في مرحلة التصويت التلفزيوني .,28,GENERATED
data50724,WIKI_C_09232,C,روب بورلي؛ جوناثان ميتلاند؛ إيلانا رودز بيرد (2003). إيفا كاسيدي: سونغبيرد: حكايتها من عند اللي عرفوها. غوثام بوكس. ISBN 978 @-@ 1 @-@ <unk> @-@ 035 @-@ 5.,rob burley; jonathan maitland; elana rhodes byrd (2003). eva cassidy: songbird: hkayt-ha mn 3nd lli 3rfoha. gotham books. isbn 978-1-<unk>-035-5.,Rob Burley ; Jonathan Maitland ; Elana Rhodes Byrd ( 2003 ) . Eva Cassidy : Songbird : Her Story by Those Who Knew Her . Gotham Books . ISBN 978 @-@ 1 @-@ <unk> @-@ 035 @-@ 5 .,روب بورلي؛ جوناثان ميتلاند؛ إيلانا رودس بيرد (2003). إيفا كاسيدي: سونغبيرد: قصتها على لسان من عرفوها. دار غوثام للنشر. ISBN 978-1-<unk>-035-5.,28,GENERATED
data50725,WIKI_C_11015,C,"ديسك وورلد 2: غايب ولكن يمكن... !؟, جزء ثاني ديال ديسك وورلد اللي دارتو بيرفكت إنترتينمنت فـ 1996. و دارو ليه عنوان فرعي ""مورتاليتي بايتس!"" فـ أمريكا الشمالية.","disc world 2: ghayeb walakin momkin...!?, joz2 tani dyal disc world li darato perfect entertainment f 1996. w daro lih 3inwan far3i ""mortality bytes!"" f america charmalia.","Discworld II : Missing Presumed ... ! ? , a sequel to Discworld developed by Perfect Entertainment in 1996 . It was subtitled "" Mortality Bytes ! "" in North America .","ديسك وورلد 2: مفقود بافتراض... !؟، تكملة لسلسلة ديسك وورلد من تطوير بيرفكت إنترتينمنت عام 1996. تم تسميتها فرعيًا ""بايتات الفناء!"" في أمريكا الشمالية.",28,GENERATED
data50726,WIKI_C_12040,C,ديزموند لولين ف دور Q / الرائد بوثرويد : هو الراس ديال البحث و التطوير ف MI6. هو اللي كيعطي لبوند الطوموبيلات و الأدوات اللي ما كاينش بحالهم، بالخصوص لوتوس إسبري اللي كتحول لغواصة.,"desmond llewelyn f dwr q / alraaid boothroyd: huwa alraas dyal albahth w altatwir f MI6. huwa lli kiy3ti l bond altombilat w ladawat lli ma kaynch bhalhom, blkhsos lotus esprit lli kat7wl l ghowwasa.","Desmond Llewelyn as Q / Major Boothroyd : MI6 's head of research and development . He supplies Bond with unique vehicles and gadgets , most notably the Lotus Esprit that converts into a submarine .",ديزموند لولين بدور كيو / الرائد بوثرويد: رئيس قسم البحث والتطوير في الاستخبارات البريطانية (MI6). يزود بوند بالمركبات والأدوات الفريدة، وأبرزها سيارة لوتس إسبريت التي تتحول إلى غواصة.,34,GENERATED
data50727,WIKI_C_07601,C,واحد النسخة ديال الفيبر كلاص مصبوغة بلوان ديال واحد الشيف ديال سرب بولوني كان خدام فهاد البلاصة فالحرب العالمية الثانية معروضة ف RAF Northolt، آخر محطة ديال معركة بريطانيا اللي باقية خدامة ف RAF.,"wa7ed l-nes5a dyal l-fiber glasse msab9a b-lwan dyal wa7ed shif dyal serb boloni kan khadem f had l-blasa f l-7arb l-3alamiya taniya ma3rooda f RAF Northolt, akhir ma7ata dyal ma3rkat britania li ba9ya khadama f RAF.","A fibreglass replica in the colours of a Polish Squadron Leader based at the station during the Second World War is on display at RAF Northolt , the last Battle of Britain Sector Station still in RAF operational service .",يُعرض نموذج مطابق من الألياف الزجاجية بألوان قائد سرب بولندي كان يتمركز في القاعدة خلال الحرب العالمية الثانية في قاعدة نورثولت التابعة لسلاح الجو الملكي، وهي آخر محطة قطاع في معركة بريطانيا لا تزال في الخدمة التشغيلية لسلاح الجو الملكي.,34,GENERATED
data50728,WIKI_D_06853,D,ف 2015، فرانكو خدا الدور الرئيسي فالمسلسل المحدود ديال هولو 11 @.@ 22 @.@ 63 لي مبني على الرواية بنفس السمية ديال ستيفن كينݣ. هاد السيري لي فيها ثمانية ديال الحلقات بدات ف 15 فبراير 2016.,"f 2015, franco khda dwr r2isi f lmsls dyl hulu 11@.@22@.@63 li mabni 3la riwaya bnafs smyt stephen king. had siri li fiha tmanih dyal l7ala9 bdat f 15 fabra2ir 2016.","In 2015 , Franco was cast in the lead role for the Hulu limited series 11 @.@ 22 @.@ 63 which is based on the novel of the same name by Stephen King . The eight @-@ episode series premiered on February 15 , 2016 .","في عام 2015، أسند دور البطولة لـ ""فرانكو"" في المسلسل المحدود ""11.22.63"" على منصة ""هولو""، والذي يستند إلى رواية تحمل الاسم نفسه لـ ""ستيفن كينغ"". تم عرض المسلسل المكون من ثماني حلقات لأول مرة في 15 فبراير 2016.",36,GENERATED
data50729,DATA_22911,B,آخر تحديث: كرواتيا ضد البرتغال، 25 يونيو 2016. الإحصائيات كتشمل غير الماتشات الرسمية اللي معترف بها من طرف الفيفا.,"akher tahdith: krowatya didd lportogal, khamsa w 3achrin yunyu 2016. l'ihsa'iyat katachmal ghir lmatchat rassmiya li m3ترف biha mn taraf lfifa.","Last updated : Croatia vs. Portugal , 25 June 2016 . Statistics include official FIFA @-@ recognised matches only .",آخر تحديث : كرواتيا ضد البرتغال ، 25 يونيو 2016. تشمل الإحصائيات المباريات الرسمية المعترف بها من قبل الفيفا فقط.,20,GENERATED
data50730,WIKI_C_04571,C,"""حق الرجوع - السياسة الكندية ديال اللاجئين: حالة رواندا. 1996. المجلة الدولية للهجرة 30 (الربيع)، 289-309.""","haqq lrija3 - siyasa kanadiya dyal laj2i2: hala rwanda. 1996. lmajalla dawliya dyal l hijra 30 (rabii3), 289-309.",""" The Right of Repatriation - Canadian Refugee Policy : The Case of Rwanda . "" 1996 . International Migration Review 30 ( Spring ) , 289 – 309 .",حق الإعادة إلى الوطن - السياسة الكندية للاجئين: قضية رواندا. 1996. المجلة الدولية للهجرة 30 (ربيع)، 289-309.,16,GENERATED
data50731,DATA_24280,B,ال البحرية الملكية غادي تركب سبعة ديال HC3 برؤوس دوارة قابلة للطي كاجراء مؤقت حتى يتوفر التحديث الكامل HC4.,l-bahriya l-malakiya ghadi تركب saba3a dyal HC3 b-rou'ous douwara 9abila li-t-tay kajira' mou'a99at 7atta y-twaffar t-t7dith l-kamil HC4.,Royal Navy will fit seven HC3 with folding rotor heads as an Interim measure until the full HC4 upgrade is available .,ستقوم البحرية الملكية بتجهيز سبع طائرات من طراز HC3 برؤوس دوارة قابلة للطي كإجراء مؤقت حتى يتوفر التحديث الكامل لطراز HC4.,22,GENERATED
data50732,DATA_20797,B,نفس الحركة تقريبا، مع شي رحلات قصيرة ورخيصة كايطيرو بيها، كايهزّو بيها الركاب، كايدوزو حتى هي فمطار جاتويك، اللي كاينة ف الجنوب ديال لندن، ف منطقة ويست ساسكس.,"Nafs lharaka taqriban, m3a shi r7lat qsira w rkhisa kaytiro biha, kayhzzu biha r-rukab, kayduwwzu 7tta hiya f mTar Gatwick, lli kayna f j-jnoub dyal London, f mntqa West Sussex.","Similar traffic , with some cheap short @-@ haul flights , is also handled at Gatwick Airport , south of London in West Sussex .",يتم التعامل مع حركة مرور مماثلة ، مع بعض رحلات الطيران الرخيصة قصيرة المدى ، في مطار جاتويك أيضًا ، جنوب لندن في غرب ساسكس.,25,GENERATED
data50733,DATA_7291,A,كيفاش كتحافظ على تركيز ديالك ويست الماتش ?,kifach kat7afed 3la terkiz dialek west lmatch ?,how do you maintain your focus the entire match?,كيف تحافظ على تركيزك طوال المباراة؟,9,PARTIALLY VALIDATED
data50734,WIKI_D_06660,D,"Tan , Jing Quee ; Teo , Soh Lung ; Koh, Kay Yew (2009), Our Thoughts are Free : Poems and Prose on Imprisonment and Exile , Singapore : Ethos Books , ISBN 978 @-@ 981 @-@ 08 @-@ 2511 @-@ 9.","tan, jing quee; teo, soh lung; koh, kay yew (2009), our thoughts are free : poems and prose on imprisonment and exile, singapore : ethos books, isbn 978 @-@ 981 @-@ 08 @-@ 2511 @-@ 9.","Tan , Jing Quee ; Teo , Soh Lung ; Koh , Kay Yew ( 2009 ) , Our Thoughts are Free : Poems and Prose on Imprisonment and Exile , Singapore : Ethos Books , ISBN 978 @-@ 981 @-@ 08 @-@ 2511 @-@ 9 .",تان، جينغ كي؛ تيو، سوه لونغ؛ كوه، كاي ييو (2009)، أفكارنا حرة: قصائد ونثر عن السجن والنفي، سنغافورة: كتب إيثوس، ردمك 978-981-08-2511-9.,42,GENERATED
data50735,WIKI_C_11088,C,من بعد ما نينتندو قررات باش ماتخليش سوني تصاوب واحد التيليشارجيمون للسوبر فاميكوم/سوبر نيس، عطاو الإذن لفيليپس باش يستعملو الشخصيات ديالهم في الألعاب ديال السي دي إي ديال فيليپس.,"mn ba3d ma nintindo qratat bach matkhlihch sony tsawb wa7d tlisharjiman ls super famicom/super nes, 3taw l2idhn lifilips bach ysta3mlo shkhasyat dyalhom f l23ab dyal CDi dyal filips.","After Nintendo decided not to have Sony create an add @-@ on for the Super Famicom / Super NES , they gave Philips permission to use their characters in games for Philips ' CD @-@ i .",بعد أن قررت نينتندو عدم قيام سوني بإنشاء إضافة لجهاز سوبر فاميكوم/سوبر نيس، منحت فيليبس الإذن لاستخدام شخصياتها في ألعاب قرص ليزر فيليبس البصري.,29,GENERATED
data50736,WIKI_D_08787,D,"دوب أرتاتش هو السمية الرسمية ديال الفار، واخا الصخرة براسها معروفة بـ ذو هارتاتش. دارو شي تفسيرات مختلفة للمعنى الأصلي ديال السمية الگيلية، و ""الصخرة الكحلة"" هي اللي باينة بزاف.","dub artash huwa l-ism ar-rasmi li-l-manara, wakha s-sakhrra braas-ha ma3roufa b-dhu hartash. daru chi tafsirat mokhtalifa li-l-ma3na l-asli li-l-ism l-ghayli, wa min baynihom 's-sakhrra l-k7la' hiya li-baana bezzaf.","Dubh Artach is the official name of the lighthouse , although the skerry itself is also known as Dhu Heartach . Various interpretations have been provided for the original meaning of the Gaelic name , of which "" The Black Rock "" is the most likely .","دوب أرتاتش هو الاسم الرسمي للمنارة، على الرغم من أن الصخرة نفسها تُعرف أيضًا باسم ذو هارتاتش. تم تقديم تفسيرات مختلفة للمعنى الأصلي للاسم الغالي، ومن بينها ""الصخرة السوداء"" هو الأكثر احتمالاً.",30,GENERATED
data50737,WIKI_C_04802,C,الواجهة د لمتحف لميريكاني د التاريخ الطبيعي استعملوها ف التصوير د برا د لمتحف، و الداخل دارو اللوبي ديال شي محكمة ف فولي سكوير.,"l waja7a d lmat7af l'amérikaini d tarikh 7abici ist3mloha f tswir d bra d lmat7af, w d kخل دارو llobé dyal chi ma7kama f Foley Square.","The American Museum of Natural History was used for the exterior of the museum benefit , while the lobby of one of the Foley Square courthouses is used for the interior .",استُخدم متحف التاريخ الطبيعي الأمريكي لواجهة العرض الخارجي للمتحف، بينما استُخدمت بهو إحدى المحاكم في فولي سكوير للجزء الداخلي.,24,GENERATED
data50738,WIKI_D_02759,D,"على طول شاطئ لبحر والخلجان، كانو تا هما كاينين ثعالب البحر، لحوت، وفي واحد الوقت كانو الآلاف ديال أسود البحر. بالحق، كانو بزاف ديال أسود البحر لدرجة اللي على حساب كريسپي ""كان كيبان بحال واحد الرصيف"" للصبانيا اللي كانو جايين.","3la tol shati dial lb7ar wel khlijan, kanu ta homa kaynin t3aleb lb7ar, l7out, w f wa7d lwaqt kanu l'alaf dial osod lb7ar. Bl7aq, kanu bzaf dial osod lb7ar l daraja lli 3la 7sab crispi ""kan kayban b7al wa7d rsiif"" l sbanya lli kanu jayin.","Along the ocean shore and bays , there were also otters , whales , and at one time thousands of sea lions . In fact , there were so many sea lions that according to Crespi it "" looked like a pavement "" to the incoming Spanish .","على طول شاطئ البحر والخلجان، كانت توجد ثعالب البحر، والحيتان، وفي وقت من الأوقات كانت الآلاف من أسود البحر. ولكن، كان هناك الكثير من أسود البحر لدرجة أنه حسب كريسبي ""كان يبدو الأمر وكأنه رصيف"" للذين كانوا قادمين.",40,GENERATED
data50739,DATA_16134,B,ليوكين عندها خط ديالها خاص بمعدات ديال الجيمناستيك، فيه الزرابي و البارز و العوارض ديال التوازن باللون الوردي ديالها، اللي كتصاوبو شركة أميريكان أثليتيك.,"liwkin 3ndha kht dyalha khass b m3iddat dyal l-jimnastik, fih zzrabi w l-barz w l-3warid dyal ttawazon bllon l-wardi dyalha, lli katssawbo cherika amerikan athletic.","Liukin has her own line of gymnastics equipment , which includes mats , bars and balance beams in her signature pink , produced by American Athletic , Inc .",تمتلك لييوكين خط إنتاج خاص بها لمعدات الجمباز، والذي يشمل المراتب، والعوارض، وعوارض التوازن باللون الوردي المميز لها، وتنتجه شركة أمريكان أثليتيك، إنك.,29,GENERATED
data50740,DATA_2816,A,أنا محتاجة لراجل حقيقي لي إمكان ليه يعطاني بشارك ديالو,ana m7taja l rajl 7a9i9i li imkan lih i3tani bcharik dyalo,I need a real man who can take care of his partner,أحتاج رجلاً حقيقياً يمكنه الاعتناء بشريكته,12,PARTIALLY VALIDATED
data50741,DATA_6927,A,أشناهوا الفيلم لي تعيا ماتفرج فيه ديما قاتلك بضحك؟,achnahowa lfilm li t3ya matfrej fih dima 9atelk bde7k ?,what's a movie that never fails to make you laugh?,ما هو الفيلم الذي لا يفشل أبدًا في إضحاكك؟,10,PARTIALLY VALIDATED
data50742,WIKI_C_00986,C,واحد التركيز بالزاف ديال بزاف القصص فالميديا ديال ميريكان هو التغطية الطويلة ديال قضية بريت شيدستر، واحد الطالب ديال ديلاوير عندو سبعطاش العام اللي مات منتحر ف شهر واحد عام الفين و ستة بالتسمم ديال أوكسيد الكاربون.,"wa7d tkiz bzzaf dyal bzzaf lqssas f lmedia dyal merikan huwa ttiytiya twila dyal qadiyat bret chidester, wa7d talib dyal delaware 3ndu sb3ta3 3am li mat mnt7r f shhr wa7d 3am lfin w sta bttsmum dyal oxed lkarbon.","A particular focus of many US media stories is the long @-@ running coverage of the case of Brett Chidester , a 17 @-@ year @-@ old Delaware student who committed suicide in January 2006 by carbon monoxide poisoning .",التركيز الكبير للعديد من القصص الإعلامية الأمريكية هو التغطية الطويلة المستمرة لقضية بريت شيدستر، طالبة في ديلاوير تبلغ من العمر 17 عامًا انتحرت في يناير 2006 بتسمم بأول أكسيد الكربون.,37,GENERATED
data50743,WIKI_D_05780,D,تنبيهات ديال العاصفة تطلقو نهار 28 شهر تسعود على السواحل ديال لويزيانا و ميسيسيپي، ولكن هاد الولايات ماوصلوش ليهم رياح قوية. أقصى قوة ديال الريح اللي تسجلات كانت 46 ميل في الساعة (74 كيلومتر في الساعة)، و هادشي تسجل في پينساكولا، فلوريدا.,"tnhyirat dyal l3asfa tatla9o nhar 28 nhar ts3ud 3la swa7l dyal luiziana w misisipi, walakin had lwilayat ma wsalohom riyah 9wiya. a9sa 9owat dyal lrih lli tsjlat kanat 46 mil f sa3a (74 km f sa3a), w hadchi tsjl f pensacola, florida.","Storm warnings were issued on September 28 for the shorelines of Louisiana and Mississippi , but the states did not receive strong winds . The maximum gust from the storm was 46 mph ( 74 km / h ) , which was recorded at Pensacola , Florida .",صدرت تحذيرات من العواصف في الثامن والعشرين من سبتمبر لشواطئ لويزيانا ومسيسيبي، لكن الولايتين لم تتلقيا رياحًا قوية. بلغت أقصى هبة رياح من العاصفة 46 ميلاً في الساعة (74 كيلومترًا في الساعة)، وتم تسجيلها في بينساكولا بولاية فلوريدا.,42,GENERATED
data50744,WIKI_C_06527,C,على حساب هاد المعادلة، القوة الثانية F2 (r) كتجي بش كنضربو القوة اللولة و نبدلو ليها اللوغو ديالها، و كنزيدو عليها قوى مركزية ديال المقلوب ديال المربع و المقلوب ديال المكعب.,"3la 7sab had lmo3dala, lqowwa taniya F2(r) katji bch knedrbo lqowwa llowla w nebddlo liha llogo dyalha, w kenzido 3liha qowa markaziya dyal lmaqlob dyal lmraba3 w lmaqlob dyal lmoka3.","According to this equation , the second force F2 ( r ) is obtained by scaling the first force and changing its argument , as well as by adding inverse @-@ square and inverse @-@ cube central forces .",وفقًا لهذه المعادلة ، يتم الحصول على القوة الثانية F2 (r) عن طريق قياس القوة الأولى وتغيير حجتها ، بالإضافة إلى إضافة قوى مركزية معكوسة التربيع ومعكوسة المكعب.,31,GENERATED
data50745,WIKI_C_08247,C,كانو طوطال ديال حداش حكم تقاسمو بين تسعود ديال البطلة. البطل اللول تتوّج نهار خمسة مارس عام الفين وعشرة فاش إيدي إدواردز غلب ديفي ريتشاردز فالفينال ديال واحد التورنوا.,kano total dyal hdash 7kem t9asmo bin ts3oud dyal l btal. l btal l 1 ttwj nhar 5 mars 3am 2010 fash eddy edwards 3deb davy richards f l final dyal wa7d l tournament.,"There has been a total of eleven reigns shared between nine champions . The first champion was crowned on March 5 , 2010 , when Eddie Edwards defeated Davey Richards in the finals of a tournament .",كان هناك ما مجموعه أحد عشر حكمًا مقسمة بين تسعة أبطال. توج البطل الأول في 5 مارس 2010، عندما هزم إيدي إدواردز ديفي ريتشاردز في نهائي بطولة.,29,GENERATED
data50746,DATA_12661,B,"إف. سكوت فيتزجيرالد خدا العنوان ديال الرواية ديالو ""Tender is the Night"" من السطر 35 ديال القصيدة.","F. Scott Fitzgerald khda l'onvan dyal r-riwaya dyalo ""Tender is the Night"" mn s-ster 35 dyal l-qasida.",F. Scott Fitzgerald took the title of his novel Tender is the Night from the 35th line of the ode .,"استعار ف. سكوت فيتزجيرالد عنوان روايته ""الليل حنون"" من السطر الخامس والثلاثين من القصيدة.",21,GENERATED
data50747,DATA_16331,B,"الانتصارات المؤكدة: [الرقم] ؛ الانتصارات الغير مؤكدة معلمة بـ ""غ/م"". البيانات من Shores et al. إلا إذا ذكر خلاف ذلك.","al-intissarat al-mou'akkada: [raqam]; al-intissarat al-ghayr mou'akkada m3allma b ""gh/m"". al-bayyanat min Shores et al. illa ida doukira khilaf dalik.","Confirmed victories numbered ; unconfirmed victories marked "" u / c "" . Except where noted , data from Shores et al .","بلغ عدد الانتصارات المؤكدة ؛ والانتصارات غير المؤكدة تحمل علامة ""u/c"". باستثناء ما هو مذكور، البيانات من شورس وآخرون.",23,GENERATED
data50748,DATA_14374,B,2 Dy ( s ) + 6 H2O ( l ) → 2 Dy ( OH ) 3 ( aq ) + 3 H2 ( g ),2 Dy ( s ) + 6 H2O ( l ) -> 2 Dy ( OH ) 3 ( aq ) + 3 H2 ( g ),2 Dy ( s ) + 6 H2O ( l ) → 2 Dy ( OH ) 3 ( aq ) + 3 H2 ( g ),2 ذرة (2 ذ) + 6 ماء (6 ما) → 2 هيدروكسيد الديزيوم (2 هـ.د) + 3 هيدروجين (3 هـ),27,GENERATED
data50749,DATA_0177,A,"سمح ليا, واش كاتسمع هاد الصداع?","sm7 lia, wach katsm3 had SSda3?","Excuse me, do you hear that noise?",عفواً، هل تسمع ذلك الضجيج؟,7,PARTIALLY VALIDATED
data50750,DATA_7342,A,لقينا منين نتزبقو فديفاع ديال الخصم و نستفلوهوم,l9ina mnin netzeb9ou fdifa3 dial l5asm ou nste5louhoum,we managed to find gaps in the opponent's defense and exploit them,تمكنا من العثور على ثغرات في دفاع الخصم واستغلالها,12,PARTIALLY VALIDATED
data50751,WIKI_D_03844,D,الاهتمام ديال الإعلام بالمحاكمة فات الحدود ديال الجهة و ديال البلاد: مجلة تايم نشرات على الأقل جوج مقالات على المحاكمة في ميريكان، و الديلي ميل و باريس ميدي غطاوها من مور المحيط الأطلسي.,"l-ihtimam dyal l-i3lam b-l-mu7akama fat l-7udud dyal l-jiha w-dyal l-blad: majallat Time nashrat 3la l-a9all juuj maqalat 3la l-mu7akama f-merikan, w-d-Daily Mail w-Paris Midi ghtawha mn mur l-mu7i7 l-atlasi.","Media attention on the trial spread beyond the provincial and national borders : Time magazine published at least two articles on the trial in the United States , and the Daily Mail and Paris Midi covered it from across the Atlantic .",امتد الاهتمام الإعلامي بالمحاكمة إلى ما وراء الحدود الإقليمية والوطنية: فقد نشرت مجلة تايم مقالين على الأقل حول المحاكمة في الولايات المتحدة، وقامت صحيفتا ديلي ميل وباريس ميدي بتغطيتها من وراء المحيط الأطلسي.,33,GENERATED
data50752,WIKI_C_01490,C,"ال prose edda ديال snorri sturluson كيقتبس بزاف من ال völuspá و كيشرح مزيان داكشي اللي فيها بالهضرة, واخا شي معلومات كيتعارضو مع داكشي اللي جا فال völuspá.","l prose edda dyal snorri sturluson kiytaqbas bezzaf mn l völuspá w kiychrah mezian dakchi lli fiha bl hḍra, wakhá shi ma3lomat kiyta3arḍu m3a dakchi lli ja f l völuspá.","Snorri Sturluson 's Prose Edda quotes heavily from Völuspá and elaborates extensively in prose on the information there , though some of this information conflicts with that provided in Völuspá .","يقتبس ""النثر إيدا"" لسنيوري ستورلوسون بشكل كبير من ""فولسبا"" ويتوسع باستفاضة بالنثر في المعلومات الواردة هناك، على الرغم من أن بعض هذه المعلومات تتعارض مع تلك المقدمة في ""فولسبا"".",28,GENERATED
data50753,DATA_1140,A,واخا واخا... دير نتا ڭاع لائحة ديال لمعروضين.,wakha wakha... dir nta ga3 lla2i7a dial lm3roDin.,Ok ok... then you can do the guest list.,حسناً حسناً... إذًا يمكنك القيام بقائمة الضيوف.,9,PARTIALLY VALIDATED
data50754,WIKI_D_08510,D,اكتشاف بصاح كان هو قرينا بصح السمية الهيروغليفية، يعني نكونو ثبتنا القيمة الصحيحة لكل حرف من الحروف اللي مكوناها، و يكون هادشي بطريقة هاد القيم تكون قابلة للتطبيق فكل بلاصة كيبانو فيها هاد الحروف.,"ikhtichaf bsa7 kan huwa qrinah bsa7 ismiya lhiroghlifia, ya3ni koonna thabbetna lqima ssi7a likol harf mn l7rouf lli mkawna, w ykon hadchi b tari9a had lqiyam ykonou qabla litatbiq fkol blaça kaybanou fiha had l7rouf.",""" A real discovery would have been to have really read the hieroglyphic name , that is , to have fixed the proper value to each of the characters it is composed of , and in such a manner , that these values were applicable everywhere that these characters appear",لقد كان اكتشافًا حقيقيًا أن يتم قراءة الاسم الهيروغليفي حقًا، أي أن يتم تثبيت القيمة الصحيحة لكل حرف من الحروف التي يتكون منها، وبطريقة تجعل هذه القيم قابلة للتطبيق في كل مكان تظهر فيه هذه الحروف.,34,GENERATED
data50755,DATA_2350,A,سمح ليا بديت كنحس بروحاب أماكن ضايقة,sma7 liya bdit kan7as bro8ab amakin DDayi9a,Sorry I am starting to get claustrophobic,عذرًا، بدأت أشعر بضيق في الصدر.,7,PARTIALLY VALIDATED
data50756,WIKI_C_10466,C,على حساب داك الشي ديال ناسا مختبر الدفع النفاث، شي أداة، المسافات بين فوياجر واحد والأرض في 14 فبراير و 15 ماي 1990 كانت هاكا:,"3ala hesab dak shi dyal nasa mokhtabar adaf3 anafath, shi adaat, lmsafat bin voyager wa7ed w-l-ard f 14 fibrayr w 15 may 1990 kanet haka:","According to NASA 's Jet Propulsion Laboratory 's <unk> tool , the distances between Voyager 1 and the Earth on February 14 and May 15 , 1990 , were as follows :",وفقًا لأداة مختبر الدفع النفاث التابع لناسا، كانت المسافات بين فوياجر 1 والأرض في 14 فبراير و 15 مايو 1990 كما يلي:,25,GENERATED
data50757,DATA_19794,B,شي حل واحد ( إلمور جيمس، مارشال سيهورن، سوني بوي ويليامسون الثاني ) ( 27 يونيو ) – 4:56,"shi 7el wa7ed (elmore james, marshall sehorn, sonny boy williamson الثاني ) (27 yunyu) - 4:56",""" One Way Out "" ( Elmore James , Marshall Sehorn , Sonny Boy Williamson II ) ( June 27 ) – 4 : 56",مخرج واحد (إلمور جيمس، مارشال سيهورن، سوني بوي ويليامسون الثاني) (27 يونيو) – 4:56,25,GENERATED
data50758,DATA_15027,B,حرب الضو (فيلم وثائقي تلفزيوني). ميريكان: ورلد ميديا رايتس. 2009. تم الاطلاع عليه في 22 مارس 2015.,7arb d-ddow (film wata2i تلفزيوني). mirikan: world media rights. 2009. tamma l-ittila3 3alayhi fi 22 mars 2015.,Lighting War ( television documentary ) . United States : World Media Rights . 2009 . Retrieved 22 March 2015 .,حرب الأنوار (فيلم وثائقي تلفزيوني). الولايات المتحدة: وورلد ميديا رايتس. 2009. استرجع في 22 مارس 2015.,21,GENERATED
data50759,DATA_24869,B,بريستون، ديانا (1997). فاجعة من الطراز الرفيع. لندن: كونستابل آند كو. رقم التسجيل الدولي للكتاب: 0-09-479530-4.,"briston, dayana (1997). faje3a min t-tiraz r-rafie3. london: konstabl and co. rakam t-tasjil d-dawli l-lkitab: 0-09-479530-4.","Preston , Diana ( 1997 ) . A First Rate Tragedy . London : Constable & Co . ISBN 0 @-@ 09 @-@ 479530 @-@ 4 .",برستون، ديانا (1997). مأساة من الدرجة الأولى. لندن: كونستابل وشركاه. الرقم الدولي المعياري للكتاب 0-09-479530-4.,27,GENERATED
data50760,DATA_2495,A,و دابا عايشين فسلام مدة ديال 70 عام ف أوروبا,o daba 3achna fsalam lmoda dyal 70 3am f oropa,And now we've lived in peace for 70 years in Europe,والآن نعيش في سلام منذ 70 عامًا في أوروبا,11,PARTIALLY VALIDATED
data50761,DATA_3404,A,عارف ماعندكش بلاصة كبيرة,3arf ma3ndakch blaSa kbira,I know you dont have much space,أعلم أنكم لا تملكون مساحة كبيرة,7,PARTIALLY VALIDATED
data50762,DATA_11715,A,نتحداك ت رعا هاد البهايم را تواحد ماقدر عليهوم,nt7edak t r3a had lbhaym ra tawa7ed ma9der 3lihoum,I dare you to elevate your cattle,أتحدّاك أن ترعى ماشيتك,7,PARTIALLY VALIDATED
data50763,DATA_20810,B,من بعد ريبلي دار إيديت لمجلة هاربر. وجمع هو و بيارد تايلور كتاب دليل الأدب والفنون الجميلة (1852).,mn b3d Ripley dar edit lmjla Harper. w jm3 huwwa w Bayard Taylor ktab dlil al-adab wal-funun al-jamila (1852).,Ripley then edited Harper 's Magazine . Together with Bayard Taylor he compiled a Handbook of Literature and the Fine Arts ( 1852 ) .,"بعد ذلك، حرّر ريبلي مجلة هاربر. وبالاشتراك مع بايار تايلور، قام بتجميع ""دليل الأدب والفنون الجميلة"" (١٨٥٢).",25,GENERATED
data50764,DATA_10349,A,كان كيسحاب ليا غادي عدّل شي حاجة مشروعو,kan kis7ab liya ghadi 3eddel chi 7aja mechrou3ou,i thought that he will do his project,اعتقدت أنه سينجز مشروعه,8,PARTIALLY VALIDATED
data50765,DATA_20600,B,هي التفاعل الوحيد اللي قادر يبدل النكهة ديال الكواركات (يعني، يبدل نوع ديال الكوارك بنوع آخر).,"hiya t-tafa3ul l-wa7id lli qader ybeddel n-nakhha d-yal l-kwarkat (y3ni, ybeddel nnu3 d-yal l-kwark bnu3 akher).","It is the only interaction capable of changing the flavor of quarks ( i.e. , of changing one type of quark into another ) .",إنها التفاعل الوحيد القادر على تغيير نكهة الكواركات (أي، تغيير نوع واحد من الكواركات إلى نوع آخر).,25,GENERATED
data50766,WIKI_D_03047,D,"فاللول د التسعينات ديال القرن تسعطاش، جامعة أوهايو ستاعملاتها وبدلات ليها السمية ل""كون كانت عندي بنت"". ديك الساعة جامعة أوهايو ويليان كانت العدو اللدود ديالهم، داكشي علاش كاينين إشارات لديلاوير، أوهايو والميتوديست. ها واحد البيت من الشعر:","fel-lul d-tescinit dyal l-qarn tsetnacx, jami3a ohyo sta3mlat-ha o bdlat liha l-smiya l ""kon kanet 3andi bnt"". dik sa3a jami3a ohyo willian kanet l-3adu l-dud dyalhom, dacxi 3lacx kaynin icart l-dilawar, ohyo o l-metodist. ha wa7d l-bit mn lcher:","In the early 1890s , Ohio State University adapted it and called it "" If I had a Daughter "" . At the time Ohio Wesleyan University was their arch rival , hence the references to Delaware , Ohio and Methodists . One verse follows :","في أوائل تسعينيات القرن التاسع عشر، قامت جامعة ولاية أوهايو بتكييفه وأطلقت عليه اسم ""لو كانت لدي ابنة"". في ذلك الوقت، كانت جامعة أوهايو ويسليان منافستها اللدودة، ومن هنا جاءت الإشارات إلى ديلاوير وأوهايو والميثوديين. يتبع بيت شعر واحد:",37,GENERATED
data50767,WIKI_D_10562,D,المجلس ديال التحقيق سال الريپورتاج ديالو بالملاحظة باللي آرك رويال غرقت على بعد 22 ميل بحري (25 ميل; 41 كيلومتر) شرق راس أوروبا، أقصى نقطة فالجنوب ديال جبل طارق. هادشي تقبل كموقع ديال الحطام لمدة 60 عام.,"lmajlis dyal tta7qi9 sall lripurتاج dyalo b lmula7a bli ark roiyal 8ra9t 3la b3d 22 mil ba7ri (25 mil; 41 kilometr) char9 ras europa, a9sa no9ta faljonoob dyal jbel tari9. hadchi tta9bel kmawq3 dyal l7ttam limoda 60 3am.","The Board of Inquiry closed its report with the observation that Ark Royal had sunk 22 nautical miles ( 25 mi ; 41 km ) east of Europa Point , the southernmost tip of Gibraltar . This was accepted as the wreck location for 60 years .","اختتم مجلس التحقيق تقريره بالملاحظة أن السفينة ""آرك رويال"" غرقت على بعد 22 ميلًا بحريًا (25 ميلًا؛ 41 كيلومترًا) شرق رأس أوروبا، الطرف الجنوبي لجبل طارق. وقُبل هذا الموقع للحطام لمدة 60 عامًا.",37,GENERATED
data50768,WIKI_D_05129,D,"يا إما اللاعب يقتل سكان هايفن في بلاصة البروتوس وهو كيحاول ينقذ أكبر عدد ممكن من اللاجئين <unk>، وهاد الخيار غادي يخلي سيليندس تشكر راينور و تقول عليه ""صديق حقيقي ديال البروتوس""، ولكن ما غاديش تبان من بعد.","ya ima la3ab yqtl sakan haven fi blaset lprotoss wahowa kayhawl ynqd kbar 3adad momkin mn lajiyin <unk>, w had lkhiyar radi ykhli selendis tshkr raynor w tgl 3lih ""sdiq haqi9i dial lprotoss"", walakin ma radi4 tiban mn ba3d.","Either the player purges Haven in the Protoss ' place while trying to save as many <unk> refugees as possible , this option will have Selendis praise Raynor and calling him a "" true friend of the Protoss "" , but she will not appear afterwards .","إما أن يقوم اللاعب بتطهير هايفن في مكان البروتوس أثناء محاولة إنقاذ أكبر عدد ممكن من اللاجئين <unk>، وهذا الخيار سيجعل سيليندس تشيد براينور وتصفه بأنه ""صديق حقيقي للبروتوس""، لكنها لن تظهر بعد ذلك.",38,GENERATED
data50769,WIKI_D_06746,D,ماتسو باشو (1966). الدرب الضيق نحو الشمال العميق وأسفار أخرى، ترجمة نوبويوكي يواسا. هارموندزورث: بينجوين. ISBN 978 @-@ 0 @-@ 14 @-@ <unk> @-@ 7. OCLC <unk>.,"matsu basho (1966). el darbe eddayyeq lechmal el3amiq w marate okhra, tarjemt nobuyuki yuasa. harmondsworth: penguin. ISBN 978-0-14-<unk>-7. OCLC <unk>.","Matsuo , Bashō ( 1966 ) . The Narrow Road to the Deep North and Other Travel <unk> trans . Nobuyuki Yuasa . Harmondsworth : Penguin . ISBN 978 @-@ 0 @-@ 14 @-@ <unk> @-@ 7 . OCLC <unk> .",ماتسو باشو (1966). الطريق الضيق إلى الشمال العميق ورحلات أخرى، ترجمة نوبويوكي يواسا. هارموندزورث: بنجوين. ISBN 978-0-14-<unk>-7. OCLC <unk>.,27,GENERATED
data50770,WIKI_D_03328,D,طائر الزينو، بحال قْرايبُو، كياكل حبار صغير ؤ حوت. المحتوى اللي تْقَيَّا ديال واحد الطائر كان فيه راسيات الأرجل، و شي حوت، و قشريات صغار. بحال بقية النَّوارس الصغار، الزينو غالبا ما كيتبعش السفن.,"ta2ir ez-zino, bhal qraybuh, kayakel 7bar sghir w 7ut. el-mo7tawa lli tqayya dyal wa7d ta2ir kan fih ras-syat el-arjul, w shi 7ut, w qashriyyat sghar. bhal baqiyya n-nawares es-sghar, ez-zino ghaliban ma kaytb3sh essofun.","Zino 's petrel , like its relatives , feeds on small squid and fish . The vomited stomach contents of one bird contained cephalopods , the <unk> fish <unk> <unk> and small crustaceans . Like other small petrels , Zino 's does not normally follow ships .",طائر الزينو، مثل أقاربه، يتغذى على الحبار الصغير والأسماك. احتوى محتوى المعدة المتقيأ لطائر واحد على رأسيات الأرجل، والأسماك، والقشريات الصغيرة. مثل طيور النورس الصغيرة الأخرى، لا يتبع طائر الزينو السفن عادةً.,34,GENERATED
data50771,DATA_0421,A,"ألا قدرنا ناكلو طرف تلخبز فلما, ديكسّاع غاناخدو 20 نقطة","ala 9derna naklo Terf tlkhobz flma, dikssa3 ghanakhdo 20 no9Ta","If we can eat one piece of bread in the water, then we get 20 points",إذا استطعنا أكل قطعة خبز واحدة في الماء، فسنحصل على 20 نقطة.,16,PARTIALLY VALIDATED
data50772,WIKI_C_07719,C,من عام تسعين حتال ستة وتسعين، الدكتور دري كان مصاحب مع المغنية ميشيل لي، اللي كانت ديما كاتغني ف الألبومات ديال روثليس ريكوردز وديث رو ريكوردز. فواحد وتسعين، جابو ولد سميتو مارسيل.,"mn 3am tsnin 7tal tlt w tsnin, doktor dre kan msa7eb m3a lmo7nniya michel le, lli kant dima kat7eni f l albums dyal ruthless records w death row records. f wa7d w tsnin, jabou wled smito marcel.","From 1990 to 1996 , Dr. Dre dated singer Michel 'le , who frequently contributed vocals to Ruthless Records and Death Row Records albums . In 1991 , the couple had a son , Marcel .",من عام 1990 إلى عام 1996، واعد الدكتور دري المغنية ميشيل لي، التي ساهمت بشكل متكرر بأصواتها في ألبومات شركة روثليس ريكوردز وديث رو ريكوردز. في عام 1991، أنجب الزوجان ابنًا، هو مارسيل.,32,GENERATED
data50773,DATA_20333,B,الجامعة عندها بزاف ديال العلاقات رسمية مع مؤسسات من العالم كامل باش يشاركوا التعليم والبحث ويسهلوا التبادل ديال الأساتذة والطلبة.,Al-jami'a 'and-ha bzaf dyal al-'alaqat rasmiya m'a mu'assasat mn al-'alam kamel bash ysharku at-ta'lim wal-bahth wa ysahlu at-tabadul dyal al-asatida wal-tolaba.,The university holds a number of formal links with institutions from around the world to share teaching and research and facilitate staff and student exchanges .,تمتلك الجامعة عدداً من الروابط الرسمية مع مؤسسات من حول العالم لتبادل التدريس والبحث وتسهيل تبادل الموظفين والطلاب.,26,GENERATED
data50774,WIKI_D_07702,D,سيبال تحقيق فيه موراها سيلڤانوس مورلي عام 1914 لصالح مؤسسة كارنيجي ديال واشنطن. الدكتور بارنوم براون زار الخرائب عام 1948، و أعضاء ديال البعثة ديال مذبح الأضاحي ديال متحف بيبودي دارو زيارات ف 1961 و 1962 و 1963.,"seebal t7qi9 fih moraha sylvanus morley 3am 1914 lsl7t مؤسسة carnegie dyal washington. doktor barnum brown zar lkhr2ayeb 3am 1948, w a3da2 dyal lbi3ta dyal mat7 l2a7bi7 dyal mat7f peabody daro ziyarat f 1961 w 1962 w 1963.","Seibal was next investigated by Sylvanus Morley in 1914 on behalf of the Carnegie Institution of Washington . Dr Barnum Brown visited the ruins in 1948 , and members of the Altar de Sacrificios Expedition of the Peabody Museum made visits in 1961 , 1962 and 1963 .",خضع سيبال بعد ذلك للتحقيق من قبل سيلفانوس مورلي عام 1914 نيابة عن مؤسسة كارنيجي بواشنطن. زار الدكتور بارنوم براون الأطلال عام 1948، وقام أعضاء بعثة مذبح القرابين من متحف بيبودي بزيارات في أعوام 1961 و 1962 و 1963.,38,GENERATED
data50775,WIKI_D_01287,D,"رابحين (11) - سجل: 1937-38, 1941-42, 1958-59, 1959-60, 1964-65, 1978-79, 1982-83, 1989-90, 1994-95, 2014-15, 2015-16","rabe7in (11) - سجل: 1937-38, 1941-42, 1958-59, 1959-60, 1964-65, 1978-79, 1982-83, 1989-90, 1994-95, 2014-15, 2015-16","Winners ( 11 ) – record : 1937 – 38 , 1941 – 42 , 1958 – 59 , 1959 – 60 , 1964 – 65 , 1978 – 79 , 1982 – 83 , 1989 – 90 , 1994 – 95 , 2014 – 15 , 2015 – 16",الفائزون (11) - سجل: 1937-38، 1941-42، 1958-59، 1959-60، 1964-65، 1978-79، 1982-83، 1989-90، 1994-95، 2014-15، 2015-16,15,GENERATED
data50776,WIKI_C_00659,C,رونا، إليزابيث؛ شميت، إيفالد أيه دبليو (1927). تحقيقات على شي حاجة ديال شي حاجة فشي بلاصة (بالألمانية). ڤيينا، النمسا: هولدر @-@ بيشلر @-@ تيمپسكي أ.ج. أو سي إل سي شي حاجة.,"rona, elisabeth; schmidt, ewald a w (1927). tahqiqat 3la chi haja dyal chi haja f chi blasa (belmania). vienna, l'ostria: holder @-@ pichler @-@ tempsky a.g. oclc chi haja.","Róna , Elisabeth ; Schmidt , Ewald A W ( 1927 ) . Untersuchungen über das <unk> des <unk> in <unk> ( in German ) . Vienna , Austria : Hölder @-@ Pichler @-@ Tempsky A.G. OCLC <unk> .",رونا، إليزابيث؛ شميت، إيفالد إيه دبليو (1927). أبحاث حول <unk> الـ <unk> في <unk> (بالألمانية). فيينا، النمسا: هولدر @-@ بيشلر @-@ تيمبسكي أ.ج. أو سي إل سي <unk>.,31,GENERATED
data50777,WIKI_D_11803,D,"من لينكون، الواد كيرجع تاني كيدور أولا للشرق، عاد للجنوب، وكيدير واحد القطيعة فواحد الشريط ديال الهضاب اللي معروف بـ ""لينكولن ڭاپ"". هاد البلاصة كيعتاقدو تاني باللي كانت واحد المجرى سفلي ديال نهر الترينت فالفترة ديال الجليد و قبل منها.","mn lincoln, lwad kayrja3 tani kaydor awalan lchar9, 3ad ljanoub, w kaydir wa7d l9ati3a f wa7d chtrit dyal lhdab lli ma3rouf b 'lincoln 3ap'. had blasa kay3ta9do tani belli kanat wa7d lmajrra sibli dyal nhar trent f lfatra dyal ljlid w qblha.","From Lincoln , the river again turns first east , then south , making a cut through an belt of upland known as the Lincoln Gap . This section is again believed to have been a lower course of the Trent during and before periods of glaciation .",من لينكون، يعود النهر أدراجه أولاً إلى الشرق، ثم إلى الجنوب، قاطعًا شريطًا من المرتفعات يُعرف بفجوة لينكون. يُعتقد مرة أخرى أن هذا المقطع كان مجرى أدنى لنهر ترينت خلال فترات الجليد وقبلها.,40,GENERATED
data50778,DATA_4852,A,سمحلي والله إيلا صاحبي جاوبتك,chno kaddir 8na?,I'm sorry I tought I answered you,آسف، اعتقدت أنني أجبتك.,5,PARTIALLY VALIDATED
data50779,WIKI_C_12004,C,آلان ريكمان فبلاصة سيفروس سنايب، معلم الدوا و رئيس دار سليذرين ف هوكوارتس. تيم روث كان هو لي كانوا ناويين عليه ف الأول ولكن ما بغاش حيت مشا لفيلم كوكب القرود.,"alan rickman fblasa severus snape, m3ellem dyal dwa2 w ra2is dar slytherin f hogwarts. tim roth kan huwa li kanu nawyin 3lih f l2awel walakin ma bghash hit msha l film kawkab dyal l9rod.","Alan Rickman as Severus Snape , the Potions Master and head of Hogwarts ' Slytherin House . Tim Roth was the original choice for the role , but he turned it down for Planet of the Apes .",آلان ريكمان في دور سيفيروس سنيب، أستاذ الجرعات ورئيس منزل سليذرين في هوجورتس. كان تيم روث هو الاختيار الأصلي للدور، لكنه رفضه من أجل فيلم كوكب القردة.,31,GENERATED
data50780,WIKI_D_11703,D,قبل ما يتهدمو، ربعة الشومينيات ديال محطة الضو ديال بليث كانو مسيطرين على المنظر الطبيعي على طول الساحل. جوج كان فيهم 167 متر، و الجوج لاخرين كان فيهم 137 متر، وكانو كيبانو على بعد كيلومترات.,"qbl ma ythdemo, rba3 shominyat dyal mahatat 3odw dyal blyth kanw msaytrin 3la lmanzr ta3i 3la twl sa7l. jooz kan fihom 167 m, w jooj la5rin kan fihom 137 m, w kanw kaybanw 3la b3d kmtrat.","Before their demolition , the four chimneys of Blyth Power Station dominated the landscape along the coast . Two were 167 m ( 548 ft ) high , the other two were 137 m ( 449 ft ) high , and they were visible for many miles .",قبل هدمها، سيطرت المداخن الأربع لمحطة بليث للطاقة على المشهد على طول الساحل. بلغ ارتفاع اثنتين منهن 167 مترًا (548 قدمًا)، بينما بلغ ارتفاع الاثنتين الأخريين 137 مترًا (449 قدمًا)، وكانت مرئية لعدة أميال.,35,GENERATED
data50781,WIKI_D_00924,D,توتنهام استقبل فرقة من المستوى الثاني فالدور الرابع، برايتون أند هوف ألبيون، وتقدمو بفضل إريك لاميلا، لي دخل فبلاصت آرون لينون فالنص دالوقت. و كين أكد الرباح ب2-0 من بعد.,"totenham staqbel ferqa men le مستwa2a2 dyal le2awel f le دورa4a, brighton & hove albion, w tqaddmu b fdl erik lamela, li d5al f blaset aaron lennon f nss dyal lwaqt. w kane a2kad le rab7a b 2-0 men ba3d.","Tottenham hosted another second @-@ tier opponent in the fourth round , Brighton & Hove Albion , and went into the lead through Érik Lamela , a half @-@ time replacement for Aaron Lennon . Kane later confirmed a 2 – 0 victory .",استضاف توتنهام فريقاً آخر من الدرجة الثانية في الدور الرابع، برايتون آند هوف ألبيون، وتقدموا في النتيجة عن طريق إريك لاميلا، الذي حل بديلاً لآرون لينون في منتصف الشوط. وأكد كين لاحقاً الفوز بنتيجة 2-0.,30,GENERATED
data50782,WIKI_D_02716,D,الديموندباكس عيطو على كوربن للتدريب الربيعي ف 2012، فين لاح ب معدل ضربات 0.57. كوربن بدا الموسم د 2012 مع موبايل، و لاح ب سجل ديال 2-0 و معدل ضربات 1.67 ف ربعة د الماتشات.,"ldaimundbaks 3aytu 3la corbin littadrib larby3i f 2012, fin la7 b ma3dal darabat 0.57. corbin bda lmosm d 2012 m3 mobil, w la7 b سجل dyal 2-0 w ma3dal darabat 1.67 f rba3a d lmatshat.","The Diamondbacks invited Corbin to spring training in 2012 , where he pitched to a 0 @.@ 57 earned run average . Corbin began the 2012 season with Mobile , pitching to a 2 – 0 record and 1 @.@ 67 ERA in four starts .",دعا فريق دايموندباكس كوربن إلى تدريب الربيع في عام 2012، حيث حقق متوسط نقاط مكتسبة قدره 0.57. بدأ كوربن موسم 2012 مع فريق موبايل، محققًا سجلًا من انتصارين بدون هزيمة ومتوسط نقاط مكتسبة قدره 1.67 في أربع بدايات.,35,GENERATED
data50783,WIKI_D_01290,D,الفرقة من المؤسسين ديال جمعية الفرق الأوروبية اللي تأسسات من بعد ما تحلّات G @-@ 14، واحد المجموعة دولية ديال النخبة ديال الفرق الأوروبية و اللي كان جوفنتوس حتى هو من المؤسسين ديالها.,"lfirqa mn lmo2ssisin dyal jam3iyat lfir9 l2oropiya lli t2sssat mn b3d ma t7llat G-14, wa7d lmjmo3a dawliya dyal nnikhba dyal lfir9 l2oropiya w lli kan jventos 7ta howa mn lmo2ssisin dyalha.","The club is one of the founders of the European Club Association ( ECA ) , which was formed after the dissolution of the G @-@ 14 , an international group of Europe 's most elite clubs of which Juventus were also a founding member .",النادي هو أحد المؤسسين لرابطة الأندية الأوروبية (ECA)، التي تشكلت بعد حلّ مجموعة G-14، وهي مجموعة دولية لألمع أندية أوروبا والتي كان يوفنتوس عضوًا مؤسسًا فيها أيضًا.,33,GENERATED
data50784,WIKI_C_10566,C,جوج شركات اللوالا وصلو لسولت ليك سيتي ف 26 شتنبر والتالتة تبعاتهم قل من سيمانة موراها. التلاتة شركات اللوالا كانو كيشوفوهم بحالا بينو باللي ممكن الواحد يهاجر بالكرويلات ديال اليد.,juj sharikat el-lawala wslo l-salt lake city f 26 chtanbar w-talteta tba3athom ql men semana moraha. tlatet sharikat el-lawala kanu kishufuhom bahala bayno bli mumkin l-wahed yhajar b-el-kroylat dyal el-yad.,The first two companies arrived in Salt Lake City on September 26 and the third followed less than a week later . The first three companies were regarded as having demonstrated the feasibility of emigrating using handcarts .,وصلت الشركتان الأوليان إلى مدينة سولت ليك في السادس والعشرين من سبتمبر، ولحقت بهما الثالثة بعد أقل من أسبوع. اعتُبرت الشركات الثلاث الأولى دليلاً على جدوى الهجرة باستخدام عربات اليد.,30,GENERATED
data50785,WIKI_D_12337,D,= 34، وهو شي غريب بالنسبة للجنس Drosera و قريب لعدد الكروموزومات الثنائي ديال مصيدة فينوس (Dionaea muscipula)، حتى هي عضو من العائلة Droseraceae. التعداد المتغير للكروموزومات ديال Dionaea من دراسات متعددة كيشمل 2n =,"= 34, w huwa chi gharib bnisba ljens Drosera o qrib l3adad lkrwmosomat tthna2i dyal mstyad venus (Dionaea muscipula), hatta hiya 3ado mn l3aila Droseraceae. Tt3dad lmtghayr dlkrwmosomat dyal Dionaea mn drasat mt3adda kychml 2n=","= 34 , which is unusual for the genus Drosera and closer to the diploid chromosome number of the Venus flytrap ( Dionaea muscipula ) , another member of the Droseraceae . Variable chromosome counts for Dionaea from multiple studies include 2n =","يساوي 34، وهو أمر غير معتاد لجنس ""دروسيلا"" وأقرب إلى العدد الكروموسومي الثنائي لنبات ""مصيدة فينوس"" (Dionaea muscipula)، وهو عضو آخر في فصيلة ""دروسيلاسي"" (Droseraceae). تشمل الأعداد الكروموسومية المتغيرة لـ""ديونيا"" من دراسات متعددة 2n =",35,GENERATED
data50786,WIKI_D_10050,D,"Kerr, A. J. (1958). ""The Reception and Codification of Systems of Law in Southern Africa"". Journal of African Law 2 (2): 82–100 @.@ doi: 10 @.@ 1017/ <unk>. JSTOR <unk>.","Kerr, A. J. (1958). ""The Reception and Codification of Systems of Law in Southern Africa"". Journal of African Law 2 (2): 82-100 @.@ doi: 10 @.@ 1017/ <unk>. JSTOR <unk>.","Kerr , A. J. ( 1958 ) . "" The Reception and Codification of Systems of Law in Southern Africa "" . Journal of African Law 2 ( 2 ) : 82 – 100 @.@ doi : 10 @.@ 1017 / <unk> . JSTOR <unk> .","كر ، أ. ج. (1958). ""استقبال وتقنين نظم القانون في جنوب أفريقيا"". مجلة القانون الأفريقي 2 (2): 82-100. doi: 10.1017/<unk>. JSTOR <unk>.",30,GENERATED
data50787,DATA_13307,B,إشتڤان سابو (تزاد ف 18 فبراير 1938) مخرج و كاتب سيناريو و مخرج ديال الأوبرا مجري.,ishtvan sabo (tzad f 18 fibrayer 1938) mukhrij o katib sinariyo o mukhrij dyal l'opera mujri.,"István Szabó ( born February 18 , 1938 ) is a Hungarian film director , screenwriter , and opera director .",إستفان سابو (مواليد 18 فبراير 1938) هو مخرج أفلام وكاتب سيناريو ومخرج أوبرا هنغاري.,21,GENERATED
data50788,WIKI_D_07019,D,ملي كايفيروس يصيب شي خلية، كا يجبرها تصايب آلاف ديال الفيروسات آخرين. كايدير هاكا باللي كيخلي الخلية تنسخ الحمض النووي ديال الفيروس، سواء الحمض النووي الريبوزي منقوص الأكسجين ولا الحمض النووي الريبوزي، و تصايب البروتينات الفيروسية، و هادشي كامل كيتجمع باش يشكل جزيئات فيروسية جديدة.,"mali kayfayrus yusib shi khaliya, kayjberha tsayeb azwaf dyal fayrusat akhrin. kaydir haka belli kaykhalli lkhaliya tensakh lhamd anawi dyal fayrus, sawa2 lhamd anawi ribuzi manquos l'oksijin wala lhamd anawi ribuzi, w tsayeb lprotinat fayrusiya, w hadshi kamil kiyjtma3 bash yushkel jziyat fayrusiya jdida.","When a virus infects a cell , the virus forces it to make thousands more viruses . It does this by making the cell copy the virus 's DNA or RNA , making viral proteins , which all assemble to form new virus particles .",عندما يصيب الفيروس خلية ما، فإن الفيروس يجبرها على صنع آلاف الفيروسات الأخرى. يقوم بذلك عن طريق جعل الخلية تنسخ الحمض النووي أو الحمض النووي الريبي للفيروس، وصنع البروتينات الفيروسية، والتي تتجمع جميعها لتشكيل جسيمات فيروسية جديدة.,45,GENERATED
data50789,WIKI_C_06595,C,شحال هادي فالتاريخ ديالها، سانت مارغريت كانت بحال شي جامع صغير تابع لكنيسة سانت جون ذا بابتيست اللي ف هيلينغدون؛ عاد حتى ل 1827 عاد عطاوها جماعة خاصة بيها.,"ch7al hadi f ttarikh dyalha, St Margaret kant b7al chi jame3 sghir تابع l keniisa St John the Baptist li f Hillingdon; 3ad tta l 1827 3ad 3taw-ha jma3a khassa biha.","For most of its history , St Margaret 's served as a chapel @-@ of @-@ ease to St John the Baptist 's Church in Hillingdon ; it was not until 1827 that it was given its own parish .",على مدار معظم تاريخها، خدمت كنيسة سانت مارغريت ككنيسة ملحقة بكنيسة القديس يوحنا المعمدان في هيلينغدون؛ ولم تحصل على أبرشيتها الخاصة إلا في عام 1827.,29,GENERATED
data50790,DATA_13853,B,في دليل طيور العالم، الجزء 5: بومة الحظيرة لـ طائر الطنان، الأنواع الفرعية اللي مذكورين هما:,"Fi dlil tyur l3alam, jzo' 5: bumat lhazira l ta'ir ttannan, l'anwa3 l فرعية اللي medhkurin huma:","In the Handbook of Birds of the World , Volume 5 : Barn @-@ owls to Hummingbirds , the following subspecies are listed :",في دليل طيور العالم، المجلد الخامس: بوم المخازن إلى طيور الطنان، تُسرد الأنواع الفرعية التالية:,24,GENERATED
data50791,WIKI_D_04498,D,"هايوود كان كيميل للعمل المباشر. الفلسفة الاشتراكية – اللي كان كيسميها المؤيد ديال WFM الأب توماس ج. هاجيرتي ""..."" – مكيبانش ليه قاصحة بزاف على الغريزة العمالية ديال هايوود. من بعد محاكمة القتل ديال بويز، ولا كيعتقد،","haywood kan kimil l'amal lmubashir. lfilosofiya l'ishtirakiya - li kan kayismiha lmu'ayyad dyal WFM l'abb Thomas J. Hagerty ""..."" - makiban-ch lih qasi7a bzzaf 'la lghriza l'umaliya dyal haywood. mn ba3d muhakamat lqatl dyal Boise, wala kay3taqid،","Haywood favored direct action . The socialist philosophy — which WFM supporter the Rev. Fr . Thomas J. Hagerty called "" <unk> "" — did not seem hard @-@ nosed enough for Haywood 's labor instincts . After the Boise murder trial , he had come to believe ,","كان هايوود يفضل العمل المباشر. أما الفلسفة الاشتراكية - التي وصفها مؤيد ""دبليو إف إم"" القس توماس ج. هاجيرتي بـ ""..."" - فلم تبدُ قاسية بما يكفي لغرائز هايوود العمالية. بعد محاكمة القتل في بويز، أصبح يعتقد،",37,GENERATED
data50792,DATA_12517,B,"نهار خمسة في شهر أبريل ديال 2011، لاوطوبيوڭرافي ديال فاي، اللي سميتها ""Bossypants""، خرجات و خداات واحد الريفيو مزيان من نيويورك تايمز.","nhar khamsa fi chehar abril dyal 2011, l'otobiyografi dyal Fay, li smitha ""Bossypants"", kherjat o khdat wahed rifiyu mzyan men New York Times.","On April 5 , 2011 , Fey 's autobiography , Bossypants , was released to a positive review from The New York Times .","في الخامس من أبريل عام 2011، صدرت سيرة في الشخصية الذاتية، ""بوصفانتس""، وحظيت بمراجعة إيجابية من صحيفة نيويورك تايمز.",24,GENERATED
data50793,DATA_13359,B,"بي سي باور بلاي عطاو لديزي لقب ""لعبة العام 2012"" و سماوها رقم خمسة فاللائحة ديالهم ديال أحسن 100 لعبة ديال كل وقت.","bi si bawar blai 3taw l dizi laqab ""lo3bat l3am 2012"" o semmawha raqm khamsa fal-lai7a diyalhum dyal a7san 100 lo3ba dyal kull waqt.","PC PowerPlay gave DayZ the "" Game of the Year 2012 "" and named it number five on their list of top 100 games of all time .","منحت مجلة PC PowerPlay لعبة DayZ لقب ""لعبة العام 2012"" ووضعتها في المرتبة الخامسة ضمن قائمتها لأفضل 100 لعبة على مر العصور.",28,GENERATED
data50794,DATA_1809,A,كلشي مظلم حدايا,kolchi madlem 7daya,Everything is dark around me,كل شيء مظلم حولي,5,PARTIALLY VALIDATED
data50795,WIKI_C_06536,C,نص ريال ديال الحرية اللي كتمشى كان نص دولار ديال الفضة، كانت كطبعو الميريكان من عام ستة عشر وتسعمية و عشرين حتى لسبعة و أربعين وتسعمية و عشرين ؛ صاوبو أدولف إيه واينمان.,"nss riyal dyal lhurriya lli katmsha kan nss dollar dyal lfiDHa, kanat katTba3o lmirikiyan mn 3am 16 w 900 w 20 ht 47 w 900 w 20; Sawbo Adolf A. Weinman.",The Walking Liberty half dollar was a silver 50 @-@ cent piece or half dollar coin issued by the United States Mint from 1916 to 1947 ; it was designed by Adolph A. Weinman .,"كان نصف دولار ""وولكينغ ليبرتي"" قطعة فضية بقيمة 50 سنتًا أو نصف دولار، أصدرتها دار سك العملة الأمريكية من عام 1916 إلى عام 1947؛ وصممها أدولف أ. واينمان.",33,GENERATED
data50796,DATA_10446,A,مانضنش غادي نسويب الكار,mandench ghadi nseweb lkar,I dont think i will  fix the bus,لا أعتقد أنني سأصلح الحافلة,8,PARTIALLY VALIDATED
data50797,WIKI_D_07810,D,عشرة ديال الفراقي ديال العيالات ديال UCI دخلو للسباق، كل فرقة فيها خمسة ولا ستة ديال المتسابقات. و زادو عليهم تمنية ديال المنتخبات الوطنية اللي فيهم يا ربعة يا خمسة ديال المتسابقات، و المجموع ولا تلاتة وتسعين متسابقة.,"3ashra dyal l-faraqi dyal l-3ayalat dyal UCI dkhlu l-sbab, kol ferqa fiha khamsa wla setta dyal lmtsabaqat. w zaddu 3lihom temanya dyal l-montakhabat l-wataniya li fihom ya arba3a ya khamsa dyal lmtsabaqat, w l-mjmu3 wala tlata w tmanin mtsabaqa.","Ten of the UCI women 's team entered the race , each featuring five or six riders . They were joined by eight national teams containing either four or five riders , bringing the total entry up to 93 riders .",دخلت عشرة فرق نسائية من UCI السباق، تضم كل منها خمسة أو ستة متسابقات. وانضمت إليهن ثماني منتخبات وطنية تضم إما أربعة أو خمسة متسابقات، ليبلغ إجمالي المشاركات 93 متسابقة.,38,GENERATED
data50798,WIKI_C_11362,C,"البيت الأبيض ديالهم كيمتلك و معلق تصويرة ديالها، ""رابع يوليوز"". و زيد عليها كاينا حتى فواحد الطابع ديال ميريكان تذكاري اللي دارو على ودها ف 1969.","lbeyt lbyed dyalhom kimtlek w m3ellek tsawret dyalha, ""rab3 yulyuz"". w zid 3liha kayna 7etta f wa7d ttaba3 dyal merikan tmdkari lli daro 3la wedha f 1969.","The White House owns and displays her painting , Fourth of July . It also appears on a U.S. commemorative stamp that was issued in her honor in 1969 .","يمتلك البيت الأبيض ويعرض لوحتها ""عيد الاستقلال"". كما تظهر على طابع تذكاري أمريكي صدر تكريماً لها في عام 1969.",26,GENERATED
data50799,WIKI_C_03720,C,القرار اللي خدا العسكر ديال پاكستان باش يبداو عملية شاملة كان مدعوم بزاف، الصحافيين و الناس اللي كياثروا فالراي العام و السياسيين و الناس اللي كيخدموا السوشيال ميديا كانوا كيشكروا العملية.,"l-qrara lli khda l3skar dyal pakistan bach ybdaw 3amliya chmoula kan mad3oum bzzaf, ssahafiyin w nass lli kiya2t7ro f-ra2y l3am w ssiysyin w nass lli kydmou social media kanou kychkro l3amliya.","The decision by the Pakistani military to launch a comprehensive operation was widely supported , with journalists , opinion @-@ makers , politicians and other social @-@ media users commending the operation .",حظي قرار الجيش الباكستاني بشن عملية شاملة بدعم واسع، حيث أثنى الصحفيون وصناع الرأي والسياسيون وغيرهم من مستخدمي وسائل التواصل الاجتماعي على العملية.,31,GENERATED
data50800,DATA_17684,B,ماتش Wild Card، ماتش واحد ديال البلاي أوف بين جوج فراقي اللي ربحو Wild Card فكل ليݣ.,"Match Wild Card, match wa7ed dyal play-off bin juj fraqi li rb7u Wild Card fkel league.","Wild Card Game , a one @-@ game playoff between the two wild @-@ card teams in each league .",مباراة البطاقة الجامحة، وهي مواجهة فاصلة من مباراة واحدة بين الفريقين الحاصلين على البطاقة الجامحة في كل دوري.,20,GENERATED
data50801,WIKI_D_06279,D,فشبه الجزيرة الإيبيرية كاين دابا موصوفين 13 نوع و بزاف ديال الأنواع الفرعية. الدورة د الحياة ديالو سنوية، كيعيش غير فالشهور اللي سخونة بزاف (خصوصا الجنس <unk> و <unk>)، اللي عادة كتشمل من أواخر الربيع لأوائل الخريف.,"fchibh ljzira l'ibiriya kayn daba mosofin 13 naw3 w bazaf dyal l'anwa3 lfar3iya. adawra dyal l7ayat dyalo sanawiya, kay3ich ghir fchohor lli skhona bazaf (khososan ljens <unk> w <unk>), lli 3adatan katchmol mn awakhir rbi3 l awael lkharif.","In the Iberian Peninsula there are currently described 13 species and several subspecies . Its life cycle is annual , living only during the hottest months ( especially gender <unk> and <unk> ) , which usually comprise of late spring to early autumn .",في شبه الجزيرة الإيبيرية، تم وصف 13 نوعًا والعديد من الأنواع الفرعية حاليًا. دورة حياته سنوية، ويعيش خلال الأشهر الأكثر حرارة فقط (خاصة الجنس <unk> و <unk>)، والتي تشمل عادةً من أواخر الربيع إلى أوائل الخريف.,37,GENERATED
data50802,WIKI_D_04973,D,بموافقة ريد، لوكري بدا كيجند الرجال لحملة كلارك. بزاف ديال الرجال ديال ويستمورلاند ما بغاوش يخليو ديورهم بلا دفاع، و هادشي علاش لوكري قدر يجند غير شي 100 متطوع للحملة.,"bmoaf9at reed, lo7ri bda kayjned rjal l7mla dyal clark. bzaf dyal rjal dyal westmoreland ma bghawch ikhliwe durhom bla difa3, w hadchi 3lash lo7ri9dar yjned ghi chi 100 motawo3 l7mla.","With Reed 's approval , Lochry began recruiting men for Clark 's expedition . Many Westmoreland men did not want to leave their homes undefended , and so Lochry was only able to enlist about 100 volunteers for the campaign .",بموافقة ريد، بدأ لوكري في تجنيد الرجال لبعثة كلارك. لم يرغب العديد من رجال ويستمورلاند في ترك ديارهم دون دفاع، ولذلك لم يتمكن لوكري سوى من تجنيد حوالي 100 متطوع للحملة.,30,GENERATED
data50803,DATA_5843,A,واش بغيتي تعدر على عدشي؟,wach bghiti t8der 3la 8adchi?,Do you want to talk about it ?,هل تريد التحدث عن ذلك؟,8,PARTIALLY VALIDATED
data50804,WIKI_D_01234,D,إذن أنا ماكانضنش باللي دوك التسجيلات كاينين دابا كاع. كانت حاجة صعيبة باش نتقبلها. ولكن كانت بزاف دلأدلة اللي ورات باللي ما بقاوش كاينين. و خاصك تقبل الواقع.,idhan ana makandnch belli douk t تسجيلات kaynin daba ga3. kant haja s3iba bach ntkblha. wlakin kant bezzaf del adella lli wrat belli ma ba9awch kaynin. w khassk tkbl lwaqe3.,So I don 't believe that the tapes exist today at all . It was a hard thing to accept . But there was just an overwhelming amount of evidence that led us to believe that they just don 't exist anymore . And you have to accept reality .,إذن، لا أعتقد أن تلك التسجيلات موجودة على الإطلاق اليوم. كان من الصعب تقبل ذلك. ولكن كان هناك قدر هائل من الأدلة التي قادتنا للاعتقاد بأنها ببساطة لم تعد موجودة. وعليك أن تتقبل الواقع.,28,GENERATED
data50805,WIKI_C_12101,C,"اللقب ""الذهبي"" اللي كيتݣرا حتى ""مول أومبوس"" كيعتابروه علماء المصريات صيغة دينية باش كيهضرو مع المعبود ست.","l-laqab ""d-dh-hbi"" li-kaytgra 7tta ""mol ombos"" kay3tabro 3olama2 l-miSriyin Siygha diniya bach kayhdro m3a l-ma3bud set.","The title "" The golden one "" , also read as "" He of Ombos "" , is considered by Egyptologists to be a religious form of address to the deity Seth .","يُعْتَبَرُ لقب ""الذهبي""، والذي يُقرأ أيضًا ""هو الذي من أومبوس""، عند علماء المصريات صيغة دينية لمخاطبة الإله ست.",17,GENERATED
data50806,DATA_20200,B,الكابيتان جورج فانكوفر وصل لبوجيه ساوند فبداية شهر ماي ف 1792 و كان أول أوروپي شاف الجبل.,l-kabitan جورج فانكوفر wsel l bujeh sound f bdayet shher may f 1792 u kan awwel oroupi chaf jbel.,Captain George Vancouver reached Puget Sound in early May 1792 and became the first European to see the mountain .,وصل الكابتن جورج فانكوفر إلى بوجيه ساوند في أوائل مايو ١٧٩٢، وأصبح أول أوروبي يرى الجبل.,20,GENERATED
data50807,WIKI_C_11749,C,بيلينغهام قرر يدير واحد لمسابقة ديال السبت للدراري الصغار. أول مسابقة كانت ف تلاتة أكتوبر 1964، ف جيلونج. بيلينغهام كان دار إعلان على هاد الشي ف الجورنال ديال جيلونج أدفرتايزر و قال:,"bilingam qarar ydir wa7d lmsaba9a dyal sbt ldrari sghar. awl msaba9a kan f tlata october 1964, f jilong. bilingam kan dar i3lan 3la had chi f ljornal dyal jilong advertiser w gal:","Billingham decided to set up a Saturday competition for younger children . The first competition was on 3 October 1964 , in Geelong . Billingham had advertised the event in the Geelong Advertiser by saying :",قرر بيلينغهام إنشاء مسابقة يوم السبت للأطفال الأصغر سنًا. كانت المسابقة الأولى في 3 أكتوبر 1964، في جيلونج. أعلن بيلينغهام عن الحدث في صحيفة جيلونج أدفرتايزر قائلاً:,32,GENERATED
data50808,DATA_18001,B,"إعلان الاستقلال ديال ميريكان (1776) كيتّهم الملك جورج التالت بـ ""ديّانا لبرا لبحار باش نتحاكمو على شي جرايم لي ما كايناش.""","I3lane l-istiqlal dyal Mirikan (1776) kaytthem l-malik Jorj t-talet b- ""diyana lbara lb7ar bash nt7akmo 3la shi jrayem li ma kaynach.""","The United States Declaration of Independence ( 1776 ) accuses King George III of "" transporting us beyond seas to be tried for pretended offences . ""","يتهم إعلان استقلال الولايات المتحدة (1776) الملك جورج الثالث بـ ""نقلنا إلى ما وراء البحار لمحاكمتنا بتهم مزعومة"".",27,GENERATED
data50809,WIKI_D_00018,D,طريق ديال VT 17 كيختلف بزاف على الجوايه بجوج ديال وسط مدينة بريستول. غرب بريستول، الطريق كيدوز ف أرض مسطحة تقريبا و كيربط بزاف ديال الدواور. شرق بريستول، VT 17 فيها الجبال كتر و قروية كتر فالطبيعة ديالها.,"tariq dyal VT 17 ki khtelif bzaf 3la ljwayeh bjouj dyal wast mdint bristol. gharb bristol, tariq kadouz f ard msat7a ta9riban w kayrbt bzaf dyal dwawer. shar9 bristol, VT 17 fiha ljbal ktar w 9woriya ktar faltbi3a dyalha.","The routing of VT 17 varies greatly on opposite sides of the Bristol town center . West of Bristol , the route passes through generally level terrain and connects multiple communities . East of Bristol , VT 17 is more mountainous and more rural in nature .",يختلف مسار في تي 17 اختلافاً كبيراً على الجانبين المتقابلين لوسط مدينة بريستول. غرب بريستول، يمر المسار عبر تضاريس مستوية بشكل عام ويربط مجتمعات متعددة. شرق بريستول، يكون طريق في تي 17 جبلياً وريفياً في طبيعته بشكل أكبر.,38,GENERATED
data50810,WIKI_C_08891,C,لكتابة دارو: بيونسي نولز، مايك كارين، ويليام لوبان بين، جيوف إيرلي، تشارلز هينشو، آدم ...، ديكسي، ستيفن بيشوب، شونسي هوليس، مايك دين، سيدني سويفت.,"lktaba drou: beyonsé noulz, mayk karin, wiliam loban bin, jof irli, charlz hinshaw, adam ..., diksi, stifen bichop, chaunsi holiz, mayk din, sidni swit.","Writing — Beyoncé Knowles , Mike Caren , William Lobban @-@ Bean , Geoff Early , Charles Hinshaw , Adam <unk> , Dixie , Stephen Bishop , Chauncey Hollis , Mike Dean , Sidney Swift",الكتابة — بيونسيه نولز، مايك كارين، ويليام لوبان بين، جيف إيرلي، تشارلز هينشو، آدم <unk>، ديكسي، ستيفن بيشوب، شونسي هوليس، مايك دين، سيدني سويفت.,24,GENERATED
data50811,DATA_23010,B,"( a , b ) + ( c , d ) = ( a + c , b + d ) .

( a , b ) زائد ( c , d ) كيساوي ( a زائد c ، b زائد d ).","( a , b ) za2id ( c , d ) kaysawi ( a za2id c , b za2id d ).","( a , b ) + ( c , d ) = ( a + c , b + d ) .", ( أ ، ب ) + ( ج ، د ) = ( أ + ج ، ب + د ) .,22,GENERATED
data50812,DATA_19171,B,فنفس العام، واحد ليكيب من USNO أكدوا باللي الكوكب كاين، و الاحتمال كان طالع بزاف.,"Fnفس l3am, wa7d likib mn USNO akdou balli lkawkab kayn, o l'i7timal kan talle3 bzzaf.","That same year , however , a team from the USNO confirmed the existence of the planet with a much higher probability .",ومع ذلك، في العام نفسه، أكد فريق من المرصد البحري للولايات المتحدة وجود الكوكب باحتمالية أعلى بكثير.,23,GENERATED
data50813,WIKI_C_06607,C,"هادلي، جون (2012). ""حابس ' <unk> ' الحيوانات"". <unk> 6 (1) : 41 – 46 @.@ doi : 10 @.@ 1007 / <unk> @-@ 012 @-@ 0142 @-@ 6.","hadli, john (2012). ""7abis '<unk>' l7yawanat"". '<unk>' 6 (1) : 41-46 @.@ doi : 10 @.@ 1007 / '<unk>' @-@ 012 @-@ 0142 @-@ 6.","Hadley , John ( 2012 ) . "" Confining ' <unk> ' Animals "" . <unk> 6 ( 1 ) : 41 – 46 @.@ doi : 10 @.@ 1007 / <unk> @-@ 012 @-@ 0142 @-@ 6 .","هادلي، جون (2012). ""حبس الحيوانات «غير المعروفة»"". «غير المعروف» 6 (1): 41-46. doi: 10.1007/«غير المعروف»-012-0142-6.",29,GENERATED
data50814,WIKI_C_02589,C,دغيا ناض الصداع بين الجمهورية الأولى ديال أرمينيا والجمهورية الديموقراطية ديال أذربيجان ف تلاتة ديال الجهات بالظبط: <unk>، زنڭزور (ليوم ولاّت إقليم سيونيك الأرميني) و كاراباخ بالذات، ف أذربيجان.,"dghya naḍ ṣṣda3 bin ljumhuriya l2owla dyal arminya wljumhuriya d ldimuqratiya dyal azrbayjan f tlat dyal ljihhad bḍbt: <unk>, zangizur (lyum wallat iqlim syunik larmeni) w karabakh bidat, f azrbayjan.","Fighting soon broke out between the First Republic of Armenia and the Azerbaijan Democratic Republic in three specific regions : <unk> , Zangezur ( today the Armenian province of Syunik ) and Karabakh itself , in Azerbaijan .",اندلع القتال قريبًا بين جمهورية أرمينيا الأولى وجمهورية أذربيجان الديمقراطية في ثلاث مناطق محددة: <unk>، زانغيزور (التي هي اليوم مقاطعة سيونيك الأرمينية)، وكاراباخ نفسها، في أذربيجان.,29,GENERATED
data50815,WIKI_C_01425,C,كومپطون مات ف بيركلي، كاليفورنيا بسكتة دماغية ف 15 مارس 1962. خلا مرتو وولادو، و تدفن ف مقبرة ووستر ف ووستر، أوهايو.,"kompton mat f berkeley, california b skta dmaghya f 15 mars 1962. khlla mertu w wlado, w tdfen f maqbre wooster f wooster, ohio.","Compton died in Berkeley , California , from a cerebral hemorrhage on March 15 , 1962 . He was survived by his wife and sons , and buried in the Wooster Cemetery in Wooster , Ohio .",توفي كومبتون في بيركلي، كاليفورنيا، بنزيف دماغي في 15 مارس 1962. خلفته زوجته وأبناؤه، ودفن في مقبرة ووستر في ووستر، أوهايو.,22,GENERATED
data50816,DATA_20838,B,تأسسات جمعية هول ديال لاكروس ف 2008 و دابا كيلعبو فالقسم الممتاز الثالث ديال جمعية لاكروس رجال شمال إنجلترا.,T'essessat jem'iya hool dyal lacrosse f 2008 w daba كيلعبو falqism l-momtaz t-talet dyal jem'iya lacrosse rijal chmal inglterra.,Hull Lacrosse Club was formed in 2008 and currently plays in the Premier 3 division of the North of England Men 's Lacrosse Association .,تأسس نادي هال للاكروس عام 2008 ويلعب حاليًا في دوري الدرجة الممتازة 3 التابع لرابطة شمال إنجلترا للاكروس للرجال.,25,GENERATED
data50817,DATA_17458,B,ستراسبورغ ضرب ب .277، سجل ضربة وحدة طايرة، 7 ديال RBIs، و خدا تلاتة ديال التيكي، الشي اللي خلاه ياخد جائزة Silver Slugger.,"Strasbourg darb b .277, sjjel darba wahda tayra, sba3 diyal RBIs, u khda tlate diyal t-keys, shi li khllah yakhod ja'iza Silver Slugger.","Strasburg hit .277 with a home run , 7 RBI , and three walks , earning him a Silver Slugger Award .",حصل ستراسبرغ على معدل .277 مع ضربة قوية ، و 7 نقاط امتياز ، وثلاث تمريرات ، مما أكسبه جائزة سيلفر سلقر.,22,GENERATED
data50818,DATA_15847,B,"فالكتاب القصصي القصير ديال سلمان رشدي ""الشرق، الغرب""، الشخصيات الرئيسية زولو وتشيكوف هما دوسكوس.","fal ktab lkissasi lkssir dyal salman rushdi ""asharq, algharb"", ashakhssiyat arraissiya zulu u tchekhov huma douskouss.","In Salman Rushdie 's short @-@ story anthology East , West , the protagonists Zulu and Chekhov are Doscos .","في مختارات سلمان رشدي القصصية القصيرة ""الشرق، الغرب""، البطلان زولو وتشيكوف هما دوسكوس.",20,GENERATED
data50819,DATA_6420,A,كانت المكتبة خاوية تا جينا,kant lmktaba 5awya ta jina,the library was quiet until we got here,كانت المكتبة هادئة حتى وصلنا إلى هنا,8,PARTIALLY VALIDATED
data50820,WIKI_D_11524,D,"بּ الإضافة للمرادفات بالإنجليزية، ADS كتقلب حتى على الترجمات بالإنجليزية ديال كلمات البحث الأجنبية و بالعكس، يعني بحث على الكلمة الفرنسية ""soleil"" يجيب ليك نتائج على ""Sun""، و المقالات بلغات أخرى من غير الإنجليزية يقدروا يبانو بكلمات البحث بالإنجليزية.","b l'idafa l'lmradfat b l'inglizya, ADS k'tqellab 7ta 3la ttrjamat b l'inglizya dyal klimit l'b7t l'ajnabiya w b l'aks, ya3ni b7t 3la lklma lfransiya ""soleil"" yjibb lik ntsaj 3la ""Sun"", w l'maqalat b l'loghat o5ra mn ghyr l'inglizya yeqdr ybanu bklmit l'b7t b l'inglizya.","As well as English language synonyms , ADS also searches for English translations of foreign search terms and vice versa , so that a search for the French word soleil retrieves references to Sun , and papers in languages other than English can be returned by English search terms .","بالإضافة إلى المرادفات باللغة الإنجليزية، يبحث ADS أيضًا عن الترجمات الإنجليزية لمصطلحات البحث الأجنبية والعكس صحيح، بحيث يؤدي البحث عن الكلمة الفرنسية ""soleil"" إلى استرداد إشارات إلى ""Sun""، ويمكن إرجاع الأوراق بلغات أخرى غير الإنجليزية بواسطة مصطلحات البحث الإنجليزية.",39,GENERATED
data50821,WIKI_D_08259,D,الأهمية ديال التريتون كاتعدى المهمة العسكرية المحددة اللي تعطات ليها. التريتون، فالعمليات ديالها، غاتجرّب واحد النوع متطور ديال محطة الدفع النووي وغاتمهد الطريق للسفن الحربية الغاطسة ديال المستقبل.,"l2 أهمية dtial tripton kat3dda lmohma l3skariya lmo7adda lli ta3tat liha. tripton, f l3maliat dtialha, gatjarrb wa7d nno3 mtawwar dtial ma7attat daf3 lnowawi w gatmahhed 7dri9 li ssofwan l7arbiyah ligatisa d lmustaqbal.","The importance of the Triton goes beyond the specific military task which has been assigned her . The Triton , in her operations , will test an advanced type of nuclear propulsion plant and will pave the way for the submersible capital ships of the future .",تتجاوز أهمية تريتون المهمة العسكرية المحددة التي أسندت إليها. وستقوم تريتون، في عملياتها، باختبار نوع متقدم من مفاعل الدفع النووي وتمهد الطريق للسفن الحربية الغاطسة في المستقبل.,28,GENERATED
data50822,DATA_17123,B,Murdock (ولا جونز ضد مدينة أوبيليكا) كانت قضية كاتدور على صحة واحد القانون البلدي (فجانيت، بنسيلفانيا) مكتوب بهاد الطريقة:,"Murdock (wla Jones dd mdina Opelika) kant qadiya katdoor 3la s7a wa7d lqanoon lbaladi (Fajaniet, Pennsylvania) mktoub bhad ttariqa:","Murdock ( or Jones v. City of Opelika ) was a case involving the validity of a city ordinance ( in Jeannette , Pennsylvania ) worded as follows :",كانت قضية موردوك (أو جونز ضد مدينة أوبيليكا) قضية تتعلق بصلاحية مرسوم بلدي (في جانيت، بنسلفانيا) صيغ على النحو التالي:,29,GENERATED
data50823,DATA_16012,B,مع أنها مبنية خصيصًا باش يلعب فيها إيفرتون لكورة القدم، جوديسون بارك استضافات بزاف ديال الأنواع الأخرى ديال الأحداث.,"Ma3a annaha mebniya khississan bash yel3ab fiha Everton lkora lqadam, Goodison Park staddafat bzzaf dyal l'anwa3 l'okhra dyal l'ahdath.","Despite being purposefully built for Everton F.C. to play football , Goodison Park has hosted many other types of events .",على الرغم من بنائه خصيصًا لنادي إيفرتون لكرة القدم لممارسة كرة القدم، استضاف ملعب غوديسون بارك العديد من أنواع الفعاليات الأخرى.,21,GENERATED
data50824,WIKI_C_01300,C,خوسي كان واحد لعاصفة مدارية ضعيفة و قصيرة اللي تشكلات بعيدة على اليابسة ف 29 أكتوبر. بقات غادية بصفة عامة للشمال الشرقي قبل ما تولي شبه مدارية و من بعد تحلّت ف 1 نونبر قريب من جزر الآزور.,khosi kan wa7ed l3asfa مدارية da3ifa w qasira lli tchklat b3ida 3la lyabsa f 29 october. bqat ghdiya b9ifta 3amma l shmal sharqi qbel ma twli shbh مدارية w men ba3d t7llt f 1 november qrib men jzor l azor.,Jose was a weak and short @-@ lived tropical storm that formed far from land on October 29 . It moved generally northeast before becoming subtropical and then dissipating on November 1 near the Azores .,كان جوزيه إعصارًا استوائيًا ضعيفًا وقصير العمر تشكل بعيدًا عن اليابسة في 29 أكتوبر. اتجه بشكل عام شمال شرق قبل أن يصبح شبه استوائي ثم يتبدد في 1 نوفمبر بالقرب من جزر الأزور.,38,GENERATED
data50825,WIKI_C_12248,C,كان، سيرجي (1999). الله يرحمو: ثقافة التلينجيت و المسيحية الروسية الأرثوذكسية على طول جوج قرون. مطبعة جامعة واشنطن. ISBN 978 @-@ 0 @-@ 295 @-@ <unk> @-@ 2.,"kan, ser7i (1999). allah yer7mo: thqafat tlingit w l-masi7iya l-roussiya l-ortodoksiyya 3la tool jooz qron. mtabe3 jami3at washnton. ISBN 978-0-295-<unk>-2.","Kan , Sergei ( 1999 ) . Memory Eternal : Tlingit Culture and Russian Orthodox Christianity through Two Centuries . University of Washington Press . ISBN 978 @-@ 0 @-@ 295 @-@ <unk> @-@ 2 .",كان، سيرغي (1999). الخلود للذاكرة: ثقافة التلينغيت والمسيحية الأرثوذكسية الروسية عبر قرنين. مطبعة جامعة واشنطن. ISBN 978-0-295-<unk>-2.,28,GENERATED
data50826,WIKI_D_03313,D,"حتى تقبلوا الكاثوليك الرومان لأوكسبريدج ف 1854، ستوني هيرست كانت حتى هيا دار ديال ""الفلاسفة الرجال"" اللي كانوا كيقراو الباكالوريا تحت نظام امتحان لندن. العدد ديالهم بدا كينقص من بعد 1894 و القسم سدوه ف 1916.","7tta ta9blo lkatholik dyal roman l'oxbridge f 1854, stonyhurst kanet 7tta hiya dar dyal ""lflasfa rajl"" lli kanou kay9raw lbacaloria ta7t nizam dyal exam de london. l3adad dyalhom bda kayn9os men ba3d 1894 w l9ism seddoh f 1916.","Until Roman Catholics were admitted to Oxbridge in 1854 , Stonyhurst was also home to "" philosopher gentlemen "" studying BA courses under the London Matriculation Examination system . Their numbers began to fall after 1894 and the department was closed in 1916 .","حتى تم قبول الرومان الكاثوليك في أوكسبريدج عام 1854، كانت ستوني هيرست أيضًا موطنًا لـ ""رجال فلاسفة"" يدرسون دورات البكالوريوس ضمن نظام امتحان الالتحاق بجامعة لندن. بدأت أعدادهم في الانخفاض بعد عام 1894 وأُغلق القسم عام 1916.",36,GENERATED
data50827,WIKI_D_11603,D,بحال النباتات: الفطريات عندها جدار خلوي و فجوات. كاتكاثر جنسيا ولا جنسيا، و بحال المجموعات النباتية البدائية (بحال السرخسيات و الحزازيات) كاينتجوا الجراثيم. و بحال الحزازيات و الطحالب، الفطريات عادة عندها نواة أحادية الصيغة الصبغية.,"bhal nbatat: lfitriyat 3andha jdar khali w fjwat. katkatr jinsiya wala jinsiya, w bhal lmjmu3at nbatya lbidaiya (bhal srxasiyat w l7zaziyat) kayntjo ljaratim. w bhal l7zaziyat w l7alib, lfitriyat 3ada 3andha nawat ahadiya siyt sbiya.","With plants : Fungi have a cell wall and vacuoles . They reproduce by both sexual and asexual means , and like basal plant groups ( such as ferns and mosses ) produce spores . Similar to mosses and algae , fungi typically have haploid nuclei .",مع النباتات: للفطريات جدار خلوي وفجوات. تتكاثر جنسيًا ولا جنسيًا، وكالمجموعات النباتية القاعدية (مثل السرخسيات والحزازيات) تنتج أبواغًا. على غرار الحزازيات والطحالب، تمتلك الفطريات عادةً أنوية أحادية الصيغة الصبغية.,35,GENERATED
data50828,WIKI_D_07174,D,"الرئاسة ديال الوزارة كانت هي وزير المالية (اللي كانت سميتهم ""كوميسير"" حتى لـ 1946)، هو الراس ديال الوزارة. البيرو ديال النائب الأول ديال وزير المالية كان كيتشاف بحال هو النمرة التانية ديال الوزارة.","lriasa dyal lwizara kant hi wazir lmalia (lli kant smiytum ""komisar"" hatta l 1946), huwa rras dyal lwizara. lbirro dyal lna2ib l'awwal dyal wazir lmalia kan kitshaf bhal huwa nmra taniya dyal lwizara.","The leading office of the ministry was the Minister of Finance ( titled "" Commissars "" until 1946 ) , the head of the ministry . The offices of First Deputy Minister of Finance were seen as the ministry 's second @-@ in @-@ command .","كان المكتب الرئيسي للوزارة هو وزير المالية (المُلقب بـ ""مفوّض"" حتى عام 1946)، وهو رئيس الوزارة. وكانت مكاتب النائب الأول لوزير المالية تُعتبر القيادة الثانية للوزارة.",33,GENERATED
data50829,WIKI_C_06320,C,تاريخ و التطور ديال أوريجون من بعد 1845: تكملة ديال تاريخ أوريجون قبل 1845، كيفما قال ديادي ف الخطاب ديالو للرواد ف سالم ف 1875. مع هوبرت هاو بانكروفت.,"tari7 w tatowwur dyal oregon mn ba3d 1845: tkmla dyal tari7 oregon qbl 1845, kifma qal deady f lkhiTaab dyalo lrowwad f salem f 1875. m3a hubert howe bancroft.","History and Progress of Oregon After 1845 : In Continuation of the History of Oregon Before 1845 , as Given in Deady 's Address to the Pioneers at Salem in 1875 . With Hubert Howe Bancroft .",تاريخ وتقدم ولاية أوريغون بعد عام 1845: استكمالاً لتاريخ ولاية أوريغون قبل عام 1845، كما ورد في خطاب ديادي للرواد في سالم عام 1875. بالاشتراك مع هوبرت هاو بانكروفت.,29,GENERATED
data50830,WIKI_D_08276,D,"من بعد ما تحطّات و تقبلات الخطة الرئيسية الجديدة، دارو شي متظاهرين شي خطوات خرين؛ هادشي كان مركز على مبنى ديال ""هارڤيست فورستري"" اللي فالقنت ديال شارع ""نيو إنگلاند"" و ""تشيبسايد""، اللي جلسو فيه شحال.","men ba3d ma ts7e7et w t9belet lkhottat lra2issiya jdida, daro chi mtyahirin chi khotowat khriyin; hadchi kan mrcouz 3la mbna dyal 'harvest forestry' li fl9ent dyal str3 'new england' w 'cheapside', li jlesso fih chhal.","After the new master plan was submitted and approved , further action was taken by protestors ; this was focused on the Harvest Forestry building at the corner of New England Street and Cheapside , which was squatted for a time .",بعد تقديم الخطة الرئيسية الجديدة والموافقة عليها، اتخذ المتظاهرون إجراءات أخرى؛ تركزت هذه الإجراءات على مبنى هارڤيست فورستري عند زاوية شارع نيو إنگلاند وتشيبسايد، والذي تم احتلاله لبعض الوقت.,35,GENERATED
data50831,WIKI_D_12340,D,"فجريدة المستقبل، إلياس عطا الله طالب بتوسيع التحقيقات اللي دايرينها على اغتيال <unk> الحريري باش تدخل تفجيرات القصير والحاوي. وطالب بالاستقالة ديال لحود، وقال باللي الرئيس ""ما قادرش يحمي الشخصيات القيادية في لبنان"".","f جريده l mustaqbal, Elias Atallah talab b tawsi3 lta7qiqat lli dayrinha 3la tighyal <unk> l 7ariri bach dkhul tafjiratt l qasir w l 7awi. w talab b ltiqala dyal Lahd, w qal bli r-ra2is ""ma qadrch y7mi shkhasyyat l qiyadiyya f l Lubnan"".","In Al Mustaqbal newspaper , Elias Atallah called for broadening the planned inquiries into <unk> Harri 's assassination to include the Kassir and Hawi bombings . He demanded Lahoud 's resignation , saying the president was "" incapable of protecting leadership figures in Lebanon . ""","في صحيفة المستقبل، دعا إلياس عطا الله إلى توسيع التحقيقات المخطط لها في اغتيال <unk> الحريري لتشمل تفجيرات القصير والحاوي. وطالب باستقالة لحود، قائلاً إن الرئيس ""عاجز عن حماية الشخصيات القيادية في لبنان"".",33,GENERATED
data50832,WIKI_C_07551,C,"ڭلاوسسترشاير دارو أول زيارة ديالهم لملعب أولد ترافورد للكريكيت نهار الخميس 25 يوليوز باش يلعبو ضد لانكشاير و هاد الماتش لي خلدو فرانسيس تومبسون فقصيدتو الرومانسية ""في ملعب لوردز"":",glocestirshair daro awl ziya dialhom lmal3b old trafford lil cricket nhar lkhmis 25 yulyuz bach yel3bu dde 25 yulyuz bach yel3bu dde lancashir w had lmatch li khldo francis thompson f qsidto rromansiya 'f mal3b lordz':,"Gloucestershire made their first visit to Old Trafford Cricket Ground on Thursday , 25 July , to play Lancashire and this was the match immortalised by Francis Thompson in his idyllic poem At Lord 's :","قامت غلوسترشاير بزيارتها الأولى لملعب أولد ترافورد للكريكيت يوم الخميس 25 يوليو، للعب ضد لانكشاير، وكانت هذه المباراة هي التي خلدها فرانسيس طومسون في قصيدته المثالية ""في ملعب اللورد"":",29,GENERATED
data50833,WIKI_D_02179,D,ملّي كان صغير، حضر لواحد الكامپ ديال خمسة يام ديال أساسيات البيسبول اللي كيديرو باه للدراري الصغار من خمس سنين حتال ربعة عشر عام. باه كان حتى هو الكوتش ديالو فالليڭ الصغير حتال ربعة عشر عام. قال باه:,"mnlli kan sghir, 7ddr l w7d l kamp dyal 5 yam dyal asassiyat l baseball lli kaydir bo l drari sghar mn 5 snin 7tal 14 3am. bo kan 7ta howa l coach dyalo f l lig sghir 7tal 14 3am. qal bo:","As a youth , he attended a five @-@ day baseball fundamentals camp that his father runs for children ages 5 – 14 . His father was also his little league coach until he was 14 . His father said :",في شبابه، حضر مخيمًا لمدة خمسة أيام لأساسيات البيسبول يديره والده للأطفال الذين تتراوح أعمارهم بين 5 و 14 عامًا. وكان والده أيضًا مدربه في دوري الناشئين حتى بلغ من العمر 14 عامًا. قال والده:,38,GENERATED
data50834,WIKI_C_03923,C,المهام والسياسات اللي كاينين دابا ف قطاع الماء والتطهير ف كولومبيا، محددين بالأساس ف دستور ديال 1991 والقانون رقم 142 ديال 1994، قانون الخدمات العمومية المنزلية.,"lmeham w silasiyat lli kaynin daba f qeta3 lma w ttahtir f kolombiya, mohaddidin bel asasi f دستور dyal 1991 w lqanoun raqm 142 dyal 1994, qanoun khadamat l'oummoumiya lmanziliya.",The current responsibilities and policies in the water and sanitation sector in Colombia are primarily defined in the 1991 constitution and in Law 142 of 1994 ( Ley de Servicios Públicos Domiciliarios or Public Housing Services Law ),تُعرَّف المسؤوليات والسياسات الحالية في قطاع المياه والصرف الصحي في كولومبيا بشكل أساسي في دستور عام 1991 والقانون رقم 142 لعام 1994 (قانون خدمات الإسكان العامة).,26,GENERATED
data50835,WIKI_D_11939,D,الملك الصغير جورج الأول ديال اليونان زار روسيا ف 1863 باش يشكر خال أولغا، القيصر ألكسندر الثاني على الدعم ديالو فاش كان جورج كيترشح باش يولي ملك ديال اليونان. تما تعرف جورج على أولغا اللي كان عندها ديك الساعة 12 عام أول مرة.,"lmalek sghir george l'awel dyal l'yunan zar russiya f 1863 bach yshokher khal olga, lqayser alexander ttani 3la ddem dyalo fach kan george kytrecha7 bach ywli malek dyal l'yunan. tema t3ref george 3la olga lli kan 3ndha dek sa3a 12 3am l'awel mera.","The young King George I of Greece visited Russia in 1863 to thank Olga 's uncle Tsar Alexander II for his support during George 's election to the throne of Greece . Whilst there , George met the then twelve @-@ year @-@ old Olga for the first time .",زار الملك الشاب جورج الأول ملك اليونان روسيا عام 1863 لشكر خال أولغا، القيصر ألكسندر الثاني، على دعمه خلال انتخاب جورج لعرش اليونان. وهناك، التقى جورج بأولغا، التي كانت تبلغ من العمر اثني عشر عامًا آنذاك، للمرة الأولى.,43,GENERATED
data50836,WIKI_C_12226,C,"سي والتر سكوت، اللي كان كيعجبو bildungsroman و الحبكات المفتوحة، كتب ف ""<unk> ميموار تو ريتشاردسون"" لـ The Novels of Samuel Richardson (1824):","si walter scott, li kan kiyi3jebou bildungsroman w lhobkat lmftou7a, kteb f ""<unk> memoir to richardson"" l The Novels of Samuel Richardson (1824):","Sir Walter Scott , who favoured the bildungsroman and open plots , wrote in his "" <unk> Memoir to Richardson "" to The Novels of Samuel Richardson ( 1824 ) :","كتب السير والتر سكوت، الذي كان يفضل رواية التكوين والقصص المفتوحة، في ""<unk> سيرة ذاتية لـ ريتشاردسون"" ضمن ""روايات صمويل ريتشاردسون"" (1824) ما يلي:",23,GENERATED
data50837,WIKI_D_12406,D,قسطنطينوس كومنينوس دوكاس، اللي مذكور غير فالنص اللاتيني ديال معاهدة 1210 مع البندقية، فين كيتوصف بلي هو الخليفة ديال باه. باين باللي مات صغير، قبل ما يموت ميكائيل براسو.,"constantinus komnenos dukas, lli madhkour ghir fel nass latini dyal mo3ahadat 1210 m3a l'bendyaq, fin kayetwsaf beli howa lkhalifa dyal babah. bayen beli mat sghir, qbel ma يموت michael b raso.","Constantine Komnenos Doukas , mentioned only in the Latin text of the 1210 treaty with Venice , where he is designated as his father 's successor . He must have died at a young age , before Michael 's own death .",قسطنطينوس كومنينوس دوكاس، الذي لم يُذكر إلا في النص اللاتيني لمعاهدة عام 1210 مع البندقية، حيث تم تعيينه خلفًا لوالده. لا بد أنه توفي في سن مبكرة، قبل وفاة ميخائيل نفسه.,29,GENERATED
data50838,DATA_3436,A,ياله نبداو بأسئلة ساهلة,yalah nabdaw b as2ila sa8la,Then let's start with simple questions,إذن، دعنا نبدأ بأسئلة بسيطة,6,PARTIALLY VALIDATED
data50839,DATA_9120,A,أنا غادي نؤكد ليك أنا البلاصة لي خاطجي ليها آمنة,ana ghadi n2ekked lik ana lblassa li 5atji liha amna,i will assure you this place is safe,أؤكد لكم أن هذا المكان آمن,8,PARTIALLY VALIDATED
data50840,WIKI_C_07693,C,الصندوق الوطني للديموقراطية كرم شان بجائزة الديموقراطية ديال 2008. شان كان واحد من سبعة ديال المحامين والنشطاء الحقوقيين الصينيين اللي تعطات ليهم الجائزة.,s-Snduq l-WaTani l-d-DimoqraTiye krm Chen b-jā'izT d-DimoqraTiye dyal 2008. Chen kan waHd mn seb3a dyal l-mHamin w-l-nshTaT l-HuPuQ l-mDniy n-Siniyin lli t3TaT lihom j-jā'izT.,The National Endowment for Democracy honored Chen with the 2008 Democracy Award . Chen was one of seven Chinese lawyers and civil rights activists to be named as recipients of the award .,كرّم الصندوق الوطني للديمقراطية تشين بجائزة الديمقراطية لعام 2008. وكان تشين واحدًا من سبعة محامين وناشطين في مجال الحقوق المدنية الصينيين الذين تم اختيارهم كمتلقين للجائزة.,23,GENERATED
data50841,DATA_0281,A,هادي لمرة الثالتة لي كايخسر فيها السانسور هاد جوج سيمانات اللخرين,hadi lmerra ttalta lli kaykhsr fiha ssansour had joj simanat llkhrin,This is the third time the lift has broken in the last two weeks.,هذه هي المرة الثالثة التي تتعطل فيها المصعد في الأسبوعين الماضيين.,14,PARTIALLY VALIDATED
data50842,WIKI_C_06578,C,"القعر ديال العافية والبلاصة اللي تضررات بزاف كانت ""هوسل ويست""، اللي كانت كتخدمها طوطال وتيكساكو باش يخبّيو أنواع ديال ليسانس، والبلاصة اللي حداها ديال بريتيش پايپلاين إيجنسي.","l9er dyal l3afya welبلاça lli tdarret bzaf kanet ""hosl west"", lli kanet kheddamaha total w texaco bach ykhbbo anwa3 dyal lisans, welبلاça lli 7datha dyal british pipeline agency.","The seat of the fire , and the worst damaged section , was "" HOSL West "" , used by Total and Texaco to store a variety of fuels , and the neighbouring British Pipeline Agency area .","كان مقر الحريق، والمنطقة الأكثر تضرراً، هو ""هوسل ويست""، الذي كانت تستخدمه شركتا توتال وتيكساكو لتخزين مجموعة متنوعة من الوقود، والمنطقة المجاورة التابعة لوكالة الأنابيب البريطانية.",27,GENERATED
data50843,DATA_1657,A,"لا, راه طلبها مرا خرى.","la, rah tlabha mra khra.","No, he asked for it again.",لا، لقد طلبها مجدداً.,6,PARTIALLY VALIDATED
data50844,WIKI_C_06554,C,"بحساب الأهمية الثقافية والمعمارية ديالها، تزادوا ربعة د البنايات من دانيبود ف السجل الوطني ديال المواقع التاريخية ف ميريكان ف 30 يونيو 1975 تحت سمية ""مجمع دانيبود التاريخي"".","b7sab l-2 أهمية الثقافية و المعمارية dyalha, tzadu rba3a d l-bniyat mn danibod f s-sjil l-waTani dyal l-mawqa3 li-t tarikhiya f merican f 30 juni 1975 ta7t smit ""mjm3 danibod li-t tarikhi"".","On the basis of its cultural and architectural significance , four buildings from Danebod were added to the U.S. National Register of Historic Places on June 30 , 1975 as the "" Danebod Historic Complex "" .","على أساس أهميتها الثقافية والمعمارية، تمت إضافة أربعة مبانٍ من دانيبود إلى السجل الوطني للأماكن التاريخية بالولايات المتحدة في 30 يونيو 1975 تحت اسم ""مجمع دانيبود التاريخي"".",28,GENERATED
data50845,DATA_0428,A,مافهمتش علاش جبت غير 12/20 فلامتحان,mafhemtch 3lach jebt hir 12/20 flmti7an,I don't understand why I only got 12/20 in control,لا أفهم لماذا حصلت على 12/20 فقط في الاختبار,10,PARTIALLY VALIDATED
data50846,WIKI_C_09578,C,ألمان كانو عارفين بلي لمظليين ديال بريطانيا فكو لي شارج ليكانو لاصقين ف قنطرة ديال پريموسولي، ودابا حاولو يخربوها بالطرانات عامرين بالمتفجرات، و ما صدقاتش ليهم.,"l2alman kanou 3arfin bli limdaliyin dyal britanya fakko l-charge likano lasqin f qantarat primusoli, w daba 7awlu ykharbuha b-tiranat 3amrin b-lmotafajirat, w ma sda9at lihom.","The Germans were aware that the British paratroopers had dismantled the explosive charges attached to Primosole Bridge , and now attempted to destroy it by driving trucks laden with explosives onto it . This was unsuccessful .",كان الألمان على علم بأن المظليين البريطانيين قد فككوا العبوات الناسفة المربوطة بجسر بريموسولي، وحاولوا الآن تدميره عن طريق دفع شاحنات محملة بالمتفجرات فوقه. لم ينجح هذا الأمر.,26,GENERATED
data50847,WIKI_D_02098,D,شَاكِلفُورد تْقَاعَد باش يكون كَبْش ف نُوفَمْبَر 2012 و دّاوْه لْمَزْرْعَة د دارْبِي دان ف لِكْسِنْغْتُن، كِنْتَاكِي. غادي يكون ب 20 ألف دولار للتّْلقيح ف لموْسِم ديال 2013. لْحْوالِي ديَالُو لْوّالِين غايْجْرِيو ف 2016.,"shackleford tqa3ed bach ikon kbash f november 2012 w dawh l mazra3a d darbi dan f lexington, kentaki. radi ikon b 20 alf dollar litlqi7 f lmawsim dyal 2013. l 7awali dyalo lwalien ghayjriw f 2016.","Shackleford was retired to stud duty in November 2012 and was sent to the Darby Dan Farm in Lexington , Kentucky . He will stand for a $ 20 @,@ 000 stud fee for the 2013 breeding season . His first foals will race in 2016 .","تم إحالة شاكلفورد إلى خدمة التربية في نوفمبر 2012 وتم إرساله إلى مزرعة داربي دان في ليكسينغتون، كنتاكي. سيُعرض مقابل رسوم تربية قدرها 20,000 دولار لموسم التكاثر لعام 2013. ستتنافس أول مهوره في عام 2016.",34,GENERATED
data50848,WIKI_D_05554,D,الآلات التقليدية ديال ويلز كتشمل <unk> <unk> (الهارب الثلاثي) ، الكمان ، <unk> ، <unk> (الهورنبايب) و آلات أخرى. جمعية <unk> <unk> كتشجع فن الغناء الخاص بيها بالأساس من خلال مهرجان سنوي ديال نهار واحد.,"l-alat t-taqlidiyya dyal wales katchmol <unk> <unk> (l-harp t-tlati) , l-kaman , <unk> , <unk> (l-hornpipe) w alat o5ra. jam3iyyit <unk> <unk> katshj3 fan l-ghina2 l-khass biha bl-asàs mn khlal mahrajan sanawi dyal nhar wa7d.","Traditional instruments of Wales include <unk> <unk> ( triple harp ) , fiddle , <unk> , <unk> ( hornpipe ) and other instruments . The <unk> <unk> Society promotes its specific singing art primarily through an annual one @-@ day festival .",تشمل الآلات التقليدية لويلز آلة الهارب الثلاثي، والكمان، وآلات النفخ، وآلة الهورنبايب، وآلات أخرى. تروج جمعية <unk> <unk> لفن الغناء الخاص بها بشكل أساسي من خلال مهرجان سنوي يستمر ليوم واحد.,35,GENERATED
data50849,WIKI_D_07068,D,فهاد الحلقة، المحلل النفسي ديال مجموعة ميلينيوم فرانك بلاك (لانس هنريكسن) كيواجه بداية ديال واحد الوباء الفيروسي كارثي، وكيتعامل مع الازدواجية ديال المجموعة في علمها المسبق، والاستعداد ديالها، لهاد الحدث.,"fhad l7ala, lmo7allil nseey dyal majmoo3at millyoom frank black (lance henriksen) kiwajeh bidayat tafachie wabaa2 virousee kartathii, w kayta3amel m3a izdiwaajiyat 3ilm lmajmoo3a lmsabiq bihad l7adath w sti3daadaha lih.","In this episode , Millennium Group profiler Frank Black ( Lance Henriksen ) confronts the onset of an apocalyptic viral outbreak , dealing with the duplicity of the Group 's foreknowledge of , and preparation for , such an event .",في هذه الحلقة، يواجه المحلل النفسي لمجموعة الألفية، فرانك بلاك (لانس هنريكسن)، بداية تفشي وباء فيروسي كارثي، ويتعامل مع ازدواجية علم المجموعة المسبق بهذا الحدث واستعدادها له.,30,GENERATED
data50850,WIKI_D_04505,D,برنامج مدينة حرس السواحل تأسس من طرف الكونغرس ديال ميريكان ف 1998 باش يكافئ المدن اللي فيها وحدات عسكرية ديال حرس السواحل الميريكاني وكيبينو الدعم ديالهم للناس ديال الحرس اللي مكلفين تما. أول مدينة خداة هاد التعيين هي غراند هيفن، ميشيغن.,"barnamej mdint hras esswa7el t2esses men taraf elkongres dyal merikan f 1998 bach ykawem elmdun li fihom wa7dat 3askariya dyal hras esswa7el elmerikani w kaybino eddemm dyalhom llnas dyal lhrass lli mkelfin temma. awel mdina khda had ett3yin hiya grand haven, michigan.","The Coast Guard City program was established by the United States Congress in 1998 to recognize cities where military assets of the United States Coast Guard are located and which demonstrate support to Coast Guard personnel stationed there . The first city so designated was Grand Haven , Michigan .",تأسس برنامج مدينة خفر السواحل من قبل الكونغرس الأمريكي عام 1998 تقديرًا للمدن التي توجد بها أصول عسكرية لخفر السواحل الأمريكي والتي تظهر دعمًا لأفراد خفر السواحل المتمركزين هناك. وكانت أول مدينة تم تعيينها هي غراند هافن، ميشيغان.,41,GENERATED
data50851,WIKI_C_10790,C,البيك التالت ديال پيتسبورغ پنگوينز مشا لفينيكس كايوتيس حيتاش فواحد الترونسفير ف 27 فبراير 200 عطاوهوم جورج هادا مقابل دانييل كارسيلو وهاد البيك.,lbik talt dyal pittsburgh penguins msha l'phoenix coyotes hitach fwa7d transfer f 27 fevrier 200 3tawhom george hada moqabel daniel carcillo w had lbik.,"The Pittsburgh Penguins ' third @-@ round pick went to the Phoenix Coyotes as the result of a February 27 , 200 trade that sent Georges <unk> to the Penguins in exchange for Daniel Carcillo and this pick .",ذهب اختيار فريق بيتسبرغ بنغوينز في الجولة الثالثة إلى فريق فينيكس كايوتس نتيجة صفقة تمت في 27 فبراير 200، والتي بموجبها أُرسل جورج <unk> إلى فريق بنغوينز مقابل دانييل كارسييو وهذا الاختيار.,23,GENERATED
data50852,DATA_5838,A,غير خلّي زمان يورّي ليك,ghir khelli zman ywerri lik,Just let the time show you,دع الوقت يريك,6,PARTIALLY VALIDATED
data50853,WIKI_C_10764,C,"فالكونسير ف 1 @-@ 800 @-@ ASK @-@ <unk> أمفيثيتر فطامبا فلوريدا، هوران غنّا كوڤر ديال ""The A Team"" ديال إد شيران.","f l-konsir f 1800 ask <unk> amphitheatre f tampa florida, horan ghna cover dyal ""the a team"" dyal ed sheeran.","During the concert at the 1 @-@ 800 @-@ ASK @-@ <unk> Amphitheatre in Tampa Florida , Horan performed a cover of Ed Sheeran 's "" The A Team "" .","خلال الحفل في مسرح 1800 ASK <unk> في تامبا، فلوريدا، قدم هوران أغنية ""The A Team"" لإد شيران.",22,GENERATED
data50854,DATA_9394,A,مابقيتش باغي نوزع فلوسي على المخانين,mab9itch baghi n wzze3 floussi 3la lmo5aniyin,i will not give my money to singers,لن أعطي أموالي للمغنين,8,PARTIALLY VALIDATED
data50855,WIKI_C_09786,C,شي مقالة على الدوكترينا ديال السكان مبنية على واحد النقد للمبادئ ديال السكان عند مالتوس. جينا: گوستاف فيشر، 1894.,"shi ma9ala 3la ldoctrina dyal skkan mabniya 3la wa7ed l9ed lmobadi2 dyal skkan 3nd malthus. jena: gustav fischer, 1894.","<unk> einer <unk> <unk> von einer <unk> des Malthus <unk> <unk> ( Translation : "" An Essay on Population Doctrine based on a Critique of the Population Principles of Malthus "" ) . Jena : Gustav Fischer , 1894 .",<unk> مقال حول نظرية السكان مبني على نقد لمبادئ السكان عند مالتوس. ينا: جوستاف فيشر، 1894.,19,GENERATED
data50856,WIKI_C_08178,C,اللون الأساسي مغطي ببزاف ديال الزواق منقط، واللي كيختالف و غالبا ما كيلصقش فشي خانة معينة. هاد الزواق كيتوصف بهاد الطريقة:,"l'lon l'asasi mghatti bz'af dyal zwawq mnaqqt, wlli khtalaf w 3amtan ma kilqsh f chi khana mo3ayna. had zwawq kitoesaf bhad tariqa:","Base colors are overlain by various spotting patterns , which are variable and often do not fit neatly into a specific category . These patterns are described as follows :",تُغطى الألوان الأساسية بأنماط تبقيع مختلفة، وهي متنوعة وغالبًا لا تنتمي بدقة إلى فئة معينة. توصف هذه الأنماط على النحو التالي:,21,GENERATED
data50857,WIKI_C_03335,C,أو صوليڤان علنها و قال صوتو ل إد ميليبان ديال حزب العمال ف انتخابات 2015 و لعب معاه بليار و هاداك زعيم حزب العمال كان ديجا كيحماق عليه.,o sulivan 3alna w qal soyto l ed miliband dyal hzeb l 3emal f intikhabat 2015 w l3eb m3ah bilyard w hadak z3im hzeb l 3emal kan deja k7ma9 3lih.,"O 'Sullivan publicly endorsed Labour 's Ed Miliband in the 2015 general election and played a game of pool against the Labour leader , who had previously expressed his admiration for O 'Sullivan .","صرح ""أو سوليفان"" علناً بدعمه لإد ميليباند عن حزب العمال في الانتخابات العامة عام 2015، ولعب لعبة بلياردو ضد زعيم حزب العمال، الذي كان قد عبّر في وقت سابق عن إعجابه بـ ""أو سوليفان"".",28,GENERATED
data50858,DATA_18739,B,^ a : گوران سوتون تزاد فالبوسنة والهرسك و خدا الجنسية ديال ميريكان عام 2006.,guran sutun tzad f l-busna wal-harsak u khda l-jinsiya dyal mirikan 3am 2006.,^ a : Goran Suton was born in Bosnia and Herzegovina and became a naturalized citizen of the United States in 2006 .,وُلد غوران سوتون في البوسنة والهرسك، وحصل على الجنسية الأمريكية بالتجنس في عام 2006.,23,GENERATED
data50859,WIKI_C_09499,C,واحد الأداة سميتها APT كتعاون باش تسيري سيستيم ديبيان اللي مركب، و تجبد و تحل المشاكل ديال لي باكاج اللي تابعين لبعضياتهم من الريبوزيطوريات. أدوات APT كيتشاركوا المعلومات على هاد التبعية و لي باكاج اللي متخزنين.,wa7d l'adaa dyal APT katsama7 b t2dira dyal syst2m Debian li مركَّب bach tjbed w t7ell les dépendances dyal les paquets men les r'épositories. Les outils d'APT kitchar'ko l3l lma3loumat 3la had taba3iya w les paquets li متخزنين.,An Advanced Packaging Tool ( APT ) tool allows administering an installed Debian system to retrieve and resolve package dependencies from repositories . APT tools share dependency information and cached packages .,تسمح أداة أداة التغليف المتقدم (APT) بإدارة نظام دبيان المثبت لاسترداد تبعيات الحزم وحلها من المستودعات. تشترك أدوات APT في معلومات التبعية والحزم المخزنة مؤقتًا.,36,GENERATED
data50860,WIKI_D_11389,D,في شهر واحد 2016، واحد الفيلم مقتبس من رواية ليدي سوزان ديال جين أوستن، اللي كانت على شكل رسائل وخرجوها بكري، دارها ويط ستيلمان، تعرضات لأول مرة ف مهرجان صندانس السينمائي، و مثلات فيه كيت بيكينسيل و كلوي سيفيني و سماوه بعنوان واحد الرواية أخرى ديال جين أوستن اللي خرجات بكري، اللي هي الحب والصداقة.,"f shher 1 2016, wa7ed lfilm mktebs mn rwaya lady susan dyal jane austen, li kanet 3la shkel resayel wkherejoha bekri, darha whit stillman, ta3eredt l'awel marra f mehrgan sundance sinema2i, w mttalet fih kate beckinsale w chloe sevigny w smahw b3nwan wa7ed rwaya okhra dyal jane austen li khrejat bekri, li hiya l7ob w ssadaqa.",In January 2016 a film version of Austen 's early epistolary novel Lady Susan directed by Whit Stillman premiered at the Sundance Film Festival starring Kate Beckinsale and Chloe Sevigny under the borrowed title of another one of Austen 's early novels Love & Friendship .,"في يناير 2016، عُرض لأول مرة في مهرجان صندانس السينمائي فيلم مقتبس من رواية جين أوستن المبكرة ""ليدي سوزان""، التي كُتبت على شكل رسائل، وأخرجه ويت ستيل مان، وقامت ببطولته كيت بيكينسيل وكلوي سيفيني، تحت عنوان مستعار لرواية أخرى من روايات أوستن المبكرة ""الحب والصداقة"".",55,GENERATED
data50861,DATA_6206,A,خاص نكمل هاد الكتاب,5ass nkml had lktab,i have to finish reading this book,عليّ إنهاء قراءة هذا الكتاب,7,PARTIALLY VALIDATED
data50862,DATA_19080,B,كولن كريبس – ڭيطار (كلشي من غير التراكات 8، 11، 13)، صوت السند (التراك 7),"Koolin Kribs - gitar (koulshi mn ghir t-trakat 8, 11, 13), sout s-send (t-trak 7)","Colin Cripps – guitar ( all except tracks 8 , 11 , 13 ) , backing vocals ( track 7 )",كولين كريبس – غيتار (باستثناء الأغاني ٨، ١١، ١٣)، غناء خلفي (الأغنية ٧),21,GENERATED
data50863,WIKI_D_06244,D,بزاف د النقاد ما عجبهمش الفيلم، و قارنوه بطريقة خايبة مع أفلام د جون واترز و انتقدو الديكور الملون. واخا الممثلين الرئيسيين تمدحوا على التمثيل ديالهم، شي شخصيات توصفوا باللي نمطية.,"bzaf d n9ad ma 3ajbhomsh lfilm, w 9arnuh b tari9a khayba m3a aflam d john waters w n9ado l decor lmlawwan. wakha l ممثلين lriysiyin tmad7u 3la ltamthil dyalhom, chi chakhsiyat twasfo blli namtiya.","Many critics did not like the film , comparing it unfavorably with the films of John Waters and criticizing the colorful production design . Although the lead actors were praised for their performances , some of the characters were described as stereotypical .",لم يعجب العديد من النقاد الفيلم، وقارنوه بشكل غير مواتٍ بأفلام جون ووترز وانتقدوا تصميم الإنتاج الملون. على الرغم من أن الممثلين الرئيسيين أُثنوا على أدائهم، إلا أن بعض الشخصيات وُصفت بأنها نمطية.,31,GENERATED
data50864,DATA_24246,B,ف 20 شتنبر 2009، إيمرسون ربح أخيراً جائزة إيمي برايم تايم على الدور ديالو ديال بن لينوس ف حفل توزيع جوائز إيمي برايم تايم رقم 61.,"f 20 chtanbar 2009, Emerson rbah akhiran ja'izat Emmy Primetime 3la d-dor dyalu dyal Ben Linus f hafl tawzi3 jawai'z Emmy Primetime rqm 61.","On September 20 , 2009 , Emerson finally won the Primetime Emmy Award for his portrayal of Ben Linus at the 61st Primetime Emmy Awards .",في 20 سبتمبر 2009، فاز إيمرسون أخيرًا بجائزة إيمي برايم تايم عن تجسيده لشخصية بن لينوس في حفل توزيع جوائز إيمي برايم تايم الحادي والستين.,26,GENERATED
data50865,WIKI_D_05443,D,الشرطة ديال لينكونشاير كتعاون مع الإعدادية دانيال رايت التابعة لمنطقة لينكونشاير @-@ بريري فيو المدرسية 103 باش يديرو فرع ديال برنامج المقاومة ضد تعاطي المخدرات. هاد البرنامج كيخرج تلاميذ السنة السادسة من المدرسة كل عام من عام 1991.,sherta dyal lincolnshire kat3awen m3a l'iidadiyya daniel wright تابعا لمنطقة lincolnshire @-@ prairie view lmdrasiyya 103 bash idiro far3 dyal barnamaj lmuqawama ddad ta3ati lmkheddirat. had barnamaj kaykhrej talamidh snet sadisa men lmdrasa kol 3am men 3am 1991.,"The Lincolnshire Police Department collaborates with Lincolnshire @-@ Prairie View School District 103 's junior high school , Daniel Wright , to form a chapter of the Drug Abuse Resistance Education program . This program has graduated sixth graders from the school every year since 1991 .","تتعاون إدارة شرطة لينكولنشاير مع المدرسة الإعدادية ""دانيل رايت"" التابعة لمنطقة لينكولنشاير @-@ بريري فيو التعليمية 103 لتشكيل فرع لبرنامج ""التثقيف لمقاومة تعاطي المخدرات"". وقد تخرج من هذا البرنامج طلاب الصف السادس من المدرسة كل عام منذ عام 1991.",38,GENERATED
data50866,WIKI_D_00950,D,الطريق كيمشي من الشرق للغرب من ستراتفورد في شرق لندن لكورنر ديال غالوز. ف كورنر ديال غالوز، الطريق كيتقاطع مع الطريق ديال A127 لسوثيند و الطريق الرئيسي ديال A12 بين لندن و شرق أنغليا.,"tariq kaymchi mn sharq l qrib mn stratford f sharq londen l corner dyal galloza. f corner dyal galloza, tariq kitiqta3 m3 tariq dyal a127 l southend w tariq ra'isi dyal a12 bin londen w sharq anglia.","The <unk> runs east to west from Stratford in East London to the Gallows Corner . At the Gallows Corner , the road intersects with the A127 road to Southend and the A12 trunk road between London and East Anglia .",يمتد الطريق من الشرق إلى الغرب من ستراثفورد في شرق لندن إلى زاوية الغالوز. عند زاوية الغالوز، يتقاطع الطريق مع الطريق A127 المؤدي إلى سوثيند والطريق الرئيسي A12 بين لندن وشرق أنغليا.,34,GENERATED
data50867,DATA_10988,A,تعطلي بزّاف باش تسحق نقاط,t3etli bezzaf bach tse7e7 no9at, you are too late to corecct exams,لقد تأخرت جدًا في تصحيح الامتحانات,7,PARTIALLY VALIDATED
data50868,DATA_8404,A,راه يوميان خانمشي لبحر,rah yawmiyyan 5anmchi lb7er,i go everyday to the beach,أذهب يوميًا إلى الشاطئ,6,PARTIALLY VALIDATED
data50869,WIKI_D_09100,D,أكبر عدد دالناس حضرو فماتش ديال مارڭيت ف هارْتْسداون بارك كان 14 ألف و 169 واحد ملي جاو توتنهام هوتسبير فالكأس د الإنجليز نهار 13 يناير 1973. و أقل عدد تسجل كان 29 واحد فماتش ضد سالزبري سيتي نهار 24 أبريل 1986.,kbir bzaf d nas li jaw f match dyal margate f hartsdown park kan 14 alf w 169 wa7d fach kan joula dyal tottenham hotspur f l'fa cup nhar 13 janvier 1973. w a9al 7a7or motsajjal kan 29 wa7d f match ضد salisbury city nhar 24 avril 1986.,"The highest attendance recorded for a Margate match at Hartsdown Park was 14 @,@ 169 for the visit of Tottenham Hotspur in the FA Cup on 13 January 1973 . The lowest attendance recorded was 29 , for a match against Salisbury City on 24 April 1986 .",بلغ أعلى حضور مسجل لمباراة مارجيت في هارتسداون بارك 14 ألفًا و 169 متفرجًا في زيارة توتنهام هوتسبير في كأس الاتحاد الإنجليزي في 13 يناير 1973. وكان أدنى حضور مسجل 29 متفرجًا، لمباراة ضد سالزبوري سيتي في 24 أبريل 1986.,42,GENERATED
data50870,WIKI_C_01253,C,ف 1755، الحصن ديال بوزيجور لي كان قريب شدوه الإنجليز بقيادة الكولونيل روبيرت مونكتون. و ديك الساعة منطقة بوباسان اللي فيها واد ميمرامكوك و واد بوتيتكودياك طاحو تحت السيطرة ديالهم.,"f 1755, l7sn dyal beausejour li kan qrib shdouh l-ingliz b-qiyadt l-colonel robert monckton. w dik sa3a mintaqt bɡaāsin li fiha wad memramcook w wad petitcodiac ta7ou ta7t s-siyTrɡ dyalhom.","In 1755 , nearby Fort Beausejour was captured by English forces under the command of Lt. Col. Robert Monckton . The Beaubassin region including the Memramcook and Petitcodiac river valleys subsequently fell under English control .",في عام 1755، تم الاستيلاء على حصن بوزيجور القريب من قبل القوات الإنجليزية بقيادة الملازم كولونيل روبرت مونكتون. وسرعان ما سقطت منطقة بوباسين، بما في ذلك وديان نهري ممبرمكوك وبتيتكودياك، تحت السيطرة الإنجليزية.,30,GENERATED
data50871,WIKI_D_07877,D,إدارة الطرق ديال ولاية ديلاوير كانت اقترحات ف 1965 باش تتسمى طريق DE 9 اللي غادية على طول خليج ديلاوير ونهر ديلاوير طريق منظرية. ف 2007، طريق Route 9 Coastal Heritage Byway ترشحات وتسمات طريق ديلاوير منظرية وتاريخية.,"idarat turoq dyal wilaya dyal delaware kanat iqtirahat f 1965 bash tatssamma tariq DE 9 lli ghadiya 3la tul khalij delaware wa nhar delaware tariq manthariya. F 2007, tariq Route 9 Coastal Heritage Byway trasha7at w tssamat tariq delaware manthariya w tarikhya.","The Delaware State Highway Department recommended that DE 9 along the Delaware Bay and Delaware River be designated a scenic highway as far back as 1965 . In 2007 , the Route 9 Coastal Heritage Byway was nominated and designated as a Delaware Scenic and Historic Highway .","أوصت إدارة الطرق السريعة بولاية ديلاوير بتسمية الطريق السريع رقم 9 على طول خليج ديلاوير ونهر ديلاوير كطريق ذي مناظر خلابة وذلك في عام 1965. وفي عام 2007، تم ترشيح وتسمية الممر الساحلي رقم 9 ""ممر التراث الساحلي"" كطريق ديلاوير ذي مناظر خلابة وتاريخي.",38,GENERATED
data50872,WIKI_C_07193,C,"ف شهر فبراير 2016، واتسون علنات باللي غادي تشد عام ديال الراحة من التمثيل. كانت ناوية تدوز هاد الوقت ف ""التطور الشخصي"" ديالها و الخدمة ديالها على حقوق المرا.","f shher fivri 2016, watson 3elnet blly radi tshedd 3am dyal rra7a mn ttemtil. kanet nawya tduzz had lwa9t f ""tto7or sshkhssi"" dyalha w lkhdma dyalha 3la 7o9 l mra.","In February 2016 , Watson announced she was taking a year @-@ long break from acting . She planned to spend the time on her "" personal development "" and her women 's rights work .","في فبراير 2016، أعلنت واتسون أنها ستأخذ استراحة لمدة عام من التمثيل. خططت لقضاء الوقت في ""تطورها الشخصي"" وعملها من أجل حقوق المرأة.",29,GENERATED
data50873,WIKI_C_01737,C,واحد الفرع من <unk> و Southeastern Trail كان كيربط المدن د Overhill اللي على طول Upper Little Tennessee مع المدن د <unk> اللي ف نورث كارولينا عن طريق <unk> Cove و Cades Cove و <unk> Gap (قريب ل Gregory Bald).,wahed lfer3 men <unk> w Southeastern Trail kan kirbat lmdun dyal Overhill lli 3la tul Upper Little Tennessee m3a lmdun dyal <unk> lli f North Carolina 3n tari9 <unk> Cove w Cades Cove w <unk> Gap (9rib l Gregory Bald).,"A branch of the <unk> and Southeastern Trail connected the Overhill towns along the Upper Little Tennessee with the <unk> towns in North Carolina via <unk> Cove , Cades Cove and <unk> Gap ( near Gregory Bald ) .",كان فرع من <unk> و درب الجنوب الشرقي يربط مدن أوڤرهيل على طول نهر ليتل تينيسي العلوي بمدن <unk> في نورث كارولينا عبر <unk> كوڤ، كيدز كوڤ، و <unk> جاب (بالقرب من جريجوري بالد).,40,GENERATED
data50874,WIKI_C_04060,C,النشاط ديال أوبيك في المعاونة الدولية راه قديم بزاف قبل من الطليعة ديال ثمن البترول ديال 1973-1974. بحال صندوق الكويتي للتنمية الاقتصادية العربية خدام من 1961.,نشاط ديال اوبيك ف لمعاونة الدولية راه قديم بزاف قبل من الطليعة ديال ثمن البترول ديال 1973-1974. بحال صندوق الكويتي للتنمية الاقتصادية العربية خدام من 1961.,"OPEC 's international aid activities date from well before the 1973 – 1974 oil price explosion . For example , the Kuwait Fund for Arab Economic Development has operated since 1961 .",تعود أنشطة المساعدة الدولية لمنظمة أوبك إلى ما قبل انفجار أسعار النفط بين عامي 1973 و 1974 بفترة طويلة. على سبيل المثال، يعمل الصندوق الكويتي للتنمية الاقتصادية العربية منذ عام 1961.,26,GENERATED
data50875,WIKI_C_02514,C,واخا دابا نورمان معندهاش تران خفيف ولا تران ديال المسافرين، كاين واحد الاهتمام كيزيد باش يدخلو هاد الخدمات في البلان ديال النقل ديال المدينة في المستقبل كجزء من السيستيم ديال النقل الجهوي ديال منطقة أوكلاهوما سيتي الكبيرة.,"wakha daba Norman ma3andhach train khfif wla train dyal lmsafirin, kayn wahed ihtimam kayzid bach dakhlo had lkhidmat f lplan dyal nnaql dyal lmdina f lmustaqbal k jz2 min sistim dyal nnaql ljihi dyal mintaqat Oklahoma City lkbira.","Although Norman currently has no light rail or commuter rail service , there is growing interest in incorporating such services into the city 's future transportation plans as part of the Oklahoma City metro area 's regional transit system .",على الرغم من أن نورمان لا تمتلك حاليًا خدمة قطار خفيف أو قطار ركاب، إلا أن هناك اهتمامًا متزايدًا بدمج مثل هذه الخدمات في خطط النقل المستقبلية للمدينة كجزء من نظام النقل الإقليمي لمنطقة مترو مدينة أوكلاهوما.,37,GENERATED
data50876,WIKI_C_11706,C,كون مشى لطامبا من مورا التخراج، تما عاون باش بداو البروغرام ديال الرياضة فجامعة طامبا، و من بعد قاد واحد الحملة باش يغرسو شحال من شجرة فوسط المدينة ديال طامبا.,"kuhn msha l-tampa mn mora t-takhraj, tema 3awn bach bghaw ybdaw l-program dyal r-riyada f-jami3a dyal tampa, w mn ba3d qad wa7d l-7amla bach yghrasu sh7al mn shjra f-wast l-mdina dyal tampa.","Kuhn moved to Tampa after graduation , where he helped start the athletics program at the University of Tampa , and later notably led an effort to plant <unk> trees in downtown Tampa .",انتقل كوهن إلى تامبا بعد التخرج، حيث ساعد في تأسيس برنامج ألعاب القوى في جامعة تامبا، وقاد لاحقًا بشكل ملحوظ جهودًا لزراعة أشجار <unk> في وسط مدينة تامبا.,30,GENERATED
data50877,DATA_2666,A,ولكن مكاين لاش تخاف,walakin makayn lach tkhaf,But there's no need to panic,ولكن لا داعي للذعر,6,PARTIALLY VALIDATED
data50878,WIKI_D_05707,D,ف 2007 الوزيرة ديال النقل دونا <unk> قالت باللي الوزارة ناوية توسع كاع البلايص اللي بقاو فيهم ربعة ديال المسالك باش يولي فيهم على الأقل ستة. و حيت ما كاين لا تاريخ محدد للبداية لا للنهاية ديال البني، هادشي غير إعلان مبدئي للمستقبل البعيد.,"f 2007 l'wizira dyal tta9el donna <unk> qalett belli l'wizarah nawya twesse3 k3ell بلايص lli b9aw fihom rab3a dyal lmsalek bach yewllu fihom 3ella l'9ell steh. w 7it ma kayen la tarikh m7edded lel bdida la llnihayah dyal lbni, hadchi ghi i3elan mabda2i llmst9bel lb3id.","In 2007 Minister of Transportation Donna <unk> commented that the MTO intends to widen all of the remaining four @-@ lane sections to a minimum of six . With no dates set for construction or completion , this is a tentative announcement for the long @-@ term future .",في عام 2007، صرحت وزيرة النقل دونا <unk> بأن الوزارة تعتزم توسيع جميع الأجزاء المتبقية ذات الأربع حارات إلى ست حارات على الأقل. ونظرًا لعدم تحديد مواعيد للبناء أو الانتهاء، يعد هذا إعلانًا مبدئيًا للمستقبل البعيد.,44,GENERATED
data50879,WIKI_C_10868,C,بيت إلياد فيه مادونا ديال العائلة و مادونا [كلمة غير مفهومة] (عام 1522 @-@ 1523 و 1526 على التوالي) ديال أندريا ديل سارتو، و تصاور ديال أرطيميسيا [كلمة غير مفهومة] (القرن 17).,"byt elyad fih madona dyal l3aila w madona [unk] (3am 1522 @-@ 1523 w 1526 3la ttwali) dyal andrea del sarto, w tsaweR dyal artemisia [unk] (l9arn 17).","Room of Iliad : contains the Madonna of the Family <unk> and the Madonna <unk> ( <unk> 1522 @-@ 1523 and 1526 respectively ) by Andrea del Sarto , and paintings by Artemisia <unk> ( 17th century ) .",غرفة الإلياذة: تحتوي على مادونا العائلة ومادونا [غير مفهوم] (1522-1523 و 1526 على التوالي) لأندريا ديل سارتو، ولوحات لأرتميسيا [غير مفهوم] (القرن السابع عشر).,32,GENERATED
data50880,WIKI_C_00418,C,ف شهر ستة ديال 2011، كريستيز باعو فالمزاد واحد الطقم ديال الجوهر باللؤلؤ و الماس (تاج و بروش و براسلي) كانو شحال هادي ديال ليدي روزبيري.,"f shhar s'ta dyal 2011, cristiez bghaw f'lmzad wa7d l't9m dyal ljwhr bel'llu' w l'mas (taj w brosh w bracelet) kanu sh7al hadi dyal lady rosebery.","In June 2011 , Christie 's auctioned a set of pearl and diamond jewels ( a tiara , brooch and bracelet ) that were originally in Lady Rosebery 's ownership .",في يونيو 2011، باعت دار كريستيز في المزاد علناً مجموعة من المجوهرات من اللؤلؤ والألماس (تاج، دبوس، وسوار) كانت في الأصل ملكاً للسيدة روزبيري.,26,GENERATED
data50881,DATA_23929,B,الملازم موريس جيمس ديز، كان أول واحد خدا نيشان فيكتوريا بعد ما مات فالحرب العالمية الأولى، قاتل و مات فمعركة مونس.,"Lmulazem Morris James Dease, kan awel wahed khda nishan Victoria b3d ma mat f l7arb l3alamia l'oula, qatel u mat f m3erka d Mons.","Lieutenant Maurice James Dease , was the first posthumous recipient of the Victoria Cross during WWI , fought and died at the Battle of Mons",الملازم موريس جيمس ديز، كان أول من حصل على صليب فيكتوريا بعد وفاته خلال الحرب العالمية الأولى، وقد قاتل ومات في معركة مونز.,25,GENERATED
data50882,WIKI_C_05892,C,ڭوتفريد جون في دور الجنرال أركادي غريغوروفيتش أوروموف: قائد ديال فرقة الفضاء الروسية، و بالسر عميل ديال جانوس اللي كيستغل سلطتو و منصيبو باش يعاون جانوس باش يوصل لڭولدنآي.,"gottfried john fi dor l-general arkady grigorovich ourumov: qaaid dyal ferqa l-fadaa' l-rusia, w bsser 3amil dyal janus lli kistaghl سلطتو w mansibo bach y3awen janus bach ywsal l-goldeneye.","Gottfried John as General Arkady Grigorovich Ourumov : Commander of Russia 's Space Division , secretly an agent of Janus who <unk> misuses his authority and position to assist Janus to gain access to the GoldenEye .",غوتفريد جون في دور الجنرال أركادي غريغوروفيتش أوروموف: قائد فرقة الفضاء الروسية، وعميل سري لجينوس الذي يسيء استخدام سلطته ومنصبه لمساعدة جينوس في الوصول إلى غولدن آي.,29,GENERATED
data50883,DATA_8941,A,أنا غادي نوڭّف على المعلم,ana ghadi nwggef 3la lm3elem,i will supervise this laborer,سأشرف على هذا العامل,5,PARTIALLY VALIDATED
data50884,DATA_2168,A,أش من مسرحية غادي تلعب؟,ach mn masra7iya ghadi tl3ab?,Which play will be played?,أي مسرحية ستُعرض؟,5,PARTIALLY VALIDATED
data50885,WIKI_D_08257,D,المنظار رقم واحد كان ديال التريتون، منظار ديال الملاحة، و كانت فيه سكسطون مدمجة صنعتها شركة <unk> Optical اللي كانت كتسمح للملاحين يراقبوا الأجرام السماوية باش ياخدوا تحديد دقيق ديال النجوم باش يرسموا مسار السفينة و الموقع ديالها.,"lmnzar raqm wa7d kan dyal triton, mnzar dyal lmlaha, w kan fiih sextant mdmaja sena3t-ha charikat <unk> optical lli kanat katasma7 lmlahin yra9bu lajram ssamawiya bach yakhdu ta7did da9i9 dyal nnujum bach yrسمu masar s safina w lmwqe dyalha.","The Number One periscope was Triton 's navigational periscope , and it had a built @-@ in sextant developed by the <unk> Optical Company that allowed navigators to observe celestial bodies in order to obtain an accurate star fix to plot the ship 's course and position .",كان المنظار البحري رقم واحد هو المنظار الملاحي لسفينة تريتون، وكان مزودًا بسدس داخلي طورته شركة <unk> Optical، مما سمح للملاحين بمراقبة الأجرام السماوية للحصول على تحديد نجمي دقيق لرسم مسار السفينة وموقعها.,38,GENERATED
data50886,WIKI_D_06060,D,"فواحد الخطاب لمجلس الشيوخ ديال ميريكان بمناسبة عيد ولاية ويست فرجينيا ف 20 يونيو 2004، السيناتور ميريكاني روبرت سي بيرد هضر على شجرة الجميز ديال ويبستر و هو كيتفاخر ب ""أكبر و أحسن حاجة فويست فرجينيا"".","f wa7d lkhiTaab l majlis shyuukh dyal merikan bimunasaba 3id wilayat west virginia f 20 younyou 2004, l senator merikani robert c. byrd hder 3la shjrat l jmeiz dyal webster w huwa kytfakhra b ""kbar w a7san 7aja f west virginia"".","During a speech to the United States Senate in honor of West Virginia Day on June 20 , 2004 , U.S. Senator Robert C. Byrd mentioned the Webster Sycamore while boasting of "" the biggest and best of West Virginia "" .","خلال خطاب أمام مجلس الشيوخ الأمريكي بمناسبة يوم ولاية فرجينيا الغربية في 20 يونيو 2004، ذكر السيناتور الأمريكي روبرت سي. بيرد شجرة الجميز في ويبستر أثناء تفاخره بـ ""أكبر وأفضل ما في فرجينيا الغربية"".",36,GENERATED
data50887,DATA_11037,A,تعطلي بزّاف باش تقدّر شنو دارو على قلبك,t3etli bezzaf bach t9edder chnou darou 3la 9blk,you are too late to praise them,لقد تأخرت كثيرًا في مدحهم,7,PARTIALLY VALIDATED
data50888,DATA_1977,A,كاين بزاف من القضاء ديالنا كيعانيو من الغلض و روق على الدروج المستأجرة ديالنا,kayn bzaf mn l9ada dyalna kay3aniw mn lghold o ro9 3la droj mosta3ara dyalna,There are also many of our leaders who are fat and skinny on borrowed stairs!,كما أن هناك الكثير من قادتنا الذين يسمنون وينحفون على سلالم مستعارة!,15,PARTIALLY VALIDATED
data50889,DATA_7740,A,البنات لي بغات تسجل في أوريفلام,lbnat libghat tsjal f oriflam,who want to be on oriflam,من يريد أن يكون على أوري فلام,6,PARTIALLY VALIDATED
data50890,WIKI_D_08374,D,مصادر خرين من بعد، لي بعاد كتر على الأحداث، بحال Passio S. <unk> ديال أواخر القرن 11 و جون ديال ووستر، كايݣولو باللي ألفثريث هي اللي نظّمات القتيلة ديال إدوارد، فينما هنري ديال هانتينغدون كتب باللي هي اللي قتلات إدوارد براسها.,"mṣadar khorin men b3d, li b3ad ktar 3la l'a7dath, 7al Passio S. <unk> dyal awakhir l'qarn 11 w John dyal Worcester, kaygolo bli Ælfthryth hiya li nnaðamat lqtiila dyal Edward, fynma Henry dyal Huntingdon ktb bli hiya li qtlatt Edward b'ras-ha.","Later sources , further removed from events , such as the late 11th @-@ century Passio S. <unk> and John of Worcester , claim that Ælfthryth organised the killing of Edward , while Henry of Huntingdon wrote that she killed Edward herself .","تدعي مصادر لاحقة، أبعد عن الأحداث، مثل ""باسيو إس. <unk>"" (Passio S. <unk>) وجون أوف ورسستر من أواخر القرن الحادي عشر، أن ألفثريث نظمت قتل إدوارد، بينما كتب هنري أوف هانتينغدون أنها قتلت إدوارد بنفسها.",41,GENERATED
data50891,DATA_6198,A,بقى فيا الحال خاصني نمشي في حالي,b9a fia l7al khassni nmchi f7ali,i'm so sad that i need to leave,أنا حزين للغاية لدرجة أنني بحاجة إلى الرحيل,8,PARTIALLY VALIDATED
data50892,DATA_17296,B,في 8 أبريل 2008، EA أعلنت باللي غتكون واحد النسخة حصرية مؤقتة لـ Xbox 360 في أوروبا جزئيا، و نسخ أخرى غيجيو من بعد في الصيف.,"f 8 abril 2008, EA a3n9t bali ytkon wa7d naskha 7sriya mo2aqata l Xbox 360 f urupa joz2iyan, w naskh o5ra yjiw men ba3d f s ssyf.","On April 8 , 2008 , EA announced a timed Xbox 360 exclusive for a partial European launch , with other versions to follow later in the summer .",في الثامن من أبريل عام 2008، أعلنت شركة EA عن حصرية مؤقتة لجهاز Xbox 360 لإطلاق جزئي في أوروبا، مع إصدار نسخ أخرى لاحقًا في الصيف.,29,GENERATED
data50893,WIKI_D_01717,D,"2009 : Nadolig <unk> yng <unk> / A Child 's Christmas in Wales , 2009 BAFTA Hassan film qasir, animation, soundtrack bel Welsh w l'English, lmukhrij : Dave Unwin. Zaydoun mn binhoum ta3aliq mfilmya mn Aeronwy Thomas. 5 @-@ <unk> @-@ <unk> .","2009 : Nadolig <unk> yng <unk> / A Child's Christmas in Wales , 2009 BAFTA Hassan film qasir, animation, soundtrack bel Welsh w l'English, lmukhrij : Dave Unwin. Zaydoun mn binhoum ta3aliq mfilmya mn Aeronwy Thomas. 5 @-@ <unk> @-@ <unk> .","2009 : Nadolig <unk> yng <unk> / A Child 's Christmas in Wales , 2009 BAFTA Best Short Film , animation , soundtrack in Welsh and English , Director : Dave Unwin . Extras include filmed comments from Aeronwy Thomas . 5 @-@ <unk> @-@ <unk> .",٢٠٠٩: عيد الميلاد للأطفال في ويلز، بافتا ٢٠٠٩ أفضل فيلم قصير، رسوم متحركة، موسيقى تصويرية باللغتين الويلزية والإنجليزية، المخرج: ديف أون وين. تشمل الإضافات تعليقات مصورة من آرونوي توماس. ٥ - - .,43,GENERATED
data50894,DATA_17177,B,الشجرة التطورية اللي لتحت، مبنية على دراسة ديال 2016، كاتوري العلاقات الوراثية ديال بوزلوم صوفي عريان الذيل.,"ash-shajara at-tataworiya li ta7t, mabniya 3la dirasa dyal 2016, katwri l-3alaqat al-wiratiya dyal buzlum soufi 3uryan ad-dil.","The cladogram below , based on a 2016 study , shows the phylogenetic relationships of the bare @-@ tailed woolly opossum .",يوضح الرسم التخطيطي للشجرة أدناه، المستند إلى دراسة أجريت عام 2016، العلاقات التطورية لحيوان الأبوسوم الصوفي ذي الذيل العاري.,22,GENERATED
data50895,DATA_24312,B,بصّح من غير بلايبوي، ويلسون بانت حتى هي على لغلاف ديال شي مجلات خرين، بحال لغلاف ديال مجلة FHM ديال شهر تسعود عام ألفين وستة.,"Bessah men ghir بلايبوي, wilson bant hetta hiya 3la leghlaf dyal shi mejallat khrin, bhal leghlaf dyal mejella FHM dyal shehar ttsoud 3am alfayn o setta.","Aside from Playboy , Wilson has also appeared on the cover of several other magazines , including the September 2006 cover of FHM magazine .",إلى جانب مجلة بلاي بوي، ظهرت ويلسون أيضًا على غلاف عدة مجلات أخرى، بما في ذلك غلاف مجلة إف إتش إم لشهر سبتمبر 2006.,25,GENERATED
data50896,DATA_23137,B,من عام 1960 لعام 1969، الشيفس/تيكسانز ربحو 87 ماتش، وهادي هي أكتر عدد ديال الماتشات فالتاريخ ديال عشر سنين ديال AFL.,"men 3am 1960 l 3am 1969, shifs/texans rb7ou 87 match, o hadi hiya aktar 3dad dyal lmatchat ftarikh dyal 3shr snin dyal AFL.","From 1960 to 1969 , the Chiefs / Texans won 87 games , which is the most in the 10 year history of the AFL .",من عام 1960 إلى عام 1969، فاز فريق تشيفز/تكساس بـ 87 مباراة، وهو العدد الأكبر في تاريخ دوري كرة القدم الأمريكية (AFL) الذي يمتد لعشر سنوات.,26,GENERATED
data50897,WIKI_C_02470,C,ديدي كونغ ريسينغ ربحات أحسن لعبة ديال السباق ديال الكونسول ف العام ف الأكاديميية د الفنون و العلوم التفاعلية ف 1998، و غلبات ماريو كارت 64 و موتو ريسر و ناسكار 98.,"didi kong racing rab7at a7san l3bat dyal sbaq dyal lconsole f l3am f lacademy dyal lfonoun w l3oloum tafa3oliya f 1998, w ghalbat mario kart 64 w moto racer w nascar 98.","Diddy Kong Racing won the Console Racing Game of the Year at the Academy of Interactive Arts & Sciences in 1998 , beating Mario Kart 64 , Moto Racer and NASCAR 98 .",فازت لعبة ديدي كونغ ريسينغ بلعبة السباق على المنصات للعام من قبل أكاديمية الفنون والعلوم التفاعلية عام 1998، متغلبة على ماريو كارت 64 وموتو ريسر وناسكار 98.,32,GENERATED
data50898,DATA_14875,B,Compressor: Ventilateur à étage واحد، كمبريسور ضغط منخفض ب 3 ديال لي زيطاج، كمبريسور ضغط عالي ب 9 ديال لي زيطاج.,"Compressor: Ventilateur a etage wahed, compressor daght monkhafid b 3 dyal li z'etage, compressor daght 3ali b 9 dyal li z'etage.","Compressor : Single @-@ stage fan , 3 @-@ stage low @-@ pressure compressor , 9 @-@ stage high @-@ pressure compressor",ضاغط: مروحة أحادية المرحلة، ضاغط منخفض الضغط ثلاثي المراحل، ضاغط ضغط عالي بتسع مراحل,22,GENERATED
data50899,WIKI_C_01398,C,نوع التبريد: ناشف و مغطس فالسائل – كيبرد راسو براسو، مبرد بالهوا بالزز؛ مغطس فالسائل – مبرد بالزيت بالزز، مبرد بالما.,"naw3 at-tbred: nas7 w mghts f-lsi2l – kaybrd raso braaso, mbrd b-l-hawa b-zz; mghts f-lsi2l – mbrd b-z-zit b-zz, mbrd b-l-ma.","Cooling type : Dry and liquid @-@ immersed – self @-@ cooled , forced air @-@ cooled ; liquid @-@ immersed – forced oil @-@ cooled , water @-@ cooled .",نوع التبريد: جاف ومغمر في سائل - ذاتي التبريد، مبرد بالهواء القسري؛ مغمر في سائل - مبرد بالزيت القسري، مبرد بالماء.,21,GENERATED
data50900,DATA_12977,B,تقريبا كولشي على نجمة كيتحدد بالكتلة الأصلية ديالها، بحال الخصائص ديال اللمعان، الحجم، التطور، العمر، وحتى المصير ديالها فالأخير.,"Taqriban koulchi 3la nejma kaythaddad bel kotla l asliya dyalha, bhal lkhassayess dyal lma3an, l7ajm, ttawator, l3mer, 7etta lmassir dyalha fel akher.","Almost everything about a star is determined by its initial mass , including such characteristics as luminosity , size , evolution , lifespan , and its eventual fate .",يتم تحديد كل شيء تقريبًا في النجم من خلال كتلته الأولية، بما في ذلك خصائص مثل الإضاءة والحجم والتطور وعمر الحياة ومصيره النهائي.,29,GENERATED
data50901,DATA_0217,A,"شكرا أ مادام, واخا نسيني ورقة تلحضور هيا لولا?","chokran a madame, wakha nsini wr9a tl7oDor hia lowla?","Thank you, ma'am, can I sign the presence sheet first?",شكرًا لكِ سيدتي، هل يمكنني توقيع سجل الحضور أولاً؟,10,PARTIALLY VALIDATED
data50902,DATA_5925,A,عطيني مازال شوية ديال الوقت,3Tini mazal chwiya dyal lwe9t,Give me a little more time,أعطني المزيد من الوقت قليلاً,6,PARTIALLY VALIDATED
data50903,DATA_21043,B,هاد الطابلو فيه التقاطعات الرئيسية اللي كاينة على طول طريق دونالد كوزنز باركواي. الطريق كاملة كاينة فماركهام، أونتاريو، داخل بلدية يورك الإقليمية.,"had t-tablo fih t-tiqaTa3at r-ri'issiya lli kayna 3la T-Tol Triq Donald Cousens Parkway. T-Triq kamla kayna f Markham, Ontario, dakhel baladiya dyal York l-Iqlimiya.","The following table lists the major junctions along Donald Cousens Parkway . The entire route is located in Markham , Ontario , within the Regional Municipality of York .",تسرد الجداول التالية التقاطعات الرئيسية على طول طريق دونالد كوسنز باركواي. يقع المسار بأكمله في ماركهام، أونتاريو، داخل بلدية يورك الإقليمية.,29,GENERATED
data50904,WIKI_C_04192,C,ميخايل كوگالنيتشانو مات فاش كان كيدير عملية في باريس، و شد بلاصتو في الأكاديمية ألكساندرو ديميتري زينوبول. دفنوه في ياش مسقط راسو، فواحد السيمتير.,"mikhayl koghlanichanu mat fash kan kaydir 3amaliya f paris, w shad plassto f al-akademya alexandru dimitri xenopol. dfano f yashi maskit raso, f wahd simatiry.","Mihail Kogălniceanu died while undergoing surgery in Paris , and was succeeded in his seat at the Academy by Alexandru Dimitrie Xenopol . He was buried in his native Iași , at the <unk> cemetery .",توفي ميخائيل كوغالنيتشانو أثناء خضوعه لعملية جراحية في باريس، وخلفه في مقعده بالأكاديمية ألكسندر ديميتري زينوبول. دُفن في مسقط رأسه ياش، في مقبرة <unk>.,24,GENERATED
data50905,DATA_7326,A,تعليمات ديال المدرب عاونونا بزّاف فهاد لماتش,te3limat dial lmoudarib 3awnouna bezzaf fhad lmatch,our coach's guidance helped us a lot during the match,ساعدنا توجيه مدربنا كثيرًا خلال المباراة,10,PARTIALLY VALIDATED
data50906,WIKI_D_09841,D,"الحلقة جابت تمانية دالمليون مشاهدة، وحققت أعلى نسبة ديال المشاهدين فالكابل التلفزيوني اللي العمر ديالهم من ستة حتى لإحدى عشر عام في عام 2005. ""واش شفتو هاد الحلزون؟"" تلقى تقييمات إيجابية بصفة عامة من عند نقاد التلفزيون ملي خرج.","el7alaqa jat tamania d'el milyon mchahda, w 7a2a2t a3la nsbia dyal lmchahdin fel cable televisiuni lli l3mor dyalhom mn stta 7ta l idach 3am f 3am 2005. ""wash chtou had el 7alzon?"" tla9a ta9imat ijabiya b sifa 3ama mn 3and n9ad el televisiun mli khrej.","The episode garnered a viewership of eight million , achieving the highest number of cable television viewers aged six to eleven years old for 2005 . "" Have You Seen This Snail ? "" received generally positive reviews from television critics upon release .","حققت الحلقة ثمانية ملايين مشاهدة، مسجلةً أعلى نسبة مشاهدة تلفزيونية عبر الكابل للفئة العمرية من ست إلى إحدى عشرة سنة لعام 2005. وحصل برنامج ""هل رأيت هذا الحلزون؟"" على استحسان نقاد التلفزيون بشكل عام عند عرضه.",39,GENERATED
data50907,WIKI_C_03370,C,أنا كناكد الإيمان ديالي باللي مزال مبكر دابا باش الغابون تاخد الاستقلال التام، حيت هادشي غايزرب بيها و غيطيحها بلا رجعة فالفوضى أولا، و اللي خايب كتر، فشي نوع ديال الاستعمار الجديد.,"ana knaked eliman dyali belli mazal mabkir daba bach l'gabonne takhod el'i9tilal et-tam, 7it hadchi ghayzrb biha w ghayt7i7ha bla رجعه f lfoqda wla, w lli khayeb ktar, f chi naw3 dyal el'i3timar ejdid.","I affirm my belief that it would be premature now for Gabon to achieve total independence , for this would precipitate it irreparably into anarchy or , what would be even worse , into a sort of neocolonialism .",أؤكد اعتقادي بأنه سيكون من السابق لأوانه الآن بالنسبة للغابون أن تحقق الاستقلال التام، لأن هذا سيعجل بها بشكل لا رجعة فيه إلى الفوضى أو، ما هو أسوأ من ذلك، إلى نوع من الاستعمار الجديد.,32,GENERATED
data50908,WIKI_D_11463,D,"العام الجاي، آختر مثل دور ثانوي ف فيلم ""Dil Dhadakne Do"" ديال ختو زويا آختر، واحد لكوميديا درامية بطولة أنيل كابور، شيفالي شاه، بريانكا تشوبرا، رانفير سينغ و أنوشكا شارما.","l3am el jay, akhtar mttel dor sanawi f film ""Dil Dhadakne Do"" dyal khto zoya akhtar, wa7d l comedy dram dyal bToulat anil kapoor, shefali shah, priyanka chopra, ranveer singh w anushka sharma.","Next year , Akhtar featured in the supporting role in his sister Zoya Akhtar 's Dil Dhadakne Do , an ensemble comedy @-@ drama starring Anil Kapoor , Shefali Shah , Priyanka Chopra , Ranveer Singh and Anushka Sharma .","العام القادم، شارك أختار في دور ثانوي في فيلم ""Dil Dhadakne Do"" لأخته زويا أختار، وهو فيلم كوميدي درامي جماعي بطولة أنيل كابور، وشيفالي شاه، وبريانكا تشوبرا، ورانفير سينغ، وأنوشكا شارما.",30,GENERATED
data50909,WIKI_D_08654,D,الدراري و العيالات بجوج كيهتمو بزاف بالولاد; الوالدين كيتقاسمو قد قد باش يفقسو البيضة اللي كتكون وحدة و يربيو الفرخ. حيت الدراري و العيالات بجوج مزوقين، هاد الطيور كيتطابقو مع النظرية ديال روبرت تريفرز ديال الإستثمار الواليدي، اللي كتقول باللي مللي كيكون التعاون بين الوالدين، كيكون واحد <unk> متبادل.,"drari w l3ayalat bjooj kayhtammo bzzaf blwlad; lwalidin kayt9asmo qd qd bach yfaqso lbyda lli katkon wa7da w yrbio lfrkh. 7it drari w l3ayalat bjooj mzwqin, had tyouuur kaytṭabi9o m3 nazriya dyal robert trivers dyal istithmar lwalidi, lli kat9ol bli mli kaykon ta3awon bin lwalidin, kaykon wa7d <unk> mtbadel.","Both sexes invest highly in parental care ; parents share equally in incubating the single egg and raising the chick . Since both sexes are ornamented , crested auklets align with Robert Trivers 's parental investment theory , which predicts that with biparental care , mutual <unk> will arise .",يستثمر كلا الجنسين بشكل كبير في الرعاية الأبوية؛ يتقاسم الوالدان بالتساوي في حضانة البيضة الوحيدة وتربية الفرخ. بما أن كلا الجنسين مزينان، تتوافق طيور الأوكليت ذات العرف مع نظرية الاستثمار الأبوي لروبرت تريفرز، التي تتنبأ بأنه مع الرعاية الوالدية الثنائية، سينشأ <unk> متبادل.,49,GENERATED
data50910,DATA_9765,A,علاش مابغيتيش تسرف الفلوس.,3lach mabghitich tserref lflouss., why you dont wanna lose money,لماذا لا تريد أن تخسر المال؟,6,PARTIALLY VALIDATED
data50911,WIKI_D_09566,D,"سميث سجل كًوفر ديال أغنية ""Words of Love"" الكلاسيكية ديال بادي هولي ل سي دي ريڤ أون بادي هولي، واحد الألبوم تكريمي بمناسبة الذكرى ال 75 لميلاد هولي اللي صدر في 28 يونيو 2011.","smith سجل kover dyal aghniya ""Words of Love"" l klasikya dyal buddy holly l CD Rave On Buddy Holly, wa7d l album takrimi bmunasbt azikra 75 l milad holly lli sadar fi 28 yunyu 2011.","Smith has recorded a cover of Buddy Holly 's classic "" Words of Love "" for the CD Rave On Buddy Holly , a tribute album tied to Holly 's seventy @-@ fifth birthday year which was released June 28 , 2011 .","سجل سميث نسخة لأغنية ""كلمات الحب"" الكلاسيكية لبادي هولي لألبوم ""ريف أون بادي هولي""، وهو ألبوم تكريمي مرتبط بالذكرى الخامسة والسبعين لميلاد هولي، والذي صدر في 28 يونيو 2011.",34,GENERATED
data50912,DATA_5161,A,راه متكي شوية,ra8 mtekki chwiyya,He is taking a nap,إنه يأخذ قيلولة,5,PARTIALLY VALIDATED
data50913,DATA_4364,A,واش نقدرو ناخدو الفلوس ديال العطلة لي حتينا,wach n9adro nakhdo lflos dyal l3oTla li7tina,We could use the holiday money we've put by?,هل يمكننا استخدام المال المخصص للعطلة الذي ادخرناه؟,9,PARTIALLY VALIDATED
data50914,DATA_9769,A,علاش مابغيتيش تكب الما,3lach mabghitich t kobb lma,why you dont wanna spoil watter,لماذا لا تريد إهدار المياه؟,6,PARTIALLY VALIDATED
data50915,DATA_14947,B,السلوك المثلي تلاحض عند الذكور و الإناث في بزاف ديال الأنواع د الطيور، بحال الجماع، تكوين ثنائيات، و التربية المشتركة ديال الفراخ.,"as-solouk al-mithli tlahd and d-dkour o l-inaath fi bzzaf dyal l-anwaa d ttyour, bhal l-jmaa, tkwin tnaaiyaat, o ttrbiya l-mushtarika dyal l-fraakh.","Homosexual behaviour has been observed in males or females in numerous species of birds , including copulation , pair @-@ bonding , and joint parenting of chicks .",تم ملاحظة سلوك المثليين جنسياً في الذكور أو الإناث في العديد من أنواع الطيور، بما في ذلك التزاوج، والارتباط الثنائي، والأبوة المشتركة للصغار.,28,GENERATED
data50916,DATA_14419,B,عضو منتخب في الأكاديمية الوطنية للعلوم، 1928. خدم ستراتون في مناصب مختلفة مع الأكاديمية.,"ʿudu muntakhab fi l-ʾākādīmīya l-waṭaniyya li-l-ʿulūm, 1928. khdam strātūn fi manāṣib mukhtalifa mʿa l-ʾākādīmīya.","Elected member of the National Academy of Sciences , 1928 . Stratton served in various capacities with the NAS :",عضو منتخب في الأكاديمية الوطنية للعلوم، عام 1928. شغل ستراتون مناصب مختلفة في الأكاديمية الوطنية للعلوم:,20,GENERATED
data50917,DATA_2584,A,مع ذلك ماكانكرهش روايات ديال جريمة,ma3a dalik makankra8ch riwayat dyal jarima,That says I don't hate crime novels,هذا يعني أنني لا أكره روايات الجريمة,7,PARTIALLY VALIDATED
data50918,WIKI_D_02183,D,"حيت بزاف ديال الناس اللي كانو ف الطابلة المستديرة كانت عندهم أعمدة منتظمة فالجرايد, الأنشطة و النكت ديال أعضاء الطابلة المستديرة كانو كيتنشرو فالصحافة الوطنية. هادشي خلا الناس اللي فالطابلة المستديرة يوليوعندهم شهرة كبيرة ف المجتمع و معروفين بالذكاء ديالهم.","7it bzaf dial nass lli kanou f ltable lmousta9ira kanat 3ndhm a3mida montazama f ljrayd, l2نشita w nokat dial a3da2 ltable lmousta9ira kanou kaytanshro f ss7afa lwataniya. Hadchi khlla nass lli f ltable lmousta9ira ywallou 3ndhm chohra kbira f ljma3a w ma3rofin bddak2 dialhm.","Because a number of the members of the Round Table had regular newspaper columns , the activities and quips of various Round Table members were reported in the national press . This brought Round Tablers widely into the public consciousness as renowned wits .",نظرًا لأن عددًا من أعضاء المائدة المستديرة كان لديهم أعمدة صحفية منتظمة، فقد تم الإبلاغ عن أنشطة وتعليقات مختلف أعضاء المائدة المستديرة في الصحافة الوطنية. وقد أدى ذلك إلى أن يحظى أعضاء المائدة المستديرة بشهرة واسعة في الوعي العام باعتبارهم أذكياء مشهورين.,40,GENERATED
data50919,DATA_11170,A,تعطلي بزّاف باش دربو,t3etli bezzaf bach drbou,you are too late to strike him,لقد فات أوانك لضربه,7,PARTIALLY VALIDATED
data50920,WIKI_D_08117,D,"الواعظ المسيحي الإنجيلي الأمريكي بيلي گراهام دار ""حملة لكل اسكتلندا"" فالربيع ديال 1955. الحدث الكبير اللي كان على برا فديك الجولة كان ف هامبدن، فين سمعوه يهضر شي 100 ألف واحد.","lwaa3id lmsi7i liinjili l'amriki billy graham dar ""7amla likol اسكتلندا"" f rbi3 dyal 1955. l7adath lkbir lli kan 3la bera f dik ljawla kan f hampden, fin sma3oh yhder chi 100 alf wa7ed.","American evangelical Christian missionary Billy Graham had an "" All Scotland Crusade "" during the spring of 1955 . The major outdoor event of the tour was at Hampden , where a crowd of 100 @,@ 000 heard him speak .","قام المبشر المسيحي الإنجيلي الأمريكي بيلي غراهام ""بحملة عموم اسكتلندا"" خلال ربيع عام 1955. وكان الحدث الخارجي الرئيسي للجولة في هامبدن، حيث استمع له حشد من 100 ألف مستمع.",31,GENERATED
data50921,DATA_6811,A,متحمسّ لعيد ميلادو,mt7emess l3id miladou,he's excited for his birthday,إنه متحمس لعيد ميلاده,5,PARTIALLY VALIDATED
data50922,WIKI_D_08838,D,الوراق ديال 100 أورو مصاوبين بالقطن الصافي، اللي كيزيد في المتانة ديالهم و كيعطيهم ملمس مميز. الكود ديال المطبّعة كاينة على اليمين ديال النجمة ديال 9 دالساعات.,"lwar9 dial 100 euro msaoubin bel cotton safi, li kayzid f lmatana dialhom w kay3tihom malmas momayaz. lkod dial lmattba kain 3la l ymin dial nnajma dial 9 dalsaa3at.","The 100 euro notes are made of pure cotton fibre , which improves their durability as well as making the banknotes have a distinctive feel . The printer code is positioned at the right of 9 o 'clock star .",أوراق اليورو التي فئة 100 مصنوعة من ألياف القطن الخالصة، مما يحسن متانتها بالإضافة إلى إعطاء الأوراق النقدية ملمساً مميزاً. يوضع رمز الطابعة على يمين نجمة الساعة التاسعة.,27,GENERATED
data50923,DATA_17636,B,فيلدمان يهودي، حتى باه، و العائلة كانت كتنتمي لـ Peninsula Temple Sholom ف بورلينݣام فواحد الفترة.,"Fildman yahudi, 7etta bah, u l'a'ila kanet ket-ntami lـ Peninsula Temple Sholom f Borlingam f wa7ed l-fetra.","Feldman is Jewish , as is his father , and the family belonged to Peninsula Temple Sholom in Burlingame for a period of time .",كان فيلدمان يهودياً، وكذلك والده، وانتمت العائلة إلى معبد بينينسولا شولوم في بيرلينغيم لفترة من الزمن.,25,GENERATED
data50924,WIKI_C_04531,C,ف بريطانيا تلاح الحدث خرج ف VHS نهار 5 يوليوز 1993. و تلاح مع راسلمينيا 10 ف DVD ديال سلسلة WWE Tagged Classics نهار 8 ماي 2006.,f britania tlah l7dath khrej f vhs nhar 5 yulyuz 1993. w tlah m3 raslmania 10 f dvd dyal silsila WWE Tagged Classics nhar 8 may 2006.,"In the United Kingdom , the event was released on VHS on July 5 , 1993 . Packaged together with WrestleMania X , it was released on DVD for the WWE Tagged Classics series on May 8 , 2006 .",في المملكة المتحدة، صدر الحدث على شريط الفيديو المنزلي في 5 يوليو 1993. وتم إصداره مجمّعًا مع ريسلمانيا 10 على قرص DVD ضمن سلسلة WWE Tagged Classics في 8 مايو 2006.,27,GENERATED
data50925,WIKI_C_04112,C,أليسون مات بالتعقيدات مورا فواحد لمرض ديال الشريان الأورطي نهار خمسطاش ف شهر تسعود عام ألف وتسعمية وخمسة وستين فاش كان حاضر فواحد الكونفرونس ديال الفيزيك ديال البلازما و الدمج النووي ف كولام ف لانݣليز. الأوراق ديالو راهوم محطوطين فالمعهد الأمريكي ديال الفيزيك.,alison mat b't'qïdat mora fwa7d lmarad dyal chryan l'awrti nhar khmestash f chahr ts3ud 3am alf w ttsmyat w khmset w sittin fash kan 7adir fwa7d konferans dyal fizik dyal l plasma w ldamj li nawi f kulham f l'ingliz. l'awraq dyalu rahum ma7tutïn f lma3had l'amriki dyal fizik.,"Allison died of complications following an aortic aneurism on September 15 , 1965 while attending the Plasma Physics and Controlled Nuclear Fusion Research Conference in Culham , England . His papers are kept at the American Institute of Physics .",توفيت أليسون بسبب مضاعفات تلت إصابتها بتمدد الأوعية الدموية الأبهري في الخامس عشر من سبتمبر عام 1965 أثناء حضورها مؤتمر فيزياء البلازما والبحوث المتعلقة بالاندماج النووي المتحكم فيه في كولام، إنجلترا. تحفظ أوراقها لدى المعهد الأمريكي للفيزياء.,43,GENERATED
data50926,WIKI_C_08615,C,التصنيف ديال الشاب مفتوح للّي تزاد من واحد ف شهر واحد عام ألف وتسعمية وتسعين و لفوق. الشاب اللي جا هو اللول ف الترتيب العام هو اللي كيشد التصنيف ديال الشاب و كيلبس تريكو بيض.,tazwin dyal shap mabdud lli tzad mn 1 f shhar 1 3am 1990 w lfo9. shap lli ja howa llowl f ttarteb l3am howa lli kydyt tazwin dyal shap w kiyldb triko bid.,The young rider classification is open to those born on or after 1 January 1990 . The young rider ranked highest in the general classification is the leader of the young rider classification and wears a white jersey .,فئة الدراج الشاب مفتوحة لمن ولدوا في 1 يناير 1990 أو بعده. الدراج الشاب صاحب أعلى ترتيب في الترتيب العام هو قائد فئة الدراج الشاب ويرتدي قميصًا أبيض.,35,GENERATED
data50927,DATA_22786,B,الويدان اللي كاينين فالمنطقة ديال واد مهانوي ماكيميلوش بزاف باش يتعوجو، ولكن الواد الرئيسي كيتعوج شوية بين ڭوردون و لافيل وقرب المصب ديالو.,"louidane li kaynin fel-mintaqa dial Oued Mhanou ma kaymiloosh bzzaf bash it'awjou, walakin louad r-ra'issi kayt'awwaj shwiya bin ڭordon w la ville w qorb l-massab dialou.","The streams in the Mahanoy Creek watershed tend to meander relatively little , but the main creek meanders somewhat between Gordon and Lavelle and near its mouth .",تميل المجاري المائية في مستجمعات مياه سيل ماهانوي إلى الالتواء بشكل قليل نسبياً، ولكن النهر الرئيسي يلتوي إلى حد ما بين جوردون ولافيل وبالقرب من مصبه.,28,GENERATED
data50928,WIKI_C_01889,C,"""لودد"" ديال زاك تيمبيست (1999 – 2003, 2006 – 2008, 2009, 2013 – 2015; WWE/السيرك المستقل; كان كيستعملها فاش كان كيلعب مع خوه مات).","'loodd' dyal zack tempest (1999 – 2003, 2006 – 2008, 2009, 2013 – 2015; WWE/ssirk lmosta9il; kan kist3mlha fach kan kil3b m3a khouh matt).",""" Loaded "" by Zack Tempest ( 1999 – 2003 , 2006 – 2008 , 2009 , 2013 – 2015 ; WWE / independent circuit ; used while teaming with his brother Matt )"," ""محمّل"" لزاك تيمبست (1999 – 2003، 2006 – 2008، 2009، 2013 – 2015؛ WWE/الحلبة المستقلة؛ استُخدمت أثناء التعاون مع أخيه مات).",24,GENERATED
data50929,DATA_24004,B,"كوپلاند، بي. جاك (محرر). ""آلان تورينڭ: أبو الحاسوب الحديث"". ذا رذرفورد جورنال.","Coupland, B. Jack (m7arrer). ""Alan Turing: Abu al- الحاسوب al-7adith"". The Rutherford Journal.","Copeland , B. Jack ( ed . ) . "" Alan Turing : Father of the Modern Computer "" . The Rutherford Journal .","كوبلاند، بي. جاك (محرر). ""آلان تورينج: أبو الحاسوب الحديث"". مجلة رذرفورد.",24,GENERATED
data50930,WIKI_C_07359,C,الضواري ديال هاد السنونو ما تدرسوش بزاف، ولكن هو الطير الوحيد اللي تسجل فواحد الدراسة ديال الماكلة ديال ديك الباز الصغير اللي كياكل الحشرات بزاف. و كيتطفل عليه واحد البرغوت من جنس ...,"ddawari dyal had essnono ma tdersush bzzaf, walakin huwa ettayr elwahid elli tssjel f wa7ed eddrasa dyal elmakla dyal dik lbaz essghir elli kyakol el7echart bzzaf. w kytetfel 3lih wa7ed elberghout men jens <unk>.","Predators of this martin have been little studied , but it was the only bird recorded in a study of the diet of the mainly insectivorous collared falconet . It is parasitised by a flea of the genus <unk> .",لم تُدرس الحيوانات المفترسة لهذا الطائر السنونو كثيرًا، ولكنه كان الطائر الوحيد المسجل في دراسة حول حمية صقر العقاب الصغير الذي يتغذى بشكل رئيسي على الحشرات. ويتطفل عليه برغوث من جنس <unk>.,33,GENERATED
data50931,DATA_19898,B,2. بيانكا ضحات براسها ف الصحرا باش تنقد المجموعة من واحد البروتوتايب خاسر ديال الروبو ديال هيفايستوس، طالوس.,"bianka ddat brassha f sse7ra bash tna9ed lmjmo3a mn wa7d l prototaip khaser dyal rrobo dyal hifaystos, talos.","2 . Bianca sacrificed herself in the desert to save the group against a defective prototype of Hephaestus ' robot , Talos .",2. ضحت بيانكا بنفسها في الصحراء لإنقاذ المجموعة ضد نموذج أولي معيب لروبوت هيفايستوس، تالوس.,23,GENERATED
data50932,DATA_19272,B,أوكسفورد ربحات سباق الزوارق النسائي بربعة ديال الأطوال، في حين غولدي ديال كامبريدج غلبات إيزيس ديال أوكسفورد في السباق الاحتياطي.,"oxford rb7at sbaq zzwariq nnisa2i b rb3a dyal l'atwal, fi 7in goldi dyal cambridge ghlbat 'izis dyal oxford fi ssibaq li7tiyaTi.",Oxford won the Women 's Boat Race by four lengths while Cambridge 's Goldie beat Oxford 's Isis in the reserve race .,فازت جامعة أكسفورد بسباق القوارب للسيدات بفارق أربعة أطوال، بينما تفوق فريق جولديه من كامبريدج على فريق إيزيس من أكسفورد في سباق الاحتياطي.,23,GENERATED
data50933,WIKI_D_09639,D,لبوس ديال نيو بيري. ميم @-@ 28 كانت معروفة من 1936 حتال 1952 بميم @-@ 28A. الخرائط ديال MSHD ديال داك الوقت بينات باللي كانت مسجلة كالـ BUS M @-@ 28 فـ 1952 قبل ما ترجع للسيطرة المحلية فـ 1953.,lbos dyal newberry. m@28 kant ma3roufa mn 1936 htal 1952 b m@28A. lkhra2t dyal MSHD dyal dak lwa9t banat bli kant msjla ka BUS M@28 f 1952 9bel ma trj3 lslta lma7liya f 1953.,The Newberry Bus . M @-@ 28 was designated from 1936 until 1952 as M @-@ 28A . The MSHD maps of the time showed it signed as BUS M @-@ 28 in 1952 before it was turned back to local control in 1953 .,حافلة نيوبيري. تم تعيين M-28 من عام 1936 حتى عام 1952 باسم M-28A. أظهرت خرائط MSHD في ذلك الوقت أنها موقعة كـ BUS M-28 في عام 1952 قبل إعادتها إلى السيطرة المحلية في عام 1953.,40,GENERATED
data50934,WIKI_D_07492,D,بحال هالو: كومبات إيفولڤد، النسخة ديال Xbox ديال هالو 2 فيها واحد السيستيم ديال اللعب الجماعي لي كيسمح لللاعبين يتنافسو بيناتهم في تقسيم الشاشة و الربط بين الأجهزة؛ بالإضافة إلى ذلك، زادو الدعم ديال اللعب الجماعي أونلاين عن طريق Xbox Live.,"b7al halo: combat evolved, l'version dial xbox dial halo 2 fiha chi system dial l'3ab جماعي li kaysem7 l'la3bin itnafsso binathom f ta9sim sh shasha w rabt bin l'ajhiza; b'idafa l'dlik, zadou d'am dial l'3ab جماعي online 3ir tari9 xbox live.","Like Halo : Combat Evolved , the Xbox version of Halo 2 features a multiplayer system that allows players to compete with each other in split @-@ screen and system link modes ; in addition , it adds support for online multiplayer via Xbox Live .",مثل لعبة Halo: Combat Evolved، يتميز إصدار Xbox من Halo 2 بنظام لعب جماعي يسمح للاعبين بالتنافس مع بعضهم البعض في وضعي الشاشة المقسمة والربط بين الأنظمة؛ بالإضافة إلى ذلك، يضيف دعمًا للعب الجماعي عبر الإنترنت عبر Xbox Live.,41,GENERATED
data50935,WIKI_D_06945,D,"ڭريفيتس، روبرت (2012). تاريخنا: س. أو. ديفيز، ""رفيق مسافر"" والحرب الباردة. لندن: الحزب الشيوعي البريطاني. رقم ردمك 978 @-@ 1 @-@ <unk> @-@ 20 @-@ 5.","grefits, robert (2012). tarikhna: s. o. davis, ""rafiq msafer"" w'l-7arb l-barida. london: l-7izb l-shuyui'i l-britani. raqm rdmk 978-1-<unk>-20-5.","Griffiths , Robert ( 2012 ) . Our History : S. O. Davies , "" Fellow @-@ travelling "" and the Cold War . London : Communist Party of Britain . ISBN 978 @-@ 1 @-@ <unk> @-@ 20 @-@ 5 .","غريفيثز، روبرت (2012). تاريخنا: س. أو. ديفيز، ""السفر مع الرفيق"" والحرب الباردة. لندن: الحزب الشيوعي البريطاني. ردمك 978-1-<unk>-20-5.",26,GENERATED
data50936,DATA_14179,B,"""Rajel li 3ando l-mūs d-dhāb t-nashrat b t-tqsit f jjarida d Daily Express kull nhār mn 22 mars 1965 ō zzid.""",Rajel li 3ando l-mus d-dhab t-nashrat b t-tqsit f jjarida d Daily Express kull nhar mn 22 mars 1965 o zzid.,The Man with the Golden Gun was published in serial form in the Daily Express newspaper on a daily basis from 22 March 1965 onwards .,"نُشر كتاب ""الرجل ذو المسدس الذهبي"" بشكل متسلسل في صحيفة ""ديلي إكسبريس"" يوميًا ابتداءً من 22 مارس 1965.",26,GENERATED
data50937,DATA_5867,A,الخبر جات بحال الصعيقة,lkhbar jat b7al SSa3i9a,The news come as a complete shock,جاء الخبر كصدمة تامة,7,PARTIALLY VALIDATED
data50938,DATA_1853,A,اودي، تيليفوني مخدامش فهاد البواطة تلحبس!,"awdi, tilifoni mkhddamch fhad lbwaTa tl7bs!","Well, my phone doesn't work in the damn box!",حسنًا، هاتفي لا يعمل في الصندوق اللعين!,9,PARTIALLY VALIDATED
data50939,WIKI_C_10435,C,حبس ديال الدولة ف هول كاين ف لمدينة و خدام تابع لمصلحة السجون. كيهز حتال شي ألف راجل كبير ديال الجرائم من الصنف ب و ج.,7abes dyal dولة f hull kayen f lmdina w khdam taba3 lmsl7a dyal slojon. kayhazz 7tal chi alf rajl kbir dyal ljrayem mn ssef b w j.,"HM Prison Hull is located in the city and is operated by HM Prison Service . It caters for up to 1 @,@ 000 Category B / C adult male prisoners .","يقع سجن ""إتش إم"" في مدينة هال وتديره إدارة السجون الملكية. وهو يستوعب ما يصل إلى 1000 سجين ذكر بالغ من الفئة (ب/ج).",26,GENERATED
data50940,WIKI_C_03084,C,الدالة ديلطا تقدر تعاون فالميكانيك ديال البني باش نوصفو الأحمال اللي كيدوزو دغيا ولا الأحمال اللي كيتاثرو فبلاصة معينة على البني. المعادلة اللي كتحكم فواحد السيستيم بسيط ديال ماسة و ناضض اللي كيتنقز بواحد الضربة ديال الجهد I فوقت t.,dalla delta tqdr t3awen f lmikanik dyal lbni bach nwswfo l7mal li kaydozo dghya wla l7mal li kayta2tro f blasa mo3ayana 3la lbni. lmo3adla li kat7km f wa7d sistem basit dyal masa w nadod li kaytna9z b wa7d drba dyal l jahd I f wakt t,The delta function can be used in structural mechanics to describe transient loads or point loads acting on structures . The governing equation of a simple mass – spring system excited by a sudden force impulse I at time t,يمكن استخدام دالة ديراك دلتا في الميكانيكا الإنشائية لوصف الأحمال العابرة أو الأحمال النقطية المؤثرة على المنشآت. المعادلة الحاكمة لنظام كتلة-زنبرك بسيط مثار بقوة دفع مفاجئة I عند الزمن t,40,GENERATED
data50941,DATA_15553,B,"رادستوك فيها ربعة د الكنايس، مجموعين تحت مظلة ديال ""الكنايس مجموعين في رادستوك"". و كيكونو شي صلاوات موحدة بزاف بين الأديان ف المدينة.","radstock fiha arba3a d lknayes, mejmo3in te7t mdella dyal ""lknayes mejmo3in fi radstock"". o kaykono shi salahwat mwa7da bzzaf bin l'adyan f lmdina.","Radstock contains four churches , united under the umbrella of "" Churches together in Radstock "" . There are frequent interfaith unity services in the town .","تضم رادستوك أربع كنائس ، موحدة تحت مظلة ""الكنائس معاً في رادستوك"". تُقام بانتظام احتفالات وحدوية مشتركة بين الأديان في البلدة.",27,GENERATED
data50942,WIKI_C_06914,C,درتي لينا مثال ديال شنو نقدروا نديروا كبلاد بالرؤية والتضحية والخدمة والإنضباط واستغلال المواهب ديالنا.,derti lina misal dyal shno nqdero ndiro kblad berrweya wetzehdia w lkhdma welendibat w estighlal lemaweheb dyalna.,"You have set an example of what we can do as a country through vision , sacrifice , hard work , discipline , and making the best use of our gifts and talents .",لقد ضربتم لنا مثلاً لما يمكننا تحقيقه كبلد عبر الرؤية والتضحية والعمل الجاد والانضباط والاستفادة القصوى من هدايانا ومواهبنا.,15,GENERATED
data50943,DATA_12968,B,"ثندربيرد 2: طيارة ناقلة أسرع من الصوت لي كتهز مركبات ومعدات الإنقاذ للمناطق ديال الحوادث فكبسولات كيتفكو كيتسمّاو ""Pods"". كيسوقها فيرجيل.","Thunderbird 2: tayara naqila asra3 men s-sawt li katezz markabat u m3iddat l'inqad l lmanatiq diyal lhawadit f kabsulat kaytfekku kaytsmmaw ""Pods"". ki-siq-ha Virgil.","Thunderbird 2 : a supersonic carrier aircraft that transports rescue vehicles and equipment to accident zones in detachable capsules known as "" Pods "" . Piloted by Virgil .","البرق 2: طائرة نقل فوق صوتية تنقل مركبات ومعدات الإنقاذ إلى مناطق الحوادث في كبسولات قابلة للفصل تُعرف باسم ""حاويات"". يقودها فيرجيل.",29,GENERATED
data50944,WIKI_D_10176,D,بسباب الزيادة فالإهتمام بكراكوف اللي دارها الفيلم، المدينة شرات مصنع المينا ديال أوسكار شيندلر ف 2007 باش يديرو معرض دائم على الاحتلال الألماني للمدينة من 1939 ل 1945. المتحف تحلّ ف شهر ستة 2010.,"bspab zyadet f ilhtmam b krakov li darth l film, madina shrat manufactura d lmilna dyal oskar schindler f 2007 bach ydiru معرض daim 3la l ihtilal l2almani l madina man 1939 l 1945. l mat7af t7l f chher 6 2010.","Due to the increased interest in Kraków created by the film , the city bought Oskar Schindler 's Enamel Factory in 2007 to create a permanent exhibition about the German occupation of the city from 1939 to 1945 . The museum opened in June 2010 .",بسبب الاهتمام المتزايد بكراكوف الذي أثاره الفيلم، اشترت المدينة مصنع أوسكار شيندلر للمينا في عام 2007 لإنشاء معرض دائم حول الاحتلال الألماني للمدينة من عام 1939 إلى عام 1945. افتتح المتحف في يونيو 2010.,34,GENERATED
data50945,WIKI_D_08769,D,"محكمة فيدرالية فولاية نبراسكا فالميريكان حكمات باللي وحش السباڭيتي الطائر دين ساخر وكيدحك ماشي دين بصاح, و بالنتيجة, الباستافاريين ما عندهومش الحق باش يستافدو من تسهيلات دينية بموجب قانون استخدام الأراضي المؤسساتي للأشخاص المتدينين.","m7akama federalia f willet nebraska f lmerikan 7akmat belli wa7ch sba9eti tayer din sakher w kid7ek machi din bsa7, w bنتيجة, lpastafarian ma3ndhomch l7eq bach ystaftdo mn tasehilat dinia b mojed qanun stikhdam l'aradi lmo2ssasti lil أشخاص lmddinian.","A federal court in the US state of Nebraska ruled that Flying Spaghetti Monster is a satirical parody religion , rather than an actual religion , and as a result , Pastafarians are not entitled to religious accommodation under the Religious Land Use and Institutionalized Persons Act :",قضت محكمة فيدرالية في ولاية نبراسكا الأمريكية بأن وحش المعكرونة الطائر هو دين ساخر ومحاكاة ساخرة، وليس دينًا فعليًا، ونتيجة لذلك، فإن أتباع ديانة وحش المعكرونة الطائر غير مؤهلين للحصول على إعفاءات دينية بموجب قانون استخدام الأراضي للمؤسسات والأشخاص المعتقلين.,34,GENERATED
data50946,DATA_1820,A,واش كاين دجاج تماك تاقوا؟,wach kayn djaj tmak ta8wa?,Are there chickens there too?,هل يوجد دجاج هناك أيضاً؟,5,PARTIALLY VALIDATED
data50947,WIKI_C_11383,C,بحال مثلاً هاد الصيف غاندوز شي وقيتة واعرة مع دودلي.,bhal mntal had sayf kandouz chi wa9ita wa3ra m3a Dudley.,"e.g. <unk> @-@ ara <unk> manna Dudley <unk> @-@ tor @-@ si @-@ <unk> @-@ ssa @-@ <unk> "" I expect to get some fun out of Dudley this summer . """,أتوقع أن أحصل على بعض المرح من دودلي هذا الصيف.,10,GENERATED
data50948,DATA_17132,B,الخاصيات اللي كاينة ف الجمع ديال الأعداد الصحيحة هي اللي كتخدم كموديل ل مسلمات المجموعة التجريدية اللي كاينة فالتعريف اللي غيجي من بعد.,alkhasiyat li kayna f al-jam3 dial al-a3dad sahiha hiya li katkhedm k-model l-mosallamat al-majmo3a tajridiya li kayna f ta3rif li ghayji mn b3d.,The following properties of integer addition serve as a model for the abstract group axioms given in the definition below .,خصائص الجمع الصحيح التالية تعمل كنموذج لمسلمات الزمرة المجردة المعطاة في التعريف أدناه.,21,GENERATED
data50949,DATA_7042,A,شنو أحسن ديكرا عندك من سحر؟,chnou a7ssn dikra 3ndk mn s5or ?,what is your best childhood memory?,ما هي أفضل ذكرى لديك من طفولتك؟,6,PARTIALLY VALIDATED
data50950,WIKI_D_12128,D,ساهلة نسبيا تصاوب إيريسات اللي كيتقادو ميكانيكيا. تقدر تدفع واحد البلاكة رقيقة ديال الحديد داخل و خارج واحد التقيبة رقيقة في الجنب ديال الموجّه الموجي (الغايد). هاد الطريقة باش كيتصاوب الإيريس بعض المرات كيتختار حيت كتعطي إمكانية نصاوبو شي حاجة اللي نقدر نبدلو فيها القياس.,sahla nisbiya tswav irissat lli kiytdawdo mikanikiya. t9dar tfach wa7d plaka rqiqa dyal l7did dakhel w kharej wa7d t9iba rqiqa f jnebyal lmwajeh lmwaji (el-guide). had trri9a bash kitswav el-iris ba3d lmerrat kitkhtar 7it kat3ti imkaniya ntsawbo chi 7aja lli n9dro nebddlu fiha l9yas.,It is fairly simple to make irises that are mechanically adjustable . A thin plate of metal can be pushed in and out of a narrow slot in the side of the waveguide . The iris construction is sometimes chosen for this ability to make a variable component .,من السهل نسبيًا صنع قزحيات قابلة للتعديل ميكانيكيًا. يمكن دفع لوح معدني رفيع إلى الداخل والخارج من فتحة ضيقة في جانب الدليل الموجي. غالبًا ما يتم اختيار بناء القزحية لقدرتها على صنع مكون متغير.,45,GENERATED
data50951,WIKI_D_08919,D,فاش كان ف الجنوب ديال المحيط الهادي، ولا مهووس بالبحار ديال القرن 19 تشارلز ساڤاج، اللي كانو كايقولو باللي هو أول واحد جاب السلاح الناري لفيجي. هاد الهوس هوا اللي خلاه يبدل سميتو ل ساڤاج.,"fach kan f l-janub dyal l-mhit l-hindi, walla mahuus b-l-bħar dyal l-qarn 19 charles savage, lli kanu kayqulu blli huwa awwal waħd jab s-slħ n-nari l-fiji. had l-hus huwa lli ħllah ybdl smitu l savage.","While in the South Pacific , he became fascinated with the 19th @-@ century sailor Charles Savage , who was believed to have been the first man to bring firearms to Fiji . That fascination led to Weiner 's name change to Savage .",بينما كان في جنوب المحيط الهادئ، انبهر بالبحار من القرن التاسع عشر تشارلز ساڤاج، الذي كان يُعتقد أنه أول رجل أحضر الأسلحة النارية إلى فيجي. أدى هذا الانبهار إلى تغيير اسم فاينر إلى ساڤاج.,35,GENERATED
data50952,WIKI_C_05277,C,المحطة د الطقس العالية كاينة ف East Riding ف Yorkshire Wolds، ولكن المناطق اللي ف Holderness اللي هما هابطين وقريبين للبحر عادةً الجو فيهوم الطف.,"lme7tTta d TtTtaqs l3alya kayna f East Riding f Yorkshire Wolds, wlakin lmanate2 li f Holderness li homa habtTin w9arbin lbHr 3adatan ljaw fihom Ttaf.","The High <unk> weather station is in the East Riding on the Yorkshire Wolds , but areas in Holderness which are lower and nearer to the sea have generally milder weather .","تقع محطة الطقس العليا في ""إيست رايدينج"" على ""يوركشاير وولدز""، ولكن المناطق المنخفضة والأقرب إلى البحر في ""هولدرنس"" تتمتع بشكل عام بطقس أكثر اعتدالًا.",25,GENERATED
data50953,DATA_2707,A,زيد عليها، كايبقى يبتسم على صحابتي,"zid 3liha, kayb9a itbssel 3la S7abati","Besides, he keeps harassing my friends",علاوة على ذلك، يستمر في مضايقة أصدقائي,6,PARTIALLY VALIDATED
data50954,DATA_12498,A,عمرك جربتي تأمل مني شيحاجة هربانة أنا على قدّي,3emrek jerebti t2emmel meni chi7aja herbana ana 3la 9eddi,Have you tried to have high expectations,هل حاولت أن تكون لديك توقعات عالية,7,PARTIALLY VALIDATED
data50955,DATA_0727,A,أنا غادي ل الدار من دابا ربعيّام,ana ghadi l ddar mn daba rb3yyam,I'm going home in four days,أنا ذاهب إلى المنزل بعد أربعة أيام,6,PARTIALLY VALIDATED
data50956,WIKI_D_06724,D,تاكتيكس أدفانس كتقدّم تا هي إمكانية اللعب الجماعي لجوج د الناس. اللعّابة يقدرو يتعاونو أولّا يتنافسو باستعمال رابط @-@ كابل، و تا يتبادلو السّلَع و أعضاء الفريق. مهمّات و سلَع زايدة كاينة تا هي فاش اللعّابة كيتكونيكتاو.,"tactics advance kat9eddèm ta hi imkaniya dial l'lab جماعي ljuj d nass. l'labba y9dro yta3awno awla ytanfso b'istikhdam rabt @-@ cable, w ta ytbaddlo ssela3 w a3da2 l'fari9. muhimmat w ssela3 zayda kayna ta hi fach l'labba kayconnectaw.","Tactics Advance also offers multiplayer capability for two players . Players may cooperate or compete using a link @-@ cable peripheral , and also trade items and party members . Additional missions and items are also offered when players link .",تتيح تاكتيكس أدفانس أيضًا إمكانية اللعب الجماعي للاعبين اثنين. يمكن للاعبين التعاون أو التنافس باستخدام ملحق كابل وصل، وكذلك تبادل العناصر وأعضاء الفريق. يتم تقديم مهام وعناصر إضافية أيضًا عند ربط اللاعبين.,37,GENERATED
data50957,WIKI_C_11748,C,الجنرال سيكورسكي، رئيس لوزراء، القائد العام، لندن، المعهد البولندي ومتحف سيكورسكي، 1981، رقم لِـ ISBN 0 @-@ <unk> @-@ 09 @-@ 1.,"ljeneral sikorski, rais lوزara, lqaaid l3am, london, lma3had lbolandi wmat7af sikorski, 1981, raqm l isbn 0-@-*-09-@1.","Generał Sikorski , premier , <unk> <unk> ( General Sikorski : Prime Minister , Commander in Chief ) , London , Polish Institute and Sikorski Museum , 1981 , ISBN 0 @-@ <unk> @-@ 09 @-@ 1 .",الجنرال سيكورسكي، رئيس الوزراء، القائد العام، لندن، المعهد البولندي ومتحف سيكورسكي، 1981، رقم ISBN 0-@-*-09-@1.,22,GENERATED
data50958,DATA_13020,B,كيتهزّو الرايات على النص نهار ديال الوفاة والنهار اللي موراه على شي واحد من أعضاء الكونغرس ديال ميريكان.,Kithzzo rrayat 3la nns nhar dyal lwafat w nhar li morah 3la shi wahed mn a3da' lkongress dyal mirikan.,Flags are displayed at half @-@ mast on the day of death and the following day for a member of the United States Congress .,تُرفع الأعلام في نصف السارية في يوم الوفاة واليوم التالي لعضو في الكونغرس الأمريكي.,25,GENERATED
data50959,DATA_17081,B,"حتى شي روائي ما كان غادي يقدر يبدا خير من هكا""، كتبت فيرجينيا وولف؛ ""سيلبورن محطوطة بقوة في الواجهة.""","7etta shi rwa2i ma kan ghadi yqder ybda khir men haka"", ketbat Virginia Woolf; ""Selborne me7tota b qowwa fi l wajha.""",""" No novelist could have opened better "" , wrote Virginia Woolf ; "" Selborne is set solidly in the foreground . """,«لم يكن يستطيع أي روائي أن يفتتح بشكل أفضل»، كتبت فيرجينيا وولف؛ «سلْبورن راسخة بقوة في المقدمة».,23,GENERATED
data50960,DATA_17105,B,من بعد الطّورا، برادمان كان كيشكر بزاف في ميلر، واخا كان كينتقدو شوية على الضّرب ديالو لي فيه الجهد بزاف:,"mn b3d ttoura, bradman kan kishkur bzzaf f miller, wakha kan kintqdu shwiya 3la ddrb dyalu li fih ljuhd bzzaf.","After the tour , Bradman was full of praise for Miller , though somewhat critical of his aggressive batting :",بعد الجولة ، كان برادمان مليئًا بالثناء على ميلر ، على الرغم من انتقاده إلى حد ما لضرباته العدوانية :,20,GENERATED
data50961,DATA_5772,A,ماقدرش نحلّ عيني,ma9aderch n7ell 3ini,I can't keep my eyes open,لا أستطيع إبقاء عيني مفتوحتين,6,PARTIALLY VALIDATED
data50962,DATA_13790,B,الرواية ديال إرنست هاي كوكس لي كتبها ف 1942 و سميتها Alder Gulch كتوصف الشريف ديال باناك، هنري بلامر، بحال شي قاتل و شفار بارد و كيحسبها مزيان.,"ar-riwaya dyal Ernest Haycox li ktebha f 1942 u smitha Alder Gulch katwessef sh-shrif dyal Bannack, Henry Plummer, bhal shi qatel u shaffar bared u kayhsebha mzian.",Ernest Haycox 's 1942 novel Alder Gulch depicts Bannack Sheriff Henry Plummer as a cold and calculating murderer and thief .,"تصور رواية ""ألدر غالتش"" لإرنست هايكوكس، التي نُشرت عام 1942، شريف بانّاك هنري بلامر كقاتل وسارق بارد وحاسب.",21,GENERATED
data50963,WIKI_D_03095,D,"ريتشي أونتربيرغر ديال أولميوزيك وصف أونهالفبريكينڭ بـ ""ألبوم انتقالي بالنسبة لفرقة فيربورت كونڤنشن الشابة، لي فيه الفرقة تخلات على أقرب الروابط ديالها بالتأثيرات ديال الفولك روك الأمريكي وبدات كاتميل لواحد الصوت بريطاني فولكلوري تقليدي كثر"".","ritchie unterberger dyal allmusic wsaf unhalfbricking b ""album intiqali binisba lferqa fairport convention chabba, li fiha lferqa tkhellat 3la aqrab rawabet dyalha bta2thirat lfolk rock l'amriki w bdat katmeel l wahid sowt britani folklori taqlidi ktar"".","Allmusic 's Richie Unterberger described Unhalfbricking as "" a transitional album for the young Fairport Convention , in which the group shed its closest ties to its American folk @-@ rock influences and started to edge toward a more traditional British folk @-@ slanted sound "" .","وصف ريتشي أونتربيرغر من أول ميوزيك ألبوم ""أونهالفبريكينغ"" بأنه ""ألبوم انتقالي لفرقة فيربورت كونفنشن الشابة، حيث تخلت الفرقة عن أقرب روابطها بتأثيرات الفولك روك الأمريكية وبدأت تتجه نحو صوت بريطاني أكثر ميلاً إلى الفولك التقليدي"".",35,GENERATED
data50964,WIKI_C_01926,C,واخا تار دوز أغلبية مسيرتو فالرݣبي مع أوكسفورد و ليستر، راه مسجل بلي مثل فراقي ديال الكلوب و ريتشموند إف سي و حتى ميدلاند كاونتيز.,"wakha tar ddez aghlabiyat dyal l'career dyalo fl' rugby m3a oxford w leicester, rah msjjel kaymel teamat dyal club w richmond f.c. w jawwaz l' midland counties.","Although Tarr spent the majority of his rugby career with Oxford and Leicester , he is recorded as representing club teams <unk> and Richmond F.C. and also Midland Counties .",على الرغم من أن تار قدأ أغلب مسيرته في مبنيه الرغبي مع فريقي أوكسفورد وليستر، فإنه مسجل بتمثيل فرق الأندية <unk> وريتشموند إف سي وأيضاً منتخبات ميدلاند كاونتيز.,25,GENERATED
data50965,DATA_21422,B,في 2016، بطل العالم السابق في الشطرنج، گاري كاسپاروف، علق على الأهمية العالمية ديال الماتش، وقال:,"Fi 2016, batal l'3alam s-sabeq fi sh-shatranj, Garry Kasparov, 3allaq 3la l'ahamiya l'3alamiya dyal l-match, o qaal:","In 2016 , former World Chess Champion Garry Kasparov commented on the global significance of the match , saying :",في عام 2016 ، علق بطل العالم السابق في الشطرنج غاري كاسباروف على الأهمية العالمية للمباراة ، قائلاً :,20,GENERATED
data50966,WIKI_D_05313,D,السلالات ديال الفيروسات ماكايتكاثروش بالتقسيم ديال الخلايا حيت هما ماشي خلويين. بلاصت هاذشي، كايستعملو الماكينة و الميطابوليزم ديال شي خلية مضيفة باش ينتجو نسخ بزاف منهم، و كايتجمعو فالخلية.,"slalat dyal l virusat makaytkathroush b taqsim dyal l khalaya hit homa machi khlawyin. blast hadchi, kaystamlou l makina w l metabolism dyal chi khaliya mdifa bach yantjou nusk bzaf منهم, w kaytjam3ou f l khaliya.","Viral populations do not grow through cell division , because they are acellular . Instead , they use the machinery and metabolism of a host cell to produce multiple copies of themselves , and they assemble in the cell .",لا تنمو المجموعات الفيروسية عن طريق انقسام الخلايا، لأنها لا خلوية. بدلاً من ذلك، فإنها تستخدم آلية وأيض خلية مضيفة لإنتاج نسخ متعددة من نفسها، وتتجمع في الخلية.,29,GENERATED
data50967,DATA_10415,A,مانضنش غادي ودح ليك داك الموضوع,mandench ghadi wdde7 lik dak lmawdou3,i thought that he will clarify the matter,اعتقدت أنه سيوضح الأمر,8,PARTIALLY VALIDATED
data50968,DATA_8670,A,راه معجز هادا لي مخدمو خاصني نجري عليه,rah m3gaz hada li m5edmou 5assni njri 3lih,i have a bad employee,لدي موظف سيء,5,PARTIALLY VALIDATED
data50969,DATA_19969,B,"Ana ghaadi/kangaadi/kanmshi. (Context will dictate which one fits best, but these are the closest.)",ana ghadi,""" I 'm Walkin ' "" – performed by Fats Domino ( plays during the scenes where Jake , Elwood and the orphans promote the concert )",أنا ماضٍ.,27,GENERATED
data50970,WIKI_C_09693,C,السلطات اللي ما عطاوهاش الدستور للميريكان و لا منعها على الولايات، راه باقيا ديال الولايات كل وحدة و الشعب.,"sl7t lli ma 3tawhach l-dustur l-l-merikan w-la mn3ha 3la l-wilayat, rah baghya dyal l-wilayat kul wa7da w-sha3b.","The powers not delegated to the United States by the Constitution , nor prohibited by it to the States , are reserved to the States respectively , or to the people .",السلطات التي لم تفوضها الولايات المتحدة بالدستور، ولم يحظرها عليها للدول، محفوظة للدول على التوالي، أو للشعب.,19,GENERATED
data50971,DATA_14102,B,الأغنية ترشحات لجائزة غرامي ديال 2015 لأحسن أغنية راب/غناء تعاوني و أحسن أغنية راب.,l'oghniya trachchat ljayza ghrāmī dyal 2015 l'ahsan 'oghniya rap/ghna t'aawouni w ahsan 'oghniya rap.,The song was nominated for Best Rap / Sung Collaboration and Best Rap Song at the 2015 Grammy Awards .,تم ترشيح الأغنية لجائزة أفضل تعاون راب/غنائي وأفضل أغنية راب في حفل توزيع جوائز جرامي لعام 2015.,20,GENERATED
data50972,DATA_18557,B,ڭوبل حتى هو خدم سنين من بعد كهز نعش ديال المدرب ديالو، فيلدينج إتش يوست، في الجنازة ديالو في غشت 1946.,"ڭubl 7etta huwa kheddem snin men b3d kehz n3esh dyal l-mudrrib dyalu, fildinj itch yust, fi l-jnaza dyalu fi ghusht 1946.","Goebel also served years later as a pall bearer at the funeral of his coach , Fielding H. Yost , in August 1946 .",كما خدم غوبل بعد سنوات حامل تابوت في جنازة مدربه فيلدينغ إتش يوست في أغسطس 1946.,24,GENERATED
data50973,DATA_0462,A,"زعمي, إقدر فقط إڭولّيك راه مامساليش","z3mi, i9der fa9aT igollik rah mamsalich","Go on, he can only say he is busy",امضِ، لا يمكنه سوى القول إنه مشغول,9,PARTIALLY VALIDATED
data50974,WIKI_D_00586,D,"ف 1963، الوالي ديال تكساس اللي كان، ألان شيڤرز - فاش كان كيعطي لهوغ جايزة ""الخريج المتميز"" من عند جامعة تكساس (أول مرا كتخدها) - قال على ""الآنسة إيما"":","f 1963, lwali dyal texas lli kan, allan shivers - fash kan kay3ti lhog jayza ""lkhareej lmowayaz"" mn 3and jami3at texas (awwal mira katkhodha) - qal 3la ""l'ansa ima"":","In 1963 , former Governor of Texas Allan Shivers — when presenting Hogg with the Distinguished Alumnus Award of the University of Texas Ex @-@ Students Association ( the first woman so honored ) — said of "" Miss Ima "" :","في عام 1963، قال الحاكم السابق لتكساس آلان شيفرز - عند تقديم جائزة الخريج المتميز من جمعية خريجي جامعة تكساس لهوغ (وهي أول امرأة تحصل عليها) - عن ""الآنسة إيما"":",29,GENERATED
data50975,WIKI_D_04246,D,بيلوك، هيلير؛ تشيسترتون، سيسيل (2007) [1911]. السيستيم ديال الأحزاب. بول، رون (تقديم). نورفولك، فيرجينيا: إيه إتش إس بريس. ISBN 1 @-@ <unk> @-@ 11 @-@ 3. OCLC <unk>.,"belloc, hilaire; chesterton, cecil (2007) [1911]. essistem dyal l'a7zab. paul, ron (ta9dim). norfolk, virginia: ihs press. isbn 1 @-@ <unk> @-@ 11 @-@ 3. oclc <unk>.","Belloc , Hilaire ; Chesterton , Cecil ( 2007 ) [ 1911 ] . The Party System . Paul , Ron ( foreword ) . Norfolk , Virginia : IHS Press . ISBN 1 @-@ <unk> @-@ 11 @-@ 3 . OCLC <unk> .",بيلوك، هيلير؛ تشيسترتون، سيسيل (2007) [1911]. نظام الحزب. بول، رون (مقدمة). نورفولك، فيرجينيا: مطابع IHS. ISBN 1 @-@ <unk> @-@ 11 @-@ 3. OCLC <unk>.,28,GENERATED
data50976,WIKI_C_09299,C,ماعْرْفْتْ آشْنُو هَادْشي يا باري. الجورنال ديال بن أوشيدا: مواطن ماعرفت آشْنُو، معسكر ميرور ليك، كاليفورنيا، 1942. سكولاستيك. رقم الكتاب 0 @-@ 590 @-@ ماعرفت آشْنُو @-@ 8.,"ma3raftsh achnou hadchi ya bari. el journal dyal Ben Uchida: mawatin ma3raftsh achnou, mo3askar mirror lake, california, 1942. scholastic. raqm lkitab 0-590-ma3raftsh achnou-8.","<unk> , Barry . ( 1999 ) . The Journal of Ben Uchida : Citizen <unk> , Mirror Lake Internment Camp , California , 1942 . Scholastic . ISBN 0 @-@ 590 @-@ <unk> @-@ 8 .",<unk> ، باري. (1999). يوميات بن أوشيدا: مواطن <unk> ، معسكر اعتقال بحيرة ميرور ، كاليفورنيا ، 1942. شوكولاستيك. ISBN 0-590-<unk>-8.,28,GENERATED
data50977,WIKI_D_00576,D,"""التوكات السرية بالكامل صعيبة حيت ما كيكونش دليل كافي على الوجود ديالها والشروط ديالها. فـ Ottaway v Norman, Judge Brightman دار واحد التيست باش يثبت الوجود ديال التوكة السرية بالكامل، وهاهو:""","eltokate essirria belkamel s3iba hit makontch dalil kafia 3la l wjud dyalha wachروط dyalha. f ottaway v norman, judge brightman dar wahed test bach yebt wjud etoka essiria belkamel, w hawa:","Fully secret trusts are awkward because of the lack of evidence pertaining to their existence and terms . In Ottaway v Norman , Brightman J set out the test for proving the existence of a fully secret trust . This is :",الوصايا الوقفية السرية بالكامل محرجة بسبب الافتقار إلى الأدلة المتعلقة بوجودها وشروطها. في قضية أوتاواي ضد نورمان، وضع القاضي برايتمن الاختبار لإثبات وجود وصية وقفية سرية بالكامل. وهذا هو:,31,GENERATED
data50978,DATA_16660,B,"هزي @-@ بيه @-@ نعسي ولدك/بنتك بتلحينة ديال الديكسي ( Sam M. Lewis , Fred Schwartz , Joe Young ) – 5 : 45","hezzi @-@ bih @-@ n3essi wldk/bntk btel7ina dial diksi ( Sam M. Lewis , Fred Schwartz , Joe Young ) – 5 : 45",""" Rock @-@ a @-@ Bye Your Baby with a Dixie Melody "" ( Sam M. Lewis , Fred Schwartz , Joe Young ) – 5 : 45",صخرة، وداعاً لطفلتك بلحن ديكسي (سام م. لويس، فريد شوارتز، جو يونغ) – 5:45,28,GENERATED
data50979,WIKI_D_02445,D,واحد لموريال صغير تاني دالحرب كاينة فجردة جوبيلي. هاديك مديورة على قبل الجنود اللي حاربو فالحرب البويرية الثانية. فيها واحد البلاكة مبنية فواحد الحيط ديال الحجر كاين بين جوج شجرات كبار.,wa7d l memorial sghir tani dl 7arb kayna f jerdah jubilee. hadik mdyoura 3la qbel l jnod lli 7arbo f l 7arb lbouria taniya. fiha wa7d l plaque mbenya f wa7d l 7it dyal l 7jer kayen bin joj shjarat kbar.,"A second , smaller war memorial is located in Jubilee Gardens . It is dedicated to the soldiers who fought in the Second Boer War . It consists of a plaque built into a stone wall that is located between two large bushes .",يوجد نصب تذكاري ثانٍ أصغر للحرب في حدائق جوبيلي. إنه مخصص للجنود الذين قاتلوا في حرب البوير الثانية. ويتكون من لوحة مدمجة في جدار حجري يقع بين شجرتين كبيرتين.,31,GENERATED
data50980,WIKI_C_04818,C,فالقرن الواحد وعشرين، قصبة سانت ماوز تابعا English Heritage و دايرينها بحال شي بلاصة سياحية، و دخلو ليها شي 21 ألف و 104 ديال الزوار ف 2010. و القانون ديال بريطانيا كيحميها و معتابرها معلم تاريخي.,"f l-qrn l-wa7d u l-3shrin, qasbat saint mawes تابعا english heritage w dayrinha b7al shi blasa siyahiya, w dkhlu liha shi 21 alf u 104 dyal zwarr f 2010. w l-qanun dyal britanya kay7miha w m3tbrha m3lam taríkhi.","In the 21st century , St Mawes Castle is operated by English Heritage as a tourist attraction , receiving 21 @,@ 104 visitors in 2010 . It is protected under UK law as a Scheduled Monument .","في القرن الحادي والعشرين، تدير مؤسسة التراث الإنجليزي قلعة سانت ماوز كمعلم سياحي، وقد استقبلت 21,104 زائرًا في عام 2010. وهي محمية بموجب القانون البريطاني كمعلم أثري مجدول.",36,GENERATED
data50981,WIKI_D_11763,D,هوفمان تبرع ب 200 دولار على كل صدة لمؤسسة الكلى الوطنية. و تكريما لوالدو، لي كان عسكري في المارينز، هوفمان كان كل عام كيخلص على التذاكر ديال الماتشات و الماكلة ل 1000 واحد من العسكر و عائلاتهم.,"hoffman tabar3 b 200 dollar 3la kol sda l mo2assassa dyal l koli l waTaniya. w takriman l walid dyalo, li kan 3askari f l marines, hoffman kan kol 3am kaykhllas 3la tktriyat dyal l matchat w l makla l 1000 wa7d men l 3askar w 3ailat-hom.","Hoffman donated $ 200 for every save to the National Kidney Foundation . In honor of his father , a former Marine , Hoffman annually paid for game tickets and meals for 1 @,@ 000 members of the military and their families .",تبرع هوفمان بمبلغ 200 دولار عن كل تصدي لمؤسسة الكلى الوطنية. تكريمًا لوالده، الذي كان جنديًا في مشاة البحرية، كان هوفمان يدفع سنويًا ثمن تذاكر المباريات والوجبات لـ 1000 فرد من أفراد الجيش وعائلاتهم.,37,GENERATED
data50982,DATA_3051,A,إيخصنا نمشيو لجنوب لـ فاير نايشن,aykhsna nmchiw ljanob l Fire Nation,We have to go south to Fire Nation,علينا التوجه جنوبًا إلى دولة النار,8,PARTIALLY VALIDATED
data50983,WIKI_C_06169,C,الأتمنة ديال الديور ف تامسايد سابع أغلى وحدة من بين عشرة ديال الجماعات اللي ف مانشستر الكبرى، ناقصة على المعدل ديال الجهة بواحد 11 فاصلة شي حاجة فالمية.,"latmna dyal diyur f tameside sab3a aghla wa7da mn bin 3achra dyal l jma3at li f manchester l kobra, naqsa 3la l me3del dyal l jiha b wa7d 11 fasla shi haja f l mia.","Average house prices in Tameside are the 7th highest out of the ten metropolitan boroughs in Greater Manchester , 11 @.@ 9 % below the average for the county .",يحتل متوسط أسعار المنازل في تامسايد المرتبة السابعة من حيث الارتفاع بين عشر بلديات حضرية في مانشستر الكبرى، بانخفاض بنسبة 11.9% عن متوسط ​​الأسعار في المقاطعة.,28,GENERATED
data50984,WIKI_D_10817,D,ف شهر مارس ديال 2010، علنو على كيسلر هو اللي غيكون على الغلاف ديال اللعبة ديال 2K Sports ديال NHL <unk>، اللي خرجات موراها بشحال ديال الشهور ف شهر غشت. كان ديجا خدم مع 2K Sports، كان كيدير ليهم الـ motion capture ديال NHL <unk>.,"f shahr mars dyal 2010, 3lno 3la kesler huwa lli ghikun 3la lghlaf dyal l3ba dyal 2k sports dyal nhl <unk>, lli khrejt mura-ha b sh7al dyal shhur f shahr ghesht. kan dyja khdem m3 2k sports, kan kaydir lihom l motion capture dyal nhl <unk>.","In March 2010 , Kesler was announced as the cover athlete for the 2K Sports video game NHL <unk> , released several months later in August . He had previously worked with 2K Sports , doing motion capture for NHL <unk> .",في مارس 2010، أُعلن عن كيسلر كرياضي الغلاف للعبة الفيديو NHL <unk> من إنتاج 2K Sports، والتي صدرت بعد عدة أشهر في أغسطس. كان قد عمل سابقًا مع 2K Sports، حيث قام بالتقاط الحركة للعبة NHL <unk>.,45,GENERATED
data50985,WIKI_C_02278,C,بزاف كثر من 18 ساعة للغواصين التقنيين اللي كيديرو غطسات فيها تخفيف الضغط ولا كيستعملو خليط د الهيليوم، حيت مالقينا دليل قاطع على هادشي ديال تخفيف الضغط ولا الغطس بالهيليوم.,"bzaf ktar mn 18 sa3a lghawwasin ttaqniyin lli kaydiru ghtasat fiha takhfif ddabt wla kaystakhdimu khlit dyal liliyum, hit malqina dalil qati3 3la hadchi dyal takhfif ddabt wla lghotz b liliyum.","substantially longer than 18 hours for technical divers who make decompression dives or used helium breathing mixes , as no specific evidence concerning decompression or helium diving was available .",بشكل كبير أطول من 18 ساعة للغواصين التقنيين الذين يقومون بغطسات تخفيف الضغط أو يستخدمون خلائط تنفس الهيليوم، لعدم توفر دليل محدد يتعلق بالغوص بتخفيف الضغط أو الهيليوم.,30,GENERATED
data50986,WIKI_C_09758,C,فليكستون كتختار تلاتة د الكونسيلورز لمجلس طرافورد، و من نهار انتخابات 2012، هادوك التلاتة د البلايص شادينهم جوناثان كوب، بول لالي و فيفيان وارد ديال الحزب المحافظ.,"flixtun katchref 3 dyal lkonsilorz l majlis traford; w mn nhar lintikhabat dyal 2012, haduk l 3 dyal lblays shadinhom jonathan coupe, paul lally w vivienne ward, dyal l7izb l mo7afiz.","Flixton elects three councillors to Trafford Council ; as of the 2012 local election , all three seats are held by Jonathan Coupe , Paul Lally and Vivienne Ward , for the Conservative Party .",تنتخب فليكستون ثلاثة مستشارين لمجلس ترافورد؛ اعتبارًا من الانتخابات المحلية لعام 2012، تشغل المقاعد الثلاثة جميعها جوناثان كوب وبول لالي وفيفيان وارد، عن حزب المحافظين.,27,GENERATED
data50987,DATA_6760,A,كايعجبك تمشي تسمع القراية ديال شعر؟,kay3ejbek tmchi tsme3 l9raya dial chi3r ?,do you like going to poetry readings?,هل تحب الذهاب إلى قراءات الشعر؟,7,PARTIALLY VALIDATED
data50988,WIKI_D_12180,D,"<unk>, Francis (1997). I May Be Some Time: Ice and the English Imagination (paperback ed.). London: Faber & Faber. ISBN 978 @-@ 0 @-@ 571 @-@ <unk> @-@ 0. OCLC <unk>.","<unk>, francis (1997). i may be some time: ice and the english imagination (paperback ed.). london: faber & faber. isbn 978-0-571-<unk>-0. oclc <unk>.","<unk> , Francis ( 1997 ) . I May Be Some Time : Ice and the English Imagination ( paperback ed . ) . London : Faber & Faber . ISBN 978 @-@ 0 @-@ 571 @-@ <unk> @-@ 0 . OCLC <unk> .",<unk> ، فرانسيس (1997). قد أكون بعض الوقت: الثلج والخيال الإنجليزي (طبعة ورقية). لندن: فابر آند فابر. ردمك 978-0-571-<unk>-0. أو سي إل سي <unk>.,31,GENERATED
data50989,WIKI_C_05181,C,الدوايات اللي كيتستعملو باش يعالجو الضيقة كيتقسمو لجوج ديال الأنواع: دوا ديال الزربة كيتخاد باش يهدّن الحالة اللي جات دابا؛ ودوا ديال المدى الطويل كيتخاد باش بنادم ما تزيدش عليه الحالة.,dwaiyat li kitsta3mlo bach y3aljo ddi9a kiti9smo ljoj dyal l'anwa3: dwa dyal ezrba kitkhad bach yhdn l7ala li jat daba; w dwa dyal lmda etawil kitkhad bach bnadm ma tzidch 3lih l7ala.,Medications used to treat asthma are divided into two general classes : quick @-@ relief medications used to treat acute symptoms ; and long @-@ term control medications used to prevent further exacerbation .,تنقسم الأدوية المستخدمة لعلاج الربو إلى فئتين رئيسيتين: أدوية الإغاثة السريعة المستخدمة لعلاج الأعراض الحادة؛ وأدوية التحكم طويلة الأمد المستخدمة لمنع المزيد من النوبات.,31,GENERATED
data50990,DATA_17975,B,تصمم من طرف Tange، على حساب دفتر التحملات اللي وجداتو الوكالة الباكستانية لحماية البيئة، المجمع تصايب وصايباتو CDA Engineering و Siemens Engineering.,"Tssmem mn taraf Tange, 3la hssab daftar tta7amolatt li wjdato lwakala lbakistania li 7imayat lbia, lmjamma3 tssayyb o ssayybatto CDA Engineering o Siemens Engineering.","Designed by Tange , to a design brief prepared by the Pakistan Environmental Protection Agency , the complex was engineered and built by CDA Engineering and Siemens Engineering .",تم تصميم المجمع من قبل تانج، بناءً على موجز تصميم أعدته وكالة حماية البيئة الباكستانية، وتم هندسته وبنائه بواسطة سي دي إيه للهندسة وسيمنس للهندسة.,29,GENERATED
data50991,WIKI_C_07812,C,أ. جونيدي، اللي كيكتب ف ذا جاكرتا پوست، كيشير باللي گر‌هانا كمبار تقبلات مزيان عند لمجتمع لْجي بي تي ف إندونيسيا حيت ما ربطش المثلية الجنسية بقضايا خايبة بحال تعاطي لمخدرات.,"a. junaidi, lli kayktb f the jakarta post, kishir blli gerhana kembar teqbelat mezian 3nd lmjtem3 lgbty f indonesia hit ma rabatsh lmthliya ljnseya b qdaya khayba bhal ta3ati lmokhdrat.","A. Junaidi , writing for The Jakarta Post , notes that Gerhana Kembar was well received by Indonesia 's LGBT community as it did not link homosexuality to negative issues like drug use .","يشير أ. جنيدي، في مقال له بصحيفة ذا جاكرتا بوست، إلى أن فيلم ""غيرهانا كمبار"" حظي باستقبال جيد من قبل مجتمع الميم في إندونيسيا لأنه لم يربط المثلية الجنسية بقضايا سلبية مثل تعاطي المخدرات.",31,GENERATED
data50992,WIKI_C_10750,C,المخرج مارك كيركلاند كان باغي لمحطة الطاقة ديال سبرينغفيلد تبان حسن ماعمرها بانت و زاد ضواو و ظلال باش ليبانووات اللي فالسدة ديال هومر يضوّيو.,l mkhrej mark kirkland kan baghi lma7atta dyal l power plant dyal springfield tban 7ssan ma3martha banat w zad dwaaw w dhal باش l panelat lli f l sda dyal homer yddawwiw.,"Director Mark Kirkland wanted the Springfield Power Plant to "" look the best it had to date "" and inserted shadows and back @-@ lighting effects to make the panels in Homer 's control room glow .","أراد المخرج مارك كيركلاند أن تبدو محطة سبرينغفيلد للطاقة ""في أفضل حال لها حتى الآن"" وأضاف الظلال وتأثيرات الإضاءة الخلفية لجعل اللوحات في غرفة تحكم هومر تتوهج.",25,GENERATED
data50993,DATA_7134,A,سلام واش هتي سوارتي؟,salam wach hti swarti ?,"hey, have you seen my keys?",أهلاً، هل رأيت مفاتيحي؟,6,PARTIALLY VALIDATED
data50994,DATA_20581,B,الفرقة و الأعضاء ديالها شاركو فبزاف ديال المبادرات الخيرية، بحال التسجيل ديال ألبومات تجميعية بحال The Cake Sale و Sparks n' Mind.,"l-frqa w l-a'daa diyulha sharku fbzzaf dyal l-mubadarat l-khayriya, bhal t-tsjil dyal albumat tjmi'iya bhal The Cake Sale w Sparks n' Mind.","The band and individual band members have been involved in several charitable endeavours , including the recording of The Cake Sale and Sparks n ' Mind compilation albums .","لقد شارك الفريق وأعضاء الفرقة بشكل فردي في العديد من المساعي الخيرية، بما في ذلك تسجيل ألبومات التجميع ""كعكة البيع"" و ""شرارات وعقل"".",29,GENERATED
data50995,WIKI_C_12455,C,"فاليونان لقديمة، أرسطو هضر على القدرات ديال تغيير اللون اللي عندهم الحوليّات، بحال الكالامار والأخطبوط، باش يتخباو ويصيفطو إشارات، فلكتاب ديالو ""تاريخ الحيوان"":","felyunan lqdima, aristo hdar 3la lqodrat dyal taghyir lon li3ndhom l7awliyat, b7al lkalamar wl7ot, bach itkhaw w ysefto isharat, flktab dyalo ""tarikh l7iwan"":","In Ancient Greece , Aristotle commented on the color @-@ changing abilities , both for camouflage and for signalling , of cephalopods including the octopus , in his Historia animalium :","في اليونان القديمة، علّق أرسطو على قدرات رأسيات الأرجل، بما في ذلك الأخطبوط، على تغيير لونها، سواء للتمويه أو للإشارة، وذلك في كتابه ""تاريخ الحيوان"":",23,GENERATED
data50996,WIKI_D_09007,D,هاد الباحث الروحاني هيروارد كارينغتون والروحاني هيربرت ثورستون قالو بلي تجربة الأكورديون ماكانتش نتيجة ديال التزوير المتعمد. هادشي مخالف للساحرة والباحثين الشكاكين اللي قيمو التقارير ديال كروكس من التجربة.,had lbahith rruhani hereward carrington w rruhani herbert thurston qalu bali tajribat l'accordion makantch natija dyal tzwwir lmot3ammid. hadchi mokhalif lsahra w lbahithin shakkakin lli qamou b taqyim taqrirat crooks min tajriba.,The psychical researcher Hereward Carrington and spiritualist Herbert Thurston have claimed the accordion experiment was not the result of deliberate fraud . This is in opposition to magicians and skeptical researchers who evaluated Crookes ' reports from the experiment .,لقد زعم الباحث النفسي هيروارد كارينغتون والروحاني هيربرت ثورستون أن تجربة الأكورديون لم تكن نتيجة احتيال متعمد. هذا يتعارض مع السحرة والباحثين المتشككين الذين قاموا بتقييم تقارير كروكس عن التجربة.,29,GENERATED
data50997,WIKI_C_10595,C,تيري براتشيت كيبان فواحد الدور صغير، كيلعب <unk> رقم 2 فالمشاهد اللولة والخرة ديال الفيلم. ريتشارد <unk>، لي هو المدير ديال البرامج ف Sky One، حتى هو كيبان بحال الكيميائي.,"tiri bratshit kiban f wa7ed dor sghir, kayel3ab <unk> rmq 2 f lmshadi l loola wel khra dyal lfilm. richard <unk>, li howa lmdir dyal lbarmij f Sky One, 7ta howa kiban b7al lkimya2i.","Terry Pratchett appears in a cameo role , playing <unk> # 2 in the opening and closing scenes of the film . Richard <unk> , the director of programming at Sky One , also appears as the Alchemist .","يظهر تيري براتشيت في دورٍ صغير، حيث يلعب دور ""<unk>"" رقم 2 في المشهد الافتتاحي والختامي للفيلم. كما يظهر ريتشارد ""<unk>""، مدير البرامج في سكاي ون، في دور الخيميائي.",30,GENERATED
data50998,DATA_21012,B,الجامعة مرتبطة بـ 11 رابحين بجائزة نوبل فالكيمياء، 5 فالفزياء و 16 فالطب.,"al-jamiaa murtabita bـ 11 rab7in bi ja'izat Nobel fal-kimiya', 5 fal-fizyaa' u 16 fal-tibb.","The university is associated with eleven winners of the Nobel Prize in Chemistry , five in physics and sixteen in medicine .",ترتبط الجامعة بإحدى عشرة فائزة بجائزة نوبل في الكيمياء، وخمسة في الفيزياء، وستة عشر في الطب.,22,GENERATED
data50999,DATA_7175,A,موؤثران الجو مخربق,mou2a5aran ljew m5erbe9,the weather's been so unpredictable lately,كان الطقس غير متوقع للغاية في الآونة الأخيرة,6,PARTIALLY VALIDATED
data51000,DATA_21717,B,دل بوترو عندو 14 ربحة مقابل 39 خسارة (26 في المية) ضد كل لعابة ديال البيج فور.,del potro 3ndo 14 rb7a moqabil 39 خسara (26 fil miya) ḍed kol l3aba dyal l big four.,Del Potro has a 14 – 39 ( 26 @.@ 42 % ) record against all members of the Big Four .,لدى ديل بوترو سجل 14 – 39 (26.42%) ضد جميع أعضاء الفرق الأربعة الكبرى.,22,GENERATED
data51001,DATA_18360,B,دّاز فشي حلقة ديال Seconds From Disaster ف قناة National Geographic Channel و ف MSNBC Investigates ف قناة الأخبار MSNBC.,ddaz f shi 7alqa dyal Seconds From Disaster f qanat National Geographic Channel w f MSNBC Investigates f qanat l'akhbar MSNBC.,It was featured in an episode of Seconds From Disaster on the National Geographic Channel and MSNBC Investigates on the MSNBC news channel .,"تم عرضه في حلقة من برنامج ""ثوانٍ من الكارثة"" على قناة ناشيونال جيوغرافيك وفي برنامج ""تحقيقات إم إس إن بي سي"" على قناة إم إس إن بي سي الإخبارية.",24,GENERATED
data51002,DATA_2134,A,كان خايب بزاف و ماعرفتش منين نبدا,kan khayb bzaf o ma3raftch mnin nbda,It was so awful I don't know where to start!,لقد كان فظيعًا لدرجة أنني لا أعرف من أين أبدأ!,10,PARTIALLY VALIDATED
data51003,DATA_21900,B,"الفرقة الأصلية ديال برودواي كان فيها حتى ميلبا مور بدور ديون، و روني دايسون اللي غنى ""أكواريوس""، و بول جابارا و ديان كيتون.","l-forqa l-asliya dyal Broadway kan fiha Htta Melba Moore b-دور Dion, w Ronnie Dyson lli ghna ""Aquarius"", w Paul Jabara w Diane Keaton.","The original Broadway production also included Melba Moore as Dionne , Ronnie Dyson , who sang "" Aquarius "" , Paul Jabara and Diane Keaton .","وشمل الإنتاج الأصلي على مسرح برودواي أيضاً ميلبا مور بدور ديون ، وروني دايسون ، الذي غنى أغنية "" Aquarius "" ، وبول جابارا ، وديان كيتون .",26,GENERATED
data51004,WIKI_D_00223,D,النشاطات الترفيهية اللي ممكن الواحد يديرها هنا هي التجديف بالكاياك، التفرج على الطيور، والصيد. الواد معروف بالطروش (trout) ديالو، فيه الطروش اللي كحل، القهوي و لي ملون. و فيه أنواع أخرى ديال الحوت. الشجر ديال الخشب القاصح و طائر الدجاج البري (الدجاج الغابة) كيعيشو هنا فالجناب.,"lnashatat altarfihiya li momkin alwahid idirha hna hi altajdif bllkayak, altfarrej 3la ttoyur, walsayd. alwad ma3ruf bttaroush dyalo, fi taroush likhel, lqahwi w limelwen. wfi anwa3 okhra dyal lhut. shajar dyal lkhshub lqass7 wta2ir ddajaj lbri (ddajaj lghaba) kye3isho hna fljanb.","Public recreation activities include canoeing , birdwatching , and fishing . The creek is known for its trout population , which includes brook , brown and rainbow trout ; it also contains many other species of fish . Northern hardwood trees and ruffed grouse live in the surrounding area .",تشمل الأنشطة الترفيهية العامة ركوب الزوارق، ومشاهدة الطيور، والصيد. يشتهر الجدول المائي بتنوع أسماك السلمون المرقط فيه، والتي تشمل السلمون المرقط الشكلي، والبني، وقوس قزح؛ كما أنه يحتوي على العديد من أنواع الأسماك الأخرى. تعيش أشجار الخشب الصلب الشمالية وطيور الدراج الصدئة في المنطقة المحيطة.,46,GENERATED
data51005,DATA_12218,A,عمرك تدوي معايا و نتا كتنفخ,3emrek tdwi m3aya ou nta ktnefe5,you should never talk to me arrogantly,لا ينبغي لك أن تتحدث إليّ بتكبر أبداً,7,PARTIALLY VALIDATED
data51006,DATA_14856,B,الأثر المباشر ديال رجوع هاَسِيكورا ل سِنداي كان هو منع المسيحية في الإقطاعية د سِنداي يومين موراها.,l'athar lmoubachir dyal rjou3 hassikoura l sendai kan houwa man3 lmassihiya fil iqta3ia d sendai youmain mouraha.,The direct effect of Hasekura 's return to Sendai was the interdiction of Christianity in the Sendai fief two days later :,كان التأثير المباشر لعودة هاسيكورا إلى سنداي هو حظر المسيحية في مقاطعة سنداي بعد يومين:,22,GENERATED
data51007,WIKI_D_08468,D,فالماتش اللي جا مورا التيست اللول، موريس ماركا 60 ضد نورثهامبتونشاير، و دار 122 رانز مع ليندزي هاسيت ملي Австралия سالات الربحة بالدورة. و من بعد رتاح قبل التيست الثاني ملي Австралия تعادلات مع يوركشاير ف برامال لين ف شيفيلد.,"f lmatch li ja mora l test lwl, morris marka 60 3nd northamptonshire, w dar 122 ranz ma3a lindsay hassett ملي australia salet lerba7a b ddawra. w men ba3d reta7 qbel l test t-tani ملي australia te3adlet ma3a yorkshire f bramall lane f sheffield.","In the match immediately after the First Test , Morris scored 60 against Northamptonshire , putting on 122 runs with Lindsay Hassett as Australian completed an innings win . He was then rested ahead of the Second Test as Australia drew with Yorkshire at Bramall Lane in Sheffield .",في المباراة التي تلت الاختبار الأول مباشرة، سجل موريس 60 نقطة ضد نورثهامبتونشاير، مسجلاً 122 شوطاً مع ليندسي هاسيت، حيث أكملت أستراليا الفوز بالإنكاج. ثم تم إراحته قبل الاختبار الثاني حيث تعادلت أستراليا مع يوركشاير في برامال لين في شيفيلد.,40,GENERATED
data51008,DATA_15375,B,فيل هاريس بدور بالو، واحد الدب ديال الكسلان اللي عايش حياتو مهنية وكيآمن باللي الحاجة المزيانة كاتجي بوحدها.,"Feel Harris bdoor ballou, wa7ed deb dyal l-kslan li 3aych 7yatou mhennya w kayamen belli l7aja lmzyana katji bwe7dha.","Phil Harris as Baloo , a sloth bear who leads a carefree life and believes in letting the good things in life come by themselves .",فيل هاريس بدور بالو، وهو دب كسول يعيش حياة خالية من الهموم ويؤمن بأن الأشياء الجيدة في الحياة تأتي من تلقاء نفسها.,26,GENERATED
data51009,DATA_21623,B,"""Newlands"" برنامج ديال التجديد كاتسيروّو Forestry Commission. واحد لبلاصة اللي كايتفكّروا باش يجدّدوها هي الدّيفيرساج لقديم ديال Radcliffe E'es.","""Newlands"" barnamaj dyal t-tajdid kat-tsiro forestry commission. Wa7ed l-blaSa li kay-t-fekrou bash y-jeddouha hiya d-difiirsaj l-qdim dyal Radcliffe E'es.",""" Newlands "" is a regeneration programme run by the Forestry Commission . One site under consideration for regeneration is the former waste tip of Radcliffe E 'es .","برنامج ""نيولاندز"" هو برنامج لتجديد الأراضي تديره لجنة الغابات. أحد المواقع قيد النظر للتجديد هو مكب النفايات السابق في رادكليف ""إي"".",29,GENERATED
data51010,DATA_23246,B,فيلبي نصر تعاقب بثلاثة ديال لبلايص مور لور فالشبكة ديال الانطلاق حيت عاق فيليبي ماسا فالتصفيات.,Felipe Nasr t-taqab btlata dyal lblays mour lor fshabka dyal l-intilaq hit aaq Felipe Massa f t-tasfiyat.,^ 3 — Felipe Nasr was given a three @-@ place grid penalty for impeding Felipe Massa during qualifying .,٣ — تعرض فيليبي ناصر لعقوبة بثلاثة مراكز على شبكة الانطلاق لعرقلته فيليبي ماسا خلال التصفيات.,20,GENERATED
data51011,WIKI_D_03276,D,مول الجريدة ديما متخاصم و بخيل اللي كيكره سبايدر @-@ مان. واخا هاكاك، فيه الخير و كيخلص بيتر على التصاور ديال سبايدر @-@ مان، و مارضاش يقول لڭرين ڭوبلن شكون هو المصور.,"mol l جريدة dima mtkhaseem w bkhil lli kaykrh spider @-@ man. wakha hakak, fih lkhir w kaykhlls peter 3la taswir dial spider @-@ man, w maradsh ygol l Green Goblin shkon howa lmswr.","The grouchy & miserly owner / publisher of the Daily Bugle who despises Spider @-@ Man . Nonetheless , he has a good side and pays Peter for photos of Spider @-@ Man , and refuses to tell the Green Goblin the identity of the photographer .",مالك الصحيفة، المتقطب والبخيل، الذي يحتقر سبايدر-مان. ومع ذلك، فلديه جانب جيد ويدفع لبيتر مقابل صور سبايدر-مان، ويرفض أن يخبر الغول الأخضر بهوية المصور.,32,GENERATED
data51012,DATA_19000,B,تسجل تسجيل ديال الكاست الأصلي ديال ويست إند مباشر ف مسرح الأديلفي و تطلق ف واحد أبريل 2016.,tsjjel tsjjel dial l-cast l-asli dial west end m مباشر f msra7 l-adelphi w teltq f wa7ed abril 2016.,"A West End Original Cast Recording was recorded live at the Adelphi Theatre and released April 1 , 2016 .",تم تسجيل عرضoriغينال كاست ريكوردينغ من مسرح وست إند مباشرة في مسرح أديلفي وصدر في 1 أبريل 2016.,20,GENERATED
data51013,WIKI_C_10521,C,"زيمرمان، جون ل. (1949). ""حملة كوادالكانال"". مؤلف تاريخي على المارينز في الحرب العالمية الثانية. مؤرشف من الأصل في 19 يونيو 2006. جبدناه في 2006-07-04.","zimmerman, john l. (1949). ""7amlat guadalcanal"". mo2allaf tarikhi 3ala al-marines fi al-7arb al-3alamiya ath-thaniya. mar7o7a min al-a5l fi 19 yunyu 2006. jibdenah fi 2006-07-04.","Zimmerman , John L. ( 1949 ) . "" The Guadalcanal Campaign "" . Marines in World War II Historical Monograph . Archived from the original on 19 June 2006 . Retrieved 2006 @-@ 07 @-@ 04 .","زيمرمان، جون ل. (1949). ""حملة غوادالكانال"". سلسلة المارينز التاريخية في الحرب العالمية الثانية. مؤرشفة من الأصل بتاريخ 19 يونيو 2006. تم الاسترجاع بتاريخ 4 يوليو 2006.",24,GENERATED
data51014,DATA_4307,A,كنتمنى كون مداروش الملعب في جيهة أخرى,kantmana kon madaroch lmal3ab fjiha lokhra,I just wish they hadn't put in the playground over on the other side,أتمنى لو لم يضعوا الملعب على الجانب الآخر فحسب,14,PARTIALLY VALIDATED
data51015,WIKI_C_03556,C,لمجال ليكتريك (شوف ستاتيك ليكترو): الشارجات مدايرين بواحد لمجال ليكتريك. هاد لمجال ليكتريك كيجبد واحد القوة على شارجات خرا. التبدال اللي كيوقع فلمجال ليكتريك كيمشي بالزربة ديال الضو.,lmjal liktric (chof statik liktro): charjat mdayrin bwa7d lmjal liktric. had lmjal liktric kijdad bwa7d lqwa 3la charjat khra. tbdal li kiwqa3 flmjal liktric kimchi bzzrba dyal ddo.,electric field ( see electrostatics ) : charges are surrounded by an electric field . The electric field produces a force on other charges . Changes in the electric field travel at the speed of light .,المجال الكهربائي (انظر الكهروستاتيكا): الشحنات محاطة بمجال كهربائي. يولد المجال الكهربائي قوة على الشحنات الأخرى. تنتقل التغيرات في المجال الكهربائي بسرعة الضوء.,28,GENERATED
data51016,WIKI_D_00340,D,"في دجنبر 2015، الكاتب والمخرج كوينتين تارانتينو قال باللي هاد الحلقة بالذات كيحس ممكن تخرج منها فيلم طويل (في بودكاست ""The Nerdist"" اللي قدمو كريس هاردويك نهار 18 دجنبر 2015).","f dcmb 2015, lkatb wlmxrej kwntin tarantino qal blli had l7ala bzdht kay7s mumkin tkhrej mnh film tawil (f podcast ""The Nerdist"" lli qddm kris hardwik nhar 18 dcmb 2015).","In December 2015 , writer / director Quentin Tarantino cited this episode as one he feels could be expanded into a feature film ( on Podcast "" The Nerdist "" hosted by Chris Hardwick on December 18 , 2015 ) .","في ديسمبر 2015، صرح الكاتب والمخرج كوينتين تارانتينو بأن هذه الحلقة بالذات يمكن توسيعها لتصبح فيلمًا روائيًا طويلاً (في بودكاست ""The Nerdist"" الذي استضافه كريس هاردويك في 18 ديسمبر 2015).",30,GENERATED
data51017,DATA_6163,A,قرر يعيش الحياة,9erer y3ich l7ayat,he decided to enjoy his life,لقد قرر أن يستمتع بحياته,6,PARTIALLY VALIDATED
data51018,DATA_16114,B,ماكسويل، جيمس كليرك (1873)، كتاب في الكهرباء والمغناطيسية، الجزء الأول، أوكسفورد: كلارندون بريس.,"maxwell, james clerk (1873), ktab fi l-kahraba' wa l-meghnatisia, l-joz' l-awwal, oxford: clarendon press.","Maxwell , James Clerk ( 1873 ) , A treatise on electricity and magnetism Vol I , Oxford : Clarendon Press",ماكسويل، جيمس كليرك (1873)، رسالة في الكهرباء والمغناطيسية، المجلد الأول، أكسفورد: مطبعة كلارندون,21,GENERATED
data51019,DATA_5910,A,كاضّرني لمعدة,kaDDerni lme3da,I have a stomch ache,أنا أشعر بألم في المعدة,5,PARTIALLY VALIDATED
data51020,DATA_17498,B,ريتز كان شخصية مهمة في الحياة الثقافية ديال الأفريكانز أغلب حياتو، بالخصوص بفضل الأشعار والمنشورات الأخرى ديالو.,"ritz kan shakhsiya muhimma fi l-hayaa t-taqafiya diyal l-afrikanz aghlab hyato, b-lkhsus b-fadl l-ash'aar w l-manshuraat l-ukhra diyaloo.","Reitz was an important figure in Afrikaner cultural life during most of his life , especially through his poems and other publications .",كان رايتز شخصية هامة في الحياة الثقافية الأفريكانية خلال معظم حياته، وخاصة من خلال قصائده ومنشوراته الأخرى.,23,GENERATED
data51021,DATA_13479,B,"Dobler, Bruce. L'akher jarya lshmel. Boston; Little, Brown and Co., 1976.","Dobler, Bruce. L'akher jarya lshmel. Boston; Little, Brown and Co., 1976.","Dobler , Bruce . The Last Rush North . Boston ; Little , Brown and Co . , 1976 .",دوبلر، بروس. ذا لاست راش نورث (آخر اندفاع شمالاً). بوسطن؛ ليتل، براون وشركاه، 1976.,20,GENERATED
data51022,DATA_8996,A,أنا غادي ن شيير عليك بحجرة,ana ghadi n chiyyer 3lik b7ejra,i will hit you with a rock,سأرميك بحجر,7,PARTIALLY VALIDATED
data51023,DATA_21677,B,تصويرة ديال واحد الراجل 1935 - 1936 بحال الستيل ديال خيرارد تير بورخ (ماتباعتش، معروضة ف Rijksmuseum).,"tsowira dyal wahed r-rajl 1935 - 1936 bhal l-stil dyal Gerard ter Borch (matba3atch, m3rouda f Rijksmuseum).","Portrait of a Man 1935 – 1936 in the style of Gerard ter Borch ( unsold , on display at the Rijksmuseum . )",بورتريه لرجل، 1935 – 1936، بأسلوب جيرارد تير بورخ (لم يُبع، معروض في متحف ريكز).,24,GENERATED
data51024,DATA_1802,A,واش كتقصد أنك كتعاني باش تنعس أولا كتنعس بزاف؟,wach kat9sed anak kat3ani bach tn3as ola katn3es bzaf?,do you mean you're struggling to sleep or that you're sleeping too much?,هل تقصد أنك تعاني من صعوبة في النوم أم أنك تنام كثيراً؟,13,PARTIALLY VALIDATED
data51025,WIKI_C_12337,C,"ممتاز و هامسا نانديني تاكدوا باش يدوزو فواحد الكليب ديال ""إتس تايم تو بارتي"" باش ممتاز ترجع للسينما التيلوغوية من بعد 12 عام حيت واحد لمقدمة ديال التلفزيون رفضات لاقتراح.","mumtaz w hamsa nandini ta2ekdou bach idouzou f wa7d l clip dyal ""its time to party"" bach mumtaz trja3 l cinema teliogouya men ba3d 12 3am chi7t wa7d l mo9dama dyal telfaza rafa9t l9trar.","Mumtaj and Hamsa Nandini were confirmed to make special appearances in the song "" Its Time To Party "" marking the former 's comeback in Telugu cinema after 12 years after anchor <unk> refused the offer .","تم التأكيد على ظهور ممتاز وهامسا نانديني بشكل خاص في أغنية ""حان وقت الاحتفال""، مما يمثل عودة الأول إلى السينما التيلوغوية بعد 12 عامًا، بعد أن رفضت المذيعة <unk> العرض.",30,GENERATED
data51026,DATA_11668,A,تانفكّر واش ندوبل لا دوز,tanfkker wach ndoble la dose,I think of doubling dosage,أفكر في مضاعفة الجرعة,5,PARTIALLY VALIDATED
data51027,WIKI_C_08140,C,فالسباق ديال الاحتياط، إيزيس ديال أوكسفورد ربحات غولدي ديال كامبريدج. وقبل هادشي ف هنلي، أوكسفورد ربحات السباق ديال العيالات رقم 57 ب جوج طولات ونص.,"fel sbaq dyal l ihtiyat, isis dyal oxford rba7t goldie dyal cambridge. w qbel hadchi fel henley, oxford rba7t sbaq dyal l 3eyalat raqm 57 b jooz tolat w nss.","In the reserve race , Oxford 's Isis beat Cambridge 's Goldie . Earlier at Henley , Oxford won the 57th women 's race by two @-@ and @-@ a @-@ half lengths .",في سباق الاحتياط، تفوق فريق إيزيس من أكسفورد على فريق غولدي من كامبريدج. وفي وقت سابق في هنلي، فازت أكسفورد بالسباق النسائي السابع والخمسين بفارق طولين ونصف.,25,GENERATED
data51028,DATA_6493,A,فيه خير شي ميترو وثمانين سانتيم,fih 5ir chi mitrou ou tmanin santim,he is only about 180cm tall,يبلغ طوله حوالي 180 سم فقط,6,PARTIALLY VALIDATED
data51029,DATA_8728,A,راه كلّهوم مكلّخين ماديش عليهوم,rah kollhom mkell5in madich 3lihoum,they are stupid dont bother,إنهم أغبياء، لا تهتم.,5,PARTIALLY VALIDATED
data51030,DATA_14411,B,بريجيت أوف يورك (1480 - 1517) - ولات راهبة - يمكن تكون جابت بنت ماشي شرعية سميتها أغنيس أوف إلتام.,brigit اوف york (1480 - 1517) - ولات rahba - ymken tkon jabt bent machi shar3iya smitha agnes اوف eltham.,Bridget of York ( 1480 – 1517 ) — became a nun — possibly had an illegitimate daughter called Agnes of Eltham,بريدجيت من يورك (١٤٨٠ – ١٥١٧) — أصبحت راهبة — ربما أنجبت ابنة غير شرعية تدعى أغنيس من إلثام.,22,GENERATED
data51031,WIKI_D_12126,D,"هاد الإسم ديال الحالة طلقوه فـ 1950 فواحد السلسلة ديال الحالات داروها أطباء من مستشفى بوسطن سيتي و كلية الطب ديال هارفارد. المصطلح ديال ""apoplexy"" استعملوه حيت كان كيشير للـ نكروز و النزيف اللي كيوقعو فالأورام ديال الغدة النخامية.","had l'ism dyal l7ala tleqoh f 1950 f wa7d silsila dyal l7alat daroha atba2 mn mostashfa boston city w koliyyet tbib dyal harvard. lmo9tal7 dyal ""apoplexy"" sta3mloh 7it kan kiyishir l nekroz w nzzif lli kayewqe3 f l'awram dyal l ghudda nkhomiya.","The name of the condition was coined in 1950 in a case series by physicians from Boston City Hospital and Harvard Medical School . The term "" apoplexy "" was applied as it referred to both necrosis and bleeding into pituitary tumors .","تم صياغة اسم الحالة في عام 1950 في سلسلة حالات لأطباء من مستشفى مدينة بوسطن وكلية الطب بجامعة هارفارد. تم تطبيق مصطلح ""السكتة الدماغية"" لأنه أشار إلى كل من نخر ونزيف أورام الغدة النخامية.",39,GENERATED
data51032,DATA_18920,B,"هاد التياترو واحد من 40 تياترو اللي كانو فواحد السلسلة ديال دي ڤي دي وثائقية ديال 2012 سميتها ""Great West End Theatres"" و قدمها دونالد سيندن.","had t-tiatro wahed mn 40 tiatro li kano f wahed s-silsila dyal di v di wata2iqiya dyal 2012 smitha ""Great West End Theatres"" w qddamha donald sinden.","This theatre is one of the 40 theatres featured in the 2012 DVD documentary series Great West End Theatres , presented by Donald Sinden .","هذه المسرحية هي واحدة من 40 مسرحية تم عرضها في سلسلة أفلام وثائقية على أقراص DVD صدرت عام 2012 بعنوان ""مسارح ويست إند العظيمة"" (Great West End Theatres) ، وقدمها دونالد سيندن.",25,GENERATED
data51033,DATA_4154,A,واش نلعبو كورة ريشة ولا تنيس,wach nl3bo korat richa wla tinis,Shall we play badminton or tennis?,هل نلعب كرة الريشة أم التنس؟,6,PARTIALLY VALIDATED
