data_id,id,classe,darija_arabic,darija_arabizi,english,modern_standard_arabic,status,dataset_type
data51034,WIKI_C_10756,C,الدورة 14 ديال جي سي بي إم (1971) زادت الباسكال (الرمز ديالها با) ديال الضغط والسيمنس (الرمز ديالها س) ديال التوصيل الكهربائي للائحة ديال الوحدات المشتقة اللي مسميين.,Ddawra 14 dyal CGPM (1971) zadat l-Pascal (r-ramz dyalha Pa) dyal ddaght w s-Siemens (r-ramz dyalha S) dyal ttawsil l-kahraba2i l l-la2i7a dyal l-wa7adat l-mouchtaqqa lli msamyine.,The 14th session of the CGPM (1971) added the pascal (symbol Pa) for pressure and the siemens (symbol S) for electrical conductance to the list of named derived units.,"أضافت الدورة الرابعة عشرة للمؤتمر العام للأوزان والمقاييس (1971) الباسكال (الرمز ""با"") للضغط والسيمنز (الرمز ""إس"") للموصلية الكهربائية إلى قائمة الوحدات المشتقة المسماة.",VALIDATED,GOLD
data51035,WIKI_C_04139,C,هاد الطريق كانت مركز ديال شحال من مجموعة عرقية ف لندن. فالتمنينات ديال القرن 19، بزاف ديال الإيرلنديين هاجرو باش يهربو من المجاعة ديال البطاطا و بداو كيبيعو فالشارع ف سوق وايت تشابل و على طول طريق وايت تشابل.,"had tri9 kanet merkez dyal sh7al mn group 3rqi f london. f tetmanynat dyal l9arn 19, bzaf dyal lirladiyin hajru bach yherbu mn lmaja3a dyal lbatata w bedaw kaybi3u f chare3 f souq whitechapel w 3la twal tri9 whitechapel.","This street was a center for many ethnic groups in London. In the eighties of the 19th century, many Irish emigrated to escape the potato famine and started selling in the street at the Whitechapel market and along Whitechapel Road.",كان هذا الطريق مركزاً للعديد من المجموعات العرقية في لندن. في ثمانينيات القرن التاسع عشر، هاجر الكثير من الأيرلنديين هرباً من مجاعة البطاطس، وبدأوا يبيعون في الشارع في سوق وايت تشابل وعلى طول طريق وايت تشابل.,VALIDATED,GOLD
data51036,WIKI_C_09460,C,فرانشيسك سيسك فابريغاس سولير ب لكتالونية فرانسيسك فابريغاس تولد نهار 4 ماي 1987 هو لعاب د لكورة صبنيولي كيلعب ف لوسط مع فرقة تشيلسي اللي ف لنجليز ومع لمنتخب ديال صبانيا,francesc cesc fabregas soler l-kataloniya francesc fabregas twled nhar 4 may 1987 huwa la3eb d l-kora s-spanyoli k-y-le3b f l-wost m3a ferqat chelsea lli f l-ingliz w-m3a l-montakhab dyal spanya,Francesc Cesc Fabregas Soler born May 4 1987 is a Spanish footballer who plays as a midfielder for the English club Chelsea and the Spanish national team,فرانشيسك سيسك فابريغاس سولير ولد في 4 من مايو 1987 هو لاعب كرة قدم إسباني يلعب في خط الوسط مع نادي تشيلسي الإنجليزي ومع المنتخب الإسباني,VALIDATED,GOLD
data51037,WIKI_C_06853,C,ولد طوطارام التاني من مرتو اللولة، كيلوم على باه حيت مات خوه الكبير وهرب من الدار مورا ما هز مجوهرات ديال نيرمالا. فاللخر انتحر.,"weld totaram et-tani men mertou le-loula, kayloum 3la bah hit mat khouh el-kbir w hreb men ed-dar mora ma hz mejwherat dyal nirmala. fel-akher nta7r.",Totaram 's second son from his first wife; he blames his father for the death of his older brother and escape from home after stealing Nirmala 's jewelry . He eventually commits suicide .,الابن الثاني لطوطارام من زوجته الأولى؛ يلوم والده على وفاة أخيه الأكبر وهرب من المنزل بعد الاستيلاء على مجوهرات نرمالا. في نهاية المطاف، ينتحر.,VALIDATED,GOLD
data51038,DATA_23034,B,"واحد السلسلة ديال الروايات ديال الجريمة ديال جيمس ويتوورث كادوز ف ويتبي. الجوج روايات اللوالا هما ""ديتس دسيبل"" و ""ده إيف أف مردر"".","wa7ed s-selsla dyal r-riwayat dyal l-jerima dyal James Whitworth kaduz f Whitby. J-juj r-riwayat l-luwla huma ""Death's Disciple"" u ""The Eve of Murder"".","A crime novel series by James Whitworth is set in Whitby . The first two novels are ""Death 's Disciple"" and ""The Eve of Murder"" .","تدور أحداث سلسلة روايات جريمة لجيمس ويتورث في "".ويتبي. الروايتان الأوليان هما ""تلميذ الموت"" و""عشية القتل",VALIDATED,GOLD
data51039,WIKI_C_07475,C,"الزواق ديال فيلم ""پاي"" (وحتى ""ريكويم فور أ دريم"") فيه بزاف ديال التشابه مع الفيلم الياباني تيتسو: الراجل الحديدي.","zzawag dyal film ""pi"" (w 7ta ""requiem for a dream"") fih bzaf dyal tshab m3a film l'yabani tetsuo: r-rajl l-7adidi.","The visual style of ""Pi"" (and even ""Requiem for a Dream"") has numerous similarities to the Japanese film Tetsu: The Iron Man.","يتميز النمط البصري لفيلم ""باي"" (وحتى ""قداس دريم"") بالعديد من أوجه التشابه مع الفيلم الياباني ""تيتسو: الرجل الحديدي"".",VALIDATED,GOLD
data51040,WIKI_C_09680,C,واحد التكنولوجيا سميتها كريسبر تكتشفات ف 2012. هاد التكنولوجيا الجديدة كتسمح لأي واحد قاري البيولوجيا الجزيئية يبدل الجينات ديال أي نوع بدقة.,wa7d technologie smitha crispr tktchfat f 2012. had technologie jdidia katssmeh l ay wa7d qari biologie moleculaire ybdl jinat dyal ay nwa3 b diqa.,A technology named CRISPR was discovered in 2012 . This new technology allows anyone with molecular biology training to alter the genes of any species with precision .,تم اكتشاف تقنية تسمى كريسبر في عام 2012. تسمح هذه التقنية الجديدة لأي شخص لديه تدريب في البيولوجيا الجزيئية بتعديل جينات أي نوع بدقة.,VALIDATED,GOLD
data51041,WIKI_C_04934,C,أوزيبيوس ليال (1845-1897) - مؤرخ، رجل دين فرانسيسكاني كبير، عالم اللاهوت، كيهضر بزاف ديال اللغات، و عضو فعال في الأكاديمية اليوغوسلافية للعلوم و الفنون.,"ouzebius lyal (1845-1897) - mo7arikh, rajul din franciskani kbir, 3alim l-lahout, kayhdar bezzaf dyal lloghat, w 3adw f3al fi l-academy dyal yugoslavia dyal l3olum w l-founoun.","Eusebio Leal ( 1845 – 1897 ) – historian , high ranking Franciscan cleric, theologian, polyglot, and active member of the Yugoslav Academy of Sciences and Arts",أوزيبيو ليال (1845 - 1897) - مؤرخ، ورجل دين فرنسيسكاني رفيع، وعالم لاهوت، ومتعدد اللغات، وعضو نشط في الأكاديمية اليوغوسلافية للعلوم والفنون.,VALIDATED,GOLD
data51042,WIKI_D_08164,D,"زدنكو بلاجيكوفيتش تزاد ف 23 شتنبر 1915 فمدينة بيهاش، ولد ديال سياسي محلي ""ميلان"" بلاجيكوفيتش. من عرق كرواتي، عائلة بلاجيكوفيتش منحدرة من قبائل ديال القرن 15 فمدينة ليڤنو.","zdenko blajikovich tzad f 23 shtnber 1915 fmdina bi7ach, wld dyal siyasi ma7ali ""milan"" blajikovich. mn 3erq kroati, 3aelt blajikovich mnadra mn 9abael dyal l9arn 15 fmdina livno.","Zdenko Blažeković was born on 23 September 1915 in the town of Bihać , the son of local politician "" Milan "" Blažeković . Ethnically Croat , the Blažeković family was descended from 15th century tribesmen in the town of Livno .","وُلد زدنكو بلاجيكوفيتش في الثالث والعشرين من سبتمبر عام 1915 في مدينة بيهاتش، وهو ابن السياسي المحلي ""ميلان"" بلاجيكوفيتش. من الناحية العرقية كرواتي، تنحدر عائلة بلاجيكوفيتش من رجال القبائل في القرن الخامس عشر في مدينة ليفنو.",VALIDATED,GOLD
data51043,DATA_4389,A,بصراحة، شي مرات كانتساءل منين كاياخدو الدراري الصغار تدريب فهاد الوقت,"bsar7a, chi marat kantsa2l mnin kayakhdo drari sghar tadrib fhad lwa9t","honestly, sometimes i wonder where kids get training nowadays",بصراحة، أحياناً أتساءل أين يتلقى الأطفال تدريبهم هذه الأيام,VALIDATED,GOLD
data51044,WIKI_D_09236,D,الداخل ديال الشّاپيل متميّز بسقوف دالبالوط مقسومة على ربعة، و الأرض د الزرق و خمسة ديال النوافذ الزجاجية الملونة الأصليين ديال تيفاني. بيت القديس فيه مذبح د العقيق و أرضية فسيفسائية مصنوعة من كتر من عشرين لون ديال الرخام.,"dakhil dyal chapel mtmyz bsqof dalbalot maqsuma 3la rba3a, w l'ard dyal zraq w khamsa dyal nawafed zujajiya mulawwana l'asliyin dyal tiffany. bit lqdis fi7 mdb7 dyal l3a9iq w ardiya fusayfsaiya masnu3a mn ktr mn 3ishrin lon dyal rkhham.","The interior of the chapel is marked by quartered oak ceilings , bluestone floors , and five original Tiffany stained glass windows . The chancel contains an onyx altar and mosaic floor made of more than twenty colors of marble .",يتميز الجزء الداخلي للكنيسة بسقوف من البلوط مقسمة إلى أرباع، وأرضيات من الحجر الأزرق، وخمس نوافذ زجاجية ملونة أصلية من تيفاني. يحتوي المذبح على مذبح من العقيق وأرضية فسيفسائية مصنوعة من أكثر من عشرين لونًا من الرخام.,VALIDATED,GOLD
data51045,DATA_7405,A,هاديك تتبان ليه هدية واعرة,hadik tatban lih hdya wa3ra,That gift looks amazing.,تلك الهدية تبدو رائعة,VALIDATED,GOLD
data51046,WIKI_C_06310,C,"الطبيب - شي طوبّات كيكونوا ف شي كاميونيطات ديال الإسعاف - بالخصوص ديال الطيارة - كيوظفو أطباء باش يحضرو مع الإسعاف, و كيجيبو معاهم كفايات زايدة بحال الدوايات اللي كيكتبوهم.","ttbib - chi ttabbat kaykunufi shi kamyunitat dyal l'isaf - blkhsus dyal ttyara - kaywazzafu atibba bash yhdru ma' l'isaf, w kiyjibu m3ahum kifayat zayda bhal ddwayyat lli kayktbuhum.","Doctor - some doctors are in some ambulances - especially the air ambulance - they hire doctors to be present with the paramedics, and they bring with them extra supplies like the medications they prescribe.",الطبيب - بعض الأطباء يكونون في بعض شاحنات الإسعاف - خاصة تلك التابعة للطيران - يوظفون أطباء ليحضروا مع الإسعاف، ويجلبون معهم كفايات إضافية مثل الأدوية التي يصفونها.,VALIDATED,GOLD
data51047,WIKI_D_07317,D,على اليمين، شي ناس تخوفو باللي السعي باش نخلقو وعي جديد و قيم جديدة غادي يطيح القيم القديمة اللي مجربة مع الوقت. و ناس آخرين تخوفو باللي الاحتفال بالتنوع مغاديش يخلي حتى شي وجهة نظر قوية باش توجه المجتمع.,"3la l ymin, chi nas tkhawfo blly l sa3y bach nkhla9o wa3y jdid w qyam jdidda ghadi ytih l qyam l qdima lli mjrba m3a l waqt. W nas akhrin tkhawfo blly l i7tifal bl t nawwo3 maghadiych ikhlli 7ta chi wajhet nazr qwiya bach tawajjah l mojtama3.","On the right, some people feared that the quest to create a new consciousness and new values would bring down the old time-tested values. And others feared that celebrating diversity would not leave any strong perspective to guide society.",على اليمين، تخوّف البعض من أن السعي لخلق وعي وقيم جديدة من شأنه أن يُسقط القيم القديمة التي أثبتت جدواها خلال الزمن. بينما تخوّف آخرون من أن الاحتفاء بالتنوع لن يترك أي وجهة نظر قوية لتوجيه المجتمع.,VALIDATED,GOLD
data51048,WIKI_D_04481,D,فرانسيس ماربوري (كيتكتب بعض لمرات ماربوري) (1555-1611) كان رجل دين، معلم ومسرحي إنجليزي قرا ف كامبريدج. معروف بزاف حيت هو با ديال آن هاتشينسون، لي كتعتابر أشهر (أو أسوأ سمعة) مرا إنجليزية ف أمريكا ف الحقبة الاستعمارية.,"francis marbury (kiytktb b3d l-mrat Marburie) (1555-1611) kan rajl ddin, mo3ellem w mssra7i ingleezi 9ra f cambridge. ma3rouf bzzaf 7it howa ba dyal anne hutchinson, li kta3tebr achhor (aw aswae som3a) mra ingleeziya f america f l7e9ba l-isti3mariya.","Francis Marbury (sometimes written Marburie) (1555–1611) was an English clergyman, teacher, and playwright who studied at Cambridge. He is best known for being the father of Anne Hutchinson, who is considered the most famous (or infamous) Englishwoman in colonial American history.",فرانسيس ماربوري (يكتب أحيانًا ماربوري) (1555-1611) كان رجل دين ومعلمًا ومسرحيًا إنجليزيًا درس في كامبريدج. معروف جدًا لأنه والد آن هاتشينسون، التي تُعتبر أشهر (أو أسوأ سمعة) امرأة إنجليزية في أمريكا في الحقبة الاستعمارية.,VALIDATED,GOLD
data51049,WIKI_D_10935,D,إيلا شفنا ألمانيا غادا تربح خاصنا نعاونو روسيا، و إيلا شفنا روسيا غادا تربح خاصنا نعاونو ألمانيا، و هاكا نخلّيوهوم يقتلو أكبر عدد ليمكن واخا مكنبغيش نشوف هتلر رابح بأي طريقة.,"ila shofna almanya ghada trbeh khassna n3awnu rrusya, w ila shofna rrusya ghada trbeh khassna n3awnu almanya, w haka nkheliwhom yqtlu akbar 3addad li ymken wakha maknbghich nchuf hitler rabeh b ayi tariqa.","If we see Germany is winning we have to help Russia, and if we see Russia is winning we have to help Germany, and that way let them kill the largest number possible, although I would not like to see Hitler victorious under any circumstances.",إذا رأينا ألمانيا منتصرة، فيجب علينا مساعدة روسيا، وإذا رأينا روسيا منتصرة، فيجب علينا مساعدة ألمانيا، وبهذه الطريقة ندعهم يقتلون أكبر عدد ممكن، على الرغم من أنني لا أريد رؤية هتلر منتصرًا تحت أي ظرف من الظروف.,VALIDATED,GOLD
data51050,DATA_22570,B,سور فاليتا البري هو السور الكبير لي كيحمي المدينة من جهة البر. و فيه هاد الأجزاء,sour Valletta lbari huwa sour lkbir li ky7mi lmdina mn jiht lbar. u fih had l'ajzae,Valletta's land wall is the large wall that protects the city from the land. It contains these parts.,سور فاليتا البري هو السور الكبير الذي يحمي المدينة من جهة البر. وفيه هذه الأجزاء.,VALIDATED,GOLD
data51051,WIKI_D_10087,D,فـ 1952، بانت فواحد من أول سيتكومات ديال التلفازة، سميتها كلاوديا: قصة ديال الزواج، مبنية على واحد السلسلة ديال الأفلام اللي الدور الرئيسي كانت كاتلعبو دوروثي ماكواير. ماكراكن لعبات مع الممثل ديال برودواي هيو ريلي.,"f 1952, bant f wahed mn awl sitcomat dyal telfaza, smitha Claudia: qissa dyal zwaj, mabniya 3la wahed silsila dyal aflam li ad-dor arraisi kanat katl3bo Dorothy McGuire. McCracken la3bat m3a l-moumtil dyal Broadway Hugh Reilly.","In 1952, she appeared in one of the first television sitcoms, titled Claudia: The Story of a Marriage, based on a film series in which Dorothy McGuire played the main role. McCracken co-starred with Broadway actor Hugh Reilly.",في عام 1952، ظهرت في واحد من أوائل المسلسلات الكوميدية التلفزيونية، اسمه كلوديا: قصة زواج، وهو مبني على سلسلة أفلام لعبت فيها دوروثي ماكغواير الدور الرئيسي. مثلت مكراكين مع ممثل برودواي هيو رايلي.,VALIDATED,GOLD
data51052,WIKI_D_10517,D,نهار 30 غشت 1930، أرسنال عاون باش يتسجل رقم قياسي جديد ديال الحضور بـ 28723 فملعب بلومفيلد رود ديال بلاكبول. و عاونو باش يعاودو يسجلوه فالسيزونات اللي جاو موراها بجمهورديال 29576 و 30218,"nhar 30 ghosht 1930, arsenal 3awen bach yetsjel re9m 9yassi jdide dyal lhodor b 28723 f mal3ab bloomfield road dyal blackpool. w 3awno bach y3awdo ysejlo7 f sezonat li jaw moraha b jomhor dyal 29576 w 30218","On August 30, 1930, Arsenal helped set a new attendance record of 28,723 at Blackpool's Bloomfield Road stadium. They helped set it again in the following seasons with crowds of 29576 and 30218",في يوم 30 أغسطس 1930، ساهم أرسنال في تسجيل رقم قياسي جديد للحضور بلغ 28723 في ملعب بلومفيلد رود الخاص بنادي بلاكبول. وساعدوا في تسجيل أرقام جديدة في المواسم التي تلت ذلك بجمهور بلغ 29576 و 30218,VALIDATED,GOLD
data51053,DATA_16419,B,"برا المصارعة المحترفة، دار بزاف ديال الظهورات كضيف ف الأفلام و  التلفزة، و منها الدور الرئيسي ف فيلم ""ذا تشابيرون"" اللي نتجاتو ""دبليو دبليو إي ستوديوز"".","bra lmosara3a lmohtarifa, dar bzaf dyal dhohorat kdif f aflam w telfaza, w minha dor ra2isi f film ""The Chaperone"" li ntajato ""WWE Studios"".","Outside of professional wrestling, he has made numerous guest appearances in film and on television, including the lead role in the ""WWE Studios"" production ""The Chaperone"".","بعيداً عن عالم مصارعة المحترفين،  ظهر عدة مرات كضيف في السينما والتلفزيون، بما في ذلك دور البطولة في فيلم ""ذا تشابيرون"" من إنتاج ""دبليو دبليو إي ستوديوز"".",VALIDATED,GOLD
data51054,WIKI_C_07068,C,"""أغنية ""أي سي د الليت"" ربحات جائزة جمعية نقاد السينما د لاس فيغاس لأحسن أغنية ف 2010، و جائزة أحسن أغنية مكتوبة لوسائل الإعلام المرئية ف الدورة 54 د الغرامي ف 2012.""","oghniyat ""i see the light"" reb7at jayezat jam3iyat nouqqad sinima d las vegas la7sen oghniya f 2010, w jayezat a7sen oghniya mktouba lwasayel l i3lam lmar2iya f dwra 54 dyal lghrammy f 2012.","""I See the Light"" won the Las Vegas film critics society award for best song in 2010 , and the best song written for visual media award at the 54th Grammy Awards in 2012 ."," و فازت أغنية ""أرى الضوء"" جائزة جمعية نقاد السينما بلاس فيغاس كأحسن أغنية خلال 2010, و جائزة أحسن أغنية مكتوبة داخل وسائل الإعلام المرئية في الدورة 54 للغرامي خلال 2012.",VALIDATED,GOLD
data51055,DATA_2314,A,أنا فرحان بزاف ملي وليت مع المجموعة.,ana far7an bzaf mli wlit m3a lmjmo3a.,I'm so happy to join the group.,أنا سعيد جدًا بالانضمام إلى المجموعة.,VALIDATED,GOLD
data51056,DATA_16587,B,تلال تسيمبا، بونيس - بورتون، الجنوب الغربي د المحيط الهادي 1943 – 1945، تحريرغينيا الجديدة الأسترالية.,"tilal tsimba, bonis - borton, ljanoub lgharbi d lmohit lhadi 1943- 1945, tahrir ghinia ljadida lostralia.","Tsimba hills, Bonis – Porton, South-West Pacific 1943 – 1945, liberation of Australian New Guinea .",تلال تسيمبا، بونيس – بورتون، جنوب غرب المحيط الهادئ 1943-1945، تحريرغينيا الجديدة الأسترالية.,VALIDATED,GOLD
data51057,WIKI_C_07950,C,"مارتن أوهاڭان، صحفي ديال الجريدة ديال ""ده سنداي ورلد""، تقتل نهار 28 شهر تسعود عام 2001 قدام مرتو حدا دارو فديك المدينة.","Martin O'Hagan, sa7afi dyal l jarida dyal ""the sunday world"", tqtel nhar 28 shhar tsood 3am 2001 qdam marto 7da daro f dik lmdina.","Martin O 'Hagan , a journalist for ""The Sunday World"" newspaper , was murdered on the 28th of September 2001 in front of his wife near his own home in the town .","قُتِل الصحفي مارتن أوهيغان، الذي يعمل بصحيفة ""سنداي ورلد""، في 28 من سبتمبر عام 2001 أمام زوجته بالقرب من منزله في البلدة.",VALIDATED,GOLD
data51058,DATA_11208,A,تعطلتي بزّاف باش تزيد ف طول,t3etli bezzaf bach tzid f tol,You took too long to grow taller.,لقد تأخرت كثيرا لكي تزيد في الطول,VALIDATED,GOLD
data51059,DATA_7330,A,تدريبات ديالنا و لبريباراسيون نفعونا بزّاف فلماتش ديال ليوم,tedribat dialna w lpreparation nef3ouna bezzaf flmatch dial lyoum,our training and preparation really help us in today's match,لقد أثمر تدريبنا  و استعدادنا كثيرا في مباراة اليوم,VALIDATED,GOLD
data51060,DATA_3876,A,خلينا نقولو بجوج مع الصعوبة لي عندك,khalina ngolo bjoj m3a So3oba li3ndak,Let's say together with your difficulty,لِنقُلْ مَعًا مَعَ صُعُوبَتِكَ,VALIDATED,GOLD
data51061,WIKI_D_08525,D,"لكوطا على حوت ساي ف الشمال ديال المحيط الأطلسي بدات ف 1977. المخزون اللي ف النص الجنوبي تحما ف 1979. وبسباب الأدلة اللي كانت كتزيد باللي بزاف ديال الأنواع ديال الحوت مهددة بالانقراض، الـ ""أي دبليو سي"" دارت واحد المنع كامل على الصيد التجاري ديال الحوت بدا ف 1986.","lkota 3la hoot say f shamal dyal lmo7it latlasi bdat f 1977. lmakhzoun li f nass ljanoubi t7ma f 1979. wbsbab l2adella li kanet katziid bli bzaf dyal l2anwa3 dyal l7out mouhadada b lin9irad, l ""IWC"" dart wa7d lman3 kamel 3la ssed ttijari dyal l7out bda f 1986.","Quotas on sei whales in the North Atlantic began in 1977. Southern Hemisphere stocks were protected in 1979. Facing mounting evidence that several whale species were threatened with extinction, the ""IWC"" established a complete moratorium on commercial whaling beginning in 1986.","بدأت الحصص المفروضة على الحيتان الزرقاء في شمال المحيط الأطلسي في عام 1977. وتمت حماية مخزونات النصف الجنوبي في عام 1979. وفي مواجهة الأدلة المتزايدة على أن عدة أنواع من الحيتان مهددة بالانقراض، فرضت ""أي دبليو سي"" وقفاً كاملاً للصيد التجاري للحيتان اعتبارًا من عام 1986.",VALIDATED,GOLD
data51062,WIKI_D_10923,D,"فاللي دابا ألمانيا، لبلايص اللي مسمّيين على ثور مسجّلين بواحد الشوية، ولكن شي عدد ديال لبلايص اللي مسمّيين ""دونرسبيرج"" (ألمانية ""جبل دونر"") يمكن يكون سميتهوم جاية من الإله دونر، الشكل الجرماني الجنوبي ديال سمية الإله.","felli daba 2almanya, lblayes lli msmmyin 3la Thor msjlyn bwa7d shwiya, walakin shi 3adad dyal lblayes lli msmmyin ""donnersberg"" (2almanya ""jbel donner"") ymken ykun smyathom jayya mn l2ilah donner, eshkel ljermany ljanouby dyal smyit l2ilah.","In what is now Germany, locations named after Thor are sparsely recorded, but an amount of locations called ""donnersberg"" (Germany ""Donner 's mountain"") may derive their name from the deity Donner , the southern Germanic form of the god 's name .","في ما يُعرف الآن بألمانيا، المواقع المسماة على اسم ثور قليلة التسجيل، ولكن قد يكون عدد من المواقع المسماة ""دونرسبيرج"" (الألمانية ""جبل دونر"") استمدت اسمها من الإله دونر، الشكل الجرماني الجنوبي لاسم الإله.",VALIDATED,GOLD
data51063,WIKI_D_08734,D,"السلسلة تصوّرات فبرلين الغربية و مارساي كإنتاج مشترك ألماني غربي، فرنسي و أمريكي من طرف ""إنتركونتيننتال تلفزيون فيلمز"". السلسلة تدوزات في بزاف ديال لبلايص ف لميريكان و لكن دازت تا فالساحل الشرقي على   ""دومونت تلفزيون نيتورك"".","ssilsila tsawwrat fbrlin lghrbiya w marseille ka2intaj moshtarak almany ghrbi, faranci w amriki min taraf ""Intercontinental Television Films"". ssilsila tdawazat f bzaf dyal lblays f lmirikan w lkin dazat ta fsa7il sharqi 3la ""DuMont Television Network"".","The series was filmed in West Berlin and Marseille as a West German , French and American production by ""Intercontinental Television Films"". The series aired in syndication throughout most of the U.S. but also aired on the east coast on the ""DuMont Television Network"".","تم تصوير المسلسل في برلين الغربية ومرسيليا كإنتاج مشترك ألماني غربي وفرنسي وأمريكي بواسطة ""إنتركونتيننتال تيليفيجن فيلمز"". عُرض المسلسل في تآزر في معظم أنحاء الولايات المتحدة ولكن عُرض أيضًا على الساحل الشرقي على ""شبكة تلفزيون دومون"".",VALIDATED,GOLD
data51064,DATA_24882,B,ضرب الكرة البيضة فشي كورة ولا جوج من الكرات الآخرين و من بعد تدخل في القرعة حتى تطيح على جنبها كتحسب 5 نقاط.,Dreb lkoura lbayda f shi koura wla jouj mn lkourat lakhrin w mn b3d tdkhel f lqr3a hta tti7 3la jenbha kt7ssb 5 nqat.,Caroming the cue ball off one or both object balls and then into the bottle knocking it onto its side scores 5 points.,تُحرز 5 نقاط بضرب الكرة الأمامية لتصطدم بكرة واحدة أو كلتي الكرتين الهدفين ثم تصطدم بالزجاجة فتسقطها على جانبها.,VALIDATED,GOLD
data51065,DATA_10472,A,مانضنش غادي تختار أشنو دير مورا الباك,mandench ghadi te5tar achno dir mora lbac,I don't think you'll get to choose after baccalaureate, لا أعتقد أنك ستختار ما ستفعله بعد التخرج من البكالوريا,VALIDATED,GOLD
data51066,WIKI_C_05168,C,الخدمة ديال رحمان فالتوينتي تواينتي برا الكريكت الدولية كانت هي البانغلاديش بريمير ليغ، حيت لعب مع دكا ديناميتس فالموسم ديال 2015. خدا 14 وحدة ف 10 ديال الماتشات فهاد البطولة.,"lkhdma dyal rahman ""faltwenti twenti"" bra lkriket ddawliya kant hiya lbangladich premier ligue, hith la3b m3a daka dynamites f lmousm dyal 2015. khda 14 wa7da f 10 dyal lmachat f had lbotola.","Rahman 's professional ""Twenty20"" career outside international cricket was the Bangladesh Premier League, where he played for Dhaka Dynamites in its 2015 season. He took 14 wickets in 10 matches in that tournament .","كانت مسيرة رحمان الاحترافية في دوري ""توينتي توينتي"" خارج الكريكيت الدولية هي دوري بنغلاديش الممتاز، حيث لعب مع فريق دكا ديناميتس في موسم 2015. وقد حقق 14 ويكيت في 10 مباريات في تلك البطولة.",VALIDATED,GOLD
data51067,DATA_15031,B,الأتمتة كتزيد فالإنتاجية لأقصى حد و كتنقص من احتمال الخطأ ولا التلوّث اللي كيوقع فالمناولة اليدوية. دابا كاينين أجهزة اللي كيديرو التحليل من الأول حتى اللخر بوحدهم.,l2atmata katzid fel2intajiya l2aqsa 7ed o ka tnqess men i7timal lkheta2 wla telweth lli kaywqe3 felmnaoula lyadawiya. daba kaynin ajhiza lli kaydiro tte7lil men lawwel 7etta llekher bou7dhoum.,Automation maximises throughput and reduces the possibility of error or contamination during manual handling . Single devices to do the assay from beginning to end are now available .,تعمل الأتمتة على زيادة الإنتاجية إلى أقصى حد وتقليل احتمالية الخطأ أو التلوث أثناء المناولة اليدوية. تتوفر الآن أجهزة فردية لإجراء الفحص من البداية إلى النهاية.,VALIDATED,GOLD
data51068,DATA_18091,B,واحد الفكرة كانت عند فرانك دارابونت على الحلقة اللولة ديال الموسم ما تدارتش، كايقولو بالسباب ديال التقشف (ولا نقص الفلوس).,"wa7ed lfikra kanet 3end frank darabont 3la l7elqa lowla dyal lmawsim ma tdaratch, kayqolo bsbab dya ttaqachof (wella neqs lflous).","An early concept for the season premiere by Frank Darabont never materialized, allegedly as a result of budget cuts.",لم تتحقق فكرة مبكرة للمسلسل من قبل فرانك دارابونت، ويُزعم أنها كانت نتيجة لتخفيضات في الميزانية.,VALIDATED,GOLD
data51069,DATA_11261,A,تعطلتي بزّاف باش دير لموسيقا,t3etlti bezzaf bach dir lmosi9a,It took you way too long to drop the music.,قد استغرقت وقتاً طويلاً جداً لإنتاج الموسيقى.,VALIDATED,GOLD
data51070,WIKI_C_11360,C,من بعد التقاعد، باكلو بقى فديك البلاصة ديال دي سي. من 1974 ل 1984، كان هو الممثل ديال دي سي لواحد الشركة ديال لوزيانا اللي كاتصاوب الطوقبات.,"men b3d tta9a3od, baklew b9a f dik lblasa dyal DC. men 1974 l 1984, kan howa l momatil dyal DC l wa7d sharika dyal louiziana li katssawb tto9bat.","After retirement, Bucklew remained in the D.C. area. From 1974 to 1984, he served as the D.C. representative for a Louisiana-based tugboat manufacturer.",عد التقاعد، ظل باكلو في منطقة واشنطن العاصمة. من عام 1974 إلى عام 1984، شغل منصب الممثل في واشنطن العاصمة لشركة لبناء قوارب السحب في لويزيانا.,VALIDATED,GOLD
data51071,WIKI_C_07320,C,ف 1915، شي ألف طوموبيل فالعام كانو كيدخلو للسفاري، داكشي دار صداع مع الخيل والكرويلات ديالهم. ف اللخر منعو الناس يركبو على الخيل ف الطريق.,"f 1915, shi alf tomobil f l3am kanu kidkhlo l safari, dakchi dar sda3 ma3 lkhayl w lkrwilat dyalhom. f lla5er mn3u nas yrkbu 3la l5ayl f tri9.","By 1915, one thousand automobiles were entering the park annually, resulting in conflicts with horses and horse-drawn carriages. Eventually, traveling by horse on the roads was prohibited.",بحلول عام 1915، كان يدخل المتنزه سنوياً نحو ألف سيارة، مما أدى إلى صراعات مع الخيول وعربات الجر. وفي نهاية المطاف، حُظر تنقل الخيول عبر الطرقات.,VALIDATED,GOLD
data51072,WIKI_D_01305,D,"إليزابيث ديفيد بدّلات الطياب ديال الإنجليز بزاف بكتابها ديال 1950 ""كتاب ديال الماكلة ديال البحر البيض المتوسط"". تّكتب فواحد الوقت ديال التقشف ونقص فالمكلة، وكتابها بدا بـ ""يمكن يكون أحسن مقطع كيحرك المشاعر وكيعطي الإلهام فالتاريخ ديال الكتوبة ديال الطياب الإنجليزي""","elizabeth david bddlat tyab dyal l2ingliz bzaf bktabha dyal 1950 ""ktab dyal lmakla dyal lb7r lbiyad lmtwst"". tktb f w7d lw9t dyl taqshof w naqs f lmakla, wktabha bda b ""ymkn ykon a7san mqt3 kay7rrk lmsha3ir w kay3ti l2ilham f ttarikh dyl lktouba dyl tyab l2inglizi""","Elizabeth David revolutionized British cooking with her 1950 masterpiece, ""A Book of Mediterranean Food"". Written at a time of a period of post-war rationing and scarcity, her book began with ""perhaps the most evocative and inspirational passage in the history of British culinary literature""","أحدثت إليزابيث ديفيد ثورة في فن الطهي الإنجليزي بصدور كتابها 'كتاب طعام البحر الأبيض المتوسط' عام 1950. ففي حقبة اتسمت بـ التقشف وندرة الغذاء، افتتحت مؤلَّفها بما وُصف بأنه ""أكثر الفقرات بلاغة وإلهاماً في تاريخ أدب الطهي البريطاني""",VALIDATED,GOLD
data51073,DATA_5862,A,سمحلي قاطعتك,sme7li 9ate3tek,Excuse me for interrupting you,عذرًا على مقاطعتك,VALIDATED,GOLD
data51074,DATA_18338,B,"ديوس"" (فيت دريك، تي.آي.، كانييه ويست، فابولوس، ريك روس وأندريه ""3000) – 6:43","""Deuces"" (feat Drake, T.I., Kanye West, Fabolous, Rick Ross & André 3000) – 6:43","""Deuces"" (feat Drake, T.I. , Kanye West, Fabolous, Rick Ross & André 3000) – 6:43","ديوس"" (مع دريك، تي.آي.، كانييه ويست، فابولوس، ريك روس، وأندريه ""3000) – 6:43",VALIDATED,GOLD
data51075,DATA_4826,A,ماكليتش والو من صباح,maklitch walo mn Sba7,I haven't eaten since morning,لم آكل شيئاً منذ الصباح,VALIDATED,GOLD
data51076,DATA_21401,B,"1990، روجرسون سي تي. ""شي شوية ديال أسكوميسيت (الفطريات) اللي كينوضو على السرخسيات الاستوائية"". بريتونيا 42: 105-115.","1990, Rogersson CT. ""Shi shwiya dyal Ascomycetes (lfutriyat) li kaynodo 3la sserkhsiyat l2istiwa2iya"". Brittonia 42: 105-115.","1990, Rogerson CT. ""Some Ascomycetes (Fungi) occurring on tropical ferns"". Brittonia 42 : 105–115 .","١٩٩٠، روجرسون سي تي . ""بعض الفطريات الأسكوميسيتية (الفطريات) التي تنمو على سرخسيات استوائية "" . بريتونيا 42: 105-115.",VALIDATED,GOLD
data51077,WIKI_D_07129,D,"بيرسي ويليام ""بيل"" جورج توين، تي أش إل، كان الإمام ديال جامع فالفترة ديال 1973 - 1980. كان شحال هادي كيضرب على الأرغن، وكان كيميل للأسلوب ديال الكنيسة الراقية. مات فجأة وهو باقي الإمام.","pirsi william ""bil"" jorj twine, th.l, kan l2imam dyal jjam3 flfatra dyal 1973 - 1980. kan sh7al hadi kiyḍrb 3la l2organ, w kan kymil l2uslub dyal lkanisa rraqiya. mat fja2ta w huwa baqi l2imam.","Percy William ""Bill"" George Twine , Th.L, was the rector during the period 1973 – 1980. He had long been an organ player, and inclined toward high church style. He passed away suddenly while still the rector.","كان بيرسي ويليام ""بيل"" جورج تواين، تي أش إل، هو القسيس خلال الفترة ما بين 1973 و1980. عُرف بعزفه على الأرغن لفترة طويلة وبميله نحو أسلوب الكنيسة العليا. توفي فجأة وهو لا يزال القسيس.",VALIDATED,GOLD
data51078,DATA_12622,B,ماي – كولونا – 9؛ ستوباني – 6؛ فانزوتزي – 5؛ ڭانڭانيلي – 4؛ 8 بوزوبونيلي – 3,8 mai - Koulouna - 9; Stoubani - 6; Fanzozzi - 5; ganganili - 4; Bouzoubounili - 3,May 8 – Colonna – 9; Stoppani – 6; Fantuzzi – 5; Ganganelli – 4; Pozzobonelli – 3,8 مايو – كولونا – 9؛ ستوباني – 6؛ فانتوتسي – 5؛ غانغانيلي – 4؛ بوتسوبونيلي – 3,VALIDATED,GOLD
data51079,DATA_24848,B,أُونيل تّنتخب عضو شرف مدى الحياة فالنادي البوهيمي في أواخر تسعينيات القرن التاسع عشر و ولا مؤرخ ديال النادي.,Oneill tentakheb 3odw sharaf mada l7ayat fnnadi lbohemi f awakhir tiss3iniyat lqarn ttasi3 3ashar u wulla mou2arrekh dyal nnadi.,Oneill was elected honorary life member of the Bohemian Club in the late 1890s and was made club historian.,انتُخب أُونيل عضوًا فخريًا مدى الحياة في نادي البوهيميان في أواخر تسعينيات القرن التاسع عشر، وتم تعيينه مؤرخًا للنادي.,VALIDATED,GOLD
data51080,WIKI_D_10354,D,نهار 7 مارس 1949، شعلات العافية من السطح ديال المكتبة؛ كتر من 300 كتاب مطبوع و المخطوطات اللي كانوا معروضين تحرقوا بالمرة، و كتر من 3000 كتاب خاصهم إصلاح، واخا البنية التحتية الرئيسية تضررات شوية و الإصلاح خدا أقل من عام.,"nhar 7 mars 1949, sh3lat l3afya mn sst7 dyal lmktba; ktr mn 300 ktab mtbo3 w lmkhtutat lli kanu ma3rudin t7rqu bl marra, w ktr mn 3000 ktab khas7om 2isla7, wakha lbniya tta7tiya ra2isiya tdarrat chwiya w l2isla7 khda aql mn 3am.","On 7 March 1949, a fire spread from the library roof; over 300 printed books and the manuscripts on exhibition were completely destroyed, and over 3000 books needed repair, though the main structure suffered little damage and restoration took less than a year.",في السابع من مارس عام 1949، انتشرت النيران من سطح المكتبة؛ وأكثر من 300 كتاب مطبوع والمخطوطات المعروضة دمرت بالكامل، وأكثر من 3000 كتاب احتاجت إلى إصلاح، على الرغم من أن الهيكل الرئيسي لحق به ضرر طفيف واستغرق الترميم أقل من عام.,VALIDATED,GOLD
data51081,WIKI_C_04421,C,"واحد الميني ألبوم على تاريخ المنطقة، سميتو ""فاير أند گلاس: واحد التراجيديا ف نوروود""، خرجات ف شهر تسعود 2007 من طرف واحد المجموعة أنجلو هولندية.","wa7d lmini album 3la tarikh lminta9a, smito ""fire and glass: wa7d trajediya f Norwood"", khrejat f chher ts3oud 2007 men tarf wa7d l-majmou3a anglo-hollandiya.","A mini-album about the history of the local area, titled ""Fire and Glass: A Tragedy in Norwood"", was released in September 2007 by an Anglo Dutch group.","صدر ألبوم مصغر عن تاريخ المنطقة المحلية، بعنوان ""النار والزجاج: مأساة نوروود""، في سبتمبر 2007 من قبل فرقة أنجلو-هولندية.",VALIDATED,GOLD
data51082,DATA_16412,B,"أقصى سرعة: على ارتفاع: ماخ 2.2 + (1.450+ ميل في الساعة, 2. 335+ كيلومتر في الساعة)","Aqsa suraa: aala irtifaa: Makh 2.2 + (1.450+ mile fi ssa3a, 2.335+ kilometre fi ssa3a)","Maximum speed : At altitude : Mach 2.2 + (1.450 + mph, 2.335 km/h)",السرعة القصوى: على ارتفاع: ماخ 2.2 + (1.450 ميل/ساعة، 2.335 كم/ساعة),VALIDATED,GOLD
data51083,WIKI_D_02123,D,"ملي رجع أدامز لماساتشوستس بقى ناشط فالسياسة. كان بزاف ديال المرات كيشد لمحادرات ديال اجتماع مدينة بوسطن, و نتخب لمجلس الشيوخ ديال الولاية, و كان غالبا كيشد الرياسة ديال هاد المجلس.","mlli rja3 adamz limassachusetts bqa nacht f siyasa. kan bzaf dyal l marrat kiychedd lm7adarat dyal jtima3 madint boston, w ntekhb l majlis chiyoukh dyal l wilaya, w kan ghaliban kiychedd l riyasa dyal had l majlis.","Adams remained active in politics upon his return to Massachusetts. He frequently served as moderator of the Boston Town Meeting, and was elected to the state senate, where he often served as that body 's president .",ظل آدامز ناشطاً في السياسة عند عودته إلى ماساتشوستس. كان غالباً ما يترأس اجتماعات مجلس مدينة بوسطن، وانتخب لعضوية مجلس شيوخ الولاية، حيث كان غالباً ما يشغل منصب رئيس ذلك المجلس.,VALIDATED,GOLD
data51084,WIKI_C_00121,C,من مورا ديك اللعاب، ديل توسو شارك فكأس أوساكا فاليابان ف 2013، فين الكلايدرز حافظو على اللقب اللي ربحو ف 2008 و 2009 و 2010 و 2012.,"mn mora dik lla3ab, del toso charik f kas osaka f lyaban f 2013, fin lgliders 7afzo 3la lla9ab lli rab7o f 2008 w 2009 w 2010 w 2012.","Since the games, Del Toso has participated in the 2013 Osaka Cup in Japan, where the Gliders successfully defended the title they had won in 2008 ,2009, 2010 and 2012.",منذ الألعاب، شارك ديل توسو في كأس أوساكا 2013 في اليابان، حيث نجح فريق فلايدرز في الدفاع عن اللقب الذي فاز به في أعوام 2008 و 2009 و 2010 و 2012.,VALIDATED,GOLD
data51085,WIKI_D_07790,D,تود كان موضوع ديال بزاف د المقالات على مسلسلات التلفزيون، دراسات نسوية، و ألهم الصنع ديال واحد اللعبة على صورته. بقى شخصية شعبية و مثيرة للجدل من النهار اللي تخلق، و كيتعتابر واحد من الشخصيات اللي خرجات من مسلسلات التلفزيون و نجحات بزاف.,"tud kan mawdu3 dyal bezzaf d lmaqalat 3la musalsalat telifizyoun, dirasat nswiya, w 2alham sson3 dyal wa7d la3ba 3la suratuh. bqa shakhsiya sha3biya w mutira liljadl mn nhar lli tkhelq, w kit3tabar wa7d mn shakhsiyat lli kherjat mn musalsalat telifizyoun w nja7at bezzaf.","Todd has been the subject of numerous soap opera articles, feminist studies, and inspired the creation of a doll in his likeness. He has remained a popular and controversial figure since his creation, and is considered one of soap opera 's breakout characters .",كان تود موضوعاً للعديد من المقالات المتعلقة بالمسلسلات التلفزيونية، والدراسات النسوية، وألهم إنشاء دمية على شبهه. وقد ظل شخصية شعبية ومثيرة للجدل منذ إنشائه، ويُعتبر أحد أبرز الشخصيات التي حققت نجاحاً كبيراً في تاريخ المسلسلات التلفزيونية.,VALIDATED,GOLD
data51086,DATA_17282,B,جورج فيتزروي (1665-1716)، دارو إيرل ديال نورثمبرلاند (1674)، و دوك ديال نورثمبرلاند (1678).,"George FitzRoy (1665-1716), darou Earl dyal Northumberland (1674), w Douk dyal Northumberland (1678).","George Fitzroy (1665–1716), created Earl of Northumberland (1674), and Duke of Northumberland (1678).",جورج فيتزروي (1665–1716)، نُصِّب إيرل نورثمبرلاند (1674)، ودوق نورثمبرلاند (1678).,VALIDATED,GOLD
data51087,WIKI_C_05077,C,التلوث اللي كيطرا مرة مرة للقنوات الصفراوية بالديلطات اللي كيبقاو تما (بحال اللي كيوقع فالأمراض المزمنة بحال الكور فالراس ديال البنكرياس) خاصو المراقبة بتحاليل ديال الراديو مكررة و خاص الديلطات يتبدلو.,taluwet li kayetra mra mra lil9anawat sfrawiya bidiltat lli kayb9aw tema (b7al li kayw93 fel2amrad lmozmina b7al lkor ferras dyal lbankriyas) khasou lmorakaba bta7alil dyal radio mokrara w khas ddiltat ytbdlo.,Continual contamination of bile duct by indwelling stents (as may occur in chronic conditions like tumor of the head of pancreas) requires monitoring by repeated radiologic tests and changing of the stents.,يتطلب التلوث المستمر للقنوات الصفراوية بواسطة الدعامات المتبقية (كما قد يحدث في الحالات المزمنة مثل ورم رأس البنكرياس) المراقبة عن طريق الفحوصات الإشعاعية المتكررة وتغيير الدعامات.,VALIDATED,GOLD
data51088,DATA_8737,A,راه هادشي كولو ديالك بوحدك تستاهلي,rah hadchi kolo dialek bo7dek tstahli,eat alone you deserve it,إنّ هذا كله لكِ وحدكِ، فأنتِ تستحقين,VALIDATED,GOLD
data51089,DATA_5087,A,مزيان تعاون الناس,mezyan t3awen nnas,it's great to help others,من الجيد مساعدة الآخرين,VALIDATED,GOLD
data51090,WIKI_C_04635,C,"الرقع والخطوط الكحلة والبيضة راه بحال شي تصاور ديال تمواج كيبينو الحركة والانعكاسات ف الماء، هادشي كامل تطور بذكاء باش يخبي الطائر ماشي بالخفاء ولكن ب ""التشويش اللي كيبين"".","erroqa3 w lkhttut lkehla w lbida rah bhal shi tsawer dyal tmwaj kaybinu lharaka w l2in3ikasat f lmae, hadshi kamel ttawwer b dakae bash ykhbi tta2ir machi b lkhafae walakin b ""ttshwish lli kybyn"".","The black and white patches and stripes are ripple pictures depicting motion and reflections in the water, all ingeniously evolved to hide the bird not by inconspicuousness but by ""disruptive conspicuousness"".","الرقع والخطوط السوداء والبيضاء هي صور تموج تصور الحركة والانعكاسات في الماء، وكلها تطورت ببراعة لإخفاء الطائر ليس بالخفاء بل بـ ""الوضوح المشتت"".",VALIDATED,GOLD
data51091,DATA_8292,A,راه دعيف ماخايجهش هاد تريكو,rah d3if ma5ayjihch had trico,"He is thin, this sweater won't fit him",إنه نحيف، لن تناسبه هذه السترة,VALIDATED,GOLD
data51092,DATA_11992,A,عمرك ماتفنتي ناسّ و تأدّن فرمضان,3emrek matfanti nass ou t2edden framdan,Never deceive people by calling the prayer in Ramadan.,إياك أن تخدع الناس برفع الأذان في رمضان,VALIDATED,GOLD
data51093,WIKI_D_03779,D,كاسان، جان ماري؛ كورساك، ماريولا (2001). د أسماء ديال و الدواور. جان  ماري ص. 92. أي إس بي إن 978-2-40-5.,"kassan, jan mari; korsak, mariola (2001). d asmae dyal w douawr. jan mari p. 92. isbn 978-2-40-5.","Kassan, Jean-Marie; Korsak, Mariola (2001). The names of the villages. Jean-Marie p. 92. isbn 978-2-40-5.",كاسان، جان ماري؛ كورساك، ماريولا (2001). أسماء الدواوير. جان ماري ص. 92. ردمك 978-2-40-5.,VALIDATED,GOLD
data51094,DATA_15471,B,"2002، مع گوردون رولاند، ""توجيه التطور ديالنا: إلا ما درناهاش حنا، شكون غادي يديرها؟""","2002, m3a Gordon Rowland, ""Twjih tatwor dyalna: ila ma dernahach hna, chkun ghadi idirha?""","2002, with Gordon Rowland, ""Guiding our evolution : If we don 't do it , who will?""","2002، مع جوردون رولاند، ""توجيه تطورنا: إذا لم نفعل ذلك، فمن سيفعل؟""",VALIDATED,GOLD
data51095,DATA_1183,A,أنا كانشوف صاك ديالك.,ana kanchouf Sak dialk.,I can see your bag.,أرى حقيبتك.,VALIDATED,GOLD
data51096,WIKI_C_03887,C,على حساب داكشي اللي بينوه المعطيات ديال واحد البروغرام سميتو البروغرام المشترك دلمراقبة ديال المية والصرف الصحي تابع لمنظمة ديال الصحة العالمية واليونيسيف عام 2015، شي 36% ديال الناس اللي ساكنين في العروبية في الشينوا ماكانش عندهم الصرف الصحي مقاد.,"3la hesab dakchi lli baynoh lmo3tayat dyal wa7d lprogram smito lprogram lmochtarak dlmoraqaba dyal lmiya w ssarf ssehhi tab3 llmonadama dyal sse7a l3alamiya w lunicef 3am 2015, chi 36% dyal nass lli saknin f l3roubiya f chinwa makanch 3ndhom ssarf ssehhi mqad.","According to data from the WHO/UNICEF Joint Monitoring Programme (JMP), in 2015, about 36% of people living in rural areas in China did not have proper sanitation.",وفقًا للبيانات التي قدمها البرنامج المشترك لرصد إمدادات المياه والصرف الصحي لمنظمة الصحة العالمية واليونيسيف في عام 2015، فإن حوالي 36% من سكان الريف في الصين كانوا يفتقرون إلى خدمات صرف صحي ملائمة.,VALIDATED,GOLD
data51097,DATA_12044,A,عمرك تسترد حقك,3emrek t staredd 7e99ek,you'll never get your rights back,لن تسترد حقك أبداً.,VALIDATED,GOLD
data51098,WIKI_C_05258,C,مع مرور السنين، ماكارتني تعتابر واحد من المؤثرين بزاف ف الصوت عند بزاف ديال الفنانين لكبار، بحال كريس كورنيل، بيلي جويل، ستيفن تايلر، براد دلب و أكسل روز.,"m3a morro sennin, mc cartney t3tebr wa7d mn mo2thrinn bzzaf f so7t 3nd bzzaf dyal l fannanin l kbar, 7al chris cornell, billy joel, steven tyler, brad delp w axl rose.","Over the years, McCartney has been named a significant vocal influence by a number of renowned artists, including Chris Cornell, Billy Joel, Steven Tyler, Brad Delp and Axl Rose.",على مر السنين، سُمّي ماكارتني أحد المؤثرين الصوتيين البارزين من قبل عدد من الفنانين المشهورين، بما في ذلك كريس كورنيل، وبيلي جويل، وستيفن تايلر، وبراد دلب  وأكسل روز.,VALIDATED,GOLD
data51099,WIKI_C_09395,C,"""دار الحلوة شيكاڭو""(روبيرت جونسون) - ذا بلوز براذرز مع الصوت ديال جايك بلوز (مهدية للموسيقي ماجيك سام) - 7:48","""dar l7elwa chicago"" (robert johnson) - the blues brothers m3a ssout dyal jake blues (mehdia llmousi9i magic sam) - 7:48","""Sweet Home Chicago"" (Robert Johnson) – The Blues Brothers with lead vocals by Jake Blues (dedicated to the musician Magic Sam) - 7:48","""يا شيكاغو يا بيتي الحلو""(روبرت جونسون) - فرقة بلوز براذرز بصوت جايك بلوز الرئيسي (إهداء للموسيقي ماجيك سام) - 7:48",VALIDATED,GOLD
data51100,WIKI_C_03311,C,"شي طراك هادي فيه البيانو و الغنا بحال ديال كوين طبقة فوق طبقة، هاد هال فورد قال الكلمات ديال ""إبيتاف"" كتعبرعلى الضيق حيت ما كاينش بلاصة للشباب ولا الشياب ف المدن ديال دابا.","shi trak hadi fih lpiano w lghna bhal dyal queen taba9a faw9 taba9a, had Halford qal lkalimat dyal ""Epitaph"" kat3ber 3la ddi9 hit ma kaynch blaça lshabab wla lshayab f lmodon dyal daba.","A quiet track with piano backing and Queen like layered vocals, Halford said the lyrics to ""Epitaph"" express frustration at a lack of place for the young or old in modern cities.","قال هال فورد إن كلمات أغنية ""إبيتاف"" تعبرعن الإحباط من عدم وجود مكان للشباب أو كبار السن في المدن الحديثة، مع مقطع هادئ مدعوم بالبيانو وغناء طبقي أشبه بفرقة كوين.",VALIDATED,GOLD
data51101,WIKI_D_02793,D,"مقدمة: فـ 1960، وو مي لي، واحد الممثلة ف الأوبرا الصينية، هربات من الشينوا ب طبل ديال الورد مورما مات باها ف الحبس حيت عارض الشيوعيين (""مية مليون معجزة"").","mouqadima: f 1960, ou mei li, wahed lmoumathila f lopera ssiniya, harbat men lchinoi b tabl dyal lward mor ma mat baha f lhbas hit 3ared chchiyou3iyyin (""mya milyon mo3jiza"").","Prologue: In 1960, Wu Mei Li, a Chinese opera actress, fled China with the Flower Drum after her father died in prison for opposing the communists (""A Hundred Million Miracles"").","مقدمة: في عام 1960، هربت وو مي لي، وهي ممثلة في الأوبرا الصينية، من الصين مع طبل من الورد بعد وفاة والدها في السجن بسبب معارضته للشيوعيين (""مئة مليون معجزة"").",VALIDATED,GOLD
data51102,DATA_1493,A,ديما تايدير ليا هادشي,dima taydir lia hadchi,He always does that to me,دائمًا ما يفعل بي هذا,VALIDATED,GOLD
data51103,WIKI_C_09624,C,العراضة كانت فيها تا واحد الطريف ديال 8 دقايق من إنتشون، فيه المغني و الممثل رين كان كيدير شي عرض. والعمدة ديال إنتشون، سونغ يونغ جيل، خدا الراية ديال الألعاب ديال 2014.,"l3rada kant fiha ta wa7ed ltryf dyal 8 d9ay9 men incheon, fih lmoughni w l moumathil rain kan kaydir chi 3ard. w l3mda dyal incheon, song young gil, khda rraya dyal lal3ab dyal 2014.","An 8 minute segment from Incheon followed, featuring a performance by singer-actor Rain. During the event, Incheon Mayor Song Young-gil accepted the flag for the upcoming 2014 Games.",تضمنت المراسم أيضاً فقرة من إنتشون مدتها 8 دقائق، قدّم خلالها المغني والممثل رين عرضاً فنياً. كما تسلّم عمدة إنتشون، سونغ يونغ جيل، علم دورة الألعاب لعام 2014.,VALIDATED,GOLD
data51104,DATA_9552,A,كون غير قدرت ن فرشخ هاد الطبلة,koun ghir 9dert n frchekh had tabla,I wish I could just crush this table,ليتني أستطيع تحطيم هذه الطاولة,VALIDATED,GOLD
data51105,DATA_17795,B,"محاكاة ساخرة ديال ""هوز جوني"" ديال لإل دي بارج; الأغنية عبارة على قصيدة حب ل إد ماكماهون. من ألبوم بولكا بارتي! ديال عام 1986.","mo7akat sakhira dyal ""Who's Johnny"" dyal El DeBarge; l oughniya 3ibara 3la qasida 7ob l Ed McMahon. mn album Polka Party! dyal 3am 1986.","Parody of ""Who 's Johnny"" by El DeBarge; the song is a loving ode to Ed McMahon. From the 1986 album Polka Party !.","محاكاة ساخرة لأغنية ""من هو جوني"" للمغني إل دي بارج؛ الأغنية عبارة عن قصيدة حب مُهداة لإد ماكماهون. من ألبوم !بولكا بارتي الصادر عام 1986.",VALIDATED,GOLD
data51106,WIKI_C_07542,C,كل فرقة عندها الحق تكون ما بين خمسطاش و عشرين لاعب ( اللي كيهاجمو و اللي كيدافعو) و جوج ولا تلاتة ديال الحراس ديال المرمى، و كلهم خاص يكونو ولاد البلاد اللي كيلعبو ليها.,"kul friqa 3ndha l7a9 tkun ma bin khmstach w 3chrin la3b (lli kayhajmu w lli kydaf3u) w joj wla tlata dyal l7uras dyal lmerma, w kullhom khass ykunu wlad lblad lli kayl3bu liha.","Each team is allowed to have between 15 and 20 skaters (forwards and defencemen) and two or three goaltenders, all of whom must be citizens of the coutry they play for.",يُسمح لكل فريق بوجود ما بين خمسة عشر وعشرين لاعبًا (مهاجمين ومدافعين) واثنين أو ثلاثة حراس مرمى، على أن يكون جميع اللاعبين من حاملي جنسية الدولة التي يمثلونها.,VALIDATED,GOLD
data51107,WIKI_C_00582,C,باولي، طوماس هـ. (2012). ݣيم فيسيس: فايف إيرلي أميريكان تشامبيونز آند دي سبورتس دي تشانجد. لينكولن: جامعة نبراسكا بريس. ردمك 978-0-8032-6,"pauli, tomas h. (2012). game faces: five early american champions and the sports they changed. lincoln: university of nebraska press. isbn 978-0-8032-6.","Pauly, Thomas H. (2012). Game Faces: Five Early American Champions and the Sports They Changed. Lincoln: University of Nebraska Press. ISBN 978-0-8032-6.",باولي، توماس إتش. (2012). وجوه اللعبة: خمسة أبطال أمريكيين مبكرين والرياضات التي غيّروها. لينكولن: مطبعة جامعة نبراسكا. ردمك 978-0-8032-6.,VALIDATED,GOLD
data51108,DATA_20604,B,الديبو ديال تمبل ميلزاللي كاينة في ليتون كيستعملوه باش يخزنوا ويصاوبوا الترانات ديال يوروستار و كيحطوا فيه الترانات ديال كلاص 395 ساوث إيسترن ديال السرعة الفائقة فاش مايكونش وقت الذروة.,ddipo dyal Temple Mills li kayna f Leyton kaysta3mlouh bash yakhznou w ysaoubo tranat dyal Eurostar w kay7ottou fih tranat dyal class 395 Southeastern dyal ssor3a lfai9a fash maykounsh waqt ddorwa.,Temple Mills Depot in Leyton is used for storage and servicing of Eurostar trains the off-peak berthing of Class 395 Southeastern high-speed trains.,يُستخدم مستودع تمبل ميلز في ليتون للتخزين وصيانة قطارات يوروستار، وإيواء قطارات الطبقة 395 عالية السرعة التابعة لشركة ساوث إيسترن خارج أوقات الذروة.,VALIDATED,GOLD
data51109,DATA_22336,B,في 2007، الذكرى 230 للمعركة تخلدات بواحد الاحتفال ديال تمثيل المعركة داروه أعضاء ديال فوج فرجينيا الثاني اللي تعاود بناؤه.,"Fi 2007, ddkra 230 lilma3raka tkhaldat b wa7d l7tifal dyal tamtil lma3raka daroh a3da2 dyal faouj Virginia ttani lli t3awd bina2oh.","In 2007, the 230th anniversary of the battle was commemorated by a re-enactment event hosted by members of the recreated 2nd Virginia Regiment.",في عام 2007، تم إحياء الذكرى الـ 230 للمعركة من خلال إعادة تمثيل استضافها أعضاء فوج فرجينيا الثاني المُعاد تشكيله.,VALIDATED,GOLD
data51110,WIKI_C_05421,C,جوردان، جين باتيست، شي مذكرة على العمليات ديال جيش الدانوب تحت القيادة ديال الجنرال جوردان، ماخوذة من المخطوطات ديال هاد الضابط، لندن: ديبريت، 1799.,"jordan, jean baptiste, chi moudakira 3la l3amaliyat dyal jaysh edanoub ta7t lqiyada dyal l general jordan, makhouda men lmakhtoutat dyal had ddabet, london: debrett, 1799.","Jourdan, Jean Baptiste, A Memoir of the operations of the army of the Danube under the command of General Jourdan, taken from the manuscripts of that officer, London : Debrett, 1799.",جوردان، جين باتيست، مذكرات عن عمليات جيش الدانوب تحت قيادة الجنرال جوردان، مأخوذة من مخطوطات هذا الضابط، لندن: ديبريت، 1799.,VALIDATED,GOLD
data51111,DATA_8314,A,راه دريف هاد دري صغير,rah driyef had dri sghir,this boy is very kind,هذا الفتى لطيف جداً,VALIDATED,GOLD
data51112,WIKI_C_09027,C,التضاريس ديال بلاصة تلال بلاكدون مع حداها شرق ديفون أي أو إن بي ماكاينش بحالهم فالجنوب الغربي ديال النݣليز، حيت كيشكلو جزء من واحد البلاصة كبيرة فيها الرمل الخضر الفوقاني فالمنطقة.,"Tadariss dyal blasset tilal Blackdown m3a hda7a charq Devon AONB makaynch b7alhom fel janoub lgharbi dyal l Ingliz, 7it kiychklou joz2 men wa7ed lblassa kbira fiha rmal lkhdar lfoqani fel mintaqa.","The geology of the Blackdown Hills, together with the adjoining East Devon AONB, is unique in south west England, forming part of the only extensive outcrop of Upper Greensand in the region.",تتميز جيولوجيا تلال بلاكدون، بالإضافة إلى منطقة شرق ديفون المصنفة كـ أي أو إن بي بفرادتها في جنوب غرب إنجلترا، حيث تشكل جزءًا من النتوء الوحيد الواسع للتكوينات الرملية الخضراء العلوية في المنطقة.,VALIDATED,GOLD
data51113,DATA_20488,B,محرك: 1 × محرك بريستول سنتوراس أي إكس 18 سيلندر شعاعي، 2520 حصان (1880 كيلوواط),"Moharrik: 1 x moharrik Bristol Centaurus IX 18 cylinder cho3a3i, 2520 7essan (1880 kilowatt)","Powerplant : 1 × Bristol Centaurus IX 18-cylinder radial engine, 2520 hp (1880 kW)",المحرك: 1 × محرك شعاعي طراز بريستول سينتورس أي إكس بـ 18 أسطوانة، بقدرة 2520 حصاناً (1880 كيلوواط),VALIDATED,GOLD
data51114,WIKI_C_00106,C,أبسي، طوبْياس. تفاهات فينكلشتاين: أخطار معاداة الصهيونية العامية (مراجعة ديال صناعة الهولوكوست)، دخلنا ليها نهار 1 نوفمبر 2015.,"absi, tobias. tfaahat finkelstein: akhtar mo3adat ssihyouniya l3amiya (moraaja3a dyal sena3at lholocaust), dakhalna lih nhar 1 november 2015.","Abse, Tobias. Finkelstein 's Follies: The Dangers of Vulgar Anti-Zionism (review of The Holocaust Industry), accessed November 1 2015.",أبسي، طوبْياس. تفاهات فينكلشتاين: مخاطر الصهيونية المعادية المبتذلة (مراجعة لكتاب صناعة الهولوكوست)، تم الاطلاع عليه في 1 نوفمبر 2015.,VALIDATED,GOLD
data51115,DATA_12098,A,عمرك ت سكن فهاد الكريان,3emrek t sken fhad lkaryan,Don't ever live in this slum,لا تسكن أبداً في هذا الحي القصديري,VALIDATED,GOLD
data51116,DATA_12680,B,أيونات ديال الزنك والنحاس والكالسيوم والحديد والسيلينيوم مع الفيتامين سي كيتستعملو باش يعالجو التسمم ديال الكادميوم، واخا ماشي ساهل يتقلب المفعول ديالو.,"Iyonat dyal zinc w nouhas w lkalsyom w lhadid w silinyom m3a lvitamin c kaytsta3mlo bash y3aljo tasmom dyal lkadmyom, wakha machi sahel yatqleb lmaf3ol dyalo.","Zinc, copper, calcium, iron, and selenium ions with vitamin C are used to treat cadmium poisoning, although its effects are not easily reversed.",تُستخدم أيونات الزنك والنحاس والكالسيوم والحديد، والسيلينيوم مع فيتامين سي لعلاج التسمم بالكادميوم، على الرغم من أن ذلك لا يمكن عكسه بسهولة.,VALIDATED,GOLD
data51117,DATA_5643,A,جيني ڭود,jini goud,Get straight to the point,اذهب مباشرة إلى صلب الموضوع,VALIDATED,GOLD
data51118,DATA_23670,B,جاك ليكوك - المسرح الجسدي اللي كيتْقَرّا ف لإيكول انتيرناسيونال دو تياطر جاك ليكوك اللي أسسها ليكوك، متأثر بـ نو.,"Jak Lecoq - Lmesrah Ljasadi li kaytqra f L'ecole Internationale du Theatre Jacques Lecoq li asses7a Lecoq, mta2ter b No.","Jacques Lecoq – Physical theatre taught at the Jacques Lecoq International Theatre School, founded by Lecoq, is influenced by No.",يُعتبر المسرح الجسدي الذي يُدرّس في المدرسة الدولية للمسرح جاك لوكوك، التي أسسها لوكوك، متأثرًا بمسرح نو.,VALIDATED,GOLD
data51119,WIKI_C_04276,C,الدورة دابا فيها بالأساس تلاتة ديال الأنواع ديال لكويكبات: النوع سي ولاّ لكويكبات الكربونية، النوع إس ولاّ لكويكبات السيليكاتية، والنوع إم ولاّ لكويكبات المعدنية.,"doura daba fiha bel assas tlata dyal lanwa3 dyal lkwaykbat: nawa3 C wlla lkwaykbat lcarboniya, nawa3 S wlla lkwaykbat ssiliikatiya, w nawa3 M wlla lkwaykbat lma3daniya.","The current belt consists primarily of three categories of asteroids: C type or carbonaceous asteroids, S type or silicate asteroids, and M  type or metallic asteroids.",يتكون الحزام الحالي بشكل أساسي من ثلاث فئات من الكويكبات: الكويكبات من النوع سي أو الكربونية، والنوع إس أو السيليكاتية، والنوع إم أو المعدنية.,VALIDATED,GOLD
data51120,WIKI_D_10104,D,"جونز ولويز مينشين قدّمو السلسلة الوثائقية ""الجريمة والعقاب""، اللي دازت على بي بي سي وان ف 12 مارس 2012. ف 21 ماي 2012، جونز التحق ب آي تي في فول تايم كمراسل. ومن بعد مشا من البرنامج.","juns w lwiz minshin qddmu ssilsila lwtha2iqiya ""ljrima w l3iqab"", li dazt 3la bbc wan f 12 mars 2012. f 21 may 2012, juns tlhaq b ITV full time k morasil. w mn b3d msha mn lbrnamej.","Jones and Louise Minchin presented the documentary series ""Crime and Punishment"", which aired on BBC One on 12 March 2012. On 21 May 2012, Jones joined ITV fulltime as a reporter. He later left the show.","قدّم جونز ولويز مينشين السلسلة الوثائقية ""الجريمة والعقاب""، التي بُثّت على بي بي سي وان في 12 مارس 2012. في 21 مايو 2012، انضم جونز إلى آي تي في بدوام كامل كمراسل. وغادر البرنامج لاحقًا.",VALIDATED,GOLD
data51121,WIKI_C_06338,C,بحكم الكتلة الكبيرة ديال الكوكب، راه عملاق غازي وما عندوش سطح سوليد. وبما أن الكوكب تكتشف غير بطريقة غير مباشرة، بحال الشعاع ديالو، والتركيبة ديالو، والحرارة ديالو، راه ما معروفينش.,"b7okm lkutla lkbira dyal lkawkab, rah 3imlaq ghazi w ma 3andoch st7 solid. w bima anna lkawkab tktchef ghir b tari9a ghir mobachira, b7al chcho3a3 dyalo, w tarkiba dyalo, w l7arara dyalo, rah ma m3rofinch.","Given the planet 's high mass, the planet is a gas giant with no solid surface. Since the planet has only been detected indirectly, parameters such as its radius, composition, and temperature are unknown.",نظرًا للكتلة الكبيرة للكوكب، فإن الكوكب عملاق غازي بلا سطح صلب. وبما أن الكوكب تم اكتشافه بشكل غير مباشر فقط، فإن خصائصه مثل نصف قطره وتركيبه ودرجة حرارته تظل غير معروفة.,VALIDATED,GOLD
data51122,WIKI_D_08810,D,واحد العاصفة شبه مدارية مجهولة اللي ما كانتش باينة فالأول، اكتشفوها الناس ديال إن إش سي مللي سالا السيزون. هاد العاصفة اللي دوزات وقت قصير بزاف تشكلات نهار 4 أكتوبر جنوب جزر الآزور و امتصاتها شي منخفض جوي خارجي النهار اللي موراه، من بعد ما دازت من فوق هادوك الجزر.,"wa7d l3asifa shibh midariya majhoola lli makantsh bayna flawwal, ktashfoha nnass dyal NHC mlli salla ssizon. Had l3asifa lli dawwzat waqt qsir bzzaf tshekklat nhar 4 october janub jozour l azour w matssatha shi monkhafad jawi khariji nhar lli morah, men ba3d ma dazet men fawq hadook ljozour.","An initially unnoticed Unnamed Subtropical Storm was discovered by the NHC during the postseason analysis. This short-lived subtropical storm formed on October 4 south of the Azores and was absorbed by an extratropical low the next day, after passing over those islands.",تم اكتشاف عاصفة شبه مدارية مجهولة لم يلاحظها أحد في البداية من قبل إن إش سي خلال التحليل اللاحق للموسم. تشكلت هذه العاصفة شبه المدارية قصيرة العمر في 4 أكتوبر جنوب جزر الأزور وامتصها منخفض خارجي في اليوم التالي، بعد مرورها فوق تلك الجزر.,VALIDATED,GOLD
data51123,DATA_22840,B,ربحو مجموعين 12 لبطولة  ديال روما مورًّا على بعضياتهم من 2005. فهاد المدة، نادال ربح 7، دجوكوفيتش 4، وموراي 1.,"rb7u mejmu3in 12 l botola dyal roma murra 3la b3diathom mn 2005. fhad lmouda, nadal rbeh 7, djokovich 4, u moray 1.","Won a combined 12 consecutive Rome Masters titles since 2005. During this period Nadal has won 7, Djokovic 4, and Murray 1.",فازوا بـ 12 لقبًا متتاليًا في بطولة روما للأساتذة منذ عام 2005. خلال هذه الفترة، فاز نادال بـ 7 ألقاب، وجوكوفيتش بـ 4، وموراي بلقب واحد.,VALIDATED,GOLD
data51124,DATA_21181,B,من بين 26 نص لي كيتّعتابرو معروفين و باقيين حتى لدابا، غير النص فيهم اللي مزيان و مضمون مئة فالمئة.,"men bin 26 ness li kayt3tabru ma3rufin u baqiyin hetta l daba, ghir nness fihom li mzyan u medmun miyya fl miyya.","Of the 26 commonly accepted texts that survive, only half are in good condition and authentic beyond doubt.",من بين النصوص 26 المقبولة الشائعة التي وصلت إلينا، نصفها فقط في حالة جيدة وموثوق الأصالة بلا شك.,VALIDATED,GOLD
data51125,DATA_18912,B,"فالحرب، جورناليست ديال نيويورك تايمز، ويليام لورانس كان ""خدام عند وزارة الدفاع وكيخلصوه"" .","fal harb, journalist dyal New York Times, William Lawrence kan ""khddam 3nd wizarat ddifa3 o kaykhlssouh"".","During the war, The New York Times journalist William Laurence was ""on the payroll of the War Department"".","خلال الحرب، كان الصحفي في صحيفة نيويورك تايمز وليام لورانس ""على قائمة رواتب وزارة الحرب"".",VALIDATED,GOLD
data51126,WIKI_C_05641,C,الريح الشرقية، بصفة عامة، هيا لي كتغلب على حركة الرياح في القطبين، الريح الغربية كتضرب في نص الكرة الأرضية، من مورا سلسلة الضغط العالي الشبه مداري، والريح الشرقية تاني كتغلب في المناطق المدارية.,"rrih shar9iya, b sifa 3amma, hiya li katghleb 3la 7arakt rri7 f l9otbain, rri7 lgharbia katdrob f nass lkora l ardiya, men mora silsilat ddaght l3ali chibh madari, w rri7 shar9iya tani katghleb f lmanati9 l madariya.","Easterly winds, on average, dominate the flow pattern across the poles, westerly winds blow across the mid latitudes of the earth, polewards of the subtropical ridge, while easterlies again dominate the tropics.",تهيمن الرياح الشرقية، في المتوسط، على نمط التدفق عبر القطبين، وتهب الرياح الغربية عبر خطوط العرض الوسطى للأرض، باتجاه القطبين من حافة الضغط شبه المداري، بينما تهيمن الرياح الشرقية مرة أخرى على المناطق المدارية.,VALIDATED,GOLD
data51127,DATA_12294,A,عمرك جربتي تشدّد على ولادك و ماتخليهومش يخرجو,3emrek jerebti tchedded 3la wladek ou mat5lihomch y5erjou,Have you ever tried restricting your kids and preventing them from going out,هل جربت يوماً التشدد مع أطفالك ومنعهم من الخروج,VALIDATED,GOLD
data51128,WIKI_D_04966,D,نهار 21 أكتوبر 2011، تعلن بلي وايت دخل فالتشكيلة النهائية ديال 12 واحد ديال فريق لندن لايتنينغ فالدوري الوطني ديال كرة السلة ديال كندا. من ديك الساعة، داروه فالاحتياط الغير نشيط.,"nhar 21 october 2011, t3lan blli white dkhl f tchkila nnihaya dyal 12 wa7d dyal fari9 london lightning f ddwri lwatani dyal kora dyal ssela dyal canada. men dik sa3a, daroh f li7tiyat lghir nachit.","On October 21 2011, it was announced that White had made the final twelve man roster for the National Basketball League of Canada 's London Lightning. He has since been placed on the inactive reserve list.",في 21 من أكتوبر عام 2011، أُعلن أن وايـت قد انضم إلى القائمة النهائية المكونة من 12 لاعبًا لفريق لندن لايتنينغ في الدوري الوطني لكرة السلة الكندي. ومنذ ذلك الحين، تم وضعه في قائمة الاحتياط غير النشط.,VALIDATED,GOLD
data51129,DATA_15675,B,"هاد الضيعة عندها حق قديم وموروت ف القانون ك ""مول الحق الأسبق"" باش تستعمل كمية د الما بلا حدود من واد ماكلاود اللي حداها.","had ddi3a 3ndha 7eq qdim o mourout f lqanoun k ""moul l7eq l asbaq"" bash tst3ml kmmiya d lma bla 7doud mn wad McCloud li 7daha.","The estate is grandfathered in the law as a ""senior rights holder"" to use an unlimited amount of water from the adjoining McCloud River.","يتمتع العقار بحقوق موروثة بموجب القانون بصفته ""صاحب حقوق أقدم""، ما يخول له استخدام كميات غير محدودة من المياه من نهر ماكلاود المجاور.",VALIDATED,GOLD
data51130,WIKI_D_05907,D,ليندا سكايلر و ستيفن ستوهن كانو كمنتجين تنفيذيين من نهار بدات السلسلة. موظفين أخرين ديال إبيتوم بيكتشرز و أعضاء آخرين من طاقم السلسلة تاهوما تقيدو بنفس اللقب، بحال سارة سنو، بريندن يورك، جيمس هيرست و آرون مارتن.,"linda schuyler w stephen stohn kano k montijin tanfidiyin mn nhar bdat ssilsila. mowzafin akhrin dyal epitome pictures w a3da2 akhrin mn ta9am ssilsila tahoma t9aydou bnafs la9ab, bhal sara snow, brendon york, james hurst w aaron martin.","Linda Schuyler and Stephen Stohn have served as executive producers since the series began. Other Epitome Pictures employees and series crew members have also been credited with the title, including Sara Snow, Brendon Yorke, James Hurst and Aaron Martin.",شغلت ليندا شويلر وستيفن ستوهن منصب المنتجين التنفيذيين منذ بداية المسلسل. كما تم تكريم موظفين آخرين في إبيتوم بيكتشرز وأعضاء من طاقم المسلسل بنفس اللقب، بمن فيهم سارة سنو، بريندن يورك، جيمس هيرست وآرون مارتن.,VALIDATED,GOLD
data51131,DATA_4871,A,كانخدم بالليل,kankhdem bllil,I work at night,أعمل ليلا,VALIDATED,GOLD
data51132,DATA_7456,A,واحدة داوزعليها,wa7da dawz 3liha,And one that he has mistreated,وواحدة قد أساء إليها,VALIDATED,GOLD
data51133,WIKI_D_09962,D,ما تزاد تا شي بيت و الحكم صفر فالوقت الضايع ديال الماتش، بالضبط فالدقيقة 102. تيري لي دخلوه سبيطار خرج فراسو و رجع للتيران باش يفرح مع صحابو.,"ma tzad ta chi beat w l7akem sefer f lwaqt ddaye3 dyal lmatch, bddbt f d9i9a 102. tiri li dkhloh sbitar khrej frasso w rje3 l tiran bach ifr7 m3a s7abo.",No further goals were scored and the full-time whistle eventually blew in the 102nd minute of play. Terry who was admitted to hospital later discharged himself and returned to the stadium to celebrate with his teammates.,لم تُسجل أهداف أخرى، وأطلق حكم المباراة صفارة النهاية في الدقيقة 102 من اللعب. أما تيري، الذي أُدخل إلى المستشفى، فقد خرج منه لاحقًا وعاد إلى الملعب للاحتفال مع زملائه في الفريق.,VALIDATED,GOLD
data51134,WIKI_C_09910,C,حتى العدد π كايبان كبارامتر طيفي مهم في تحويل فورييه. هادشي هو التحويل التكاملي، اللي كايدي واحد الدالة قابلة للتكامل 'إف' ذات قيم عقدية معرفة على الخط الحقيقي للدالة اللي معرفة.,"7ta l3adad π kayban kparametre tayfi mohim f tahwil fourier. hadchi huwa ttahwil ttakmoli, lli kaydi wa7d dala qabila littakmol 'f' dhat qiyam 3aqdiya m3arfa 3la lkhatt l7aqiqi liddala lli ma3arfa.","The constant π also appears as a critical spectral parameter in the Fourier transform. This is the integral transform, that takes a complex valued integrable function 'f' on the real line to the function defined.",يظهر الثابت π أيضًا كمعامل طيفي حاسم في تحويل فورييه. هذا هو التحويل التكاملي، الذي يأخذ دالة قابلة للتكامل 'إف' ذات قيم مركبة معرفة على الخط الحقيقي إلى الدالة معرفة.,VALIDATED,GOLD
data51135,DATA_23447,B,جوج سيبتمبر 2009 – سينا على عقد جديد مع فانكوفر كانوكس ديال 12 عام بـ 64 مليون دولار.,jouj september 2009 - sina 3la 3aqd jdid m3a vancouver canucks dyal 12 3am b 64 million dollar.,"September 2, 2009 – Signed a 12 year, 64 million dollar contract extension with the Vancouver Canucks.",2 سبتمبر 2009 – وقع عقداً جديداً لمدة 12 عاماً بقيمة 64 مليون دولار مع فريق فانكوفر كانوكس.,VALIDATED,GOLD
data51136,WIKI_D_03953,D,واحد الأوبرا اللي تحگرات ف 1987 من عند كبار النقاد ديال نيويورك - بحال شي أوبرا ديال سي إن إن ما عندها قيمة باقية ملي دارت العرض الأول ديالها هيوستون جراند أوبرا - بقات باينة عندها قيمة. وصلت للميت لأول مرة، و دابا كيشوفو فيها بحال شي حاجة كلاسيك.,"wa7d l opera li t7grat f 1987 mn 3nd kbar nnoqad dyal New York - b7al chi opera dyal CNN ma 3ndha qima baqya mli darat l3rd l awwal dyalha Houston Grand Opera - bqat bayna 3ndha qima. Wslat lMet l awl mrra, w daba kichofofiha b7al chi 7aja classique.","An opera that was belittled in 1987 by major New York critics – as a CNN Opera of no lasting merit when Houston Grand Opera premiered it – has clearly remained relevant. Reaching the Met for the first time, it is now hailed as a classic .",أوبراٌ سُفِّهَت في عام 1987 على يد كبار نقاد نيويورك - باعتبارها أوبرا سي إن إن عديمة القيمة حين عرضتها دار أوبرا هيوستن الكبرى لأول مرة - ظلت واضحة الأهمية بوضوح. ومع وصولها إلى المتروبوليتان لأول مرة، تُعد الآن تحفة كلاسيكية.,VALIDATED,GOLD
data51137,DATA_17817,B,التركيبة ديال هاد الخرائط ممكنة، وهادشي كيعطينا حلقة المصفوفات ديال المصفوفات إن × إن اللي كتمثل حلقة التشكل الذاتي ديال إرإن.,"Tarkiba dyal had l kharaet momkina, w hadchi kiy3tina 7alaqa l masfoufat dyal l masfoufat n × n lli katmettel 7alaqat ttachakkol dati dyal Rn.",The composition of these maps is possible and this gives rise to the matrix ring of n × n matrices representing the endomorphism ring of Rn.,إن تركيب هذه الخرائط ممكن، وهذا يعطي حلقة المصفوفات مصفوفات  إن × إن التي تمثل حلقة التشاكل الذاتي للفضاء رن.,VALIDATED,GOLD
data51138,WIKI_C_03658,C,جون كيتزميلر فدور كورال: واحد من جزر كايمان كان خدام عند جون سترانجوايز باش يمشي لجزيرة كراب كي بالسر باش يجيب عينات ديال الصخر؛ و كان كايخدم حتى مع فيليكس لايتر قبل ما يوصل بوند.,john kitzmiller fdor quarrel: wa7d mn jozor cayman kan khdam 3nd john strangways bash ymshi l jzirt crab key b ser bash yjib 3ynat dyal s5or; w kan kay5dem 7ta m3 felix leiter qbl ma ywsl bond.,John Kitzmiller as Quarrel: A Cayman Islander who was employed by John Strangways to secretly go to Crab Key to collect rock samples; he also worked with Felix Leiter before Bond 's arrival.,جون كيتزميلر في دور كورال: رجل من جزر كايمان وظفه جون سترانجوايز للذهاب سرًا إلى جزيرة كراب لجمع عينات الصخور؛ كما عمل مع فيليكس ليتر قبل وصول بوند.,VALIDATED,GOLD
data51139,WIKI_C_02515,C,بشحال هادي، الما ديال نورمان كان كيتعيب حيت فيه نسبة طالعة بزاف ديال الزرنيخ. دابا المدينة كتحاول تحارب هاد المشكل ببنيان آبيار جداد و حيدان ديال القدام.,"bshal hadi, lma dyal norman kan kyt3yib hit fih nisba tale3a bzaf dyal zernikh. daba l medina kat7awl t7arb had lmochkil b bonyan abyar jdad w 7ydan dyal l9dam.",In the past the Norman's water supply has also been criticized for the presence of excessive levels of arsenic. The city is attempting to combat this problem by building new wells and removing older ones.,في الماضي، تعرضت شبكة إمدادات المياه النورمانية للانتقاد بسبب وجود مستويات مفرطة من الزرنيخ. وتحاول المدينة الآن معالجة هذه المشكلة عبر حفر آبار جديدة وإغلاق الآبار القديمة.,VALIDATED,GOLD
data51140,WIKI_C_06985,C,"التيوضيسي ديال الزهر والنحس فالسوسيولوجي هي التيوري، كيفما قال ويبر، ديال كيفاش ""الناس اللي من طبقات اجتماعية مختلفة كيختارعو معتقدات مختلفة، ولا التيوضيسيات، باش يشرحو الوضعية الاجتماعية ديالهم"".","tiwdisi dyal zahar w n7s f l sociology hiya tiwri, kifma qal weber, dyal kifach ""nas li men taba9at ijtima3iya mokhtalifa kikhtare3o mo3ta9adat mokhtalifa, wla tiwdisiyat, bach ychar7o lwad3iya l ijtima3iya dyalhom"".","The Theodicy of fortune and misfortune within sociology is the theory, as Weber suggested, of how "" members of different social classes adopt different belief systems, or theodices, to explain their social situation"".","ثيوديسيا الحظ والتعاسة في علم الاجتماع هي النظرية، كما اقترح ويبر، لكيفية ""ابتكار أفراد الطبقات الاجتماعية المختلفة لأنظمة معتقدات مختلفة، أو ثيوديسيات، لتفسير وضعهم الاجتماعي"".",VALIDATED,GOLD
data51141,WIKI_D_02995,D,فالحلقة، واحد الزلزلة كتخلي كلير محبوسة فالطواليط مع السباك. غلوريا كتفسر الكارثة الطبيعية كعلامة باللي الله باغي جاي يمشي للكنيسة، بينما ميتشل وكامرون كيستعملوها كعذر باش مايمشيوش لحفلة ديال بيبرز.,"f l7al9a, wa7d zlzila katkhli Claire m7bousa f toilet m3a sbaq. Gloria k tfssr lkarita tabi3iya ka 3lama bli Allah baghi Jay ymchi l kanisa, binama Mitchell w Cameron k yst3mloha ka 3odr bach maymchiwch l 7fla dyal Peppers.","In the episode, an earthquake causes Claire to be stuck in the bathroom with the plumber. Gloria interprets the natural disaster as a sign that God wants Jay to go to church while Mitchell and Cameron use it as an excuse to not attend Peppers party.",في الحلقة، يتسبب زلزال في أن تعلق كلير في الحمام مع السباك. تفسر جلوريا الكارثة الطبيعية على أنها علامة على أن الله يريد من جاي الذهاب إلى الكنيسة بينما يستخدم ميتشل وكاميرون ذلك كذريعة لعدم حضور حفلة بيبرز.,VALIDATED,GOLD
data51142,DATA_6606,A,اليوم السحاب رسمو شي أشكال زوينة فسما,lyoum s7ab ressmou chi achkal zwina fsma,the clouds painted a wonderful canvas in the sky,رسمت السحب لوحة رائعة في السماء,VALIDATED,GOLD
data51143,WIKI_D_10295,D,بهارات كاول بدور راجيش أرورا – البوليسي اللي مكلف يسيطر ويحافظ على القانون والنظام فديك لبلاصة اللي فيها الروينة  تعرف على الركاب ديال الكار وعاون الإيَرز باش يلقاو فين يسكنو ف وقت حظر التجوال.,bharat kawl bdour rajish arwraa - lpolisi lli mklf isytr w yhafd 3la lqanoun w nnizam fdik lblasa lli fiha rrwina t3rrf 3laa rrkab dyal lcar w 3wn liayrz bash ylqaw fin ysknu f wqt Hzr tijawl.,Bharat Kaul as Rajesh Arora – The police officer responsible for controlling and maintaining the law and order in the riot stricken area. He gets acquainted with the bus passengers and helps the Iyer couple find a place to stay during the curfew.,بهارات كاول بدور راجيش أرورا – ضابط الشرطة المسؤول عن السيطرة على القانون والنظام والحفاظ عليهما في المنطقة التي تعمها الفوضى. يتعرف على ركاب الحافلة ويساعد زوجي أيير في العثور على مكان للإقامة خلال فترة حظر التجول.,VALIDATED,GOLD
data51144,WIKI_C_07132,C,الغالبية هيا لي خاصو يدار على المدى الطويل باش نتحداو ارتفاع ديال البحر على طول الساحل ديال نورث نورفولك هو نرجعو اللور و نخليو البحر ياكل شوية من الأرض. راه ديجا طبقناه ف بلايص مهمة بحال تيتشويل مارش.,lghalbiya hia li khasso ydar 3la lmada ltawil bach nt7addaw irtefa3 dyal lb7ar 3la taul sa7el dyal north norfolk huwa nrj3o llor w nkhelliw lb7ar yakul shwiya mn l2ard. rah deja tbe9nah f blayess mohima b7al titchwell marsh.,Managed retreat is likely to be the long-term solution to rising sea levels along much of the North Norfolk coast. It has already been implemented at other important sites like Titchwell Marsh.,من المرجح أن يكون الانسحاب المنظم هو الحل طويل الأجل لارتفاع مستويات سطح البحر على طول جزء كبير من ساحل نورفولك الشمالي. وقد تم تنفيذه بالفعل في مواقع مهمة أخرى مثل مستنقع تيتشويل.,VALIDATED,GOLD
data51145,WIKI_D_03513,D,جزر النخيل ما فيهاش تخطيط مدني اللي يتقال عليه (أغلب المدينة ما تقاسش)، واخا رسميا عندهم سميات، ما كاينين لا علامات د الشوارع ولا حتى علامات المرور اللي كيكونوا معتادين في أغلب طرقات كوينزلاند الآخرين.,"juzur nakhil mafihash takhtit madani lli ytqal 3lih (aghlab lmedina ma tqasch), wakha rasmiyan 3ndhom smyat, makaynin la 3lamat d shwari3 wla htta 3lamat lmurur likykunu mo3tadin fi aghlab toroqat queensland lakhrin.","Palm Island has no urban planning to speak of (most of the town has not been surveyed), although they officially have names, there are no street signs or even traffic signs which are standard on most other Queensland roads.",لا تخطيط حضري يُذكر في جزيرة بالم (لم يتم مسح معظم المدينة)، وعلى الرغم من أن لديها أسماء رسمية، إلا أنه لا توجد لافتات شوارع أو حتى إشارات مرور قياسية في معظم طرق كوينزلاند الأخرى.,VALIDATED,GOLD
data51146,WIKI_D_12384,D,"ف بداية ديال لي تيتخات ديال النهاية ديال الفيلم ""سيتيزن كاين"" مكتوب باللي أغلبية ديال الممثلين الرئيسيين ف ""سيتيزن كاين"" جداد ف عالم السينما. مسرح ميركوري كيتشرف باش يقدمهم. ","f bdaya dyal li ttitkhat dyal nnihaya dyal lfilm ""Citizen Kane"" mktub blli jdad f 3alam cinema. aghlabiya dyal lmomathilin rayisin f ""Citizen Kane"" jdad f 3alam sinima. msra7 Mercury kitchrf bach yqddmhom.","The beginning of the film ""Citizen Kane"" ending credits state that Most of the principal actors in ""Citizen Kane"" are new to motion pictures. The Mercury Theatre is proud to introduce them.","تنص بداية شارات نهاية الفيلم ""سيتيزن كاين"" على أن معظم الممثلين الرئيسيين في ""سيتيزن كاين"" جدد في عالم الصور المتحركة. ويسر مسرح ميركوري تقديمهم.",VALIDATED,GOLD
data51147,WIKI_D_04132,D,ما بقيناش قادين نسيرو الحرب بأي أمل في النجاح. الحل الوحيد اللي بقى هو أن 100 مليون ديال الشعب ديال اليابان يضحيو بحياتهم و يهاجمو العدو باش يْفَشّلوه و يْفَقّدوه الرغبة باش يزيد يتقاتل.,ma b9inach 9adin nsiyro l7arb b ay amal f naja7. l7al lwa7id li b9a howa anna 100 milion dyal sha3b dyal l yaban ayda7iw b 7yathom w yhajmo l3adow bash yfachchloh w yfa9doh rraghba bach yzid yt9atl.,We can no longer direct the war with any hope of success. The only course left is for Japan 's 100 million people to sacrifice their lives by charging the enemy to make them lose the will to fight.,لم نعد قادرين على توجيه الحرب بأي أمل في النجاح. السبيل الوحيد المتبقي هو أن يضحي 100 مليون من الشعب الياباني بحياتهم بمهاجمة العدو ليُفقِدوه الأمل في القتال.,VALIDATED,GOLD
data51148,DATA_5359,A,خاصنا نعيّطو لپلومبي,khasna n3eyyto lplombi,We had to call a plumber,علينا استدعاء السباك,VALIDATED,GOLD
data51149,DATA_13267,B,لمقبرة اللي كانت فالأرض ديال المعتقل ولات بلاصة مشهورة فين الناس يرتاحو و يهدنو، و حتى بلاصة فين المعتقلين والمعتقلات يتلاقاو بيناتهم على خاطرهم.,"Lmaqbra lli kanet fl ard dyal lmu3taqal welat blasa mashhura fin nnas yartahu w yhednu, w hetta blasa fin lmu3taqalin w lmu3taqalat ytlaqaw binathum ala khaterhum.","The cemetery on the grounds became a popular spot for quiet relaxation, as well as a place where male and female internees could meet each other freely and at their own pace.",أصبحت المقبرة الموجودة في الموقع مكاناً شعبياً للاسترخاء والسكينة، فضلاً عن كونها ملتقىً خاصاً للمعتقلين والمعتقلات بعيداً عن الرقابة.,VALIDATED,GOLD
data51150,DATA_12298,A,عمرك جربتي تسدق حوايجك,3emrek jerebti tsede9 7wayjek,Have you tried giving away your clothes,هل جربت يوماً التصدق بملابسك؟,VALIDATED,GOLD
data51151,WIKI_D_03380,D,واخا الحكومة الشينوية كانت فلبدية تشكرات على طريقة باش تعاملت مع الزلزال (خصوصا مقارنة مع الحصار اللي دار المجلس العسكري فميانمار على المعونات فاش ضرب الإعصار نارݣيس)، من بعد الثقة فيها نقصات بسبب الفضيحة ديال بناء المدارس.,"wakha l 7okoma shshinwiya kanat fl bdya tchekkrat 3la tari9a bach t3amlat m3a zzalzal (khososan mo9aranatan m3a l 7isar lli dar l majlis l 3askari fmianmar 3la lma3onat fash dreb l i3sar nargis), men ba3d thi9a fiha n9sat bsbab lfdiha dyal bna2 lmadariss.","Although the Chinese government was initially praised for its response to the quake (especially in comparison to Myanmar 's ruling military junta 's blockade of aid during Cyclone Nargis), it subsequently then saw an erosion in confidence over the school construction scandal.",على الرغم من أن الحكومة الصينية حظيت في البداية بالثناء على استجابتها للزلزال (خاصة بالمقارنة مع حصار المجلس العسكري الحاكم في ميانمار للمساعدات خلال إعصار نارجيس)، فقد شهدت بعد ذلك تآكلاً في الثقة بسبب فضيحة بناء المدارس.,VALIDATED,GOLD
data51152,WIKI_C_07159,C,بحال بحال، نيل براون جونيور، الممثل اللي كيلعب غييرمو، دار واحد لانطيرفيو فين لمح بشي مشاركة محتملة في الحلقة الأولى ديال السيزون 2. هادشي ما وصلش للتصويرة في الأخير.,"b7al b7al, neil brown junior, l momatil li kayel3ab guillermo, dar wa7d l interview fin lma7 bchi moucharaka mo7tamala f l7al9a louwla dyal season 2. hadchi ma wsalch ltasswira f l akhir.","Similarly, Neil Brown Junior, the actor who plays Guillermo, gave an interview where he hinted to possible participation in the Season 2 premiere. This ultimately never made it to the screen.",وبالمثل، أجرى نيل براون جونيور، الممثل الذي يؤدي دورغييرمو، مقابلة أشار فيها بشكل غير مباشر إلى مشاركة محتملة في العرض الأول للموسم الثاني. وهذا لم يصل في النهاية إلى الشاشة.,VALIDATED,GOLD
data51153,DATA_24036,B,"ڤيديو كليب: ""آي كانت ݣو أون، آي ويل ݣو أون"" بمشاركة ڤانيسا هادجنز – ""إيڤريثينݣ آي أون"".","video clip: ""I Can't Go On, I'll Go On"" b mocharakat Vanessa Hudgens – ""Everything I Own"".","Music video: ""I Can 't Go On, I 'll Go On"" featuring Vanessa Hudgens – ""Everything I Own"".","فيديو موسيقي: ""لن أستطيع الاستمرار، سأستمر"" بمشاركة ڤانيسا هادجنز - ""كل ما أملكه"".",VALIDATED,GOLD
data51154,WIKI_D_00146,D,"دي.بي. كيربي دافع باللي هاد المعركة كانت كتر من غير صراع بين جوج ملوك على معاملة واحد النبيل منفي، بل كانت ""جزء من واحد الصراع طويل باش يتحدد القيادة العسكرية والسياسية ديال الشعوب الأنجلية"" في ديك الوقت.","d.p. kirby dafe3 blli had lma3raka kanet ktar mn ghir sira3 bin jouj muluk 3la mo3amalet wa7d nabil mnfi, bal kanet ""juz2 mn wa7d sra3 twil bach it7dd lqiyada l3askariya w siyasiya dyal shsho3ub lanjliya"" f dik lwa9t.","D.P. Kirby has argued that the battle was more than a clash between two kings over the treatment of an exiled nobleman but was ""part of a protracted struggle to determine the military and political leadership of the Anglian peoples"" at that time.","جادل دي. بي. كيربي بأن المعركة كانت أكثر من مجرد صراع بين ملكين على معاملة نبيل منفى، بل كانت ""جزءًا من صراع طويل الأمد لتحديد القيادة العسكرية والسياسية للشعوب الأنجلية"" في ذلك الوقت.",VALIDATED,GOLD
data51155,DATA_15339,B,وصف ديال المناخ فغالبية ديال المقاطعات ديال الأرجنتين. و شي وحدين فيهم إحصائيات ديال المناخ ف بلايص مختارة ف كل مقاطعة (بالإسبانية),wesf dyal lmonakh f ghalibiya dyal lmoqata3at dyal l argentine. o shi whdin fihom ihsaiyat dyal lmonakh f blayes mokhtara f kol moqata3a (b l espaniya).,Descriptions of the climate in most provinces of Argentina. Some of them include climatic statistics of selected locations in each province (Spanish).,وصف مناخ معظم مقاطعات الأرجنتين. يتضمن بعضها إحصاءات مناخية لمواقع مختارة في كل مقاطعة (باللغة الإسبانية).,VALIDATED,GOLD
data51156,WIKI_C_05450,C,الكارمنير حتى هي داروها بكمية قليلة ف نيوزيلاندا. التحاليل ديال دي إن أي تأكدات ف 2006 باللي الزرع ديال الكابيرني فرانك ف واحد المنطقة كان فالصراحة كارمنير.,lcarménir 7atta hiya darouha bkimya qlila f newzelanda. ta7alil dyal dna t2kdatt f 2006 blli zzr3 dyal lcabernet franc f wa7d lmintaqa kan fssra7a carménir.,Carmenere has also been established in small amounts in New Zealand. DNA testing confirmed in 2006 that plantings of Cabernet Franc in some region were in fact Carmenere.,تمت زراعة صنف الكارمنير بكميات قليلة أيضاً في نيوزيلندا. وقد أكدت اختبارات دي إن أي في عام 2006 أن ما زُرع على أنه كابيرنيه فرانك في إحدى المناطق كان في الواقع صنف الكارمنير.,VALIDATED,GOLD
data51157,DATA_12658,B,تنظيمات التواصل الاجتماعي بحال كريسيس كامب هايتي دارو باش يعاونو في تنظيم و تنسيق جهود الإغاثة في هايتي و حتى في الكوارث الكبرى اللي غايجيو من بعد.,tandimat tawasol alijtima3i bhal Crisis Camp Haiti daro bash y3awno fi tandem w tansi9 johod al ighata fi Haiti u hta fi lkawarith lkobra lli ghayjiw mn b3d.,Social networking organizations such as Crisis Camp Haiti were developed to aid in the structure and coordination of relief efforts in Haiti and future catastrophic events as well.,تم تطوير منظمات التواصل الاجتماعي مثل مخيم الأزمات هايتي للمساعدة في هيكلة جهود الإغاثة وتنسيقها في هايتي وفي حالات الكوارث المستقبلية أيضًا.,VALIDATED,GOLD
data51158,DATA_6673,A,اشناهيا احسن عطلة دوزتيها؟,achnahiya a7ssen 3otla dweztiha ?,what's the best vacation you've ever been on?,ما هي أفضل عطلة قضيتها على الإطلاق؟,VALIDATED,GOLD
data51159,WIKI_C_04041,C,دال، بول س. (1978). تاريخ لمعركة ديال لأسطول لإمبراطوري لياباني، 1941-1945. نافال إنستيتوت بريس. أي إس بي إن 0-87021-097-1.,"dull, paul s. (1978). tarikh l ma3raka dyal l 2ustul l imbraturi lyabani, 1941-1945. naval institute press. isbn 0-87021-097-1.","Dull, Paul S. (1978). A Battle History of the Imperial Japanese Navy, 1941-1945. Naval Institute Press. ISBN 0-87021-097-1.",دال، بول س. (1978). معركة الأسطول الإمبراطوري الياباني، 1941-1945. مطبعة المعهد البحري. أي إس بي إن 0-87021-097-1.,VALIDATED,GOLD
data51160,WIKI_C_07469,C,التركيبة العامة ديال بيرل جاية تقريبا من السي. بيرل مبنية على الإجراءات، فيها متغيرات، تعابير، تعليمات الإسناد، بلوكات محصورة بين الأقواس، هياكل التحكم، و الدوال الفرعية.,"Attarkiba l 3ama dyal Perl jaya tqriban mn c. Perl mabniya 3la l ijrat, fiha motaghayirat, ta3abir, ta3limat l isnad, bloukat m7sora bin l aqwas, hayakil tta7akom, w dowal l far3iya.","The overall structure of Perl derives broadly from C. Perl is procedural in nature, with variables, expressions, assignment statements, brace delimited blocks, control structures, and subroutines.",تستمد البنية العامة لبيرل بشكل واسع من لغة سي. بيرل طبيعتها إجرائية، مع متغيرات، وتعبيرات، وعبارات إسناد، وكتل محددة بالأقواس المعقوفة، وهياكل تحكم، ودوال فرعية.,VALIDATED,GOLD
data51161,DATA_24756,B,"لبداية ديال الرواية د جون لو كاريه "" تينكر، تيلر، سولجر، سباي"" (1974) واقعة ف كوانتوكس.","Lbidaya dyal rriwaya d John le Carré"" Tinker, Tailor, Soldier, Spy"" (1974) waq3a f Quantico.","The start of John le Carre's novel ""Tinker, Tailor, Soldier, Spy"" (1974) is set in the Quantocks.","بداية رواية جون لو كاريه ""تينكر، تيلر، سولجر، سباي"" (1974) تقع في كوانتوكس.",VALIDATED,GOLD
data51162,WIKI_D_11611,D,"الحلقة كتبها المشارك في إنشاء ديال السلسلة مايكل شور و أخرجها راندال إينهورن. ""فضيحة عيد الميلاد"" كانت آخر ظهورفسلسلة من المشاركات ديال ظيوف الشرف ديال الستاند أب كوميديان لويس سي.كي. بدور ديف ساندرسون، صاحب ليزلي لي كيخدم بوليسي.","el7alqa ktbha lmocharik f inschaa2 dial ssilsila michael schur w akhrajaha randall einhorn. ""fadi7at 3id lmilad"" kant akher zohor f silsila men lmocharakat dial dyof sharaf dial stand up comedian louis c.k. b dor dave sanderson, sahib leslie li kykhdem b police.","The episode was written by series co-creator Michael Schur and directed by Randall Einhorn. ""Christmas Scandal"" was the last in a string of guest appearances by stand-up comedian Louis C.K. as Dave Sanderson, Leslie's boyfriend who works as a police officer.","كتب الحلقة المؤلف المشارك في إنشاء المسلسل مايكل شور، وأخرجها راندال إينهورن. كانت ""فضيحة عيد الميلاد"" آخر ظهور في سلسلة من مشاركات ضيوف الشرف للكوميدي لويس سي. كي. في دور ديف ساندرسون، صديق ليزلي الذي يعمل شرطياً.",VALIDATED,GOLD
data51163,WIKI_D_10908,D,نهار 8 أكتوبر، مارتي كان مهدد بزاف حتى خلا الحكومة المكسيكية تصدر تحذير من عاصفة مدارية من مانزانيلو لأكابولكو. التحذير تحيد نهار 9 أكتوبر ملي مارتي بعد. ماكانو لا ضحايا لا خسائر متعلقين بهاد الإعصار المداري.,"nhar 8 octobre, marty kan mheded bzzaf hatta khla l houkouma l mexiciya tsder thdir mn 3assifa madariya mn manzanillo l acapulco. tehdir t7yd nhar 9 octobre mli marty b3ed. makano la d7aya la khasayer mt3leqin b had l i3sar l madari.","On October 8, Marty was threatening enough to make the Mexican government issue a tropical storm warning from Manzanillo to Acapulco. The warning was removed on October 9 when Marty moved away. There were no casualties or losses associated with this tropical cyclone.",في 8 أكتوبر، كان مارتي مهدداً لدرجة جعلت الحكومة المكسيكية تصدر تحذيراً من عاصفة مدارية من مانزانيلو إلى أكابولكو. رُفع التحذير في 9 أكتوبر عندما ابتعد مارتي. لم تكن هناك ضحايا أو خسائر متعلقة بهذا الإعصار المداري.,VALIDATED,GOLD
data51164,WIKI_C_02369,C,ستراتون بدا خدمتو ف واحد ديبارطومو ديال الفلسفة، كان كيقري دروس ديال الفلسفة، ولكن دغيا دارها تجريب. من بعد مشا كيدير لبحوث ف مشاكل ديال السوسيولوجيا و العلاقات الدولية.,"stratun bda khdemto f wa7d departement dyal lfalsafa, kan kayqri dorous dyal l falsafa, walakin dghya darha tajrib. mn ba3d msha kaydir lbo7oth f machakil dyal sociolojya w l3alaqat dawliya.","Stratton began his career working in a philosophy department, teaching philosophy courses, but quickly turned to experimentation. Later, he went on to conduct research on problems of sociology and international relations.",بدأ ستراتون مسيرته المهنية بالعمل في قسم الفلسفة، يدرس مقررات الفلسفة، لكنه سرعان ما اتجه نحو التجريب. بعد ذلك، انتقل لإجراء البحوث في مشاكل علم الاجتماع والعلاقات الدولية.,VALIDATED,GOLD
data51165,WIKI_D_05748,D,فحالات قاهرة فين العيشة كاتولي ماتّاطاقش، شي ناس كايستعملو الانتحار كوسيلة ديال الهروب. شي معتقلين فالمعسكرات النازية معروف عليهم باللي قتلوا راسهم بالتعمد بلمس السياج المكهرب.,"f 7alat qahira fin l3icha katwli matattaqch, chi nass kaysta3mlo l inti7ar kwassila dyal l7orob. chi m3taqlin fel mou3askarat nnaziya ma3rof 3lihom belli qtlo rasshom b ta3amod blamss siyaj lmouka7rab.","In extreme situations where life becomes intolerable, some people use suicide as a means of escape. Some inmates in Nazi camps are known to deliberately killed themselves by touching the electrified fences.",في الحالات القاهرة التي يصبح فيها الاستمرار في العيش لا يُطاق، يلجأ بعض الناس إلى الانتحار كوسيلة للهروب. ومن المعروف أن بعض المعتقلين في المعسكرات النازية قد أنهوا حياتهم عن عمد بلمس الأسلاك الشائكة المكهربة.,VALIDATED,GOLD
data51166,DATA_23244,B,ر. و. وايز (2003). أسرار ديال تجارة ديال لجواهر: لمرشد ديال لموهمين لمعادن ثمينة. دار نشر برونزويك هاوس.,R.W. Wise (2003). Asrar dyal tijara dyal ljawaher: Lmurshid dyal lmuwahimin lm3adin thamina. Dar nashr Brunswick House.,R.W. Wise (2003). Secrets of the Gem Trade: The Connoisseur's Guide to Precious Metals. Brunswick House Publishing House.,ر. دبليو. وايز (2003). أسرار تجارة الأحجار الكريمة: دليل الخبير للأحجار الكريمة الثمينة. دار برونزويك هاوس للنشر.,VALIDATED,GOLD
data51167,WIKI_D_01883,D,هورت وصف تلاتة ديال الطبعات ألمانية قديمة بالشروحات ديالها بلي ضروريين: طبعة ديال شنايدر و لينك ديال 1818-1821 اللي ذكرناها قبل؛ طبعة ديال كورت بوليكارب يواكيم سبرينجل ديال 1822 من هاله؛ و طبعة ديال كريستيان فريدريش هاينريش ويمر ديال 1842 من بريسلاو.,hort wssef tlata dyal teb3at almaniya qdima bshoro7at dyalha blly daruriyin: tab3a dyal schneider w link dyal 1818-1821 lli dkrnaha qbl; teb3a dyal kurt polycarp yowakim springel dyal 1822 mn halle; w tab3a dyal christian friedrich heinrich wimmer dyal 1842 mn breeslaw.,Hort described three old German editions with their commentaries as necessary: Schneider and Link 1818 – 1821 edition already mentioned; Kurt Polycarp Joachim Sprengel's 1822 edition from Halle; and Christian Friedrich Heinrich Wimmer 's 1842 edition from Breslau.,وصف هورت ثلاث طبعات ألمانية قديمة مع بشروحاتها التي اعتبرها ضرورية: طبعة شنايدر ولينك التي ذكرت سابقًا (1818-1821)؛ وطبعة كورت بوليكارب يواكيم سبرينجل لعام 1822 من هاله؛ وطبعة كريستيان فريدريش هاينريش ويمر لعام 1842 من بريسلاو.,VALIDATED,GOLD
data51168,WIKI_C_09101,C,"ريبورط: ""ليكونومي ديال النيت و السخانة ديال الأرض"" (مع أرتور إتش. روزنفيلد و سوزان هيرمان) ، سنتر ديال الحلول ديال الطاقة و المناخ ، المؤسسة العالمية ديال البيئة و التكنولوجيا ، 1999 – 2000","report: ""l'economie dyal net w skhana dyal l2ard"" (m3a arthur h. rosenfeld w susan herman), center dyal lhouloul dyal tta9a w l monakh, lmo2asasa l3alamia dyal lby2a w technologia, 1999 – 2000","Report: ""The Internet Economy and Global Warming"" (with Arthur H. Rosenfeld and Susan Herrman), Center for Energy and Climate Solutions, The Global Environment and Technology Foundation, 1999 – 2000","تقرير: ""الاقتصاد الرقمي والاحتباس الحراري"" (مع آرثر إتش. روزنفيلد وسوزان هيرمان)، مركز حلول الطاقة والمناخ، المؤسسة العالمية للبيئة والتكنولوجيا، 1999 – 2000",VALIDATED,GOLD
data51169,DATA_0764,A,مامتوقّعاش أنها طيح شتا ليوما,mamtwe93ach anaha tti7 chta lioma,I don't think it will rain today,لا أظنُّ أنَّها ستُمطر اليوم,VALIDATED,GOLD
data51170,DATA_4406,A,ولكن غادي نوجد اقتراح ديالك، نلقى سبب وجيه لمنظم,"walakin ghadi nwejed i9tira7 dyalk, nal9a sabab wajih lmonadim",But I'm going to try to set up your suggestion: Find a good reason for organizer,ولكنني سأعمل على تحضير اقتراحك، لأجد سبباً وجيهاً للمنظم,VALIDATED,GOLD
data51171,DATA_1418,A,نتلاقاو قدام لوطيل,ntla9aw gddam l hotel,Let's meet in front of the hotel,دعنا نلتقي أمام الفندق,VALIDATED,GOLD
data51172,DATA_8452,A,راه أقصى مدير هو تمشي عند البوليس,rah a9sa maddir howa tmchi 3end lboliss,The most you can do is go to the police.,أقصى ما يمكنك فعله هو الذهاب إلى الشرطة,VALIDATED,GOLD
data51173,DATA_0355,A,"تصنّت, كاتسمع هاد صداع?","tsennet, katsm3 had sda3?","Listen, can you hear that noise?",استمع، هل تسمع هذا الضجيج؟,VALIDATED,GOLD
data51174,DATA_7755,A,"بصحتك, مال الحريرة مامزيانش","bsahtk, mal hrira mamzyanch","Enjoy, what's wrong with the harira why isn't it good",بالصحة والعافية، ما بها الحريرة ليست جيدة,VALIDATED,GOLD
data51175,DATA_6898,A,إينا رياضة لعبتي فسغرك؟,ina riyada l3ebti fseghrek ?,what sport did you play as a child?,ما هي الرياضة التي مارستها في طفولتك؟,VALIDATED,GOLD
data51176,WIKI_C_01119,C,ملي شراو اللي بقى من قطع الغيار ديال طيارات من عند رويال إيركرافت إسطبليشمنت و كوبانا، ديك شركة ديال الطيران اللي ما معروفاش بقات خدامة ببريطانيا بريستول حتى لبداية التسعينات ف رحلات ديال السلعة من مطار ندجيلي لوجهات مختلفة ف البلاد.,"mli chraw lli b9a mn qita3 lghyar dyal tayarat mn 3nd Royal Aircraft Establishment w Cubana, dik charika dyal tayaran lli ma m3rofach b9at khadama b britania bristol 7ta l bidayt ts3inat f ri7lat dyal ssel3a mn matar ndjili lwij7at mokhtalifa f lblad.","After buying the remaining aircraft spare parts from the Royal Aircraft Establishment and Cubana, that obscure airline continued to operate Bristol Britannia until the early 1990s on cargo flights from N'djili Airport to various destinations within the country.",بعد شراء ما تبقى من قطع غيار الطائرات من مؤسسة الطائرات الملكية وكوبانا، استمرت شركة الطيران غير المعروفة تلك في تشغيل طائرات بريستول بريتانيا حتى أوائل التسعينيات في رحلات شحن من مطار ندجيلي إلى وجهات مختلفة داخل البلاد.,VALIDATED,GOLD
data51177,DATA_24774,B,ف واحد ف أبريل 2003، نيو يورك جيتس سناو مع بينيت. سرحوه ف تلاتة و لعشرين ف أغوسطوس 2003.,"f wa7ed f abril 2003, New York Jets sinaw m3a Bennett. Sarhouh f tlata w l3eshreen f augustus 2003.","On April 1, 2003, the New York Jets signed Bennett. He was released on August 23, 2003.",في الأول من أبريل عام 2003، وقّعت نيويورك جتس مع بينيت. تم تسريحه في الثالث والعشرين من أغسطس عام 2003.,VALIDATED,GOLD
data51178,WIKI_D_09946,D,"مالكوم ماككولوك، أستاذ الطب النفسي الجنائي فجامعة كارديف، لمح باللي هاد الضْرب، والدور اللي لعب باها د هندلي فيه، يقدر يكون ""أدلة مهمة"" فمحاولة فهم الدور د هندلي فجرائم قتل المستنقعات.","malcom makkulok, ostad tṭib nnafsi ljina2i fjami3at cardiff, lamaḥ blli had drib, w dour lli la3b baha d hindley fih, yiqdar ykun ""adila muhima"" f muḥawalat fahm dour d hindley fi jara2im qatl  l mustanqa3at.","Malcolm MacCulloch , professor of forensic psychiatry at Cardiff University , suggested that this beating, and the part that Hindley 's father played in it, may be ""important  evidence"" in trying to understand Hindley 's role in the Moors murders.","""لمح مالكوم ماككولوك، أستاذ الطب النفسي الجنائي بجامعة كارديف، أن هذا الضرب، والدور الذي لعبه والد هندلي فيه، قد يكون ""أدلة مهمة"" في محاولة فهم دور هندلي في جرائم قتل المستنقعات.",VALIDATED,GOLD
data51179,WIKI_D_08901,D,بدات ف 1865 ف سان فرانسيسكو، كولبريث كانت كادير لي ريونيوات ديال الأدب ف دارها، و كانت كتستضيف قراية ديال الشعر و نقاشات على مواضيع الساعة، بحال الصالونات اللي كانوا ف أوروبا. عاونات كتاب بحال جيليت بورجيس و لورا ريدن باش يوليو معروفين كتر.,"bdat f 1865 f san francisco, kulbrith kant kadir li reunioat dyal al adab f darha, w kant katstadif qraya dyal shi3r w niqashat 3la mawadi3 ssa3a, bhal assalonat lli kano f europa. 3awnat ktab bhal gelett burgess w laura redden bash yuliw ma3rufen ktr.","Started in 1865 in San Francisco, Coolbrith held literary meetings at her home, hosting poetry readings and discussions on current topics, like the salons that were in Europe. She helped writers such as Gelett Burgess and Laura Redden gain wider notice.",بدءًا من عام 1865 في سان فرانسيسكو، كانت كولبريث تعقد لقاءات أدبية في منزلها، مستضيفةً قراءات للشعر ومناقشات حول مواضيع الساعة، على غرار الصالونات الأوروبية. وقد ساعدت كتابًا مثل جيليت بورجيس ولورا ريدن على اكتساب شهرة أوسع.,VALIDATED,GOLD
data51180,WIKI_D_06650,D,أخيرا، راه جريمة تدي ولا تكون عندك ولا تحت السيطرة ديالك شي وثيقة تخريبية. الوثيقة كاتعتبر تخريبية إذا كانت، كليًا ولا جزئيًا، عندها ميل,"akhrin, rah jarima tdi wla tkoun 3ndk wla ta7t saytara dyalk chi wathiqa tkhribiya. lwathiqa kat3taber tkhribiya ida kanet, kulian wla jouzian, 3ndha mil","Finally, it is an offence to carry or have in one 's possession or under one 's control a subversive document. A document is deemed to be subversive if, in whole or in part, it has a tendency",أخيراً، إنها جريمة أن تحمل أو تملك أو يكون تحت سيطرتك أي وثيقة تخريبية. تُعتبر الوثيقة تخريبية إذا كان لديها، كلياً أو جزئياً، ميل إلى,VALIDATED,GOLD
data51181,DATA_8612,A,راه نهائي هاد القرار ماعندك ماتدير موراه,rah niha2i had l9arar ma3endek matdir morah,this is a final decision no going back,هذا قرار نهائي لا رجعة فيه,VALIDATED,GOLD
data51182,WIKI_D_10115,D,"ف شهر واحد 1921، بالمر، حيتاش صحة دبس كانت كتدهور، اقترح على ويلسون باللي دبس ياخد عفو رئاسي يطلق سراحو نهار 12 فبراير، عيد ميلاد لينكولن. ويلسون رجّع الأوراق مورا ما كتب عليها ""مرفوض"".","f shhar wa7d 1921, palmer, 7itach s7at debs kant katdhawar, qtareh 3la wilson blli debs yakhod 3afw ri2asi ytlaq sra7o nhar 12 febrayir, 3id milad linkoln. wilson rjja3 l awraq mura ma kteb 3liha ""marfoud"".","In January 1921, Palmer, citing Debs ' deteriorating health , proposed to Wilson that Debs receive a presidential pardon freeing him on February 12, Lincoln 's birthday. Wilson returned the paperwork after writing ""Denied"" across it.","في يناير 1921، اقترح بالمر على ويلسون، مشيراً إلى تدهور صحة دبس، أن يحصل دبس على عفو رئاسي يطلقه سراحه في 12 فبراير، عيد ميلاد لينكولن. أعاد ويلسون الأوراق بعد أن كتب عليها ""مرفوض"".",VALIDATED,GOLD
data51183,DATA_21571,B,"فارس الصليب الأكبر مع التاج، وسام البيت والاستحقاق لبيتر فريدريك لويس (المعروف بـ ""وسام الاستحقاق"")، أولدنبورغ.","Faris ssalib l akbar m3a ttaj, wisam lbit w l isti7qaq l Peter Frederick Louis (lli m3rouf b ""wisam l isti7qaq""), Oldenburg.","Knight Grand Cross with Crown, House and Merit Order of Peter Frederick Louis ( known as ""Order of Merit"" ), Oldenburg.","فارس الصليب الأكبر مع التاج، وسام البيت والاستحقاق لبيتر فريدريك لويس (المعروف بـ ""وسام الاستحقاق"")، أولدنبورغ.",VALIDATED,GOLD
data51184,WIKI_C_07441,C,السيري اللولة كانت معروفة بالكونسيبت ديالها الغريب، الباروديز خارجين على السياق، النكت السيمانتيكية و الفلسفية، نثر مضغوط و الاستعمال المبتكر ديال المؤثرات الصوتية و التقنيات الصوتية.,"sserie lloula kant ma3roufa b l concept dyalha lghrib, l parodies kharjin 3la ssiyaq, nokat ssemantikiya w l falsafiya, nathr mdghout w l isti3mal moubtakar dyal l2amouathirat sotia w tiqniyat sotia.","The first series was known for its weird concept, out-of-context parodies, semantic and philosophical jokes, compressed prose, and the innovative use of sound effects and audio techniques.",كانت السلسلة الأولى معروفة بمفهومها الغريب، و باروديز الخارجة عن السياق، والنكات الدلالية والفلسفية، والنثر المضغوط، والاستخدام المبتكر للمؤثرات الصوتية والتقنيات الصوتية.,VALIDATED,GOLD
data51185,DATA_0575,A,أه راه ضحكت بتخبية موراها عليهوم كلهم.,ah rah d7kt btkhbia moraha 3lihom kolhom.,"Oh, I laughed behind all their backs afterward.",أجل، لقد ضحكتُ منهم خفيةً من ورائهم جميعاً بعد ذلك.,VALIDATED,GOLD
data51186,WIKI_D_02887,D,فالمرحلة التانية ديال مشروع ميطرو حيدر أباد، غادي يتبنى خط ديال السكة ديال 28 كيلومتر بين گاتشيبولي و أرجي أي إي. حتى اللخر ديال 2015، الدراسات ديال الجدوى ديال هاد المرحلة راها خدامة.,"f lmr7ala ttanya dyal mrcho3 metro haydar abadh, ghadi ytbna khat dyal seka dyal 28 kilometer bin gachibowli w RGIA. 7tta lkhr dyal 2015, ddirassat dyal l jadwa dyal had lmr7la raha khdama.","Under the second phase of the Hyderabad Metro Rail project, rail line will be built between Gachibowli and RGIA . As of late 2015, feasibility studies for this phase are underway.",في المرحلة الثانية من مشروع مترو حيدر أباد، سيتم بناء خط سكة بطول 28 كيلومتراً بين گاتشيبولي و أرجي أي إي. وحتى أواخر عام 2015، كانت دراسات الجدوى لهذه المرحلة جارية.,VALIDATED,GOLD
data51187,DATA_12720,B,باب هيريرا كيتحل على بيت القربان، أقدم جزء فالكاتدرائية. خليط ديال الطراز النهضوي والقوطي.,"Bab Hirira kaythall 3la bit lqorban, aqdam joz2e flkatidra2iya. Khalit dyal ttiraz nnahdawi w lqoti.","The Herrera door opens into the sanctuary, the oldest part of the cathedral. It is a mixture of Renaissance and Gothic styles.",يفتح باب هيريرا على القربان، وهو أقدم جزء في الكاتدرائية. إنه مزيج من الطراز النهضوي والقوطي.,VALIDATED,GOLD
data51188,WIKI_D_01595,D,فالعصور الوسطى العليا، شي وحدين ديال العلماء الأوروبيين بحال هيلدڭارد ديال بينڭن، ألبرتوس ماڭنوس و فريدريك التاني وسّعو مجموعة ديال التاريخ الطبيعي. الطلعة ديال الجامعات الأوروبية، واخا مهمة للتطور ديال الفيزيك و الفلسفة، ماكان عندها تاثير كبير على الدراسات البيولوجية.,"f l3usur lwsta l3olya, shi w7din dyal l3ulama2 l europiyin b7al hildegard dyal bingen, albertus magnus w frederic ttani wss3u mjmu3a dyal ttarikh ttabi3i. ttel3a dyal l jami3at l europiya, wakha muhimma l ttatawur dyal l fizik w l falsafa, makan 3ndha ta2tir kbir 3la ddirasat l biyulujiya.","During the High Middle Ages, a few European scholars such as Hildegard of Bingen, Albertus Magnus and Frederick two expanded the natural history collection. The rise of European universities , though important for the development of physics and philosophy, did not have a major impact on biological studies.",في العصور الوسطى العليا، قام بعض العلماء الأوروبيين مثل هيلدغارد من بنغن وألبرتوس ماغنوس وفريدريك الثاني بتوسيع مجموعة التاريخ الطبيعي. إن صعود الجامعات الأوروبية، رغم أهميته لتطور الفيزياء والفلسفة، لم يكن له تأثير كبير على الدراسات البيولوجية.,VALIDATED,GOLD
data51189,DATA_15412,B,الفلسفة اليهودية كدليل للحياة: روزنزفايغ، بوبر، ليفيناس، فيتجنشتاين. بلومنجتون: مطبعة جامعة إنديانا، 2008.,"Al falsafa al yahudiya k dalil lil hayat: Rozensweig, Buber, Levinas, Wittgenstein. Bloomington: Matbaat Jamiaat Indiana, 2008.","Jewish Philosophy as a Guide to Life: Rosenzweig, Buber, Levinas, Wittgenstein. Bloomington: Indiana University Press, 2008.",الفلسفة اليهودية كدليل للحياة: روزنزويغ، بوبر، ليفيناس، فيتغنشتاين. بلومنغتون: مطبعة جامعة إنديانا، 2008.,VALIDATED,GOLD
data51190,DATA_14550,B,"لفنانة لمجموعة طلعات طلقو حتى هما واحد 10' ديال ربعة ديال لي مورصو سميتو ""ليتس ملتيبلاي"" سبيسيال, خاص, حصري, غير نهار ديال محلات التسجيلات.","Lfenana lmajmo3at tel3at telqo 7tta huma wa7ed 10' dyal rb3a dyal li morsso smitu ""Let's Multiply"" sbisiyal, 
khas, 7esri, ghir nhar dyal m7allat ttesjilat.","The group's performers also released a 10' with four tracks called ""Let's Multiply"", special, private, and exclusive, specifically for Record Store Day.","أصدر فنانو المجموعة أيضاً أسطوانة 10' تضم أربعة مقاطع بعنوان ""ليتس ملتيبلاي""، وهي خاصة ومميزة وحصرية، بمناسبة يوم محلات التسجيلات.",VALIDATED,GOLD
data51191,WIKI_C_10849,C,العسكري و السياسي ديال البلاد روبرت كلايف كان النائب ديال شروزبري من عام 1762 حتى مات في 1774. كلايف خدم تا مرة وحدة كرئيس ديال البلدية في 1762.,l 3askari w siyasi dyal l blad Robert Clive kan nna2ib dyal Shrewsbury mn 3am 1762 hatta mat f 1774. Clive khdem ta mera wa7da k ra2is dyal l baladiya f 1762.,Local soldier and statesman Robert Clive was Shrewsbury 's MP from 1762 until his death in 1774. Clive also served once as mayor in 1762.,كان العسكري والسياسي الخاص بالبلاد روبرت كلايف نائباً عن شروزبري من عام 1762 حتى وفاته في 1774. كما خدم كلايف مرة واحدة كرئيس للبلدية في عام 1762.,VALIDATED,GOLD
data51192,DATA_0114,A,هادي تقدر تكون تاريخية,hadi t9dr tkon tarikhia,This one may be historic,قد تكون هذه تاريخية,VALIDATED,GOLD
data51193,WIKI_D_04067,D,"إيلا شي باطو عاون الكرو ديال الباطو لي غرق لاكونيا، ما غاديش نهاجم إلا ما هاجمونيش لبواخر ولا الطيارات. هَزّيت 193 راجل. 4 ° 53 جنوب, 11 ° 26 غرب - غواصة ألمانية.","ila chi bato 3awen el crew dyal l bato li ghre9 laconia, ma ghadich nhajem ila mahajmunich lbawakhir wla ttiyarat. hazzit 193 rajl. 4° 53 janb, 11° 26 ghrb - ghawasa almaniya.","If any ship assists the crew of the sunken Laconia, I will not attack unless I am attacked by ships or planes. I picked up 193 men. 4° 53 South, 11° 26 West – German submarine.",إذا ساعدت أي سفينة طاقم السفينة الغارقة لاكونيا، فلن أهاجم إلا إذا هاجمتني البواخر أو الطائرات. لقد حملتُ 193 رجلاً. 4 درجة 53 جنوباً، 11 درجة 26 غرباً – غواصة ألمانية.,VALIDATED,GOLD
data51194,WIKI_C_08809,C,طالبوت دار مع كورال الأصوات الشابة للعام الثاني في أوائل 2013، كانوا كايغنّيو فبلاصات فالمملكة المتحدة. كورال الدراري الصغار الأفارقة حتى هو شارك فهادشي.,"talbot dar m3a koral l aswat shabba lil3am ttani f awael 2013, kanu kayghenniw fblasat f lmamlaka lmutahida. koral ddrari ssghar l2afariqa 7ta howa sharek fhadshi.","Talbot toured with the Young Voices choir for a second year in early 2013, they were singing at venues in the UK. The African Children 's Choir also took part in these events.",قام تالبوت بجولة مع كورال الأصوات الشابة للعام الثاني في أوائل 2013، حيث كانوا يغنون في أماكن بالمملكة المتحدة. كما شارك كورال الأطفال الأفارقة في هذا أيضاً.,VALIDATED,GOLD
data51195,WIKI_D_05390,D,ملي توماس سبنس دفع على رخصة طيار تجاري، المدير العام للخدمات الطبية ديال سلاح الجو الملكي الأسترالي كان كايدير دور المقيم لصالح وزارة الطيران المدني. المدير العام ما شافش السجل الطبي ديال سبنس ف سلاح الجو الملكي الأسترالي.,"mlli Thomas spence df3 3la rokhsat tayar tijari, lmoudir l3am lilkhadamat ttibiya dyal sla7 ljaw lmalaki l australi kan kaydir dor lmoqim lisale7 wizarat ttayaran lmadani. lmoudir l3am ma shafsh sijil ttibbi dyal spence f sla7 ljaw lmalaki l australi.","When Thomas Spence applied for a commercial pilot licence, the RAAF Director-General of Medical Services was acting as assessor for the Department of Civil Aviation. The Director-General did not see Spence's RAAF medical record.",عندما تقدم توماس سبنس بطلب للحصول على رخصة طيار تجاري، كان المدير العام للخدمات الطبية بسلاح الجو الملكي الأسترالي يقوم بدورالمقيم لصالح وزارة الطيران المدني. لم يطلع المدير العام على السجل الطبي لسبنس في سلاح الجو الملكي الأسترالي.,VALIDATED,GOLD
data51196,WIKI_C_05371,C,واحد التوجه ديال التفكير، اللي كيتسما غالبا الإيكوسوسياليزم ولا الماركسية الإيكولوجية، كيأكد باللي النظام الاقتصادي الرأسمالي ما يمكنش ليه يتوافق مع المتطلبات الإيكولوجية والاجتماعية ديال الاستدامة. هاد النظرية مبنية على هاد الافتراضات:,"wa7d ttawajjoh dyal ttafkir, lli kytsma ghaliban l'ecosocialisme wlla lmarkisya l'ecologiya, ky2aked bli nizam l2iqtisadi rra2smali ma ymkench lih ittwafq m3a lmotattalabat l ecologiya w l ijtima3iya dyal l istidama. had nazariya mabniya 3la had l iftiradat:","One school of thought, often called ecosocialism or ecological Marxism, asserts that the capitalist economic system cannot be compatible with the ecological and social requirements of sustainability. This theory is built on these assumptions:",يؤكد أحد توجهات الفكر، الذي يُسمى غالباً الاشتراكية البيئية أو الماركسية الإيكولوجية، أن النظام الاقتصادي الرأسمالي لا يمكنه التوافق مع المتطلبات الإيكولوجية والاجتماعية للاستدامة. تبنى هذه النظرية على هذه الافتراضات:,VALIDATED,GOLD
data51197,WIKI_C_02947,C,شارل ماي (30 يونيو 1858 - 1 مارس 1932) كان مقاول وسياسي كندي. خدم ف مجلس مدينة ديال إدمنتون ومن بعد ولا عمدة ديال إدمنتون من 1905 حتال 1906.,charle may (30 juin 1858 - 1 mars 1932) kan mo9awel w siyasi kanadi. khdem f majlis madina dyal edmonton w men ba3d wla 3omda dyal edmonton men 1905 htal 1906.,"Charles May (June 30, 1858 – March 1, 1932) was a Canadian contractor and politician. He served on the Edmonton City Council and later became the Mayor of Edmonton from 1905 to 1906.",كان تشارلز ماي (30 يونيو 1858 - 1 مارس 1932) مقاولاً وسياسياً كندياً. خدم في مجلس مدينة إدمنتون ومن ثم أصبح عمدة لإدمنتون من عام 1905 حتى عام 1906.,VALIDATED,GOLD
data51198,WIKI_D_06720,D,خواكين فينيكس بدور كومودوس: ولد ديال ماركوس أوريليوس الفاسد، الملتوي واللاأخلاقي، كيقتل باه فاش كيعرف باللي ماكسيموس غادي يشد سلطات الإمبراطور كامانة حتى تتشكل جمهورية جديدة.,"joaquin phoenix bdor commodus: wld dyal marcus aurelius l fasid, lmeltawi w lla akhlaqi, kay9tel bah fach kay3ref belli maximus ghadi yched solotat l2imbrator ka amana hata tetchekel jomhouriya jdida.","Joaquin Phoenix as Commodus: The corrupt, twisted, and immoral son of Marcus Aurelius, he murders his father when he learns that Maximus will hold the emperor's powers in trust until a new republic can be formed.",خواكين فينيكس في دور كومودوس: ابن ماركوس أوريليوس الفاسد، الملتوي واللاأخلاقي، يقتل والده حين يعلم أن ماكسيموس سيتولى سلطات الإمبراطور كأمانة حتى تتشكل جمهورية جديدة.,VALIDATED,GOLD
data51199,WIKI_C_09696,C,عند الناس اللي شاكين فيهم بلي عندهم تجلط فالوريد العميق، تقييم سريري ديال الاحتمال يقدر يعاون باش نعرفو شنو التحاليل اللي نديرو. والقياس السريري اللي تقرا بزاف هو سلم ويلز.,"3nd nass lli chakin fihom bli 3ndhom tajalot fel warid l3ami9, t9yim sariri dyal l7timal y9dr y3awon bach n3rfo chno ta7alil lli ndiro. w l9yas sariri lli t9ra bzzaf howa solam wells.","In those suspected of having deep vein thrombosis, a clinical assessment of probability can help determine which tests to perform. The most studied clinical measure is the Wells score.",عند الأشخاص الذين يشتبه في إصابتهم بجلطة وريدية عميقة، يمكن أن يساعد التقييم السريري للاحتمالية مفيدًا لتحديد الاختبارات التي يجب إجراؤها. القاعدة السريرية الأكثر دراسة للتنبؤ هي سلم ويلز.,VALIDATED,GOLD
data51200,DATA_19227,B,بـ زيادة على الجوائز اللي خدا ف مسيرتو كلاعيّب، ناش خدا تا تشجيعات و تقديرات على الإمكانيات ديالو الرياضية مورا ما تقاعد.,"b ziyada 3la ljawa2iz lli khda f masirto ka la3ib, nash khda ta tchji3at w t9dirat 3la l imkaniyat dyalo riyadiya mora ma tqa3ed.","In addition to the awards he received during his career as a player, Nash also received accolades and recognitions for his sporting abilities after his retirement.",بالإضافة إلى الجوائز التي حصل عليها خلال مسيرته كلاعب، نال ناش إشادة ببراعته الرياضية بعد اعتزاله.,VALIDATED,GOLD
data51201,WIKI_C_00694,C, هو الإحداثي الشعاعي ديال المصدر (اللي كيشبه المسافة الكلاسيكية من المركز ديال الجسم، ولكن راه في الواقع إحداثي شوارزشيلد),"huwa l ihdathi shsho3a3i dyal lmasdar (lli kishbah lmasafa lklasikiya mn lmarkaz dyal ljism, walakin rah fi lwaqi3 ihdathi schwarzschild)","is the radial coordinate of the source (which resembles the classical distance from the center of the object, but is actually a Schwarzschild coordinate).",هو الإحداثي الشعاعي للمصدر (الذي يشبه المسافة الكلاسيكية من مركز الجسم، ولكنه في الواقع إحداثي شوارزشيلد).,VALIDATED,GOLD
data51202,DATA_14339,B,آخر تعبير كيبين باللي نسبة الفرق كتساوي 6 زائد ح فاش ح ماكتساويش صفر و غير معرفة فاش ح كتساوي صفر.,akher ta3bir kaybeyen balli nisbat lferq katsawi 6 za2id h fash h makatsawish sfer w ghir mo3arrafa fash h katsawi sfer.,The final expression shows that the difference quotient equals 6 plus h when h is not equal to zero and is undefined when h equals zero.,يُظهر التعبير الأخير أن نسبة الفرق تساوي 6 زائد ح عندما ح تخالف الصفر. وأنها غير معرّفة عندما ح تساوي الصفر.,VALIDATED,GOLD
data51203,DATA_14996,B,بشكل عام، هادشي كيطرح تساؤلات على مستوى التواصل بين بودريمون والمصادر ديالو وجودة (شي) مادة لي جمعها.,"Bshkel 3am, hadshi kaytr7 tsa2ulat 3la mostawa ttawasul bin baudrimon w lmasadir diyalu w jodat (shi) madda li jm3ha.","Generally, this raises questions about the level of communication between Baudrimont and his sources and the quality of (some) material that he collected.",بشكل عام ، يثير هذا تساؤلات حول مستوى التواصل بين بودريمونت ومصادر معلوماته وجودة (بعض) المواد التي جمعها.,VALIDATED,GOLD
data51204,DATA_23009,B,الأعداد العقدية كنزيدوها بزيادة الأجزاء الحقيقية و التخيلية ديال الأعداد اللي كنجمعو.,l a3dad l3oqadiya kanzidouha bziyadat l ajza2 lha9i9iya w ttakhayoliya dyal l a3dad li kanjam3o.,Complex numbers are added by adding the real and imaginary parts of the numbers being added.,تُجمع الأعداد العقدية بجمع الأجزاء الحقيقية والتخيلية للأعداد التي نجمعها.,VALIDATED,GOLD
data51205,DATA_24626,B,جون كروفورد (1783 – 1868)، اللي كان الريزيدون ديال سنغافورة، وصف اللوح فجورنال ديالو ف 3 فبراير 1822 بهاد العبارات:,"John Crawfurd (1783 – 1868), lli kan rrizidon dyal singhafora, wsef llouh f journal dyalo f 3 fevrier 1822 b had l3ibarat:","John Crawfurd (1783 – 1868), who was Resident of Singapore, described the slab in his journal on 3 February 1822 in these terms:",وصف جون كروفورد (1783 – 1868)، الذي كان مقيماً في سنغافورة، اللوح في مذكراته بتاريخ 3 فبراير1822 بهذه المصطلحات:,VALIDATED,GOLD
data51206,DATA_1488,A,واش كتظن خاطيح الشتا اليوم؟,wach katdenn khatti7 chta lioma?,Do you think it'll rain today?,هل تعتقد أنها ستمطر اليوم؟,VALIDATED,GOLD
data51207,WIKI_D_03261,D,ملي تقادات ليه أمورو ديال القانون، موريسون ولا عندو الحرية باش يبدا يسجل الألبوم الأول ديالو مع وارنر بروس، والتسجيل كان ف استوديوز سنتوري ساوند فنيويورك ف 25 سبتمبر، 1 و 15 أكتوبر 1968.,"mli tqadat lih umuro dyal lqanun, morrison wlla 3ndo l7oriya bach ybda ysjil l album l2awal dyalo m3a warner bros, wtsjil kan f studios century sound f new york f 25 september, 1 w 15 october 1968.","With his legal matters resolved, Morrison now had the freedom to proceed with recording his Warner Bros. debut album, with the recording sessions taking place at the Century Sound Studios in New York on 25 September, 1 and 15 October 1968.",بعد أن تم حل مسائله القانونية، أصبح لدى موريسون الحرية للمضي قدمًا في تسجيل ألبومه الأول مع وارنر بروس، حيث جرت جلسات التسجيل في استوديوهات سنتوري ساوند في نيويورك في 25 سبتمبر، و 1 و 15 أكتوبر 1968.,VALIDATED,GOLD
data51208,DATA_20456,B,وراها بدا واحد العد التنازلي ديال 10 ثواني فالسْطاد، و الدراري صغار كانوا شادين بزاف ديال البالونات اللي طرطقوا ف دقة وحدة مع الجمهور اللي كان كيغوت الأرقام.,"wraha bda wa7ed l3ad ttanazouli dyal 10 tewani fesstad, w ddrari sghar kanou chadin bzzaf dyal lbalounat li tert9ou f de99a wa7da m3a ljomhour li kan kayghout l ar9am.","After that, a 10-second countdown started in the stadium, and children were holding many balloons that burst simultaneously with the audience shouting out the numbers.",بعد ذلك بدأ عد تنازلي مدته 10 ثوانٍ في الملعب، وكان الأطفال يحملون الكثير من البالونات التي انفجرت في وقت واحد مع الجمهور الذي كان يصرخ بالأرقام.,VALIDATED,GOLD
data51209,DATA_13091,B,"و مذكورة تا فواحد المجموعة د القصائد ديال فيليب كونيل سميتها ""بوشين أون برناسوس"" لي تنشرات ف 1865.","u medkoura ta f wa7ed lmejmu3a d lqsa2id dial Philip Connel smitha ""Poaching on Parnassus"" li tnshrat f 1865.","It is also mentioned in a collection of poems by Philip Connell called ""Poaching on Parnassus"" published in 1865.","كما ذُكرت أيضاً في مجموعة قصائد لفيليب كونيل تسمى ""صيد على بارناس"" التي نُشرت عام 1865.",VALIDATED,GOLD
data51210,DATA_21312,B,"1964 – 65 , 1973 – 74 , 1985 – 86 , 1988 – 89 , 1991 – 92 , 2000 – 01 , 2005 – 06","1964 – 65 , 1973 – 74 , 1985 – 86 , 1988 – 89 , 1991 – 92 , 2000 – 01 , 2005 – 06","1964 – 65 , 1973 – 74 , 1985 – 86 , 1988 – 89 , 1991 – 92 , 2000 – 01 , 2005 – 06","1964 – 65 , 1973 – 74 , 1985 – 86 , 1988 – 89 , 1991 – 92 , 2000 – 01 , 2005 – 06",VALIDATED,GOLD
data51211,DATA_18660,B,"نهار 30 أكتوبر 2010، جامعة فول سايل سمّات ستوديو تطوير الألعاب ديال الطلبة بـ ""ستوديوهات بلاكمور ديال ديف أرنيسون"" تكريماً له.","nhar 30 october 2010, jami3at ful sail smmat studio tatwir l al3ab dyal ttalaba b ""studiohat blackmore dyal dave arneson"" takriman lah.","On October 30, 2010, Full Sail University named the students game development studio as ""Dave Arneson's Blackmoor Studios"" in his honor.","في 30 أكتوبر 2010، سمّت جامعة فول سايل استوديو تطوير ألعاب الطلبة باسم ""استوديوهات بلاكمور لديف آرنسون"" تكريمًا له.",VALIDATED,GOLD
data51212,WIKI_D_08852,D,"فـ 13 أكتوبر 2006، اللجنة ديال نوبل عطات جائزة نوبل للسلام ديال 2006 لـ بنك گرامين والمؤسس ديالو، محمد يونس، ""على المجهودات ديالهم باش يخلقو تنمية اقتصادية واجتماعية من التحت."" الإعلان ديال الجائزة ذكر حتى هو باللي:","f 13 october 2006, l comite dyal nobel 3tat ja2izat nobel l salam dyal 2006 l bank gramen w l mo2asis dyalo, mohamed younes, ""3la l majhoudat dyalhom bach ykhl9o tanmiya 9tisadiya w jtima3iya mn l ta7t.""l i3lan dyal l jayza dkr 7ta howa bli:","On October 13, 2006, the Nobel Committee awarded the 2006 Nobel Peace Prize to Grameen Bank and its founder, Mohamed Younes, ""for their efforts to create economic and social development from below."" The award announcement also mentioned that:","في 13 أكتوبر 2006، منحت لجنة نوبل جائزة نوبل للسلام لعام 2006 لبنك غرامين ومؤسسه محمد يونس، ""على مجهوداتهم لخلق تنمية اقتصادية واجتماعية من الأسفل"". وذكر إعلان الجائزة أيضاً أن:",VALIDATED,GOLD
data51213,WIKI_C_12396,C,الكلية كتنظم أشاريا هبا، واحد التجمع سنوي ما بين الكليات اللي كيجذب كثر من 30 ألف طالب من كثر من 300 كلية في كارناتاكا.,"lkolia katnadam Acharya Haba, wahed tajamou3 sanawi ma byn lkoliat lli kijdhob ktar men 30 alf talib men ktar men 300 kolia f karnataka.","The college organises Acharya Habba , an annual inter-collegiate gathering that attracts more than 300 thousand students from over 300 colleges across Karnataka.","تنظم الكلية ""أشاريا هبا""، وهو تجمع سنوي بين الكليات يجذب أكثر من 30 ألف طالب من أكثر من 300 كلية في كارناتاكا.",VALIDATED,GOLD
data51214,DATA_13955,B,السفر ديال ريفادافيا و مورينو لأوروبا عام 1937، فين زارو بريست (فرانسا)، و فيلهيلمسهافن، و بريمن، و هامبورغ (ألمانيا)؛,"ssafar dyal Rivadavia u Moreno l europa 3am 1937, fin zaro Brest (França), u Wilhelmshaven, u Bremen, u Hamburg (Almanya);","Rivadavia 's and Moreno 's travel to Europe in 1937, where they visited Brest (France), Wilhelmshaven, Bremen, and Hamburg (Germany);",سفر ريفادافيا ومورينو إلى أوروبا عام 1937، حيث زارا بريست (فرنسا)، وفيلهلمسهافن، وبريمن، وهامبورغ (ألمانيا)؛,VALIDATED,GOLD
data51215,WIKI_C_09508,C,العقل ماشي هاكا كايخدم: النطاق والحدود ديال علم النفس الحسابي، منشورات إم آي تي، عام ألفين، رقم الكتاب المعياري الدولي 0-262-05738-8.,"l3a9l machi haka kaykhdem: nneta9 w l7odoud dyal 3ilm nnafs l7isabi, manshourat MIT, 3am alfayin, re9m lektab lme3yari ddawley 0-262-05738-8.","The Mind Doesn't Work That Way: The Scope and Limits of Computational Psychology, MIT Press, the year 2000, ISBN 0-262-05738-8.",العقل لا يعمل هكذا: نطاق وحدود علم النفس الحسابي، منشورات إم آي تي، عام ألفين، رقم الكتاب المعياري الدولي 0-262-05738-8.,VALIDATED,GOLD
data51216,DATA_22175,B,"على معدل مرجح، سلم 100 نقطة، التقرير ديال الكشاف ديال نايكيرك لـ ""البيسبول  كيوب"" هو كالآتي:","3la mo3addal morajah, sollam 100 noqta, ttaqrir dyal lkeshshaf dyal Naykerk l ""Baseball Cube"" huwa kal ati:","On a weighted average, 100-point scale, Neikirk's scouting report for the ""Baseball Cube"" is as follows:","بناءً على معدل مرجح، وسلم من 100 نقطة، فإن تقرير كشاف نايكيرك البيسبول كيوب"" هو كالتالي"":",VALIDATED,GOLD
data51217,WIKI_C_03958,C,هذي هي ليستة ديال المعدات اللي كانوا كيخدموا بها الإثيوبين. كانو هليكوبترات وطيارات صغارات كانوا موجودين للكرا لوزارات و حتى باش يتخدمو فمشاريع الموارد الطبيعية.,hadi hiya liste dyal l mo3idat li kanou kaykhdmou biha l Ethiopiyin. kano helicopterat w tayarat sgharet kanou mawjudin lkra lwizarat w htta bach ytkhdmou f machari3 dyal l mawared ttabi3iya.,"This is a list of equipment that the Ethiopians were using. Helicopters and small aircraft were available for rent to ministries, as well as for use in natural resources projects.",هذه قائمة بالمعدات التي كان يستخدمها الإثيوبيون. كانت هناك مروحيات وطائرات صغيرة متاحة للاستئجار لصالح الوزارات، وأيضاً لاستخدامها في مشاريع الموارد الطبيعية.,VALIDATED,GOLD
data51218,WIKI_D_00208,D,درب باطربوت فيه شي 2.5 خمسة ميل ( شي 4 كيلومتر)، معلم بالصباغة الليمونية، كيدور فواحد الغابة ديال الشجر القاصح و كيدوز فوق واد باطربوت. جوج دريبات صغار كيربطو درب باطربوت مع درب لويالسوك.,"derb baterbut fih chi 2.5 mil (chi 4 km), m3alam b sbagha llimoniya, kidur f wa7d lghaba dyal shajar lqas7, w kiduz fawq wad baterbut . jouj dribat sghar kayrbtu derb baterbut m3a derb loyalsock.",Butternut Trail is a 2.5-mile (4 km) trail marked with orange blazes that loops through a hardwood forest and crosses over Butternut Run. Two small trails connect Butternut Trail with the Loyalsock Trail.,درب باطربوت هو ممر بطول 2.5 ميل (4 كم)، مميز بعلامات ليمونية، يلتف عبر غابة من الأشجار الصلبة ويعبر فوق وادي باطربوت. ويربط دريبان صغيران درب باطربوت بدرب لويالسوك.,VALIDATED,GOLD
data51219,DATA_12467,A,عمرك جربتي تسدّر هاد نوع ديال ديسّير؟,3emrek jerebti tsedder had new3 dial dissir?,Have you tried to exporting this kind of fruit?,هل حاولت تصدير هذا النوع من الفاكهة؟,VALIDATED,GOLD
data51220,DATA_20782,B,"التيارات النفاثة القطبية و شبه المدارية كيتلاقاو فشي بلايص و شي وقات, و فشي وقات خرين كيكونوا مباعدين مزيان.","Attiyarat nnafata lqotbiya w shibh almadariya kitlaqaw f shi blayss w shi wqat, w f shi wqat khrin kikunu mba3din mezian.","The polar and subtropical jet streams merge in some places and at certain times, while at other times they are well separated.",تتلاقى التيارات النفاثة القطبية وشبه المدارية في بعض المواقع والأوقات، بينما تكون تباعدة تماماً في أوقات أخرى.,VALIDATED,GOLD
data51221,DATA_13680,B,بدات الخدمة على فيلم تمبريتشيرز رايزين في غشت 1972، والتصوير كان ف بوربانك استوديوزف بوربانك  كاليفورنيا.,"Bdat lkhdma 3la film Temperatures Rising f Ghusht 1972, o ttswir kan f Burbank Studios f Burbank, California.","Work on Temperatures Rising kicked off in August 1972, with filming taking place at the Burbank Studios in Burbank, California.",بدأ العمل على فيلم تيمبريتشرز رايزينغ في أغسطس 1972، حيث جرى التصوير في استوديوهات بوربانك بمدينة بوربانك في كاليفورنيا.,VALIDATED,GOLD
data51222,WIKI_D_03884,D,الدروس على الطفيليات الخارجية، اللي عادة كانخدوهم فاش كانشدّو الحيوانات، ولكن حتى اللي كانخدوهم من عينّات قديمة فالمتحف، مهمين بزاف للدراسات على التطور المشترك و شي حاجة أخرى. ولكن، كاين اللي كيقول باللي هاد إعادة الفحص تقدر تدار من التصاور اللي مؤرشفة بلا ما نقتلو داك الشي اللي كاندرسو.,"ddruss dyal ttofeiliat lkharijiya, li 3adatan kanakhdohom fach kancheddo l7ayawanat, walakin hta lli kanakhdohom men 3ayinat qdima fel mout7af, mohemin bezzaf lddirasat 3la tatwor lmoshterk w chi 7aja okhra. walakin, kayen lli kaygol belli had i3adet lfa7s tqdar tdar men tsawer lli marshifa bla ma nqtlo dakchi lli kanderoso.","Research on ectoparasites whether collected during animal captures or from old museum specimen is crucial for studying coevolution and other areas. However, some argue that these re-examinations could simply be done using archived photos, without having to kill the subjects we're studying.",تُعتبر الدراسات المتعلقة بالطفيليات الخارجية ذات أهمية كبرى لأبحاث التطور المشترك وغيرها، سواء تلك التي نجمعها عند الإمساك بالحيوانات أو من العينات المتحفية القديمة. ومع ذلك، يرى البعض أنه يمكن إجراء عملية إعادة الفحص هذه عبر الصور المؤرشفة، دون الحاجة لقتل الكائنات التي ندرسها.,VALIDATED,GOLD
data51223,WIKI_C_12206,C,المعركة ديال برونابوره طراو فيها التقابيل ف 937 بين أثيلستان، ملك ديال النڭليز، و واحد التحالف ديال أولاف ڭوتفريثسون، ملك ديال دوبلين؛ قسطنطين، ملك ديال سكتلندا؛ و أوين، ملك ديال ستراثكلايد.,"lm3raka dyal brunaburh trawe fiha ttaqabil f 937 bin athilstan, malik dyal l ingliz, w wahd ttahaluf dyal olaf gutfrithson, malik dyal dublin; qustantin, malik dyal skotlanda; w owen, malik dyal strathclyde.","Back in 937, the Battle of Brunanburh saw Athelstan, King of the English, face off against an alliance led by Olaf Guthfrithson, King of Dublin, along with Constantine of Scotland and Owen of Strathclyde.",في عام 937، شهدت معركة برونابور مواجهة بين أثيلستان، ملك الإنجليز، وتحالفٍ ضمّ كلًا من أولاف غوثفريثسون ملك دبلن، وقسطنطين ملك اسكتلندا، وأوين ملك ستراثكلايد.,VALIDATED,GOLD
data51224,WIKI_D_05532,D,كيمپ شارك فالتأسيس ديال جمعية اللاعيبة ديال أي إف إل مع توم أديسون ديال بوسطن پاتريوتس، و تنتاخب رئيس ديالها خمسة دالمرات. التأسيس و المشاركة ديالو فالنقابة ديال اللاعيبة ساهم باش كان كيميل بزاف لجهة الديموقراطيين فالمسائل ديال الشغل من بعد فالكاريير ديالو.,"kemp sharek f taesis dyal jam3iyat lla3iba dyal AFL m3a tom addison dyal boston patriots, w tntakheb ra2iss dyalha khamsa d lmrat. ttasis wl mosharka dyalo f n9aba dyal lla3iba sahem bsh kan kymil bzzaf ljihat l dimo9ratiyin fl msa2el dyal shoghl mn b3d f l career dyalo.","Kemp helped start the AFL Players Association alongside Tom Addison from the Boston Patriots, and ended up being elected president five times. This background in unionizing and fighting for players rights is likely why he tended to side with the Democrats on labor issues later in his career.",شارك كيمب في تأسيس رابطة لاعبي دوري كرة القدم الأمريكية مع توم أديسون من فريق بوسطن باتريوتس، وتم انتخابه رئيسًا لها خمس مرات. ساهم تأسيسه ومشاركته في نقابة اللاعبين في انحيازه المتكرر للديمقراطيين في قضايا العمل لاحقًا في مسيرته المهنية.,VALIDATED,GOLD
data51225,WIKI_D_06883,D,"هوبف، هاينز (1928)، ""أونا دير إويلر""، ناخريشتن فون دير غيزيلشافت دير فيسينشافتن زو غوتينغن. فيزيكاليتش كلاس (بألمانيا) 2: 127-36","hobf, haynz (1928), ""una der euler"", nachrichten von der gesellschaft der wissenschaften zu gottingen. physikalische klasse (belmania) 2: 127-36.","Hopf, Heinz (1928), ""An Euler Characteristic"", Proceedings of the Society of Sciences in Göttingen. Physics Section (in German) 2: 127–36.","هوبف، هاينز (1928)، ""حول نظرية أويلر""، أخبار جمعية العلوم في غوتنغن. قسم الفيزياء (بالألمانية) 2: 127-36.",VALIDATED,GOLD
data51226,WIKI_C_03846,C,الناس اللي كيهضرو بالأوتاوا خايفين على لغتهم حيت لونجلي كاتزاد و اللي كيهضرو بها مزيان كينقصو. باش يرجعو اللغة كاتقرا فالسلك الابتدائي و الاعدادي.,nass li kayhdro b l ottawa khayfin 3la loghthoum hit l anglais katzad w lli kayhdro biha mzyan kayn9sso. bach yrj3o lloghah kat9ra f sselk l ibtida2i w l i3dadi.,Ottawa speakers are concerned that their language is endangered as the use of English increases and the number of fluent speakers declines. Language revitalization efforts include second language learning in primary and secondary schools.,يشعر المتحدثون بلغة الأوتاوا بالقلق من أن لغتهم مهددة بالانقراض مع زيادة استخدام اللغة الإنجليزية وانخفاض عدد المتحدثين بطلاقة. تشمل جهود إحياء اللغة تعلم اللغة الثانية في المدارس الابتدائية والثانوية.,VALIDATED,GOLD
data51227,DATA_8816,A,أنا غادي نجيب ليك وحدة تبقى تلحلح عليك,ana ghadi njib lik we7da tb9a tle7le7 3lik,I’ll bring you one that'll always be fawning over you.,سأحضِرُ لك واحدةً تلاطفُك وتتوددُ إليك باستمرار.,VALIDATED,GOLD
data51228,DATA_11406,A,نتحداك ت دبّر ليا على شي منحة,nt7edak t debber liya 3la chi min7a,I bet you can't land me a scholarship.,أراهنك أن تجد لي منحة دراسية.,VALIDATED,GOLD
data51229,DATA_21342,B,رودمان عتارف بالخروقات ديالو بزاف، و لكن أكد باللي هو عاش حياتو كيف بغاها، و بالتالي حياة صادقة كثر من بزاف ديال الناس الآخرين.,"Rodman 3tarf b lkhrou9at dialo bzzaf, u lakin akked blli huwa 3ash hyato kif bghaha, u bttali hayat sad9a ktr mn bzzaf dial nass lakhrin.","Rodman owned up to his many mistakes, but insisted that he lived life on his own terms - making his life more honest than most people's.",اعترف رودمان بكثرة زلاته، لكنه أكد أنه عاش حياته كما أراد، وبأنها كانت حياة أكثر صدقاً وواقعية من حياة الكثيرين غيره.,VALIDATED,GOLD
data51230,DATA_15368,B,التاريخ ديال طريقة تصنيع أتاي مرتبط بشكل كبير بالدور اللي كان كيلعب أتاي فالمجتمع الصيني والطرق اللي كانوا كيفضلوا يشربوه بيها الناس فالمجتمع الصيني القديم.,ettarikh dyal tariqat tsni3 atay mortabit bshkel kbir bddor lli kan kyl3b atay flmojtama3 ssini wttoroq lli kanou kyfdlou ycherbouh biha nnas flmojtama3 ssini lqdim.,The history of how tea is made is deeply tied to its role in Chinese culture and how people in ancient China actually liked to drink it.,يرتبط تاريخ صناعة الشاي ارتباطاً وثيقاً بالدور الذي كان يؤديه في المجتمع الصيني، وبطرق تحضيره التي كانت مفضلة لدى الناس في الصين القديمة.,VALIDATED,GOLD
data51231,DATA_6826,A,كانجرب واحد الوصفة الجديدة لعشا,kanjreb wa7d lwesfa jdida l3cha,I'm whipping up a new recipe for dinner tonight.,أُجرب الليلة وصفةً جديدة للعشاء.,VALIDATED,GOLD
data51232,WIKI_C_09143,C,السيزون اللول ديال هيلكاتس كان فيه تا عروض مباشرة ديال فنانين ضيوف بحال هاي مونداي و فايبر درايف و فيفي دوبسون و ثري اوه !ثري مع آشلي تيسديل و إليز إسترادا و سيارا.,sseason llwl dyal hellcats kan fih ta 3orod mobachira dyal fannanin dyof b7al hey monday w faber drive w fefe dobson w triy ooh itriy m3a ashley tisdile w elise estrada w ciara.,"The first season of Hellcats also featured live performances from guest artists like Hey Monday, Faber Drive, and Fefe Dobson, along with 3OH!3 featuring Ashley Tisdale, Elise Estrada, and Ciara.",شهد الموسم الأول من مسلسل هيلكاتس عروضاً حية لنخبة من الفنانين الضيوف، من بينهم هاي مونداي وفايبر درايف وفيفي دوبسون، بالإضافة إلى فرقة ثري أوه! ثري مع آشلي تيسديل وإليز إسترادا وسيارة.,VALIDATED,GOLD
data51233,DATA_8069,A,فلوس صحاح تخصرو في سبيتار,flos s7a7 t5sro fi sbitar,A fortune was poured into the hospital,أُنفقت أموالٌ طائلة على المستشفى ,VALIDATED,GOLD
data51234,DATA_12066,A,عمرك ختارعتي شي حاجة واعرة,3emrek 5tare3ti chi 7aja wa3ra,Have you ever come up with something truly amazing,هل سبق لك وأن اخترعت شيئاً مذهلاً,VALIDATED,GOLD
data51235,WIKI_C_09413,C,ولكن، مرضو منعو باش يرسخ سياسات وتدابير مزيانة باش يحقق هادشي، و داكشي لي قدر يدير تخلى عليه ولدو وخليفتو، فيلهلم الثاني من بعد.,"walakin, mardu man3u bach yrassekh syasat w tadabir mzyana bach y7a9e9 hadchi, w dakchi li9dar idir tkhela 3lih wldu w khliftu, wilhelm tthani mn ba3d.","Unfortunately, his illness kept him from putting the right policies in place to make it happen; even the few steps he did take were later scrapped by his son and successor, Wilhelm II.",غير أن مرضه حال دون ترسيخ السياسات اللازمة لتحقيق ذلك، كما أن ابنه وخليفته فيلهلم الثاني سرعان ما تخلص من الإجراءات القليلة التي تمكن والده من اتخاذها.,VALIDATED,GOLD
data51236,WIKI_C_12177,C,1953: ديكشي ديال فريدمان، سطوكهولم: شي حاجة. (بالفرنسية) 28 رسالة ترجمة نيلز شي واحد و بيير شي واحد. رسومات إيلياس مارتن.,"1953: dekshi dyal fredman, stockholm: shi haja. (bel françiya) 28 resala tarjamat nils shi wahed w pierre shi wahed. rossomat elias martin.","1953: Fredman's Works, Stockholm. (In French) 28 Epistles, translated by Nils and Pierre. Illustrations by Elias Martin.",1953: أعمال فريدمان، سطوكهولم. (بالفرنسية) 28 رسالة، ترجمة نيلز وبيير. رسومات إلياس مارتن.,VALIDATED,GOLD
data51237,WIKI_C_06735,C,الرباح الطاغي ديال الأوروغواي و الأرجنتين ف نص النهائي خلا الماتش ديال الفينال يتعاود بحال الماتش ديال الفينال ديال الألعاب الأولمبية ديال 1928 اللي ربحات فيه الأوروغواي 2 ل 1 من بعد ماتعاود الماتش.,rrbah ttaghi dyal l urughway w l argentine f nss nniha2i khla l match dyal l final yta3awd b7al match dyal l final dyal llalal3ab l olympia dyal 1928 lli rb7at fih l urughway 2 l 1 mn ba3d mat3awd lmatch.,Uruguay and Argentina's massive semi-final wins set up a final that was a repeat of the 1928 Olympic match which Uruguay had  won 2–1 after a replay.,أدت الانتصارات الساحقة للأوروغواي والأرجنتين في نصف النهائي إلى تكرار مواجهة نهائي مثل نهائي أولمبياد 1928؛ ذلك النهائي الذي حسمته الأوروغواي لصالحها بنتيجة 2-1 بعد إعادة المباراة.,VALIDATED,GOLD
data51238,WIKI_D_02007,D,فزون ديال روكمان، الشاشة كاتدوز على زنقة ديال الديور و أنتَ كاترمي على المجرمين و ماترميش على الناس الأبرياء حيت إلا رميتي عليهم كاتخسر حياة. فالمستويات اللي جايين، المجرمين كايوليو يجاوبو الرمي بالزربة.,"f zone dyal rockman, chacha katdouz 3la zen9a dyal ddyour w nta katermi 3la l moujrimin w matrmich 3la nnas l abriya2 hit ila rmiti 3lihom katkhsser hayat. f l mostawayat lli jayyin, l moujrimin kaywlliw yjawbu rramy b zzerba.","In Rockman’s Zone, the screen scrolls past rows of houses while you take out criminals. You have to be careful not to hit innocent bystanders, or you'll lose a life. As you move through the levels, the criminals start shooting back much faster.",في لعبة روكمانز زون، تتحرك الشاشة عبر أحياء سكنية حيث يتوجب عليك قنص المجرمين مع تجنب إصابة المارة الأبرياء لتفادي خسارة المحاولات. ومع التقدم في المستويات، تزداد سرعة رد فعل المجرمين في إطلاق النار تجاهك.,VALIDATED,GOLD
data51239,WIKI_C_09421,C,فواحد السبر ديال غالوب دارو فماي ديال 2005، 54% ديال الناس اللي جاوبو شافو كلينتون ليبرالية، 30% شافوها معتدلة، و 9% شافوها محافظة.,"f wahed sbber dyal gallup daro f may dyal 2005, 54% dyal nass lli jawbo shafu clinton liberaliya, 30% shafuhha mo3tadilla, w 9% shafuhha mo7afidha.","In a Gallup poll conducted during May 2005, 54% of respondents considered Clinton a liberal, 30% considered her a moderate, and 9% considered her a conservative.",في استطلاع للرأي أجرته غالوب خلال مايو 2005، اعتبر 54% من المشاركين كلينتون ليبرالية، و30% اعتبروها معتدلة، و9% اعتبروها محافظة.,VALIDATED,GOLD
data51240,DATA_0935,A,و أشناهو الموضوع لي عزيز عليا ف ناضارك?,w achnahowa lmawdo3 lli 3ziz 3lia f nadarek?,"So, what do you reckon is my favorite subject?",في رأيك، ما هو الموضوع المفضل لدي؟,VALIDATED,GOLD
data51241,WIKI_D_10647,D,كولويكي رجع لمدينتو، جرينفيلد، نهارعيد آلان كولويكي في يناير 1993. الصالة د الرياضة ديال ثانوية جرينفيلد كانت عامرة ومحاطة بربعة ولا خمسة آلاف واحد. فرق التلفزيون المحلية صورات الحدث. كولويكي بقى كيسيني الأوتوغرافات لمدة ستة سوايع.,"kulwicki rje3 lmedintou, greenfield, nhar 3id alan kulwicki f yanayr 1993. ssala d riyada dyal thanawiyat greenfield kanet 3amra w mo7a6a b rb3a w la khamsat alaf wa7ed. ferq ttelevision lma7alia swrat l7adath. kulwicki b9a kisini l'autographat limoddat settat saway3.","Kulwicki returned to his hometown, Greenfield, for Alan Kulwicki Day in January 1993. The gymnasium at Greenfield High School was filled and surrounded by four to five thousand people . Local television crews filmed the event. Kulwicki signed autographs for six hours.",عاد كولويكي إلى مسقط رأسه، جرينفيلد، بمناسبة يوم آلان كولويكي في يناير 1993. امتلأت صالة الألعاب الرياضية في مدرسة جرينفيلد الثانوية واكتظت بحوالي أربعة إلى خمسة آلاف شخص. قامت فرق التلفزيون المحلية بتصوير الحدث. وقع كولويكي على التوقيعات لمدة ست ساعات.,VALIDATED,GOLD
data51242,DATA_13178,B,الهجوم المفاجئ ديال الأدميرال ياماموتو و استراتيجية الحرب ديال البحرية اليابانية (ف كتاب من بيرل هاربر لهيروشيما . لندن: ماكميلان، 1994).,"lhoujoum lmoufaji2 dyal l'admiral Yamamoto o stratigiate l7arb dyal lbahriya lyabaniya (f ktab mn Perl Harbor l Hiroshima. London: Macmillan, 1994).","Admiral Yamamoto 's Surprise Attack and the Japanese Navy 's War Strategy (in From Pearl Harbor to Hiroshima. London: Macmillan, 1994)",الهجوم المفاجئ للأدميرال ياماموتو واستراتيجية الحرب البحرية اليابانية (في كتاب من بيرل هاربر إلى هيروشيما. لندن: ماكميلان، 1994).,VALIDATED,GOLD
data51243,WIKI_D_09368,D,فالعام المالي 2015، ناسا شدات ميزانية ديال 18.01 مليار دولار من الكونݣريس، شي 549 مليون دولار كتر من لي طلبو و تقريبا 350 مليون دولار كتر من الميزانية ديال ناسا لي وافق عليها الكونݣريس ف 2014.,"fel 3am el mali 2015, nasa cheddat mizaniya dyal 18.01 milyar dollar men el congress, chi 549 million dollar ktar men li talabo w ta9riban 350 million dollar ktar men el mizaniya dyal nasa li waf9 3liha el congress f 2014.","For Fiscal Year 2015, NASA received an appropriation of 18.01 billion dollar from Congress - 549 million dollar more than requested and approximately 350 million dollar more than the 2014 NASA budget passed by Congress.",في السنة المالية 2015، حصلت وكالة ناسا على اعتماد قدره 18.01 مليار دولار أمريكي من الكونغرس - بزيادة 549 مليون دولار عما تم طلبه وحوالي 350 مليون دولار أكثر من ميزانية ناسا لعام 2014 التي أقرها الكونغرس.,VALIDATED,GOLD
data51244,DATA_8116,A,سفتي ليا داك شي لي قلتي لي؟,sfti liya dak xi li 9lti liya?,Did you send me what you told me?,هل أرسلتَ لي ما قلته لي؟,VALIDATED,GOLD
data51245,DATA_4324,A,واش بغيتي حفلة على برّا حيت طاقس زوين بزاف؟,wach bghiti 7afla 3la berra 7it ta9s zwin bzaf?,Do you want an outdoor party since the weather is so good?,ما رأيك في إقامة حفلة في الهواء الطلق بما أن الجوُّ رائعٌ جدا؟,VALIDATED,GOLD
data51246,WIKI_D_03060,D,جوشوا پاتريك بيكيت (تزاد نهار 15 ماي 1980) كان لاعب بيزبول أمريكي محترف سابق. شارك ثلاثة مرات في دوري البيسبول الرئيسي (MLB) أول ستار، ولعب مع فرق فلوريدا مارلينز، بوسطن ريد سوكس، ولوس أنجلوس دودجرز.,"joshua patrik bkit ( tzad nhar 15 may 1980) kan la3b baseball amriki mo7trfi sabiq. charek tlatat marrat fi dawri l baseball rra2isi (MLB) awl star, o l3eb m3a foro9 florida marlins, boston red sox, o los angeles dodgers.","Joshua Patrick Beckett (born May 15, 1980) is a retired American professional baseball pitcher. A three-time MLB All-Star, he made his mark playing for the Florida Marlins, Boston Red Sox, and Los Angeles Dodgers.",جوشوا باتريك بيكيت (مواليد 15 مايو 1980) لاعب بيسبول أمريكي محترف سابق. لمع نجمه في دوري البيسبول الرئيسي (إم إل بي) ثلاث مرات، وترك بصمته مع فرق فلوريدا مارلينز، وبوسطن ريد سوكس، ولوس أنجلوس دودجرز.,VALIDATED,GOLD
data51247,WIKI_D_06517,D,الحسّ لي عند احسن ناس فبلادنا هو أن الماريشال كان عندو الحق فجهدو باش يجرّد هاد الناس من السلاح، و ملي تطلق عليهم الرصاص كان خاصهم يدافعو على راسهم و هادشي لي دارو بشجاعة كبيرة.,"l7ess li 3nd a7san nas fbladna huwa ann lmarshal kan 3ndo l7aq fjhdo bach yjarred had nass mn sslah, w mli tetla9 3lihom rssas kan khasshoum ydafe3o 3la rashom w hadchi li daro bchaja3a kbira.","The feeling among the best class of our citizens is that the Marshal was entirely justified in his efforts to disarm these men, and that being fired upon they had to defend themselves which they did most bravely.",الشعور السائد بين أفضل طبقة من مواطنينا هو أن المارشال كان مبررًا تمامًا في جهوده لنزع سلاح هؤلاء الرجال، وأنهم اضطروا للدفاع عن أنفسهم عندما تعرضوا لإطلاق النار، وهو ما فعلوه بشجاعة كبيرة.,VALIDATED,GOLD
data51248,WIKI_C_08953,C,دغيا كيطيح ليه الشوف و كيوصف النمل لي كيقطع الوريقات. كيبقى فبارا عام و نص، كيدير شي دورات قصار لداخل؛ المدينة نقية و آمنة مقارنة مع مدون خرين فالبرازيل.,"dghiya kayti7 lih shoof w kiywsf nnmel li kayqta3 lwriqat. kaybqa f berra 3am w nss, kaydir shi dawrat qssar ldakhil; lmdina nqya w amina mgarana m3a modon khryn f l brazil.","He quickly spots and describes the leafcutter ants. After spending a year and a half in Para and taking a few short trips inland, he finds the city surprisingly clean and safe compared to other Brazilian towns.",سرعان ما يَلفِتُ انتباهَهُ النملُ القاطعُ للأوراقِ فيبدأُ في وصفه. أمضى في بارا عاماً ونصف، تخللتها جولاتٌ قصيرةٌ في المناطقِ الداخلية؛ وتُعتبر المدينةُ نظيفةً وآمنةً مقارنةً بغيرها من مدنِ البرازيل.,VALIDATED,GOLD
data51249,DATA_12556,B,جورج بي. ميتشل، الرائد ف تكنولوجيا التكسير الهيدروليكي و اللي طور ذا وودلاندز، تيكساس، تزاد و تربى ف گالڤيستون.,"George P. Mitchell, rrayid f technoloijya ttaksir lhidroliki u lli ttewwer The Woodlands f Texas, tzad u ttrebba f Galveston.","George P. Mitchell, pioneer of hydraulic fracturing technology and developer of The Woodlands, Texas, was born and raised in Galveston.",وُلد جورج بي. ميتشل، رائد تقنية التكسير الهيدروليكي ومطور مدينة ذا وودلاندز في تكساس، وترعرع في غالفيستون.,VALIDATED,GOLD
data51250,WIKI_C_12361,C,الساعة ديال الإحصاء ديال ميريكان كاتقول باللي السكان ديال أوكلاهوما وصلو لـ 3 دالمليون و 911 ألف و 338 واحد نهار واحد ف شهر سبعة ديال 2015، بزيادة ديال 4.26% من الإحصاء ديال 2010.,"ssa3a dyal li7sae dyal merican kat9ol belli ssoukan dyal aw kilahoma weslo l 3 d lmillion w 911 alf w 338 wa7d nhar wa7d f chher seb3a dyal 2015, bziyada dyal 4.26% mn l i7sae dyal 2010.","The United States Census Bureau estimates that Oklahoma’s population reached 3 million, 911 thousand, 338 on July 1, 2015 a 4.26% jump since the 2010 Census.",تُشيرُ تقديراتُ مكتبِ الإحصاءِ الأمريكيِّ إلى أنَّ عددَ سُكانِ ولايةِ أوكلاهوما قد بلغَ 3 ملايينَ و911 ألفاً و338 نسمةً في مطلعِ يوليو 2015، بزيادةٍ قدرُها 4.26% مقارنةً بتعدادِ عام 2010.,VALIDATED,GOLD
data51251,DATA_1339,A,بغيتي تمشا شوية؟,bghiti tmcha chwia?,Would you like to go for a walk?,ما رأيك في جولة قصيرة مشياً على الأقدام؟,VALIDATED,GOLD
data51252,WIKI_D_06030,D,شان، كاساندرا (2003-2004)، تهراس تقليد سنغافور ديال تقييد حرية التعبير بقوانين التشويه، لويولا أوف لوس أنجلس إنترناشونيل أند كومباراتيف لو ريفيو 26: 315 – 339، مؤرشفة من الأصل ف 5 أكتوبر 2012,"shan, kassandra (2003-2004), t7ras taqlid singapur dyal ta9yid 7urriyat ta3bir b9wanin tachwih, loyola of los angeles international and comparative law review 26: 315-339, mowerchafa men l asl f 5 october 2012.","Chan, Cassandra (2003–2004), Breaking Singapore’s Tradition of Chilling Free Speech with Defamation Laws, Loyola of Los Angeles International and Comparative Law Review 26: 315–339, archived from the original on 5 October 2012.",تشان، كاساندرا (2003 – 2004)، كسرُ تقليدِ سنغافورة في قمعِ حريةِ التعبيرِ عبرَ قوانينِ التشهيرِ، مجلة لويولا لوس أنجلوس للقانون الدولي والمقارن 26: 315 – 339، أرشفَ من الأصل في 5 أكتوبر 2012.,VALIDATED,GOLD
data51253,WIKI_C_05472,C,البالكونات، بزاف المرات كيكونوا مصايبين بالحديد المڭرفط الزوين من بعد 1633 (التصاور 2 و 9)، وبالبالكونات اللي سامبل قبل من داك التاريخ (التصويرة 6).,"l balconat, bzaf l merrat kaykunou msaybin bel 7did el mgerfet ezzwin men b3d 1633 (ttsawer 2 w 9), w bel balconat lli sample qbel men dak ttarikh (ttswira 6).","Balconies were often fitted with elegant wrought ironwork after 1633 (see Figures 2 & 9), while earlier ones featured a much simpler style (Figure 6).",تتميزُ الشرفاتُ غالباً بأعمالِ حديدٍ مشغولٍ أنيقةٍ يعودُ تاريخُها لما بعد عام 1633 (الصور 2 و9)، بينما كانت التصاميمُ أكثرَ بساطةً قبل ذلك التاريخ (الصورة 6).,VALIDATED,GOLD
data51254,DATA_19410,B,الحيوانات ديال لابرادور كتشبه للحيوانات اللي كاينين فبلاصات بحالها ف أمريكا الشمالية، أما الجزيرة ديال نيوفاوندلاند فيها ثدييات قلال بزاف و ما فيهاش برمائيات أصلية.,"al hayawanat dyal labrador katshbah lal hayawanat li kaynin f blastat bhalha f amrika shshamaliya, amma ljazira dyal newfoundland fiha thadyat qlal bzaf o ma fihash barmaiyat asliya.","While Labrador’s wildlife is much like what you'd find across North America, Newfoundland has far fewer mammal species and is completely missing any native amphibians.",تتشابهُ الحياةُ البريةُ في لابرادور مع مثيلاتِها في أمريكا الشمالية، أما جزيرةُ نيوفاوندلاند فتفتقرُ للتنوعِ في الثدييات، كما تخلو تماماً من البرمائياتِ الأصيلة.,VALIDATED,GOLD
data51255,WIKI_C_09315,C,سرقو رويال ولا شي حاجة - زيف ديال الحرير مذهب اللي كيجي مع 'الكسوة الكبيرة'، مطرز بالذهب والفضة مزيان، مركع بالجواهر ومبطن بالحرير وردي وفيه الشراشف ديال الذهب.,"sr9o royal wla chi haja - zif dyal l7rir mzahab lli kayji m3a 'lkswa lkbira', mtterez bdheb w lfedda mzyan, mrca3 bljawahir w mbetten b l7rir wrdi w fih shshrachef dyal dheb.","A Royal Stole - a golden silk scarf worn with the ceremonial 'Great Dress.' It is exquisitely embroidered with gold and silver thread, encrusted with jewels, and finished with a rose-pink silk lining and golden tassels.",وشاحٌ مَلَكيٌّ؛ عِبارةٌ عَن رداءٍ حريريٍّ مُذَهَّبٍ يُرتَدى مع 'الكسوة الكبيرة'. الوشاحُ مُطَرَّزٌ بِإتْقانٍ بِخيوطِ الذَّهبِ والفِضَّةِ، ومُرَصَّعٌ بِالجواهرِ، ومُبَطَّنٌ بِالحريرِ الوَردِيِّ مَعَ شَراشِفَ ذَهَبِيَّةٍ فاخِرَةٍ.,VALIDATED,GOLD
data51256,WIKI_D_07381,D,مارشال، جوان إ. 'المعونة لعائلات جنود الاتحاد: حق مريح ولاّ صدقة ديال الفقراء؟ إنديانا، 1861-1865.' مجلة مراجعة الخدمة الاجتماعية 78، عدد 2 (2004): 207-242. في جيستور,"Marshall, Joan E. 'l maouna l aylat jnod l ittihad: haq morih wala sadaqa l foqara? Indiana, 1861-1865.' Social Service Review 78, no. 2 (2004): 207-242. Fi JSTOR.","Marshall, Joan E. 'Aid for Union Soldiers' Families: A Comfortable Entitlement or a Pauper's Relief? Indiana, 1861–1865.' Social Service Review 78, no. 2 (2004): 207-242. In JSTOR.",مارشال، جوان إ. 'مساعدة أسر جنود الاتحاد: استحقاقٌ مريح أم صدقةٌ للفقراء؟ إنديانا، 1861-1865.' مراجعة الخدمة الاجتماعية 78، العدد 2 (2004): 207-242. متوفر في جيستور.,VALIDATED,GOLD
data51257,DATA_3298,A,بلاطي، نتي ماشي ماما!,"blati, nti machi mama!","Wait, you're not my mom!",توقفي، أنتِ لستِ أمي!,VALIDATED,GOLD
data51258,WIKI_D_09222,D,كورنيش-باودن، أتيل (1997). بيرة جديدة في قنينة قديمة. إدوارد بوخنر ونمو المعرفة البيوكيميائية. فالنسيا: جامعة فالنسيا. أي إس بي إن 84-370-3328-4. تاريخ علم الإنزيمات المبكر.,"Cornish-Bowden, Athel (1997). Bira jdida f qniniya qdima. Eduard Buchner u numuw l maarifa l biocimyaiya. Valencia: Jamiat Valencia. ISBN 84-370-3328-4. Tarikh 3ilm l enzimat l moubakir.","Cornish-Bowden, Athel (1997). New Beer in an Old Bottle: Eduard Buchner and the Growth of Biochemical Knowledge. Valencia: University of Valencia. ISBN 84-370-3328-4. A history of early enzymology",كورنيش-باودن، أتيل (1997). بيرة جديدة في زجاجة قديمة: إدوارد بوخنر وتطور المعرفة الكيميائية الحيوية. فالنسيا: جامعة فالنسيا. أي إس بي إن 84-370-3328-4. تاريخ البدايات الأولى لعلم الإنزيمات.,VALIDATED,GOLD
data51259,DATA_3104,A,عاود ليا على الواليدة ديالك,3awdlia 3la lwalida dyalk,Tell me about your mother,أخبرني عن والدتك,VALIDATED,GOLD
data51260,WIKI_C_07398,C,حيت انسحب بكري، بايدن ما شاركش في الانتخابات التمهيدية ديال 1988 فين الحاكم مايكل دوكاكيس غلب جيسي جاكسون، السيناتورات آل غور و بول سيمون، و مرشحين خرين قدام.,"7it nsa7eb bekri, Biden ma sharkch f l intikhabat ttamhidiya dyal 1988 fin l7akem Michael Dukakis ghlb Jesse Jackson, ssenatorat al gore w paul simon, w mrash7in khrin qdam.","Due to his early withdrawal, Biden didn’t take part in the 1988 primaries, where Governor Michael Dukakis defeated Jesse Jackson, Senators Al Gore and Paul Simon, and other long-standing contenders.",نظراً لانسحابه المبكر، لم يشارك بايدن في الانتخابات التمهيدية لعام 1988، والتي فاز فيها الحاكم مايكل دوكاكيس على جيسي جاكسون، والسيناتورين آل غور وبول سيمون، وغيرهم من المنافسين القدامى.,VALIDATED,GOLD
data51261,DATA_13206,B,الحلقات اللي مكتابين فالجدول مرتبين على حساب الترتيب ديال الإنتاج ماشي على حساب التاريخ اللي تّعرضو فيه أول مرة.,l7al9at li mktabin f ljadwal meratbin 3la 7sab tartib dyal l intaj machi 3la 7sab tarikh li t3rdo fih awl merra.,"The episodes in this table are listed by production order, not by their original air dates.",تظهرُ الحلقاتُ في هذا الجدولِ وفقاً لترتيبِ إنتاجِها، وليسَ بحسبِ تاريخِ عرضِها الأول.,VALIDATED,GOLD
data51262,WIKI_D_08618,D,نهار 4  دجنبر 1996، الجريدة دارت واحد الحفلة باش يحتفلوا بالذكرى 50 ديال غرس الشجرة الجديدة. دان ماڭيل، اللي كان هو اللي عطى الفكرة ديال إعادة الغرس فاش كان دري صغير، كان هو اللي كيقدم البرنامج.,"nhar 4 decembre 1996, l jarida dart wa7ed l7efla bash y7taflo be ddikra l50 dyal gheres shjra jjdida. dan magill, lli kan howa lli 3ta lfikra dyal i3adat lgheres fash kan deri sghir, kan howa lli kay9edem lbarnamej.","On December 4, 1996, the newspaper hosted a celebration to mark the 50th anniversary of the new tree planting. Dan Magill, who had come up with the idea for the replanting effort as a young boy, served as the master of ceremonies.",في الرابعِ من ديسمبر 1996، أقامت الجريدةُ احتفالاً بمناسبةِ الذكرى الخمسين لغرسِ الشجرةِ الجديدة. وكان دان ماغيل، الذي مَنحَ فكرةَ إعادةِ الغرسِ منذُ صِغَرِه، هو مَن قدَّمَ الحفل.,VALIDATED,GOLD
data51263,WIKI_C_06101,C,قبل ما تبدا الخدمة على الموسم الخامس، بينكر قال باللي غادي يمشي يخدم شي حوايج خرين؛ وايمان غتبقى هي المسؤولة الوحيدة على المسلسل.,"qbel ma tbda lkhdma 3la lmosm lkhams, Pinker qal blly ghadi ymchi ykhdem chi 7wayj khryn; W iman ghatb9a hiya lms2oula lwehda 3la lmousalsal.","Before work began on the fifth season, Pinkner announced he was moving on to other projects, leaving Wyman as the show's sole showrunner.",قبلَ البدءِ في العملِ على الموسمِ الخامسِ، أعلنَ بينكر أنهُ سينتقلُ لمشاريعَ أخرى؛ لتظلَّ وايمان هي المسؤولةَ الوحيدةَ عن إدارةِ المسلسل.,VALIDATED,GOLD
data51264,DATA_15975,B,بالنسبة ل لوتو، الجريدة اللي نظمات الطور د فرنسا، السباق كان ناجح؛ التوزيع ديال الجريدة طلع ل 100ألف نسخة.,"Bennesba lauto, l jarida lli nezzmat ttour d França, ssibaq kan najeh; ttawzi3 dyal l jarida tla3 l 100 alf noskha.","For l auto, the newspaper behind the Tour de France, the race was a hit; their circulation jumped to 100 thousand copies.",بالنسبة لصحيفة لوتو التي نظمت طواف فرنسا، حقق السباق نجاحاً باهراً؛ حيث قفزت مبيعات الجريدة إلى مائة ألف نسخة.,VALIDATED,GOLD
data51265,WIKI_D_10766,D,"""إنترو""، ""سكول سبيريت سكيت 1""، ""سكول سبيريت سكيت 2""، ""كراجويشن داي""، ""آيل فلاي أواي""، و ""ذا ليل جيمي سكيت"" فيهم صوت ديال دي راي ديفيس.","""'intro"", ""school spirit skit 1"", ""school spirit skit 2"", ""graduation day"", ""i'll fly away"", w ""the lil jimmy skit"" fihom sot dyal DeRay Davis.","""Intro"", ""School Spirit Skit 1"", ""School Spirit Skit 2"", ""Graduation Day"", ""I'll Fly Away"", and ""The Lil Jimmy Skit"" all feature vocals by DeRay Davis.","تتضمنُ مقاطعُ ""المقدمة""، و**""روح المدرسة 1""، و""روح المدرسة 2""، و""يوم التخرج""، و""سأطير بعيداً""، و""جيمي الصغير""** أداءً صوتياً للفنان ديريه ديفيس.",VALIDATED,GOLD
data51266,DATA_22323,B,قضية سرقة الخزنة : كولومبوس ألكسندر و ماجور ريتشاردز من بوليس واشنطن تْسَوَّلُو. *نيويورك تايمز*. 23 سبتمبر، 1876.,"qadiyat serqat l khazina: Columbus Alexander u Major Richards men boulis Washington tsawwlu. *New York Times*. 23 September, 1876.","The Safe Burglary Case: Columbus Alexander and Major Richards of the Washington Police Examined. The New York Times. September 23, 1876.",قضية السطو على الخزنة: كولومبوس ألكساندر والرائد ريتشاردز من شرطة واشنطن يخضعان للتحقيق. نيويورك تايمز. 23 سبتمبر 1876.,VALIDATED,GOLD
data51267,WIKI_C_06276,C,مكاينش شي معبد ديال شيفا، واحد من دوك طناش مكاينش زعما، لي كيعنيو علامة نورانية ديال الله، مكاين مدفون فواحد البيت تحت الأرض.,"makaynch shi ma3bad dyal shifa, wa7d mn douk ttnash makaynch za3ma, li ka3niw 3alama noraniya dyal llah, makayn madfun fwa7d byt taht l ard.",There isn't actually a Shiva temple here - not one of those twelve radiant signs of God anyway - buried in some underground room.,لا يوجدُ هنا أيُّ معبدٍ للإله شيفا، ولا حتى واحدٌ من تلكَ التجلياتِ الاثني عشر (بمعنى علامة نورانية من الله) مدفونٌ في غُرفةٍ تحتَ الأرض.,VALIDATED,GOLD
data51268,DATA_5871,A,أنا خايفة على صحّتها,ana khayfa 3la Se77etha,I'm worried about her health,أنا قلق بشأن صحتها,VALIDATED,GOLD
data51269,DATA_9051,A,أنا غادي نستبعد هاد الحتمال,ana ghadi n steb3ed had l7timal,I’m going to rule out this possibility.,سأستبعدُ هذا الاحتمال.,VALIDATED,GOLD
data51270,DATA_10335,A,كان كيسحاب ليا غادي نخرب عليك خدمتك,kan kis7ab liya ghadi n5erreb 3lik 5demtek,i thought that i will mess your job,اعتقدت أنني سأفسد عملك,VALIDATED,GOLD
data51271,WIKI_D_06462,D,ف شهر أبريل 2012، واحد لمحكمة ف هامبورغ حكمات باللي يوتيوب يقدر يتحمل المسؤولية على المحتوى لي فيه حقوق الطبع والنشر لي كيحطوهم  المستخدمين ديالو. المنظمة ديال حقوق الأداء جيما قالت باللي يوتيوب مادارش كفاية باش يمنع تحميل الموسيقى الألمانية لي عندها حقوق الطبع والنشر. يوتيوب جاوب وقال:,"f chher abril 2012, wa7ed lma7kama f hambourg 7kmat blli youtube i9der it7emel lms2oliya 3la lmo7tawa lli fih 7o9ou9 tab3 w nachr lli kay7ettohoum lmostakhdimin dyalo. lmonadama dyal 7o9ou9 l2ada2 GEMA 9alt blli youtube madarech kifeh bch ymne3 t7mil lmosi9a l2almanya lli 3andha 7ou9 tab3 w nachr. youtube jawb ou 9al:","In April 2012, a court in Hamburg ruled that YouTube could be held responsible for copyrighted material posted by its users. The performance rights organization GEMA argued that YouTube had not done enough to prevent the uploading of German copyrighted music. YouTube responded by stating:",في أبريل 2012، قضت محكمة في هامبورغ بأن يوتيوب يمكن أن يتحمل المسؤولية عن المواد المحمية بحقوق الطبع والنشر التي ينشرها مستخدموه. زعمت منظمة حقوق الأداء جيما أن يوتيوب لم يفعل ما يكفي لمنع تحميل الموسيقى الألمانية المحمية بحقوق الطبع والنشر. رد يوتيوب بالقول:,VALIDATED,GOLD
data51272,DATA_8329,A,راه مسؤول على الجريمة لي دارها ولدو,rah ms2oul 3la ljarima li darha weldou,he is responsible for his son crime,هو مسؤول عن جريمة ابنه,VALIDATED,GOLD
data51273,DATA_21396,B,"1973. فريد جاي سيفر، 1877-1970"". ميكولوجيا 65: 721-""724.","1973. ""Fred Jay Seaver, 1877-1970"". Mycologia 65: 721-724.","1973. ""Fred Jay Seaver, 1877-1970"". Mycologia 65: 721-724.","1973. ""فريد جاي سيفر، 1877-1970"". ميكولوجيا 65: 721-724.",VALIDATED,GOLD
data51274,DATA_5899,A,غادي نشري تموبيل جديدة,ghadi nchri tomobil jdida,I will buy a new car,سأشتري سيارة جديدة,VALIDATED,GOLD
data51275,DATA_0122,A,ممكن تشرح شنو لي مافهمتيش?,momkin tchre7 chno lli mafhemtich?,Could you explain what you're stuck on?,هل يمكنكَ توضيحُ الجزءِ الذي لم تفهمْه؟,VALIDATED,GOLD
data51276,WIKI_C_00539,C,ف ظرف شي ساعات، الجثة ديال إيخمان تحرقات، و الرماد ديالو تشتت ف البحر الأبيض المتوسط، برا الما ديال إسرائيل، من طرف باطو ديال الدورية تابع للبحرية الإسرائيلية.,"f zarf shi sa3at, ljoutha dyal eichmann t7r9at, w rrmad dyalo tchtet f lb7r l abyad lmotawasit, bra lma dyal israel, mn taraf bato dyal ddawriya tabe3 lb7riya l isra2iliya.","Within hours, Eichmann's body was cremated, and his ashes were scattered across the Mediterranean Sea-outside Israeli territorial waters by an Israeli Navy patrol boat.",في غضونِ ساعاتٍ، أُحرِقَ جُثمانُ أيخمان ونُثِرَ رمادُه في البحرِ الأبيضِ المتوسط، خارجَ المياهِ الإقليميةِ الإسرائيليةِ بواسطةِ زَوْرَقِ دوريةٍ تابعٍ للبحريةِ الإسرائيلية.,VALIDATED,GOLD
data51277,WIKI_D_07190,D,بفضل سلسلة أخرى من الحملات، داريوش الأول غادي يحكم في النهاية على أعلى توسع للإمبراطورية، فاش كانت ممتدة من أجزاء من البلقان (تراقيا- مقدونيا، بلغاريا-بايونيا) في الغرب، حتى وادي السند في الشرق.,"bfdel silsla khra mn l7amalat, dariouch l awwel ghadi y7kem f nnihaya 3la a3la tawaso3 dyal lil imbaratoriya, fach kant momttada mn ajza2 mn lbalqan (traqia-maqdonia, balgharia-bayonia) f l gherb, 7ta wadi ssind f shsharq.","Through a further series of campaigns, Darius I eventually presided over the empire at its territorial peak, stretching from parts of the Balkans (Thrace-Macedonia and Bulgaria-Paeonia) in the west, all the way to the Indus Valley in the east.",من خلال سلسلة أخرى من الحملات، سيحكم داريوس الأول في نهاية المطاف على ذروة الإمبراطورية الإقليمية، عندما امتدت من أجزاء من البلقان (تراقيا -مقدونيا، بلغاريا-بايونيا) في الغرب، إلى وادي السند في الشرق.,VALIDATED,GOLD
data51278,DATA_24579,B,ألعاب الكمبيوتر والفيديو: موسيقى ألعاب الفيديو التصويرية: أحسن 100 لحن موسيقي على مر العصور (2012) - المرتبة 21,Al3ab al computer wal video: Mosiqa al3ab al video ttaswiria: Ahsan 100 lahn mosiqi 3la mar al3ossor (2012) - al mertaba 21,"PC and Video Games: Video Game Soundtracks - Top 100 Themes of All Time (2012), Ranked #21.",ألعاب الكمبيوتر والفيديو: الموسيقى التصويرية لألعاب الفيديو؛ أفضل مائة لحن موسيقي على مر العصور (2012) - المرتبة الحادية والعشرون.,VALIDATED,GOLD
data51279,DATA_7591,A,ملي ديتو لطبيب,mmeli dito ltbib,When I took him to the doctor.,عِندما ذَهبتُ بهِ إلى الطَّبيب.,VALIDATED,GOLD
data51280,DATA_24168,B,"نهار ربعة شهر تسعود عام 2012، لمونتور شي ديولي حط ""براميدز (شي ديولي ريميكس)""، واحد النسخة ديسكو جديدة وطالعة النيفو.","nhar rb3a chher ts3ud 3am 2012, lmontour chi diouli hott ""Pyramids (Chi Duly Remix)"", wahed nuskha disco jdida w tal3a nnivo.","On September 4, 2012, producer Chi Duly dropped ""Pyramids (Chi Duly Remix)"", a high-energy nu-disco version of the track.","في الرابع من سبتمبر عام 2012، أصدر المنتج ""تشي ديولي ريمكس أغنية بيراميدز""، وهي نسخة عصرية وبإيقاع مرتفع.",VALIDATED,GOLD
data51281,DATA_11585,A,تانفكّر واش نحدّد حوايجي,tanfkker wach n7edded 7wayji,I'm thinking about ironing my clothes.,أفكرُ في كَيِّ مَلابِسي.,VALIDATED,GOLD
data51282,DATA_4817,A,غانمشي نصلّي,ghanmchi nselli,I'm going to pray,سأذهبُ لأُصلّي,VALIDATED,GOLD
data51283,DATA_19988,B,المرحلة 1أ: 18.5 كيلومتر (11.5 ميل) من نيوهيفن لمطار إدنبرة عبر شارع الأمراء، دمج أجزاء من الخطوط 1 و 2.,"lmerhala 1A: 18.5 kilometre (11.5 mil) mn Newhaven lmtar Edinburgh 3ber chari3 l omara2, dmaj ajza2 mn l khotout 1 w 2.","Phase 1A: 18.5 kilometres (11.5 miles) from Newhaven to Edinburgh Airport via Princes Street, combining parts of lines 1 and 2.",المرحلة 1أ: تمتدُ لمسافةِ 18.5 كيلومتراً (11.5 ميلاً) من نيوهافن إلى مطارِ إدنبرة عبرَ شارعِ برينسيس، وتدمجُ أجزاءً من الخطين 1 و2.,VALIDATED,GOLD
data51284,DATA_5438,A,عندو فم كبير,3ndo fem kbir,He has a big mouth,لديه فم كبير,VALIDATED,GOLD
data51285,WIKI_D_10757,D,ديما كيجيب أقل من المحامية العامة ديال ماساتشوستس مارثا كوكلي في استطلاعات الرأي، نهار 8 ديسمبر 2009، كابوانو خسر الانتخابات التمهيدية الديموقراطية ضد كوكلي، وربح غير 28% من الأصوات مقابل 47% ديال كوكلي، بين ربعة ديال المرشحين.,"dima kayjib aql mn lmohamiya l3ama dyal massachusetts martha coakley f istit6la3at ra2y, nhar 8 december 2009, capuano khsar l intikhabat tamhidiya ddimuqratiya dded coakley, w rbah ghi 28% mn l aswat mo9abil 47% dyal coakley, bin reba3a dyal lmeracḥ7in.","Consistently polling below the incumbent Massachusetts Attorney General, Martha Coakley, Capuano lost the Democratic primary on December 8, 2009. He won only 28% of the vote compared to Coakley's 47% in a four-candidate field.",بعدَ أنْ جاءت نتائجُه في استطلاعاتِ الرأيِ أقلَّ من المحاميةِ العامةِ لولايةِ ماساتشوستس، مارثا كوكلي، خسرَ كابوانو الانتخاباتِ التمهيديةَ للحزبِ الديمقراطي في 8 ديسمبر 2009؛ حيثُ حصلَ على 28% فقط من الأصواتِ مقابلَ 47% لكوكلي، وذلكَ من بينِ أربعةِ مرشحين.,VALIDATED,GOLD
data51286,WIKI_D_09789,D,لاوتن حتى هي كتوفر ليها ݣريت بلينز تيكنولوجي سنتر، اللي تابع لـ أوكلاهوما ديبارتمينت أوف كارير أند تيكنولوجي إيدوكايشن. ݣريت بلينز كتوفر تعليم مهني، تدريب، وفرص ديال التنمية لسكان المنطقة.,"lawton ta hiya katwaffar liha great plains technology center, lli tab3 l Oklahoma department of career and technology education. great plains katwaffar ta3lim mehni, tadrib, w foras dyal ttanmiya lsoukan dyal lminta9a.","Lawton is also home to the Great Plains Technology Center, a member of the Oklahoma Department of Career and Technology Education. Great Plains offers vocational training and development opportunities for local residents.",تضمُ مدينةُ لوتون أيضاً مركزَ ݣريت بلينز للتكنولوجيا، التابعَ لوزارةِ التعليمِ المهنيِّ والتقنيِّ في أوكلاهوما؛ حيثُ يوفرُ المركزُ فرصَ التعليمِ والتدريبِ المهنيِّ والتطويرِ لسكانِ المنطقة.,VALIDATED,GOLD
data51287,WIKI_D_11371,D,ف رواية ديال ريكاردو بلاتا اللي خرجات ف 1997، الشفارة اللي كاينين كيعجبهم يركبو الميترو بزاف. و ف رواية ديال إرنيستو ساباتو على الأبطال و القبور، فيرناندو، واحد من الشخصيات الرئيسية، كتجيه واحد البارانويا من الناس اللي مكيشوفوش ف.,"f riwayt dyal ricardo plata li khrejat f 1997, chefara li kaynin ki3jabhom yarkbo metro bezzaf. w f riwayt dyal ernesto sabato 3la l abatal w l9obor, fernando, wa7d men shakhsiyat ra2isiya, katjih wa7d paranoia men nas li makichofosh f.","In Ricardo Piglia’s 1997 novel, Money to Burn (Plata Quemada), the bank robber protagonists regularly enjoy riding the subway. Similarly, in Ernesto Sabato’s On Heroes and Tombs, one of the main characters, Fernando, develops a deep paranoia regarding blind people in the subway.",في روايةِ ريكاردو بيليا لعام 1997 أموال محروقة ، يستمتعُ أبطالُ الروايةِ من لصوصِ البنوكِ بركوبِ المترو بانتظام. وفي روايةِ إرنيستو ساباتو عن الأبطالِ والقبور، يصابُ فرناندو، أحدُ شخصياتِها الرئيسية، بجنونِ الارتيابِ تجاهَ المكفوفينَ في أنفاقِ المترو.,VALIDATED,GOLD
data51288,DATA_19026,B,يمكن توصل لـ بينكهام نوتش بسهولة من الطريق رقم 16 ديال نيو هامبشير. كاينين بزاف ديال الفرص باش الواحد يدير أنشطة ترفيهية فهاد المنطقة.,ymken twssel l Pinkham Notch bsouhoula mn triq rqm 16 dyal New Hampshire. kaynin bzzaf dyal lforas bash lwahed idir anshita tarfihiya fhad lmintqa.,Pinkham Notch is easily accessible via New Hampshire Route 16. The area offers plenty of great opportunities for outdoor recreation.,يُمكنُ الوصولُ إلى بينكهام نوتش بسهولةٍ عبرَ طريقِ نيو هامبشير رقم 16؛ حيثُ تتوفرُ في المنطقةِ خياراتٌ عديدةٌ للأنشطةِ الترفيهية.,VALIDATED,GOLD
data51289,DATA_22888,B,داود كالدر ف دور سير روبرت كينغ: با د إليكترا و مليونير ديال البترول لي كيتقتل من بعد فواحد التفجير فالمقر ديال إم آي 6.,Daoud Calder f dor sir Robert King: ba d Elektra o millionair dial l petrol li kittqtel mn b3d f wa7d ttafjir f lmaqar dial MI6.,"David Calder as Sir Robert King: Elektra’s father and an oil tycoon, later killed in a bomb attack at MI6 headquarters.",ديفيد كالدر في دور السير روبرت كينغ: والد إليكترا وأحد أقطاب صناعة النفط، يُقتل لاحقاً في هجوم بمتفجرات استهدف مقر المخابرات إم آي 6.,VALIDATED,GOLD
data51290,WIKI_C_01545,C,صوب مثلث ثاني فيه الأضلاع ديالو الطول ديالهم أ و ب وتكون فيه زاوية قائمة. بفضل مبرهنة فيتاغورس، كايتبين باللي الوتر ديال هاد المثلث عندو الطول ج.,"sweb mutaleth thani fih l adla3 dyalo tol dyalhom a w b w tkoun fih zawiya qa2ima. b fadl moubarhanat vitaghors, katbyin belli l watar dyal had l mutaleth 3ndo tol c.","Construct a second triangle with sides of length a and b containing a right angle. According to the Pythagorean theorem, it follows that the hypotenuse of this triangle has a length of c.",أنشئْ مثلثاً ثانياً طولُ ضلعيهِ  أ  و ب ويحتوي على زاويةٍ قائمة. وبناءً على مبرهنةِ فيثاغورس، يتبينُ أنَّ وترَ هذا المثلثِ لهُ الطول ج.,VALIDATED,GOLD
data51291,WIKI_D_04858,D,"هاد الريسيتاتيف ديال ألتو، ""يا لقلوب اللي حولتو راسكم لحجر وصخر""، كيبدا بمرافقة ديال الوتار، ولكن كيسالي كا أريوسو مع الكونتينو.","had recitatif dyal alto, ""ya lqlob li 7awaltu raskum l 7jar w s5ar"", kibda mrafqa dyal lewtar, walakin kisali ka arioso m3a lcontinuo.","The alto recitative, ""You hearts, which have turned yourselves into stone and rock"", starts with string accompaniment but ends as an arioso with continuo.","تبدأُ الفقرةُ الغنائيةُ (الريسيتاتيف) للألتو، ""يا أيتها القلوب التي تحولت إلى حجر وصخر""، بمرافقةِ الآلاتِ الوترية، لكنها تنتهي كأريوسو مع الكونتينو.",VALIDATED,GOLD
data51292,WIKI_D_07625,D,"كنعلمو لي ركب باللي ممنوع يركبو رابتور إلا كانت عندهم شي عملية جراحية داروها قريب, ولا مشاكل ديال القلب, الضغط الدموي طالع, ولا مشاكل فالرقبة, ولا مشاكل فالظهر, ولا أي حالة صحية تقدر تزيد مع الركوب, ولا كانوا حوامل.","kan3almo lirkab blli mamnou3 yarkbo raptor ila kanet 3andhom chi 3amaliya jra7iya daroha qrib, wla machakil dyal l9alb, dda7t eddawi tale3, wala machakil fel reqba, wala machakil f dher, wala ay 7ala si7iya t9dar tzid m3a rrokob, wala kanaw 7awamel.","Passengers are advised that they must not ride Raptor if they have a history of recent surgery, heart trouble, high blood pressure, neck trouble, back trouble, or any other condition that may be aggravated by riding, or who are pregnant.",يُنصح الركاب بعدم ركوب رابتور إذا كان لديهم تاريخ من الجراحة الحديثة، مشاكل القلب، ارتفاع ضغط الدم ، مشاكل الرقبة، مشاكل الظهر، أو أي حالة أخرى قد تتفاقم بسبب الركوب، أو إذا كانوا حوامل.,VALIDATED,GOLD
data51293,DATA_0252,A,واش كان داكشي خايب بصّح?,wach kan dakchi khayb bsse7?,Was it really so bad?,هل كان الأمر سيئاً حقاً؟,VALIDATED,GOLD
data51294,WIKI_C_04165,C,كلما دازت السنين، وهو ما زايد انعزالو، كلما كبرات قيمتو عند الناس، حتى ولاو اللي عايشين معاه كيحيرو و كيضربو الراس ف الراس من كثرة التبجيل و العبادة العمياء اللي كيشوفو.,"kullama dazat ssnin, w howa ma zayed in3izalu, kullama kbrat qimtu 3nd nnas, 7tta wlaw li 3aychin m3ah kay7iro w kaydrbo rras f rras mn ktrat ttbjil w l 3ibadah l 3amyae lli kaychofo.","As the years went by, even as he grew more isolated, his reputation just kept growing. The level of blind worship he received left the people around him completely stunned and confused.",مع مرور السنين، ورغم عزلته المتزايدة، استمرت مكانته في الصعود؛ حتى إن حالة التقديس الأعمى التي حظي بها جعلت المحيطين به في حالة من الذهول والحيرة.,VALIDATED,GOLD
data51295,DATA_20187,B,جوج مرات على عمق 66 ميترو (217 قدم) أولا كتر; نفس الحاجة تقدر توقع يلا تنفس الواحد 100% د الأوكسجين.,juj merrat 3la 3omq 66 mitru (217 qadam) awla ktr; nfs l hajja tqdr tuqqa3 ila tnfss l wahed 100% d l oxygen.,Twice at a depth of 66 m (217 ft) or more; the same thing can happen when breathing 100% oxygen.,مرتينِ عندَ عُمقِ 66 متراً (217 قدماً) أو أكثر؛ ويمكنُ أنْ يحدُثَ الأمرُ نفسُه عندَ تنفسِ أكسجين بنسبةِ 100%.,VALIDATED,GOLD
data51296,DATA_12070,A,عمرك ت مسّ دكشي ديالي,3emrek t mess dkchi diali,Don't you ever touch what's mine.,إيّاكَ أن تلمسَ ما يخصُّني أبداً.,VALIDATED,GOLD
data51297,DATA_20082,B,"فايف ثيرتي غناو الكوفر ديال الأغنية للألبوم اللي ضد الضريبة ديال الپول ألفين لايفز (إن ليدز) اللي تطلق ف 1990.
",Five Thirty ghennaw l cover dyal l ughniya lil album li dded ddariba dyal l pool Alvin Lives (In Leeds) li te6laq f 1990.,"Five Thirty covered the song for the anti-poll tax album Alvin Lives (In Leeds), released in 1990.",سجّلت فرقةُ فايف ثيرتي نسخةً خاصةً (Cover) من الأغنيةِ لألبومِ ألفين لايفز (إن ليدز) المناهضِ لضريبةِ الرؤوس، والذي صدرَ عام 1990.,VALIDATED,GOLD
data51298,DATA_21107,B,الحكومات د الدولة و الجماعات المحلية كيستعملو تلاتة د الأنواع الكبار ديال الصناديق: الصناديق الحكومية، و الصناديق الخاصة، و الصناديق الائتمانية.,"l hokomat d ddowla o ljama3at lma7aliya kist3amlo tlata d l anwa3 l kbar dyal ssnadiq: ssnadiq lhokomiya, o ssnadiq l khassa, o ssnadiq l i2timaniya.","State and local governments use three broad categories of funds : governmental funds, proprietary funds and fiduciary funds.",تستخدم الحكومات الحكومية والمحلية ثلاث فئات واسعة من الأموال: الأموال الحكومية، والأموال التشغيلية، والأموال الائتمانية.,VALIDATED,GOLD
data51299,WIKI_D_06931,D,رابينو دارت خدمه خيريه لڭاي، ليزبيان و ستريت إيديوكيشن نيتوورك (جي إل إس إي إن) و اللجنة الأولمبية ديال الولايات المتحدة. ف 2013، ولات سفيرة ديال أثليت آلي، واحد الجمعية اللي ما ربحش اللي كتركز على انهاء الخوف من المثليين و المتحولين جنسيا فالرياضة.,"rapino dart khdma khayriya l gay, lizzbyan w strett education network (GLSEN) w llajna l olompiya dyal l wilayat l muta7ida. f 2013, walat safira dyal athlete ally, wa7d ljam3iya li ma rab7ch li katrkz 3la innaha2 lkhuf min lmithliyin w lmutahawlin jinsiyan f rriyada.","Rapinoe has done philanthropic work for GLSEN (the Gay, Lesbian & Straight Education Network) and the U.S. Olympic Committee. In 2013, she became an ambassador for Athlete Ally, a nonprofit dedicated to ending homophobia and transphobia in sports.",ساهمت رابينو في أعمالٍ خيرية لصالح شبكة التعليم للمثليين والمثليات والمغايرين جنسياً (GLSEN) واللجنة الأولمبية الأمريكية. وفي عام 2013، أصبحت سفيرة لمنظمة أثليت آلي (Athlete Ally)، وهي منظمة غير ربحية تهدف إلى القضاء على رهاب المثلية والتحول الجنسي في المجال الرياضي.,VALIDATED,GOLD
data51300,WIKI_D_04686,D,الأصل ديال السباق كيرجع للستينات اللوالا، فاش كانو الطلبة الجداد فالجمعيات مجبرين يركبو على تريكلات فالحرم الجامعي كنوع من التبرهيش. السباق تقنن رسميا ف 1969، و دارو قوانين باش تولي ميني 500 كلاسيكية فالبلاصة.,"l2asl dyal siba9 kiyrja3 llsitinat llwala, fash kano talaba jjdad f l jma3iyat majburen yrkbo 3la trikelet f l 7aram l jami3i kano3 mn tbarhish. ssiba9 t9nen rasmiyan f 1969, w daru qwanin bash twli mini 500 klassikiya f l blassa.","The race traces its roots back to the early 1960s, when fraternity pledges were forced to ride tricycles around campus as a form of hazing. It was officially formalized in 1969, with rules established to turn the Mini 500 into an instant classic.",يعود أصل السباق إلى أوائل الستينات، عندما أُجبر الطلاب الجدد في الأخويات على ركوب دراجات ثلاثية العجلات في الحرم الجامعي كشكل من أشكال المضايقات. وتم إضفاء الطابع الرسمي على السباق في عام 1969، وتم وضع قواعد لجعل سباق ميني 500 كلاسيكيًا فوريًا.,VALIDATED,GOLD
data51301,DATA_22442,B,"باش تعرف معلومات على اللعّابة اللي كانوا كيلعبوا معاهم قبل، شوف ""ليست أوف نيوكاسل يونايتد إف سي بلايرز"" و"" كاتيغوري: نيوكاسل يونايتد إف سي بلايرز"".","bash ta3raf ma3loumat 3la lla3aba li kanu kil3bu m3ahum qbel, shuf ""List of Newcastle United F.C. players"" w ""Category: Newcastle United F.C. players"".","For details on former players, see ""List of Newcastle United F.C. players"" and ""Category: Newcastle United F.C. players"".","للحصول على تفاصيل حول اللاعبين السابقين، انظر قائمة لاعبي نيوكاسل ""يونايتد إف سي بلايرز"" و""الفئة: لاعبو نيوكاسل يونايتد إف سي بلايرز"".",VALIDATED,GOLD
data51302,WIKI_C_05624,C,"على حساب آلن بارسونس، كان عندو ""ودينات واعرة"" و ""بصّح ستاهل لقب ""البيتل الخامس"". و جوليان لينون سما مارتن ""البيتل الخامس، بلا شكّ"".","3la hesab alan parsons, kan 3ndo ""widinat wa3ra"" w ""bssa7 stahl la9ab ""el beatle lkhames"". w julian lennon sma martin ""el beatle lkhames, bla shakk"".","According to Alan Parsons, he had ""great ears"" and ""rightfully earned the title of ""Fifth Beatle"". Julian Lennon called Martin ""The Fifth Beatle, without question"".","وفقًا لآلان بارسونز، كانت لديه ""آذان رائعة"" و ""استحق عن جدارة لقب ""البيتل الخامس"""". وسماه جوليان لينون ""البيتل الخامس، بلا شك"".",VALIDATED,GOLD
data51303,DATA_19246,B," فيها شي مقاطع من ""هاري أب ذيس واي أغين"" ديال ذا ستايليستيكس.","fiha shi m9ate3 mn ""Hurry Up This Way Again"" dyal The Stylistics.","Politics as Usual features a sample of ""Hurry Up This Way Again"" by The Stylistics.","تتضمنُ عيناتٍ من أغنيةِ ""هاري أب ذيس واي أغين"" لفرقةِ ذا ستايليستيكس.",VALIDATED,GOLD
data51304,DATA_23491,B,فواحد السيني كريديتس مور الفيلم، من بعد عشر سنين، إليزابيث وولدها كيتفرجو من فوق شي جرف فالبحر فاش ويل كيرجع على متن الداتشمان.,"f wa7ed scene credits mur lfilm, mn b3d 3shr snin, elizabeth w wldha kaytfarjo mn foq shi jerf falb7r fash wil kayrje3 3la mtun l Dutchman.","In a post-credits scene set ten years later, Elizabeth and her son watch from a sea cliff as Will returns aboard the Dutchman.",في مشهدٍ تالٍ لشارةِ النهايةِ، وبعدَ عشرِ سنوات، تظهرُ إليزابيث وابنُها وهما يراقبانِ من فوقِ جرفٍ بحريٍّ عودةَ ويل على متنِ سفينةِ الداتشمان.,VALIDATED,GOLD
data51305,DATA_0347,A,"صباح النور سي حميد, أش كاتعاود هاد الصباح?","Sba7 nnour ssi Hamid, ach kat3awd had ssba7?","Good morning Mr Hamid, how are you feeling this morning?",صباح الخير سيدي حامد، كيف حالك هذا الصباح؟,VALIDATED,GOLD
data51306,WIKI_D_05090,D,"نهار 14 فبراير 2010، فواحد الظهور في لبروجرام ذيس ويك ديال إيه بي سي، تشيني عاود أكد الدعم ديالو لاستعمال تعذيب الإيهام بالغرق وتعذيب المتهمين بالإرهاب اللي تشدو، وقال: ""كنت ومازلت من المؤيدين القويين لبروجرام الاستنطاق المكثف"".","nhar 14 februayer 2010, f wahed dduhur f l program This Week dyal ABC, cheney 3awed akked ddhe3m dyalu l istikhdem ta3dhib l iham bl ghreq w ta3dhib l muhtamien bl irhab lli tsheddo, w qal: ""kunt w mazalt mn l mu2yidin l qawiyin l program dyal l istintaq lmukathaf"".","On February 14, 2010, during an appearance on ABC's This Week, Cheney reiterated his support for waterboarding and the torture of captured terrorist suspects, saying: ""I was and remain a strong proponent of our enhanced interrogation program"".","في الرابع عشر من فبراير عام 2010، وخلال ظهوره في برنامج ذيس ويك ذيس ويك على قناة إيه بي سي، أعاد تشيني تأكيد دعمه لأسلوب الإيهام بالغرق وتعذيب المعتقلين المشتبه بهم في قضايا إرهاب، قائلاً: ""كنت ولا أزال من أشد المؤيدين لبرنامجنا للاستنطاق المكثف"".",VALIDATED,GOLD
data51307,DATA_20964,B,غير رقمي – بحال إم بي ثريز ديال 320 كيلوبت ف الثانية، مع كتيب رقمي بي دي إف فيه 17 صفحة مصمم من طرف ستيفان ساغمايستر.,"Ghir ra9mi - bhal MP3s dyal 320 kilobit f tanya, m3a ktib ra9mi PDF fih 17 safha msamem mn tarf Stefan Sagmeister.",Digital only – featuring 320 kbps MP3s and a 17-page digital PDF booklet designed by Stefan Sagmeister.,نسخةٌ رقميةٌ فقط؛ تتضمنُ ملفاتِ إم بي ثري بجودةِ 320 كيلوبت في الثانية، بالإضافةِ إلى كُتيبٍ رقمي بي دي إف من 17 صفحةٍ صمَّمَه ستيفان ساغمايستر.,VALIDATED,GOLD
data51308,WIKI_C_01116,C,لمعهد د لموسيقى الشعبية ف جامعة نورث كارولينا ف تشابل هيل أسسو لامار سترينجفيلد ف 1930، و تابعو التأسيس ديال السيمفونية ديال نورث كارولينا ف 1932.,"lme37ed d lmusiqa sha3biya f jami3at north carolina f chapel hill asseso lamar stringfield f 1930, w tab3o tta2sis dial ssimfonya dial north carolina f 1932.","The Institute of Folk Music at the University of North Carolina at Chapel Hill was founded by Lamar Stringfield in 1930, followed by the founding of the North Carolina Symphony in 1932.",أسس معهد الموسيقى الشعبية في جامعة نورث كارولينا في تشابل هيل لامار سترينجفيلد عام 1930، تلاه تأسيس أوركسترا نورث كارولينا السمفونية عام 1932.,VALIDATED,GOLD
data51309,DATA_8496,A,راه مرحي بزّاف ولدك,rah mer5i bezzaf weldek,Your son is way too lazy.,ابنُكَ متكاسلٌ للغاية.,VALIDATED,GOLD
data51310,DATA_7673,A,ماشي دويتي ف لبودجي,ma shi dwiti f lbudget,"Wait, didn't you talk about the budget",ألمْ تتحدثْ أنتَ عنِ الميزانية,VALIDATED,GOLD
data51311,WIKI_C_11254,C,الساعات الذرية هي أدق ما كاين فآلات ديال لعبار ديال الوقت حتى لدابا. مضبوّطة بزاف، ما كتغلطش بزاف ديال الثواني على مدى آلاف السنين، و كايستعملوها باش يقادو الساعات و الآلات الأخرى اللي كتعبر الوقت.,"assa3at addariya hiya adaq ma kayen fl alat dyal l3bar dyal lwaqt hatta ldaba. madbbuta bzzaf, ma katghlatch bzzaf dyal thawani 3la mada alaf ssnin, w kayst3mloha bach yqadu ssa3at w ll alat l2okhra lli kat3ber lwaqt.","Atomic clocks are the most accurate timekeeping devices known to date. Accurate to within a few seconds over many thousands of years, they are used to calibrate other clocks and timekeeping instruments.",الساعات الذرية هي أدق أجهزة قياس الوقت المعروفة حتى الآن. بدقة تصل إلى بضع ثوانٍ على مدى آلاف السنين، تُستخدم لمعايرة الساعات الأخرى وأدوات قياس الوقت.,VALIDATED,GOLD
data51312,DATA_3616,A,كانفضل نبقا حدا البيسين,kanfdel nb9a 7da la piscine,I'd rather stay by the pool,أفضل البقاء بجوار المسبح,VALIDATED,GOLD
data51313,WIKI_D_02903,D,شي 17 ألف و 316 واحد كانو خدامين فالمعمل ديال ترافورد بارك، منهم 7 آلاف و 260 مرا و جوج ديال الطبيب و الممرضة اللي ساكنين تما. الإنتاج ديال ميرلين بدا كينقص فغشت 1945، و حبس بالمرة ف 23 مارس 1946.,"shi 17 alf w 316 wa7d kanu khdamine f lma3mel dyal trafford park, mnhoum 7 alf w 260 mra w joj dyal tbib w lmoumarida lli saknine tema. l 2intaj dyal merlin bda kayn9os f 8 ghocht 1945, w 7bes bl mra f 23 mars 1946.","Some 17 thousand and 316 people worked at the Trafford Park plant , including 7 thousand and 260 women and two resident doctors and nurses. Merlin production started to run down in August 1945, and finally ceased on 23 March 1946.",عمل في مصنع ترافورد بارك حوالي 17 ألفًا و316 شخصًا، منهم 7 آلاف و260 امرأة، وطبيبان مقيمان وممرضتان. بدأ إنتاج ميرلين في الانخفاض في أغسطس 1945، وتوقف نهائيًا في 23 مارس 1946.,VALIDATED,GOLD
data51314,WIKI_C_10715,C,لين كان معاهدة فرساي و عصبة الأمم. كتب مقالات كيحث، بلا فايدة، على تصديق ميريكان على المعاهدة اللي أسسات المنظمة الدولية.,"lin kan moaeyedan lmo3ahada dyal versay w l3osbat l 2omam. ktb makalat kay7eth, bla fayda, 3la tasdi9 merican 3la lmo3ahada li assesat l monadama addawliya.","Lane was a supporter of the Treaty of Versailles and of the League of Nations. He wrote articles urging, in vain, U.S. ratification of the treaty establishing the international organization.",كان لين مؤيدًا لمعاهدة فرساي ولعصبة الأمم. كتب مقالات يحث، دون جدوى، على تصديق الولايات المتحدة على المعاهدة التي أسست المنظمة الدولية.,VALIDATED,GOLD
data51315,WIKI_D_07668,D,سيمبسون، روبرت (1979). كارل نيلسن، سيمفونيست. لندن: كان أند أفيريل ص. 260. ردمك 0-900707-46-1. شوف صفحات 92 – 111. الطبعة الثانية منقحة بالكامل مع فصل زيادة.,"Simpson, Robert (1979). Carl Nielsen, Symphonist. London: Kahn & Averill p. 260. ISBN 0-900707-46-1. Chof safahat 92 – 111. tb3a tanya mneqha b lkamel m3a fassl zyada.","Simpson, Robert (1979). Carl Nielsen, Symphonist. London: Kahn & Averill p. 260. ISBN 0-900707-46-1. See pages 92–111. Second edition, fully revised with an additional chapter.",سيمبسون، روبرت (1979). كارل نيلسن، المؤلف السيمفوني. لندن: كان وأفيريل، ص. 260. ردمك 0-900707-46-1. انظر الصفحات 92-111. الطبعة الثانية منقحة بالكامل مع فصل إضافي.,VALIDATED,GOLD
data51316,DATA_7166,A,كايعجبك البحر أولا الجبال؟,kay3ejbek lb7er oula ljbal?,do you prefer the beach or the mountains?,هل تفضل الشاطئ أم الجبال؟,VALIDATED,GOLD
data51317,DATA_21405,B,الوريقات د البلوط رقم 266 نهار 2 غشت 1943 بصفة ملازم أول (ضابط د الحرب) وقائد سرب ديال 7/جي جي 5,l warriqat d l ballut raqm 266 nhar 2 ghusht 1943 b sifa mulazim awwal (dabet d lharb) w qa2id srb dyal 7/JG 5,"266th Oak Leaves on August 2, 1943, as Oberleutnant (war officer) and Staffelkapitän of the 7/JG 5.
",حصلَ على أوراقِ البلوطِ رقم 266 في 2 أغسطس 1943 بصفتهِ ملازماً أولَ (ضابط حرب) وقائداً للسربِ السابع  7/جي جي 5.,VALIDATED,GOLD
data51318,DATA_2859,A,لي كانقصد هو راه ماكانش الخطأ ديالي...,li kan9sad hwa rah makanch lkhata2 dyali...,I mean it wasn't really my fault...,أعني، لم يكن الأمر خطئي حقًا...,VALIDATED,GOLD
data51319,WIKI_C_01165,C,"التقديم الصوتي ""مايكل مايكل ... (مافهمتش) ... ماكيسوقوش ليهم"" سجلاتو أنجليكا فييرا، المنتجة ديال مانهاتن كونيكشن.","t9dim soti ""michael michael ... (mafhemtch) ... makisou9ouch lihom"" sgelato angelica vieira, montija dyal manhattan connection.","The voice intro, ""Michael, Michael… (I didn't understand)… they don't care about them"", was recorded by Angélica Vieira, a producer for Manhattan Connection.","المقدمةُ الصوتية: ""مايكل، مايكل... (لم أفهم)... إنهم لا يكترثون لهم""، سجلتها أنجيليكا فييرا، منتجةُ برنامج مانهاتن كونيكشن.",VALIDATED,GOLD
data51320,DATA_15048,B,"جاي، آدم (27 ماي 2003). ""بوسي واقفة ثابتة على صفقة إي إم آي"". الديلي تلغراف.","jay, adam (27 may 2003). ""boussi waqfa tabta 3la safqat i em ay"". addaily telegraph.","Jay, Adam (27 May 2003). ""Boosey Stands Firm on EMI Deal"". The Daily Telegraph.","جاي، آدم (27 مايو 2003). ""بوسي تصرُّ على صفقة إي إم آي"". الديلي تلغراف.",VALIDATED,GOLD
data51321,DATA_24114,B,التركيبة ديال مجلس الجماعة الأصلي (ولا مجلس الجماعة كيف كان شحال هادي) تنتقدات بهاد الأسباب:,Attarkiba dyal mejliss ljama3a l asli (wella mejliss ljama3a kif kan shhal hadi) tntaqdat bhad lasbab:,The structure of the Aboriginal Shire Council (or Community Council as it was previously) has been criticised for the following reasons:,تعرض هيكل مجلس شير أبوريجينال (أو مجلس المجتمع كما كان يُعرف سابقًا) للانتقاد للأسباب التالية:,VALIDATED,GOLD
data51322,DATA_1783,A,علاش ماتجيبش قرعة حتى هيا,3lach matjibch 9or3a 7tta hia,Why don't you bring a bottle as well,لماذا لا تحضر زجاجة أيضًا,VALIDATED,GOLD
data51323,WIKI_D_08448,D,"بيزلي وݣولد كيشوفو باللي تومسون شاف الشكل ""كنتيجة لقوى ديناميكية.. تشكلات بتدفقات الطاقة ومراحل النمو"". وكيمدحو ""كتابتو الفصيحة ورسوماتو  الرائعة"" اللي عطاو الإلهام للفنانين والمهندسين المعماريين وحتى العلماء. ","bizli w Gould kishufou belli thompson shaf shshkel ""ka natijat l9wa dynamikiya.. tshaklat b tadaffuqat l-ta9a w marahil l numuw"". w kimehdo ""ktabtu l fasi7a w resmatu l ra2i3a"" li 3taw l 2ilham l fannanin w l mohandisin lmi3mariyin w hta l 3ulama.","Beesley and Gould observe that Thompson saw form as ""a product of dynamic forces, shaped by flows of energy and stages of growth"". They praise his ""eloquent writing and exquisite illustrations"", which have inspired artists, architects, and scientists alike.","يُشيرُ بيزلي وݣولد إلى أنَّ تومسون رأى في الشكلِ ""نتاجاً لقوىً ديناميكيةٍ شكلتْها تدفقاتُ الطاقةِ ومراحلُ النمو"". ويُثنيانِ على ""كتابتِهِ الفصيحةِ ورسوماتِهِ الرائعةِ"" التي ألهمتِ الفنانينَ والمهندسينَ المعماريينَ وحتى العلماء.",VALIDATED,GOLD
data51324,WIKI_D_11361,D,المدينة كانت موضوع تجاوز من طرف شركة خرى، ديدكوت، نيوبيري وساوثهامبتون للسكك الحديدية، باش يفتحو طريق سكة حديد خور للشمال ف تمانينات القرن التاسع عشر وشي شغل ديال لبني، بما فيه واحد السد اللي باقي، تدار ف منطقت هيل لين.,"lmdina kanet mawdu3 tajawoz mn tarf charika khora, Didcot, Newbury u Southampton lil skek lhadidiya, bach ift7o triq skka hadid khor l chmal f tamaninat lqarn ttasi3 3achar u chi chghol dyal lbni, bima fih wahed ssed lli baqi, tdar f mintoqt Hill Lane.","The town was bypassed by a separate company - the Didcot, Newbury and Southampton Railway - to open another rail route to the North in the 1880s. Some construction, including a surviving embankment, was carried out in the Hill Lane area.",كانتِ البلدةُ مَساراً لشركةٍ منفصلة، وهي سكةُ حديدِ 'ديدكوت ونيوبيري وساوثهامبتون'، لفتحِ خطٍ حديديٍّ آخرَ نحو الشمالِ في ثمانينياتِ القرنِ التاسع عشر؛ حيثُ نُفذتْ بعضُ أعمالِ البناءِ في منطقةِ هيل لين بما في ذلك سدٌّ ترابيٌّ لا يزالُ قائماً.,VALIDATED,GOLD
data51325,WIKI_D_10979,D,ميلور، آن ك. 'نقد خاص بهن: ناقدات أدبيات رومانسيات'. مساءلة الرومانسية. تحرير جون بير. بالتيمور: مطبعة جامعة جونز هوبكنز، 1995. ردمك 978-0-8018-5052-3.,"Mellor, Anne K. 'A Criticism of Their Own: Romantic Women Literary Critics.' Questioning Romanticism. Ed. John Beer. Baltimore: Johns Hopkins Univ. Press, 1995. ISBN 978-0-8018-5052-3.","Mellor, Anne K. 'A Criticism of Their Own: Romantic Women Literary Critics.' Questioning Romanticism. Edited by John Beer. Baltimore: Johns Hopkins Univ. Press, 1995. ISBN 978-0-8018-5052-3.",ميلور، آن ك. 'نقدٌ خاصٌ بهنَّ: ناقداتٌ أدبياتٌ رومانسيات'. ضمنَ كتاب 'مساءلةُ الرومانسية'، تحرير جون بير. بالتيمور: مطبعةُ جامعةِ جونز هوبكنز، 1995. ردمك 978-0-8018-5052-3.,VALIDATED,GOLD
data51326,WIKI_C_11940,C,فريدريش وواحد سميتو سيتيغ صنعو سيليسيوم نيتريد عام 1925 بالترجاع الكربوحراري تحت النيتروجين، يعني سخنو السيليس والكربون والنيتروجين فواحد الحرارة ديال 1250 حتى لـ 1300 درجة.,"Friedrich u wahed smitu Sittig san3u silisium nitrid 3am 1925 b tterja3 l karbo7arari ta7t nnitrojin, ya3ni sekhnu ssilis u l karbon u nnitrojin f wahed l harara dyal 1250 hta l 1300 daraja.","In 1925, E. Friederich and L. Sittig synthesized silicon nitride via carbothermal reduction under nitrogen - specifically, by heating silica, carbon, and nitrogen at 1250-1300 °C.",قام إي. فريدريش ول. سيتيغ بصنعِ نتريدِ السيليكون في عام 1925 عن طريقِ الاختزالِ الكربوحراري تحتَ النيتروجين، وذلكَ بتسخينِ السيليكا والكربونِ والنيتروجين عندَ درجةِ حرارةٍ تتراوحُ بين 1250 و1300 درجة مئوية.,VALIDATED,GOLD
data51327,DATA_24510,B,المشاكل ديال التحسين الخطي قابلة للتفريق. إلى عطاوك مشكل قابل للتفريق وعندو حل أمثل، نتبتو واحد الحل أمثل.,"l mashaakil diyal tthseen l khatti qabila lit ttafriq. ila 3tawk moshkil qabil lit ttafriq w 3ndo 7el amthal, ntbtu wahed l7el amthal.","problems of linear optimization are separable. Given a separable problem with an optimal solution, we fix an optimal solution.",مشاكل التحسين الخطي قابلة للفصل. بالنظر إلى مشكلة قابلة للفصل لها حل أمثل ، فإننا نثبت حلاً أمثلًا.,VALIDATED,GOLD
data51328,DATA_21477,B,طيلة الفترة، كان كيبين على شجاعة كبيرة، قيادة حكيمة، وإخلاص للواجب، و الخدمة ديالو كانت لا تقدر بثمن.,"tilat lfatra, kan kiybin 3la shaja3a kbira, qiyada 7akima, w ikhlas l lwajib, w lkhadma dyalo kanat la tuqadar b taman.","Throughout he displayed the greatest courage, skilful leading and devotion to duty, and his work was invaluable.",طوال الوقت أظهر أعظم شجاعة، وقيادة ماهرة، وتفانياً في الواجب، وكان عمله لا يقدر بثمن.,VALIDATED,GOLD
data51329,DATA_12755,B,"حومپتي كيبان في رواية  ""مورا الزاج"" ديال لويس كارول (1872)، فين كيهضر مع أليس على المعاني وكيفاش الكلام كيتفهم.","houmpty kiban fi riwayat ""moura zzaj"" dyal louis carol (1872), fin kyhder m3a alis 3la lma3ani w kifash lklam kaytfehem.","Humpty appears in Lewis Carroll's ""Through the Looking-Glass"" (1872), where he discusses semantics and pragmatics with Alice.","يظهر همبتي دمبتي في رواية لويس كارول ""عبر المرآة"" (1872)، حيث يناقش فيها علم الدلالة وعلم البراغماتيات مع أليس.",VALIDATED,GOLD
data51330,WIKI_D_05317,D,"""بحال أي كائن حي، الثدييات البحرية عرضة للعدوى الفيروسية. ف 1988 و 2002، آلاف من فقمات المرفأ ماتو ف أوروبا بسبب فيروس داء الكلاب الفقمي. بزاف ديال الفيروسات خرى، بحال الكاليسي، الهربس، الفيروسات الغدية والأورثوبوكس، كدور بين تجمعات الثدييات البحرية.","b7al ay ka2ine 7ayy, thdiyat lbar7iya 3urda l3edwa lvirousiya. f 1988 w 2002, l alaf men foqmat lmarfae mato f europa bsbab virus da2e lklab lfqmi. bzaf dyal lvirusat khra, b7al l calici, l herpes, l virousat lghadiya w orthopox, kador bin tjamo3at thdiyat lbar7iya.","Like any living organism, marine mammals are susceptible to viral infections. In 1988 and 2002, thousands of harbor seals died in Europe due to the phocine distemper virus. Many other viruses, including caliciviruses, herpesviruses, adenoviruses, and orthopoxviruses, circulate within marine mammal populations.",تُعدُّ الثديياتُ البحريةُ، كأيِّ كائنٍ حيٍّ، عرضةً للإصابةِ بالعدوى الفيروسية. ففي عامي 1988 و2002، نَفَقَتْ آلافُ فقماتِ الموانئِ في أوروبا بسببِ فيروسِ ديستمبر الفقمي. كما تنتشرُ فيروساتٌ أخرى كثيرةٌ، بما في ذلكَ الفيروساتُ الكاليسيةُ، والهربس، والفيروساتُ الغديةُ، وفيروساتُ الأورثوبوكس، بينَ تجمعاتِ الثديياتِ البحرية.,VALIDATED,GOLD
data51331,DATA_22637,B,هاد لي بومبونات ديال التنفس خاص حتى هما يكونو ملصقين فيهم شنو فيهم. التيكي خاص يبين شنو هو الغاز ديال التنفس اللي فالبومبا.,had li boumbounat dyal ttanaffus khas hta homa ykounou mlasqin fihoum shnu fihoum. ttiki khas ibayen shnu huwa lghaz dyal ttanaffus li f l boumba.,These breathing gas cylinders must also be labeled with their contents. The label should state the type of breathing gas contained by the cylinder.,يجب أيضًا وضع ملصقات على أسطوانات غاز التنفس هذه توضح محتوياتها. يجب أن يوضح الملصق نوع غاز التنفس الذي تحتويه الأسطوانة.,VALIDATED,GOLD
data51332,DATA_5561,A,أحسن مادة عندي هي الماط,2a7sen madda 3ndi hiyya lmath,My favorite subject is math,مادتي المفضلة هي الرياضيات,VALIDATED,GOLD
data51333,DATA_3562,A,راه حاجة مزيانة ماعلجوش سمية ديال ولادهم,rah 7aja mzyana ma3aljoch smiya dyal wladhom,It's a good thing they didn't process their kids names,من حسن حظهم أنهم لم يعالجوا أسماء أطفالهم,VALIDATED,GOLD
data51334,WIKI_C_05400,C,بريسيوزا سانݣري عاودو شاركو ف نسخة 2013 ديال أولمبياد ديال الساعة. واليني ما وصلوش للدورة الثانية، جابو المرتبة 19 (32 نقطة) من بين 22 فرقة اللي شاركات.,"Preciosa Sangre 3awdu sharku f noskha dyal 2013 dyal olympiad dyal s-sa'a. Walayni ma wesloush l dowra ttanya, jabu l merteba 19 (32 nuqta) men bin 22 ferqa lli sharkat.","Preciosa Sangre participated again in the 2013 edition of the Olimpíadas de Actualidad. However, they did not make it to the second round, finishing 19th (with 32 points) out of 22 participating teams.",شاركت فرقة بريسيوزا سانغري مجدداً في نسخة عام 2013 من أولمبياد الحداثة ؛ لكنها لم تتأهل إلى الدور الثاني، حيث احتلت المرتبة التاسعة عشرة (بـ 32 نقطة) من بين 22 فريقاً مشاركاً.,VALIDATED,GOLD
data51335,DATA_17262,B,لعائلة ديال لي زونزيم ديال غلوتاثيون بيروكسيداز (جي إس إيش - بي إكس) كيحفزو شي تفاعلات اللي كيحيدو جزيئات الأوكسجين المتفاعلة بحال بيروكسيد الهيدروجين و هيدروپيروكسيدات العضوية.,l3a2ila dyal li zonzim dyal glutathione peroxidase (GSH-Px) kay7afzzo shi tafa3ulat li kay7ydu juzay2at l'oxygène lmutafa3ila b7al peroxyde l hydrogène w hydroperoxydates l3odwiya.,The glutathione peroxidase family of enzymes (GSH-Px) catalyze certain reactions that remove reactive oxygen species such as hydrogen peroxide and organic hydroperoxides.,تُحفِّز عائلة إنزيمات جلوتاثيون بيروكسيديز (جي إس إيش - بي إكس) تفاعلات معينة تزيل أنواع الأكسجين التفاعلية مثل بيروكسيد الهيدروجين وبيروكسيدات الهيدرو العضوية.,VALIDATED,GOLD
data51336,DATA_21650,B,حتى لـ 11 فصيلة فرعية تحددات، واخا علماء الحيوان كولين جروڤز و پيتر جرب كيعتابرو شي وحدين منهم كأنواع مستاقلة فواحد لمنشور ف 2011.,"7atta l 11 fassila far3iya t7adedat, wakha 3olamae l7ayawan Colin Groves u Peter Grubb ky3tabro shi wa7din mnhom ka anwa3 mostaqilla fwa7ed lmanshour f 2011.","As many as 11 subspecies have been identified, though zoologists Colin Groves and Peter Grubb treat a few of them as independent species in a 2011 publication.",تم التعرف على ما يصل إلى 11 سلالة فرعية، على الرغم من أن علماء الحيوان كولين غروفز وبيتر جروب يتعاملان مع عدد قليل منها كأنواع مستقلة في منشور عام 2011.,VALIDATED,GOLD
data51337,DATA_22734,B,واحد الكارطة ديال تي 206 واغنر كانت ديال واحد الجامع معروف سميتو فرانك ناجي، تباعت ب 456 ألف دولار فدجنبر 2005، عن طريق شركة المزاد ديال ماسترو.,"Wa7ed lkarta dyal T206 Wagner kanet dyal wa7ed jjame3 me3ruf smitu Frank Nagy, tba3et b 456 alf dolar f dejenbir 2005, 3en tariq sharikat l-mazad dyal Mastro.","A T206 Wagner owned by renowned collector Frank Nagy sold for 456 thousand dollar in December 2005, through Mastro's auction company.",باع جامع التحف الشهير فرانك ناجي بطاقة واغنر من نوع ديال تي بسعر 456 ألف دولار في ديسمبر 2005، عن طريق شركة ماسترو للمزادات.,VALIDATED,GOLD
data51338,WIKI_D_04030,D,في شهر سبعة ديال 2013، ولاية نيويورك، اللي هي سوق كبير وباب فين كيدخلو زعانف ديال القرش، منعو التجارة ديال زعانف القرش، وانضمو ل سبعة ديال الولايات أخرى من ميريكان و تلاتة ديال المناطق اللي تابعين لميريكان في المحيط الهادي باش يوفروا حماية قانونية للقروش.,"f shhr seb3a dyal 2013, wlayat new york, li hiya souq kbir w bab fin kaydkhlo za3anef dyal lqirsh, mn3o tijara dyal za3anef lqirsh, w ndmo l seb3a dyal l wilayat okhra mn merikan w tlata dyal manatiq li tab3in l merikan f l mohit l hadi bach ywofro himaya qanoniya l qorosh.","In July 2013, New York state, a major market and entry point for shark fins, banned the shark fin trade joining seven other states of the United States and the three Pacific U.S territories in providing legal protection to sharks.",في يوليو 2013، حظرت ولاية نيويورك، وهي سوق رئيسي ونقطة دخول لزعانف أسماك القرش، تجارة زعانف أسماك القرش، لتنضم إلى سبع ولايات أخرى في الولايات المتحدة وثلاث مناطق أمريكية في المحيط الهادئ في توفير حماية قانونية لأسماك القرش.,VALIDATED,GOLD
data51339,WIKI_D_00095,D,مورا ما داز، الحلقة التجريبية شافوها كتر من تسعة د المليون ديال المتفرجين، وربحات بسهولة التوقيت ديالها، حيث تقريبا ضوبلات نسبة المشاهدة على إي تي في 1 فنفس الوقت؛ التقييمات فاتو التوقعات ديال المنتجين. ولكن، النقاد عطاو ردود مختلفة على الحلقة.,"mura ma daz, l7al9a tjribiya chafoha ktar men tes3a d l million dyal l moutafarjin, w rb7at b sehula ttewqit dyalha, 7ayt ta9riban doblat nisbat l mochahada 3la ITV1 fnfs lwa9t; tta9yimat fato ttawaqo3at dyal l montijin. walakin, nnu9ad 3taw rdoud mokhtalifa 3la l 7ala.","Following its broadcast, the pilot was seen by over nine million viewers, easily winning its time slot, having nearly doubled viewership from ITV1 at the same time; the ratings went beyond the producers expectations. However, critics gave varied responses towards the episode.",عقب بثها، شاهد الحلقة التجريبية أكثر من تسعة ملايين مشاهد، لتفوز بسهولة بفترتها الزمنية، بعد أن ضاعفت تقريبًا نسبة المشاهدة من قناة إي تي في 1 في نفس الوقت؛ تجاوزت التقييمات توقعات المنتجين. ومع ذلك، قدم النقاد ردودًا متباينة تجاه الحلقة.,VALIDATED,GOLD
data51340,DATA_17611,B,التدبير البيئي: لما والأرض اللي مرتبطة بيه. بابليك أدمنستريشن ريفيو 28 (يوليوز - غشت)، 1968.,"Attadbir lbi2i: lma w l2ard lli mrtabeta bih. Public Administration Review 28 (yulyuz - ghusht), 1968.","Environmental Management: Water and Related Land. Public Administration Review 28 (July – August), 1968.",إدارة البيئة: المياه والأراضي ذات الصلة. مراجعة الإدارة العامة 28 (يوليو - أغسطس)، 1968.,VALIDATED,GOLD
data51341,WIKI_C_02037,C,"شحال هادي من بعد، واحد الكلمة قريبة ليها ""مافيا ديال الطيارات المقاتلة"" كانت كتوصف الناس اللي فالقوات الجوية اللي كانو كيبغيو الطيارات المقاتلة الخفيفة اللي كيعرفو يتقاتلو مزيان وجها لوجه حسن من الطيارات الثقيلة اللي كيطلقو الصواريخ.","shhal hadi mn b3d, wa7d lkelma qriba liha ""mafya dyal tayarat lmuqatila"" kant katwsaf nnas lli fel qawat jaywiya lli kano kiybghiw tayarat lmuqatila lkhafifa lli ky3rfo ytaqatlo mazyan wajhan liwajh 7san mn tayarat thqila lli kaytlaqo sarawikh.","Many years later a related term ""Fighter Mafia"" described those within the Air Force that favoured light weight fighters good at dog-fighting instead of heavy missile-firing fighters.","بعد سنوات عديدة، مصطلح قريب منه ""مافيا المقاتلين"" وصف أولئك داخل القوات الجوية الذين فضلوا المقاتلات خفيفة الوزن الجيدة في القتال الجوي بدلاً من المقاتلات الثقيلة المطلقة للصواريخ.",VALIDATED,GOLD
data51342,WIKI_D_01768,D,القياسات ديال صفحات گوتنبرگ لي نقلها جون مان ماشي قراب بزاف للنسبة الذهبية، ولكن التصميم ديال روزاريفو ولا فان دي خراڤ كيطبقو تشيخولد باش يدير مساحة نص مريحة ف صفحات بقياسات عشوائية، حتى هادوك لي جاو بالصدفة.,"lqyast dyal saf7at gutenberg li n9elha john man machi 9rab bezzaf lnisba zdahabiya, walakin tasmim dyal rosarivo wala van de grhraf kayteb9o tschichold bach idir masaha naṣṣ mori7a f saf7at b9yasat 3ashwaya, 7ta hadok li jaw bsodfa.","John Man's quoted Gutenberg page sizes are in a proportion not very close to the golden ratio, but Rosarivo's or van de Graaf's construction is applied by Tschichold to make a pleasing text area on pages of arbitrary proportions, even such accidental ones.",قياسات صفحات غوتنبرغ التي استشهد بها جون مان ليست قريبة جدًا من النسبة الذهبية، ولكن بناء روزاريفو أو فان دي جراف يطبقه تشيشولد لإنشاء منطقة نص مبهجة على صفحات ذات نسب اعتباطية، حتى تلك العرضية.,VALIDATED,GOLD
data51343,WIKI_C_01972,C,عملية البدء الرائعة في النهاية وصلات لعملية قبة الكروم. قبة الكروم كانت واحد لعملية فين طيارات ديال القصف كانوا كيبقاو ديما طايرين و حاضيين حدا حدود الاتحاد السوفياتي.,3amaliyat lbad2e rra2i3a f nnihaya wslat l3amaliyat qobbat lkrom. qobbat lkrom kanet wahed l3amaliya fin tayarat dyal lqasf kanou kayb9aw dima tayrin w 7adyiin 7da 7odoud l2ittihad souviyati.,Operation Head Start eventually lead to Operation Chrome Dome. Chrome Dome was an operation where bombers would be in constant airborne alert and loiter at points just outside the Soviet Union.,أدت عملية البداية الرائعة في النهاية إلى عملية قبة الكروم. كانت قبة الكروم عملية يتم فيها إبقاء القاذفات في حالة تأهب جوي مستمر وتحوم عند نقاط تقع خارج الاتحاد السوفيتي مباشرةً.,VALIDATED,GOLD
data51344,WIKI_C_08782,C,التيردد فجناب الضوا، اوميغا سي، تقدر تلقاه من هاد ليكسبريسيون باللي تساوي القيمة ديال الربح فجناب الضوا مع لقيمة المطلقة ديال ليكسبريسيون.,"tlfrd f jnab dowa, omega c, t9dr tl9ah mn had l'expression blli tsawi l9ima dyal rbe7 f jnab dowa m3a l9ima lmoṭla9a dyal l'expression.","The frequency at the band edges, omega c, can be found from this expression by equating the value of the gain at the band edge to the magnitude of the expression.",يمكن إيجاد التردد عند حواف النطاق، أوميغا سي، من هذا التعبير بمساواة قيمة الكسب عند حافة النطاق مع مقدار التعبير.,VALIDATED,GOLD
data51345,WIKI_C_05535,C,بحال لباقي ديال المملكة المتحدة و المنطقة اللي تابع ليها، تشيشاير، برادوال عندها مناخ بحري جاي من لمحيط الأطلسي، و تا العلو ديالها كيلعب دور حيت قريبة لجبال بينين.,"b7al libaqi dyal l mamlaka lmotta7ida w lmintaqa li ttab3 liha, cheshire, bradwall 3andha mounakh bahri jay men lmo7it l atlasi, w ta l3lou dyalha kiyel3eb dor 7it qriba lejbal pennines.","Following the rest of United Kingdom and its parent county, Cheshire, Bradwall has an oceanic climate influenced by the Atlantic Ocean, and also by its altitude due to its proximity to the Pennines.",مثل باقي أجزاء المملكة المتحدة والمقاطعة الأم، تشيشاير، تتمتع برادوال بمناخ محيطي متأثر بالمحيط الأطلسي، وكذلك بارتفاعها بسبب قربها من جبال بينين.,VALIDATED,GOLD
data51346,WIKI_C_04742,C,مولّي، هاد الجماعة كانت مزيانة فالتسعينات ديال القرن 19 حيت كانت محطة ديال التران فيها سيّلو ديال الزرع، البوسطة، و حانوت ديال كولشي. الحقول ديال البترول ديال هاريسون تاونشيب كانو قراب ليها.,"moli - had ljama3a kant meziana f ts3inat dyal l qarn 19 hit kanet ma7atta dyal tran fiha silo dyal zzer3, l bosta, w 7anout dyal kolchi. l7oqol dyal lpetrol dyal harrison township kanu qrab liha.","Mollie - This community thrived in the 1890s as a railroad stop with a grain elevator, post office, and general store. The Harrison Township oil fields were located nearby.",ازدهر هذا المجتمع في تسعينيات القرن 19 كمحطة للسكك الحديدية تضم صومعة حبوب ومكتب بريد ومتجرًا عامًا. كانت حقول النفط في بلدة هاريسون تقع بالقرب منها.,VALIDATED,GOLD
data51347,WIKI_C_11483,C,ملي تحل گوليَات، كان أطول و أسرع مانطَـن فكندا. عاماين من بعد، ملي تحل بيهيموث ف كندا ووندرلاند، گوليَات خسرات كاع الرْكُورَات.,"meli t7ell koliath, kan atwal w asra3 montan f canada. 3amayn men b3d, meli t7ell behemoth f canada w wonderland, goliath khessrat ga3 rrecordat.","When Goliath opened, it was the tallest and fastest roller coaster in Canada. Two years later, when Behemoth opened at Canada 's Wonderland, Goliath lost both records.",عندما افتتحت جولياث، كانت أطول وأسرع أفعوانية في كندا. بعد عامين، عندما افتتحت بيهموت في كندا ووندرلاند، فقدت جولياث كلا الرقمين القياسيين.,VALIDATED,GOLD
data51348,DATA_18092,B,"سكادي مذكورة فالأشعار اللي فالـ ""بويتيك إيدا""، وفجوج كتوبة ديال ""بروز إيدا"" وفواحد الكتاب ديال ""هيمسكرينغلا"".","Skadi medkoura fel ashaar li fel ""Poetic Edda"", w fe juj ktouba dyal ""Prose Edda"" w fe wahed l ktab dyal ""Heimskringla"".","Skadi is attested in poems found in the ""Poetic Edda"", in two books of the ""Prose Edda"" and in one ""Heimskringla"" book.","تَمَّ ذِكر سكادي في القصائد الموجودة في ""إيدا الشعرية""، وفي كتابين من ""إيدا النثرية""، وفي كتاب واحد من ""هيمسكرينغلا""",VALIDATED,GOLD
data51349,DATA_18349,B,"فيلم باي فيه بزاف ديال الإشارات للماث والنظريات ديالو. فواحد إنتيرفيو دارو أرونوفسكي عام 1998، اعترف بالبزاف ديال التأثيرات اللي كانت عليه باش دار فيلم ""باي .""","Film Pi fih bzzaf dyal l icharat ll math w nnazhariyat dyalou. F wahed interview darou Aronofsky 3am 1998, a3taraf b bzzaf dyal ttathirat lli kanet 3lih bach dar film ""Pi"".","Pi features several references to mathematics and mathematical theories. In a 1998 interview, Aronofsky acknowledged several influences for ""Pi"".","يحتوي فيلم باي على عدة إشارات إلى الرياضيات والنظريات الرياضية. وفي مقابلة عام 1998، اعترف أرونوفسكي بالعديد من التأثيرات على فيلم ""باي"".",VALIDATED,GOLD
data51350,DATA_11210,A,تعطلي بزّاف باش تشوف شي طونوبيل لكرا,t3etli bezzaf bach tchouf chi tonobil lkra,you are too late to borrow a car,لقد فات الأوان بالنسبة لك لاستعارة سيارة.,VALIDATED,GOLD
data51351,DATA_24863,B,وولف، دونالد إي. سد كبار وحلام آخرين: قصة ديال شركة ستة. نورمان، أوكلاهوما. مطبعة ديال جامعة أوكلاهوما، 1996.,"Wolf, Donald E. Ssad Kbar w 7lam Akhrin: qissa dyal Sherikat sseta. Norman, Oklahoma. Matba3a dyal Jami3at Oklahoma, 1996.","Wolf, Donald E. Big Dams and Other Dreams: The Six Companies Story. Norman, Oklahoma. University of Oklahoma Press, 1996.",وولف، دونالد إي. السدود الكبرى وأحلام أخرى: قصة الشركات الست. نورمان، أوكلاهوما. مطبعة جامعة أوكلاهوما، 1996.,VALIDATED,GOLD
data51352,WIKI_C_10291,C,تمنية ديال المراكب سي آي إم تشدو من عند مولاهم، جوج غرقو: إيسترن سيتي، مايكل إي (غرقات)، نوفليست، بريمروز هيل (غرقات).,"tmenya dyal l marakeb CAM tcheddu men 3end molahom, juj gharqo: Eastern City, Michael E (ghraqat), Novelist, Primrose Hill (ghraqat).","Eight CAM ships were requisitioned from private owners, two of which were sunk: Eastern City, Michael E (sunk), Novelist, Primrose Hill (sunk).",تم الاستيلاء على ثماني سفن من طراز سي آي إم من ملاكها الخاصين، وتم غرق اثنتين منها: إيسترن سيتي، مايكل إي (غارقة)، نوفليست، بريمروز هيل (غارقة).,VALIDATED,GOLD
data51353,DATA_10115,A,كان كيسحاب ليا غادي يتيح ملي يكون كيتزعلل.,kan kis7ab liya ghadi yti7 mli ykoun kitz3lel.,I thought he was going to fall while he was swinging.,ظننت أنه سيسقط عندما كان يتأرجح.,VALIDATED,GOLD
data51354,DATA_4142,A,ماخصكش تشرب فشمش,makhsskch tchrab fchamch,you shouldn't drink in the sun,لا ينبغي لك أن تشرب في الشمس,VALIDATED,GOLD
data51355,DATA_6869,A,كيفاش كتوجد القراية هنا تلامذ المستقبل؟,kifach katwejed l9raya hna tlamed lmoust9bal ?,How does the education system here prepare students for the future?,كيف يُعد النظام التعليمي هنا الطلاب للمستقبل؟,VALIDATED,GOLD
data51356,DATA_19917,B,"غولدمان، ريتشارد فرانكو. ""جون فيليب سوزا"". هاي فاي/ستيريو ريفيو 19، نمرة 1 (1967): 35–47.","Goldman, Richard Franko. ""John Philip Sousa"". HiFi/Stereo Review 19, nemra 1 (1967): 35–47.","Goldman, Richard Franko. ""John Philip Sousa"". HiFi/Stereo Review 19, no. 1 (1967): 35–47.","جولدسمان، ريتشارد فرانكو. ""جون فيليب سوزا"". مجلة HiFi/Stereo Review 19، العدد 1 (1967): 35-47.",VALIDATED,GOLD
data51357,WIKI_C_11616,C,ماعرفت أش نترجم هاد وهاد أوسي إل سي، ولكن نقدر نقول: سطانغ، إيفان؛ هولاند؛ روبينز، هال (2006) [1991]. نوض!: الفيديو د السابجينيوس (ديفيدي-آر). سابجينيوس موفينغ بيكتشرز. أوسي إل سي.,"Ma3reft ach nterjem had w had OCLC, w lakin n9der n9oul: Stang, Ivan; Holland; Robins, Hal (2006) [1991]. Noud!: l video d l subgenius (DVD-R). SubGenius Moving Pictures. OCLC.","Stang, Ivan; Holland ; Robins, Hal (2006) [1991]. Arise!: the SubGenius Video (DVD-R). SubGenius Moving Pictures. OCLC.",ستانج، إيفان؛ هولندا ؛ روبنز، هال (2006) [1991]. قم!: فيديو سابجينيوس (ديفيدي-آر). سابجينيوس موفينغ بيكتشرز. أوسي إل سي.,VALIDATED,GOLD
data51358,WIKI_D_08737,D,هيو باردولف ولا هيو شي واحد اخر (مات تقريبا ف 1203) كان مسؤول إداري و قاضي ملكي إنجليزي ف القرون الوسطى. معروف بالخبرة ديالو ف القانون، و كان تايخدم تا كمسؤول مالي. خدم تلاتة ديال الملوك ديال إنجلترا قبل ما يموت.,"hiu bardulf wla hiu shi wahed akhor (mat ta9riban f 1203) kan ms2ul idari w qadi malaki inglezi f lqurun l wusta. ma3ruf b lkhibra dyalu f lqanun, w kan taykhdem ta kmas2ul mali. khdem tlata dyal muluk dyal engiltra qbl ma ymut.","Hugh Bardulf or Hugh (died c. 1203) was a medieval English administrator and royal justice. Known for his legal expertise, he also served as a financial administrator. He served three kings of England before his death.",كان هيو باردولف، أو هيو المجهول (توفي حوالي عام 1203)، مسؤولاً إدارياً وقاضياً ملكياً إنجليزياً في العصور الوسطى. عُرف بخبرته القانونية، كما شغل منصب مسؤول مالي. خدم ثلاثة ملوك لإنجلترا قبل وفاته.,VALIDATED,GOLD
data51359,WIKI_C_12070,C,"هادي هي ديك التركيبة الساهلة بزاف اللي حفزات باش يتسمى اللوغاريتم الطبيعي ""طبيعي""؛ وهادي وحدة من الأسباب الرئيسية ديال الأهمية ديال الثابتة إي.","hadi hiya dik tarkeba ssahla bzzaf lli 7efzat bach ytsemma logarithm ttabi3i ""tatabi3i""; w hadi wa7da mn asbab ra2issia dyal l2ahamiya dyal thabita e.","This is this very simple formula that motivated to qualify as ""natural"" the natural logarithm; this is also one of the main reasons of the importance of the constant e.","هذه هي الصيغة البسيطة التي حفزت على تسمية اللوغاريتم الطبيعي بـ ""الطبيعي""؛ وهذه أيضاً أحد الأسباب الرئيسية لأهمية الثابت إي.",VALIDATED,GOLD
data51360,DATA_19067,B,جورجيا تيك لعبو ف 4 ديال ماتشات ديال بطولة أي سي سي ديال الفوتبال، ولكن الرباح الوحيد ديال يلو جاكيتس تحيد من بعد.,"Georgia Tech l3bou f reb3a dyal matchat dyal botolat ACC dyal football, walakin rbah l wahid dyal Yellow Jackets t 7eyyed mn ba3d.","Georgia Tech appeared in four ACC Football Championship Games, but the Yellow Jackets one win was later vacated.",ظهرت جورجيا تيك في أربع مباريات لبطولة كرة القدم في مؤتمر ساحل الأطلسي، لكن فوز اليلو جاكيتس الوحيد تم إلغاؤه لاحقاً.,VALIDATED,GOLD
data51361,DATA_21251,B,"فالحلقة ديال ""بيغ تروبل إن ليتل لانغلي"" من أميريكان داد! ف 2007، الوالدين البيولوجيين ديال فرانسين، نيك وكاساندرا داوسن كايعيشو تما.","f l halqa dyal ""Big Trouble in Little Langley"" men American Dad! f 2007, l walidin l biologiyin dyal Francine, Nick w Cassandra Dawson kay3icho tma.","In ""Big Trouble in Little Langley"", a 2007 episode of American Dad !, Francine 's birth parents Nick and Cassandra Dawson live there.","في حلقة ""مشاكل كبيرة في لانغلي الصغيرة""، وهي حلقة من مسلسل بابا أمريكي عام 2007، يعيش والدا فرنسين البيولوجيان نيك وكاساندرا داوسون هناك.",VALIDATED,GOLD
data51362,WIKI_C_03130,C,الضروريّة، هي ديك لفكرة باللي كولّا نوع عندو شي خصائص ضرورية ما كيتبدلوش، واحد الكونسيبت اللي تطور من الميتافيزيك الأرسطوطاليسية ديال العصور الوسطى، واللي كانت متوافقة مزيان مع علم اللاهوت الطبيعي.,"ddaruriya, hiya dik lfikra belli koulla naw3 3ndo chi khassa2is daruriya ma kiytbadloch, wa7d lconcept lli ttawer mn lmetaphysique l'aristotelisiya dyal l3osur l wusta, wlli kanat mtawf9a mzyan m3a 3ilm llahot ttabi3i.","Essentialism, the belief that every species has essential characteristics that are unalterable, a concept which had developed from medieval Aristotelian metaphysics, and that fit well with natural theology.",الجوهرية، وهي الاعتقاد بأن لكل نوع خصائص أساسية غير قابلة للتغيير، وهو مفهوم تطور من الميتافيزيقا الأرسطوطاليسية في العصور الوسطى، وتناسب جيداً مع اللاهوت الطبيعي.,VALIDATED,GOLD
data51363,DATA_2376,A,تقدر تجيب ليا معاك شي حاجة من المحل لي فالقنت,t9dar tjib liya m3ak chi 7aja man lma7al li f l9ont,Will you get me something from the shop round the corner?,هل ستجلب لي شيئًا من المتجر القريب؟,VALIDATED,GOLD
data51364,WIKI_C_12430,C,ديال بصح خدم راسك الحكومة، إسكوير، أبريل 1983، الصفحات 126-28. محاولة بكري باش يقدمو أفكار سياسية ديال العصر الجديد بحال يلا براغماتية ووسطية.,"dyal bse7 khdem rassek l7okuma, Esquire, Abril 1983, ssaffa7at 126-28. mo7awla dyal bekri bach yqadmu afkar l3asr jdid sseyasiya b7al ila pragmatiya w wostiya.","Do-It Yourself Government, Esquire, April 1983, pp. 126–28. Early attempt to present New Age political ideas as pragmatic and centrist.",حكومة افعلها بنفسك، أسكواير، أبريل 1983، الصفحات 126-28. محاولة مبكرة لتقديم أفكار العصر الجديد السياسية على أنها براغماتية ووسطية.,VALIDATED,GOLD
data51365,DATA_22796,B,زامير ضد وزير الدولة للشؤون الداخلية [1980] يو كي إتش إل 14، [1980] آ سي 930، إتش إل (يو كي).,"Zamire dedd Secretary of State for the Home Department [1980] UKHL 14, [1980] A.C. 930, H.L. (UK).","Zamir vs Secretary of State for the Home Department [1980] UKHL 14, [1980] A.C. 930, H.L. (UK).",زامير ضد وزير الدولة للشؤون الداخلية [1980] يو كي إتش إل 14، [1980] آ سي 930، إتش إل (يو كي).,VALIDATED,GOLD
data51366,WIKI_C_04280,C,في القرن العشرين، تفاصيل دقيقة بزاف على تصميم روبات ديال النبلاء والنبيلات (واشنو كيتلبس تحتهم) تنشرات من طرف إيرل مارشال قبل كل تتويج.,"f l qrn l3shrin, tafasil d9i9a bzaf 3la tasmim robat dyal nnobala2 w nnabilat (w ashnu kytlbas ta7thom) tnashrt mn tarf earl marshal qbl kol tatwij.","In the twentieth century, very precise details about the design of peers and peeresses robes (and what is to be worn underneath them) were published by the Earl Marshal in advance of each coronation.",في القرن العشرين، نُشرت تفاصيل دقيقة جداً عن تصميم أردية النبلاء والنبيلات (وما يُلبس تحتها) من قبل إيرل مارشال قبيل كل تتويج.,VALIDATED,GOLD
data51367,WIKI_C_08090,C,لواء الطيران المقاتل، الفرقة العاشرة ديال الجبل، واحد لواء ديال الطيران تابع للجيش ديال ميريكان ومركزو ففورت درام، نيويورك. هو وحدة تابعة للفرقة العاشرة ديال الجبل.,"lwa2 tiran mqatel, lferqa l3ashra dyal jjbel, wahed lwa2 dyal tayaran tabi3 l jaysh dyal merikan w markaz w f fort drum, new york. howa wa7da tab3a l ferqa 3ashra dyal jjbel.","The Combat Aviation Brigade, 10th Mountain Division is a combat aviation brigade of the United States Army based at Fort Drum, New York. It is a subordinate unit of the 10th Mountain Division.",لواء الطيران القتالي، الفرقة الجبلية العاشرة، هو لواء طيران قتالي تابع لجيش الولايات المتحدة ومقره في فورت درام، نيويورك. وهي وحدة فرعية تابعة للفرقة الجبلية العاشرة.,VALIDATED,GOLD
data51368,DATA_4198,A,أنا خايف شوية صراحة,ana khayf chwia sara7a,I'm quite scared in fact,أنا خائف جدًا في الواقع,VALIDATED,GOLD
data51369,DATA_16318,B,مارش: أوراكل كوربورايشن كتعلن باللي غادي تحبس التطوير ديال سوفتوير، ميدلوير وأوراكل لينيكس لـ إيتانيوم.,"March: Oracle Corporation kat3lan balli ghadi t7bbes t-tatwir dyal software, middleware w Oracle Linux l-Itanium.","March: Oracle Corporation announces that it will stop developing application software, middleware, and Oracle Linux for the Itanium.",مارس: تعلن شركة أوراكل أنها ستتوقف عن تطوير برمجيات التطبيقات، والبرمجيات الوسيطة، ونظام أوراكل لينكس لمعالجات إيتانيوم.,VALIDATED,GOLD
data51370,WIKI_C_11583,C,فالجهد ديال الألعاب الأولمبية الشتوية عام 2002، كانت شاركت فرئاسة الجمعية الخيرية أولمبيك إيد، اللي كتوفر أنشطة وبرامج رياضية للدراري الصغار فالمناطق اللي ضرباتها الحرب.,"f l johd dyal l al3ab l olympya chitwiya 3am 2002, kant charekt f ri2assat l jam3iya l kheirya Olympic Aid, lli katwfer anchita w baramij ryadya ldrari sghar f lmanatiq lli derbatha l 7arb.","During the 2002 Winter Olympics effort, she co-chaired the Olympic Aid charity, which provides athletic activities and programs for children in war-torn regions.",خلال جهود الألعاب الأولمبية الشتوية لعام 2002، شاركت في رئاسة جمعية أولمبيك إيد الخيرية، التي توفر الأنشطة والبرامج الرياضية للأطفال في المناطق التي مزقتها الحرب.,VALIDATED,GOLD
data51371,WIKI_C_08214,C,البرمجة المتوازية والبيسيات اللي خدامين بالتوازي خاص تكون عندهم واحد الموديل ديال التناسق (اللي كيتسمى حتى الموديل ديال الذاكرة). هاد الموديل كيشرح القواعد ديال كيفاش العمليات على الذاكرة ديال البيسي كيطراو وكيفاش النتائج كيخرجو.,el barmaja el moutawazia w el bisiyyat elli kheddamin bettawazi khas tkoun 3ndhom wa7d lmodel dyal tanasouq (lli kiyetsema 7ta el model dyal eddhakira). had el model kiychra7 el qawa3ed dyal kifach el 3amaliyat 3la eddhakira dyal el bisi kaytrao w kifach nneta2ej kikhrejo.,Parallel programming languages and parallel computers must have a consistency model (also known as a memory model). The consistency model defines rules for how operations on computer memory occur and how results are produced.,يجب أن تمتلك لغات البرمجة المتوازية والحواسيب المتوازية نموذج اتساق (يُعرف أيضاً بنموذج الذاكرة). يحدد نموذج الاتساق قواعد لكيفية حدوث العمليات على ذاكرة الحاسوب وكيفية إنتاج النتائج.,VALIDATED,GOLD
data51372,WIKI_D_12080,D,"واحد من ولاد ولاد هيندة قال باللي هيندة كان كيبنيو ""ديور صغار ديال العواد والخشب"" فين كان كيدعي. ولاد ولادو كانو كيسميوهم ""ديور الدعاء ديال جدي"". وهيندة كان ممكن تسمع صوتو كيدعي من ""مسافة بعيدة"".","wa7d men wlad wlad hinda qal belli hinda kan kaybniw ""dyour sghar dyal l3wad w lkhshb"" fin kan kyd3i. wlad wlado kanu kaysmiwhom ""dyour ddo3a2 dyal jddi"". w hinda kan momkin tsem3 sutu kyd3i men ""masafa b3ida"".","One of Hinde's grandchildren states that Hinde built ""little houses of sticks and wood"" where he would pray. The grandchildren called them ""Grandpa's prayer-houses"". Hinde could be heard praying from a ""considerable distance"".","يذكر أحد أحفاد هيندة أن هيندة كان يبني ""بيوتاً صغيرة من الأغصان والخشب"" كان يصلي فيها. وكان الأحفاد يسمونها ""مصليات جدي"". وكان يمكن سماع هيندة وهو يصلي من ""مسافة بعيدة"".",VALIDATED,GOLD
data51373,WIKI_C_04300,C,من دجنبر 2012، سان دياغو فيها تالت أكبر عدد ديال المشردين فالميريكان؛ ونسبة العساكري اللي ما عندهمش فين يسكنو تما هي الكبيرة ف البلاد كاملة.,"Men december 2012, San Diego fiha telt kbar 3adad dyal l mchardin f lmerikan; w nesbet l3askari lli ma3ndhomch fin yaskno tma hiya lkbira f lblad kamla.","As of December 2012, San Diego has the third-largest homeless population in the United States; the city's homeless population has the largest percentage of homeless veterans in the nation.",اعتباراً من ديسمبر 2012، تحتل سان دييغو المرتبة الثالثة من حيث عدد المشردين في الولايات المتحدة؛ ويشكل المحاربون القدامى المشردون هناك أكبر نسبة في البلاد.,VALIDATED,GOLD
data51374,DATA_20137,B,الرية كتخدم بحال شي فيلتر و كتشد الفقاعات فالشعيرات الدموية اللي القطر ديالها صغر. التبادل ديال الغازات فالجويصلات الرئوية كيصفي من الفقاعات.,riya katakhdem bhal shi filter o katshd lfuqqa3at f shshu3ayrat ddamawiya lli lqotr dyalha sgher. ttabadol dyal lghazat faljawaysilat rri2awiya kiysaffi mn lfuqqa3at.,The lungs work as a filter and trap the bubbles in the capillaries which have a smaller diameter. Gas transfer into the alveoli eliminates the bubbles.,تعمل الرئتان كمرشح وتحبس الفقاعات في الشعيرات الدموية التي يضيق قطرها. يزيل انتقال الغازات إلى الحويصلات الهوائية هذه الفقاعات.,VALIDATED,GOLD
data51375,DATA_17884,B,تاريخ مقاطعة هامبشاير، فيرجينيا الغربية: من أقدم استيطان ليها للحاضر. 1897. شارك في التأليف مع هو ماكسويل.,"Tarikh muqata3at Hampshire, Virginia lgharbiya: mn aqdam istitan liha llhadir. 1897. Sharek fi tta2lif m3a Huwa Maxwell.","History of Hampshire County, West Virginia: From Its Earliest Settlement to the Present. 1897. Co-authored with Hu Maxwell.",تاريخ مقاطعة هامبشاير، فيرجينيا الغربية: من أقدم استيطان لها حتى الوقت الحاضر. 1897. شارك في التأليف مع هيو ماكسويل.,VALIDATED,GOLD
data51376,DATA_9787,A,علاش مابغيتيش تعجد زيف؟,3lach mabghitich t 3god zif?,why you dont wanna tight your zif?,لماذا لا تريد أن تشد سحابك؟,VALIDATED,GOLD
data51377,DATA_7357,A,كانو نجوم مدورينا و كاتسمع صوت ديال طبيعة,kanou njoum mdewrina ou katsme3 sout dial tabi3a,we were surrounded by stars and the soothing sounds of nature,كنا محاطين بالنجوم وأصوات الطبيعة الهادئة,VALIDATED,GOLD
data51378,DATA_22903,B,فالسباق الاحتياطي، گولدي غلبات إيزيس، و فسباق ديال مراوات، كامبريدج ربحات.,"fessibaq al ihtiyati, Goldi ghelbat Izis, u fssibaq dial mrawat, Cambridge rb7at.","In the reserve race, Goldie beat Izis, and in the Women 's Boat Race, Cambridge were victorious.",في سباق الاحتياط، تفوقت غولدي على إيزيس، وفي سباق القوارب للسيدات، حققت كامبريدج النصر.,VALIDATED,GOLD
data51379,DATA_18099,B,أحسن رقم قياسي عالمي فالسكات بلا لبسة ديال المنشطات اللي كيتيرا عليه فئة الوزن الثقيل بزاف (إس إتش دبليو) (بغض النظر على أي فئة ديال الوزن) من عام 1995.,a7san raqm qiyasi 3alami fssekat bla lebssa dyal lmounachitat li kaytirra 3lih fi2at lwezn tthaqil bzzaf (SHW) (bghadd ennadhar 3la ay fi2a dyal lwezn) men 3am 1995.,Current drug-tested all-time world record squat without a suit in SHW class (regardless of weight class) since 1995.,الرقم القياسي العالمي الحالي في القرفصاء بدون بدلة وفئة الوزن الثقيل جداً (بغض النظر عن فئة الوزن) منذ عام 1995 مع فحص المنشطات.,VALIDATED,GOLD
data51380,WIKI_C_07625,C,دوبل أليرجيك هو الألبوم ديال الستوديو ديال الفرقة ديال الروك ألترناتيف ديال أوستراليا باودرفينغر. خرج ف أوستراليا نهار 2 سبتمبر 1996 ب بوليدور، وأنتج الألبوم تيم ويتن وكيتعتبر على نطاق واسع هو النقطة اللي باودرفينغر دارو فيها طلة للساحة.,"Double Allergic huwa l album dyal studio dyal l firqa dyal rock alternative dyal Australia Powderfinger. Khrej f Australia nhar 2 september 1996 b Polydor, w antaj l album Tim Whitten w kit3tabar 3la nitaq wasi3 huwa nnuqta lli Powderfinger daru fiha tala l ssaha.","Double Allergic is the second studio album by the Australian alternative rock band Powderfinger. Released in Australia on 2 September 1996 Polydor, the album was produced by Tim Whitten and widely considered Powderfinger 's mainstream breakthrough .",دبل أليرجيك هو الألبوم الاستوديو الثاني لفرقة الروك البديل الأسترالية باودرفينجر. صدر الألبوم في أستراليا في 2 سبتمبر 1996 بواسطة بوليدور، وأنتجه تيم ويتن، ويُعتبرعلى نطاق واسع الانطلاقة الرئيسية لباودر فينجر.,VALIDATED,GOLD
data51381,WIKI_D_08282,D,"واحد السيد ويستويل من سايت آند ساوند كتب باللي المصور السينمائي باري أكرويد دار ""تصوير حاد باليد"" وباللي التصميم الصوتي ديال بول ن ج ""كيستعمل الطنين اللي مكادش تبان باش يزيد من التوتر"". ويستويل مدح المهارة ديال المخرج:","Wahed ssyid Westwell mn Sight and Sound kteb bli l msawer cinema Barry Ackroyd dar ""tswir had b l yedd"" w bli ltsmim ssawti dyal Paul N.J."" ky sta3mel ttnin lli mkansh tban bach yzid mn ttawator"". Westwell mda7 lmahara dyal lmokhrij:","Guy Westwell of Sight & Sound wrote that the cinematographer Barry Ackroyd provided ""sharp handheld coverage"" and that Paul N.J. 's sound design ""uses the barely perceptible ringing of tinnitus to amp up the tension"". Westwell praised the director's skill:","كتب غاي ويستويل من ""سايت آند ساوند"" أن المصور السينمائي باري أكرويد قدم ""لقطات حادة باليد"" وأن التصميم الصوتي لبول ن.ج. ""يستخدم رنين طنين الأذن الذي لا يكاد يُدرك لزيادة التوتر"". أشاد ويستويل بمهارة المخرج:",VALIDATED,GOLD
data51382,DATA_9126,A,أنا غادي ندير معاك مزيان وسكتنا,ana ghadi ndir m3ak mzian ou sketna,"I will do right by you, so just be quiet.",سأتعامل معك بشكل جيد، فقط اصمت.,VALIDATED,GOLD
data51383,WIKI_D_07844,D,الأزمة د الحبشة بينات باللي العصبة كانت تقدر تأثر فيها المصلحة الذاتية د الأعضاء ديالها؛ واحد من الأسباب علاش العقوبات ماكانوش قاصحين بزاف هو أن بريطانيا و فرنسا كانو خايفين من أنهم يدفعو موسوليني و أدولف هيتلر يتحالفو.,l azma d lhebasha baynat belli l3osba kanet tkder t2ether fiha lmasla7a dhatiya d l2a3da2 dyalha; wa7ed men l2asbab 3lash l3o9obate makanoch 9asse7in bezzaf howa anna britania w frança kanou khayfin men ennahoum ydf3o mussolini w adolf hitler ye7talfo.,The Abyssinian crisis showed how the League could be influenced by the self-interest of its members; one of the reasons why the sanctions were not very harsh was that both Britain and France feared the prospect of driving Mussolini and Adolf Hitler into an alliance.,أظهرت أزمة الحبشة كيف يمكن أن تتأثر عصبة الأمم بالمصالح الذاتية لأعضائها؛ وكان أحد أسباب عدم كون العقوبات قاسية جداً هو أن بريطانيا وفرنسا خافتا من دفع موسوليني وأدولف هتلر إلى التحالف.,VALIDATED,GOLD
data51384,DATA_6129,A,واش ممكن تسرفي ليا عفاك؟,wach momkin tsarfi liya 3afak?,please can you give me some change?,هل يمكنك إعطائي بعض النقود المعدنية؟,VALIDATED,GOLD
data51385,DATA_20487,B,ويبر مزوج. هو و مرتو عندهم جوج دراري. كيخدم فالبني فاش مكيلعبش البيسبول باش يعاون شوية و يقد مصروفو.,Wiber mzowej. Huwa u mratu 3ndhum juj drari. Kikhdem fel bni fash makyl3bch sh lbaseball bash y3awen shwiya u yqadd msrufu.,Weber is married. He and his wife have two children . Weber works in construction during his time away from baseball to help make ends meet .,ويبر متزوج. ولديه ولدان وزوجته. يعمل ويبر في مجال البناء خلال فترة ابتعاده عن البيسبول للمساعدة في تدبير أمور معيشته.,VALIDATED,GOLD
data51386,WIKI_D_03936,D,فعام 1988، الترقيم ديال إم-118 تحيد والطريق تبدل الرقم ديالو لـ إم-222 باش ما يوقعش الخلط مع شارع 118 اللي كيجري موازي مع الطريق تقريبا بواحد الميل (1.6 كلم) فالشمال على طول المسافة.,"f-3am 1988, ttarqim dyal M-118 t7eyed w ttariq tbeddel rraqm dyalo lM-222 bach ma y weq3ch lkhalt m3a chari3 118 lli kayjri mwazi m3a ttariq taqriban b wahed lmil (1.6 km) fl chimal 3la toul l masafa.","In 1988, the M-118 designation was decommissioned and the highway was renumbered M-222 to prevent confusion with 118th Street which runs parallel to the route about one mile (1.6 km) to the north for most of the length.",في عام 1988، تم إلغاء تسمية إم-118، وتمت إعادة ترقيم الطريق إلى إم-222 لمنع الالتباس مع شارع 118 الذي يمتد بالتوازي مع الطريق لحوالي ميل واحد (1.6 كم) إلى الشمال لمعظم طول المسار.,VALIDATED,GOLD
data51387,DATA_4730,A,بغيت نشري زيت أركان,bghit nchri zit argan,I want to buy argan oil,أريد شراء زيت الأركان,VALIDATED,GOLD
data51388,DATA_22396,B,هاد التصنيف ديال الأنواع المختلفة ديال درومايوصوريدات تابع للجدول اللي عطا هولتز ف 2011 إلا ما كانش شي حاجة أخرى مذكورة.,had tasnif dyal lanwa3 lmkhtalifa dyal dromaeosauridat tab3 laljdwal lli 3ta holtz f 2011 ila makanch chi haja okhra madhkura.,"The following classification of the various genera of dromaeosaurids follows the table provided in Holtz, 2011 unless otherwise noted.",يتبع التصنيف التالي للأجناس المختلفة من الدرومايوصوريات الجدول المقدم في هولتز، 2011، ما لم يُذكر خلاف ذلك.,VALIDATED,GOLD
data51389,DATA_4050,A,أنا محتاج هاد الخدمة تبارمان باش تعاونني نخلص الكرا,ana m7taj had lkhdma t barman bach t3awnni nkhlls lkra,I need this bar tender job to help me pay my rent,أحتاج وظيفة ساقي البار هذه لمساعدتي في دفع إيجاري,VALIDATED,GOLD
data51390,DATA_22583,B,حتى آي جي إن حطات غلادوس (من بورتال) رقم واحد في لائحة ديالها لأكبر 100 شرير في ألعاب الفيديو.,7atta IGN 7attat GLaDOS (men Portal) reqm wa7ed fi la2i7a dyalha l2akbar 100 cherrir fi al3ab lvideo.,IGN also placed GLaDOS (from the game Portal) at number one in its list of the top 100 video game villains.,وضعت آي جي إن أيضاً غلادوس (من لعبة بورتال) في المرتبة الأولى ضمن قائمة أفضل 100 شرير في ألعاب الفيديو.,VALIDATED,GOLD
data51391,wiki_33,B,آيت سيدي داود جماعة ترابية قروية كاينة ف إقليم الحوز، جهة مراكش آسفي، ساكنين فيها 18976 واحد، على حسب لإحصاء لعام 2014.,"ayte sidi dawd jama3et trabiya qarwiya kayna f iqlim lhouz, jihat marrakesh asfi, sakinin fiha 18976 wahed, 3la hasb l 2ihsa2 l3am 2014.","aït sidi daoud is a rural commune located in the al haouz province, marrakech-safi region, with a population of 18976 according to the 2014 census.",آيت سيدي داود جماعة ترابية قروية تقع في إقليم الحوز، جهة مراكش آسفي، يسكنها 18976 نسمة، حسب إحصاء عام 2014.,VALIDATED,GOLD
data51392,DATA_23786,B,"شنو سميتي؟ (لحد البيض ""أب أون إت"" راديو) - 3:47","shnu smiti? (l7edd lbid ""Up On It"" radio) - 3:47",""" What 's My Name ? "" ( Low Sunday "" Up On It "" Radio ) - 3 : 47","What's My Name? (Low Sunday ""Up On It"" Radio) - 3:47",VALIDATED,GOLD
data51393,DATA_6681,A,أش بان ليك فالاثار ديال سوشيال ميديا على المجتمع؟,ach ban lik fl2athar dial social media 3la lmoujtama3 ?,what's your opinion on social media's impact on society?,ما رأيك في تأثير وسائل التواصل الاجتماعي على المجتمع؟,VALIDATED,GOLD
data51394,DATA_14566,B,"مكدونالدز، ""اليوم تستاهل الراحة""، ""جوج ديال ليكرص ديال اللحم، صوص خاصة، الخص، الفرماج...""","mcdonald's, ""lyoum tstahal ra7a"", ""jouj dyal likros dyal llham, soss khassa, lkhass, l frmaj...""","McDonald's, ""You deserve a break today"", ""Two all-beef patties, special sauce, lettuce, cheese...""","ماكدونالدز، ""تستحق قسطاً من الراحة اليوم""، ""قطعتان من اللحم البقري، صلصة خاصة، خس، جبن...""",VALIDATED,GOLD
data51395,WIKI_C_03375,C,"واحد 1964 سينغل ديال كامب ريكوردز خرجات واحد الأغنية كتعاير داك السلوغان بعنوان ""نضارب ولا ن..."" كيستعملو كلمة ""سويش"" اللي كتعني يدير فيها مريغل.","Wahed 1964 single dyal Camp Records khrejet wahed ughniya kat-3ayer dak sslogan b 3onwan ""Ndarreb wala n..."" kayst3emlu kelmat ""swish"" lli kat3ni ydir fiha mrigel.","A 1964 single released on the Camp Records label parodied the slogan with the song ""I'd Rather Fight Than"", using the slang term swish, meaning to behave .","تُحاكي أغنية منفردة صدرت عام 1964 على تسجيلات كامب الشعار بسخرية، بعنوان ""أفضل أن أقاتل بدلاً من ""، مستخدمة المصطلح العامي ""سويش""، والذي يعني التصرف بطريقة .",VALIDATED,GOLD
data51396,DATA_12476,A,عمرك جربتي تسلق شي شجرة خاتصدق مهرس إيلا تحتي من لفوق؟,3emrek jerebti tselle9 chi chejra 5atsde9 mherres ila te7ti men lfo9?,Have you ever tried climbing a tree only to end up broken if you fall from the top?,هل جربت يوماً تسلق شجرة لتجد نفسك مكسوراً إذا سقطت من الأعلى؟,VALIDATED,GOLD
data51397,DATA_22841,B,دجوكوفيتش و نادال ربحو 9 دورات ماسترز 1000 متبوعين من دورة مونتي كارلو ماسترز ديال 2013 لدورة ميامي ماسترز ديال 2014.,djokovic o nadal rb7u 9 dowrat masters 1000 mtbu3in mn dowra monti carlo masters dyal 2013 ldowra miami masters dyal 2014.,Djokovic and Nadal won all 9 Masters 1000 tournaments consecutively from the 2013 Monte Carlo Masters to the 2014 Miami Masters.,فاز ديوكوفيتش ونادال بجميع بطولات الماسترز 1000 التسع على التوالي من بطولة مونتي كارلو 2013 إلى بطولة ميامي 2014.,VALIDATED,GOLD
data51398,DATA_1939,A,البيرو ديالنا كاين فطابق رباعمية وخاصني نطلع دروج كل نهار,lbiro dyalna kayn ftaba9 rb3amia okhasni ntla3 droj kolla nhar,Our office is on the four hundredth floor and I have to take the stairs every day,يقع مكتبنا في الطابق الرابع من المئة، وعليّ أن أصعد الدرج كل يوم,VALIDATED,GOLD
data51399,DATA_1515,A,واش هاد البلاصة آمنة؟,wach had lblasa ammina?,Is this a safe area?,هل هذه منطقة آمنة؟,VALIDATED,GOLD
data51400,WIKI_D_06788,D,من بين الضيوف الآخرين البارزين من المجتمع الراقي اللي استضافوهم الريفز في لا باوزا كانو الأرستقراطيين الأمير رينيه والأميرة غريس ديال موناكو، والدوقة والدوق ديال وندسور، والممثلين غريتا غاربو، وإيرول فلين، وكلارك غيبل.,"Mn bin ddyuf lakhrin lbarzin mn l mojtama3 rraqi lli stadafuhom l reves f La Pausa kanu l aristocratyin l amir Rainier w l amira grace dyal Monaco, w dduqa w dduk dyal Windsor, w l momatilin Greta Garbo, Errol Flynn, w Clark Gable.","Among other prominent high-society guests hosted by the Reveses at La Pausa were the aristocrats Prince Rainier and Princess Grace of Monaco, the Duke and Duchess of Windsor, and actors Greta Garbo, Errol Flynn, and Clark Gable.",ومن بين الضيوف البارزين الآخرين من المجتمع الراقي الذين استضافهم آل ريفز في لا باوزا، كان الأرستقراطيون الأمير رينييه والأميرة غريس من موناكو، ودوق ودوقة وندسور، والممثلون غريتا غاربو، وإيرول فلين، وكلارك غيبل.,VALIDATED,GOLD
data51401,DATA_11206,A,تعطلي بزّاف باش شدد ل مراقبة,t3etli bezzaf bach chdded l mora9aba,you are too late to suprivise heavily,لقد تأخرت كثيراً لتشرف على الأمر بشكل مكثف,VALIDATED,GOLD
data51402,DATA_21812,B,الهولدن كومودور واحد الطوموبيلات اللي كانت كتصنع من عام 1978 من طرف هولدن في أستراليا و ، قبل، في نيوزيلندا.,"l holden commodore wa7ed ttomobilat lli kanet katsenna3 men 3am 1978 men ttaraf holden fi australia w, qbel, fi new zealanda.","The Holden Commodore is a car manufactured since 1978 by Holden in Australia and, formerly, in New Zealand.",هولدن كومودور هي سيارة تصنعها هولدن في أستراليا منذ عام 1978، وفي السابق في نيوزيلندا.,VALIDATED,GOLD
data51403,WIKI_D_12137,D,بعض الفراشات المضيئة من نوع فوتوريس كايقلدو الضو ديال فراشة مضيئة أخرى من نوع فوتينوس باش يجلبو الذكور ديالها كفريسة. هاكا كيحصلو على الماكلة وعلى المواد الكيماوية الدفاعية اللي سميتها ، حيت فوتوريس ماكايقدروش يصنعوها.,"Be3d l farachat l mdwiya mn no3 Photuris k ay qledo ddo dyal fracha mdwiya okhra mn no3 Photinus bach y jebdu dkor dyalha k frisa. Haka k ay heslu 3la l makla w 3la l mawadd l kimya2iya ddifa3iya lli smitha, hit Photuris ma k ayqedroch ysn3uha.","Female Photuris fireflies sometimes mimic the light pattern of another firefly, Photinus, to attract its males as prey. In this way they obtain both food and the defensive chemicals named, which Photuris cannot synthesize.",تُقلّد بعض يراعات فوتوريس أحياناً نمط إضاءة يراعة أخرى، فوتينوس، لاصطياد ذكورها كفريسة. وبهذه الطريقة يحصلن على الغذاء والمواد الكيميائية الدفاعية المسماة ، والتي لا تستطيع فوتوريس تصنيعها.,VALIDATED,GOLD
data51404,DATA_0605,A,"و لكن ماكاين باس, دابا نڭادّ الديسير, و كانواعدك غانبدا نجي فلوقت و غانردّ لبال","walakin makayn bas, daba ngadd ddisir, o kanwa3dek ghanbda nji flw9t o ghanrdd lbal","But it's all right, I'll do the dessert, and I promise I'll be on time and I'll be careful!",ولكن لا بأس، سأتولى الحلوى، وأعد بأن أكون في الوقت المحدد وسأكون حذراً!,VALIDATED,GOLD
data51405,WIKI_C_05572,C,فكل خطوة ك ديال الخوارزمية الإقليدية، كنحسبو الخارج كيو ك والباقي آر ك لواحد الزوج ديال الأعداد الصحيحة آر ك ناقص 2 وآر ك ناقص 1.,"fkol khotwa k dyal lkhwarizmiya leqlidya, kan hasbo lkharej qk w lbaqi rk lwahed zoj dyal l a3dad ssahiha rk naqes 2 w rk naqes 1.","In each step k of the Euclidean algorithm, the quotient qk and remainder rk are computed for a given pair of integers rk - 2 and rk - 1.",في كل خطوة ك من الخوارزمية الإقليدية، يتم حساب الخارج كيو ك والباقي آر ك لزوج معين من الأعداد الصحيحة آر ك - 2 و آر ك - 1.,VALIDATED,GOLD
data51406,DATA_0244,A,"هير فلمجرّ لي على إدّيك ليمن, دابا نجيب النضادر","hir flmjerr lli 3la iddik limen, daba njib nnDader","Just in the right hand drawer, I'll get the glasses",في الدرج الأيمن فقط، سأحضر النظارات,VALIDATED,GOLD
data51407,DATA_0138,A,الله إرحم ليك لواليدين,allah ir7m lik lwalidin,may God have mercy on your parents,رحم الله الوالدين,VALIDATED,GOLD
data51408,DATA_8546,A,راه الدربة في جهت السيف.,rah dderba fjiht sayf.,This strike is on the sword side.,هذه الطعنة في جهة السيف.,VALIDATED,GOLD
data51409,WIKI_C_04266,C,هاد الشكل ديال التوريث ديال سيروم ناسوديجيطوأكوستيك مازال ما مقطوعش، حيت واحد البنت تقيدات عندها هاد الحالة. كيتڭال باللي خاص المزيد من التحاليل باش التوريث يتأكد رسميا.,"had chkel dyal twrith dyal syrom nasodigitoacoustic mazal ma mqtu3ch, hit wa7d lbent tqyyedt 3ndha had l7ala. kit9al bl li khas lmazid men t7alil bach twrith yt2akked rasmiyan.","This form of inheritance for Nasodigitoacoustic syndrome is not yet absolute, though, as a girl has been reported with the disorder. It is suggested that further analysis is needed for the inheritance to be formally established.",هذا الشكل من الوراثة لمتلازمة ناسوديجيتو أكوستيك ليس مطلقًا بعد، على الرغم من أنه تم الإبلاغ عن فتاة مصابة بالاضطراب. ويُقترح أن هناك حاجة إلى مزيد من التحليل لترسيخ الوراثة رسميًا.,VALIDATED,GOLD
data51410,DATA_21923,B,فماي 2014، البيوعات ديال الديڤيدي والبلوراي ديال الستة ديال الأفلام اللوالا فالميريكان وصلات ل كتر من 620 مليون دولار.,"f may 2014, lbiou3at dyal ddividi w lbluray dyal sseta dyal l aflam llowala f lmirikan wslat l ktr mn 620 milyon dolar.","As of May 2014, the DVD and Bluray sales of the first six films in the United States earned more than 620 million dollar.",اعتباراً من مايو 2014، حققت مبيعات أقراص دي في دي وبلو راي للأفلام الستة الأولى في الولايات المتحدة أكثر من 620 مليون دولار.,VALIDATED,GOLD
data51411,DATA_8622,A,هاد زواج غير مفروض,had zwaj ghir mefroud,this marriage is not imposed,هذا الزواج غير مفروض,VALIDATED,GOLD
data51412,WIKI_D_03424,D,فالخدمة ديالها فالكريغسمارين ديال ألمانيا النازية، الغواصة أو-255 غرقات عشرة ديال السفن التجارية بـ 47.640 طن، وسفينة حربية ديال 1.200 طن، وغرقات سفينة تجارية أخرى بخسارة كلية ديال 7.191 طن.,"F lkhidma dyalha fl Kriegsmarine dyal Almania nnazia, l ghwasa U-255 gherqat 3achra dyal ssfan ttijariya b 47.640 ton, w sfina harbiya dyal 1.200 ton, w gherqat sfina tijariya okhra b khsara kulliya dyal 7.191 ton.","During her service in Nazi Germany's Kriegsmarine, U-255 sank ten commercial ships for 47.640 GRT, one warship of 1.200 GRT, and sank another commercial ship for a total loss of 7.191 GRT.",خلال خدمتها في البحرية الحربية الألمانية النازية (كريغسمارين)، أغرقت الغواصة يو-255 عشر سفن تجارية بوزن 47.640 طناً، وسفينة حربية بوزن 1.200 طن، وأغرقت سفينة تجارية أخرى بخسارة كلية قدرها 7.191 طناً.,VALIDATED,GOLD
data51413,WIKI_D_02884,D, القوة الطاردة المركزية الوهمية فالإطار اللي كيدور معا هيا، بشكل شعاعي للخارج. السرعة ديال الجزيئة فالإطار اللي كيدور معا حتى هيا بشكل شعاعي للخارج، حيت دي فاي داش / دي تي = 0.,"L qowa ttaridha lmarkazia lwahmia f l 2itar lli kaydor m3a hiya, b shkel cho3a3i lil kharej. Sor3a dyal l jozay2a f l 2itar lli kay dor m3a hatta hiya b shkel cha3a3i lil kharej, hit d-phi' / dt = 0.","The fictitious centrifugal force in the rotating frame is , directed radially outward. The velocity of the particle in the rotating frame is also radially outward, since dϕ' / dt = 0.",القوة الطاردة المركزية الوهمية فالإطار اللي كيدور معا هيا ، بشكل شعاعي للخارج. السرعة ديال الجزيئة فالإطار اللي كيدور معا حتى هيا بشكل شعاعي للخارج، حيت دي فاي داش / دي تي = 0.,VALIDATED,GOLD
data51414,DATA_6250,A,يعمري شفت شي مشا كبر من هادي,3mri chft chi mocha kbr mn hade,this is the biggest cat i've ever seen,هذه أكبر قطة رأيتها على الإطلاق,VALIDATED,GOLD
data51415,DATA_10373,A,كان كيسحاب ليا غادي يقاد ليا شي فخ,kan kis7ab liya ghadi y9ad liya chi fa55,i thought that he will set me a trap,ظننت أنه سيُنصب لي فخاً,VALIDATED,GOLD
data51416,WIKI_D_06369,D,يقدر يبانو الزوابع قلال فوسط المدينة حيت المساحة الجغرافية ديال وسط المدينة صغيرة بزاف. وإذا خذينا بعين الاعتبار أن المساحة ديال مركز الأعمال صغيرة بزاف مقارنة مع حدود المدينة، الزوابع غادي يضربو برا وسط المدينة كثر.,"iqdr ybanu zwabi3 qlal f wsst lmedina hit lmisaha l joghrafiya dyal wsst lmdina sghira bzzaf. w ila khdina b3yn l i3tibar anna lmsaha dyal markaz l a3mal saghira bzzaf moqarnatan m3a hdod lmdina, zzwabi3 radi ydrbu bra wsst lmdina ktar.","Tornadoes may seem rare in downtown areas because downtown areas cover such a small geographical area. Considering the size of a central business district is very small compared to the city limits, tornadoes will strike outside of the downtown area more often.",قد تبدو الأعاصير نادرة في وسط المدينة لأن المساحة الجغرافية لوسط المدينة صغيرة جداً. وبالنظر إلى أن مساحة منطقة الأعمال المركزية صغيرة جداً مقارنة بحدود المدينة، فإن الأعاصير ستضرب خارج وسط المدينة بشكل متكرر أكثر.,VALIDATED,GOLD
data51417,DATA_3179,A,قلبوك ضدي، أنا عارف!,"9albouk daddi, ana 3arf!","They've turned you against me, I know it!",لقد حوّلوا مشاعرك ضدي، أعرف ذلك!,VALIDATED,GOLD
data51418,DATA_11262,A,تعطلتي بزّاف باش تنوّد سنان,t3etlti bezzaf bach tnewed snan,You are very late in growing your teeth,لقد تأخرت كثيراً في إنبات أسنانك,VALIDATED,GOLD
data51419,WIKI_D_03822,D,في يعقوب 1:22 مكتوبة (ديال الكلمة) في أغلبية د المخطوطات، ولكن المصحح الثاني (سي 2) صححها لـ (ديال الناموس)، اللي مقروءة في مخطوطات بحال 88، 621، 1067، 1852.,"F Ya3qub 1:22 mktuba (dyal l kalima) f aghlabiya d l mkhttotat, walakin l mossaheh thani (C2) se7e7a l (dyal nnamus), lli m9ru2a f mkhtotat b7al 88, 621, 1067, 1852.","In James 1:22, it reads (of the word) in the majority of manuscripts, but the second corrector (C2) corrected it into (of the law), which is read in manuscripts such as 88, 621, 1067, 1852.",في يعقوب 1:22، تُقرأ (من الكلمة) في أغلبية المخطوطات، ولكن المصحح الثاني (سي 2) صححها إلى (من الناموس)، وهي قراءة موجودة في مخطوطات مثل 88، 621، 1067، 1852.,VALIDATED,GOLD
data51420,WIKI_C_05772,C,ماتي هوتاميكي مول أربع مرات الرقم القياسي العالمي؛ مول الرقم القياسي ديال التلة ديال هاراشوف، ب 214.5 متر؛ و جوج قفزات فوق 230 متر.,"matti hautamaki - mol arba3 merat re9m lqiyasi l3alami; mol re9m lqiyasi dial ttala dial harrachov, b 214.5 meter; w jouj qafzat fawq 230 meter.","Matti Hautamäki – four-time world record holder; current hill record holder on the Harrachov flying hill, with 214.5 m (704 ft); two jumps over 230 m.",ماتي هوتاميكي - حامل الرقم القياسي العالمي أربع مرات؛ صاحب الرقم القياسي الحالي لتلة هاراشوف بمسافة 214.5 متر (704 أقدام)؛ قفزتان فوق 230 متر.,VALIDATED,GOLD
data51421,DATA_2962,A,هادشي صحيح، ولكن كانبغي نجي هنا حتى ملي كاطيح الشتا,"hadchi s7i7, walakin kanbghi nji hna 7ta mli kaTi7 chta","That's true, but I like to come here even when it rains",هذا صحيح، ولكني أحب القدوم إلى هنا حتى عندما تمطر.,VALIDATED,GOLD
data51422,WIKI_D_08325,D,فالوسط ديال التلاتينات، الما آند با ولات مفضلة عند المهووسين بالسكك الحديدية، حيتاش الخط ديالها كان فيه التلال و المنعرجات كيدوز من الماريلاند و بنسلفانيا فالعروبية. هاد السكة كانت كدير بزاف ديال الرحلات اللي كيعجبو الناس مجرورين بالماكينات د الفابور القديمة ديالها.,"fel wsst dyal tlatinat, el ma and pa welat moufeddla 3nd el mahwusin bsikak l7adidiya, 7itash lkhet dyalha kan fi7 ttilal w moun3arajat kiduz mn el maryland w bnsilfania fel 3roubiya. had sekka kanet kadir bzaf dyal ri7elat lli ki3jbu nnas mjjrurin bl makinat dyal vapor lqdima dyalha.","In the mid-1930s, the Ma and Pa became an early favorite of railfans, attracted by its hilly, curving line through rural Maryland and Pennsylvania. The railroad offered several popular fan excursions pulled by its elderly steam locomotives.",في منتصف ثلاثينيات القرن 20، أصبح خط ما آند با مفضلاً مبكراً لدى عشاق السكك الحديدية، وذلك بفضل خطه الجبلي والمتعرج الذي يمر عبر ريف ماريلاند وبنسلفانيا. قدمت السكة الحديدية العديد من الرحلات السياحية الشعبية التي تجرها قاطراتها البخارية القديمة.,VALIDATED,GOLD
data51423,WIKI_D_03999,D,بدا كوط بذكر ماكبث ديال شكسبير بـ حتى / العظيم لتلة دونسينان / يجي ضدو' باش يقدم الشابتر ديالو على استعمال الماتريال كتمويه. الحيوانات من الكراب للكاطربيلار تم الوصف ديالهم.,Bda Cott b-dkr Macbeth dyal Shakespeare b 7ta / l3adim ltlat Dunsinan / yji ddedo bach y qddem chaptre dyalo 3la ist3mal lmaterial k tmuwih. l7yawanat mn l krab lelcaterpillar tema lwasf dyalhom.,Cott begins by citing Shakespeare's Macbeth with until / Great to the Dunsinane hill / Shall come against him to introduce his chapter on the use of materials as camouflage. Animals from crabs to caterpillars are described.,يبدأ كوت بالاستشهاد بمسرحية ماكبث لشكسبير حتى / العظيم إلى تل دونسينان / سيأتي ضده لتقديم فصله حول استخدام المواد كتمويه. توصف الحيوانات من السلطعون إلى اليرقات.,VALIDATED,GOLD
data51424,DATA_7649,A,ناس لي شراو كايڭولو عيان,nas li chraw kaygoulo 3yan,people who bought it affirm its bad,يؤكد الأشخاص الذين اشتروه سوءه,VALIDATED,GOLD
data51425,DATA_11772,A,نتحداك ت قلبني تواحد ماكيديرها بيا,nt7edak t 9oulbni tawa7ed makidirha biya,"I dare you to fool me, no one can pull that off with me",أتحداك أن تخدعني، فلا أحد يستطيع فعل ذلك بي,VALIDATED,GOLD
data51426,WIKI_C_07657,C,الأميرال إدموند إرنست غارسيا، ميريكاني ديال البحرية، كان القايد ديال الدستروير يو إس إس سلوت و شاف الدق فاش غزو أفريقيا وصقلية و فرانسا.,"al amirale edmund ernest garcia, mirikani dyal abahriya, kan alkayed dyal ddestroyer uss slot w chaf ddaq fach ghazo afriqiya w sikiliya w frança.","Rear Admiral Edmund Ernest Garcia, USN, was the commander of the destroyer USS Sloat and saw action in the invasions of Africa, Sicily, and France.",كان الأدميرال إدموند إرنست غارسيا، من البحرية الأمريكية، قائد المدمرة يو إس إس سلوت وشارك في غزو أفريقيا وصقلية وفرنسا.,VALIDATED,GOLD
data51427,DATA_8832,A,أنا غادي نتقدم البنتك للزواج,ana ghadi nt9eddem lbntek lzwaj,i want to marry your daughter,أريد أن أتزوج ابنتك,VALIDATED,GOLD
data51428,WIKI_C_10613,C,واحد الملاحظة: العلامات ديال الأميال في يوتا كيكونوا غاديين من الشمال للجنوب، أما ديال كولورادو ونيو مكسيكو كيكونوا غاديين من الجنوب للشمال.,"wa7ed lmola7a7a: l3alamate dyal l2amyal f yuta kaykonu gadiyin men chchmel liljanoub, ama dyal kolorado w new mksiku kaykonu ghadyin men ljanoub lchemal.","Note: The Utah mileposts are posted in a north to south direction, while Colorado's and New Mexico's mileposts are posted in a south-to-north direction.",ملاحظة: توجد علامات الأميال في يوتا باتجاه من الشمال إلى الجنوب، بينما توجد علامات الأميال في كولورادو ونيو مكسيكو باتجاه من الجنوب إلى الشمال.,VALIDATED,GOLD
data51429,DATA_12095,A,عمرك تراجع قبل المتحان بليلة,3emrek t raj3 9bel lmti7an blila,You should never revise the night before the exam,لا تراجع أبداً ليلة الامتحان,VALIDATED,GOLD
data51430,DATA_16973,B,شي فروض تاخداو ف الاستنتاج ديالها، داكشي علاش معادلة جيبس تقدر تطبق غي على المحاليل المثالية (المخففة بزاف) اللي فيها جوج مكونات.,"shi furud takhdaw f l2istintaj dyalha, dakshi 3lash mu3adalat Gibbs tqdar tttbaq ghi 3la l ma7alil l mithaliya (lmkheffa bzaf) li fiha juj mukawinat.","Certain assumptions are taken in its deduction, therefore Gibbs isotherm can only be applied to ideal (very dilute) solutions with two components.",تُؤخَذ بعض الافتراضات في استنتاجه، لذا لا يمكن تطبيق متساوية جيبس إلا على المحاليل المثالية (المخففة جدًا) ذات المكونين.,VALIDATED,GOLD
data51431,DATA_12967,B,تندربرد 1: طيارة صاروخية أسرع من الصوت، كتستعمل باش توصل بالزربة و تستطلع مناطق الحوادث. كيسوقها منسق الإنقاذ الرئيسي سكوت تريسي.,"Thunderbird 1: Tyyara saroukhiya asra3 men ssawt, katst3mal bash twssel bzzrba u tstetla3 manatiq l hawadit. Ki souqha monassiq l 2inqad rraissi Scott Tracy.",Thunderbird 1: a hypersonic rocket plane used for fast response and accident zone reconnaissance. Piloted by primary rescue co-ordinator Scott Tracy.,ثندربيرد 1: طائرة صواريخ فائقة السرعة تستخدم للاستجابة السريعة واستطلاع مناطق الحوادث. يقودها المنسق الرئيسي للإنقاذ سكوت تريسي.,VALIDATED,GOLD
data51432,WIKI_D_10241,D,فخمسة ففبراير عام 1965، مالكوم إكس سافر مرة أخرى لبريطانيا، وفثمانية ففبراير حضر أول اجتماع ديال مجلس المنظمات الإفريقية ف لندن. الغد ليه حاول يرجع لفرنسا ولكن منعوه من الدخول.,"f 5 f fevrier 3am 1965, malcolm x safer merra o5ra lbritanya, w f 8 f fevrier 7dar awel ijtima3 dyal mejlis l monadamat l 2ifri9ya f london. lghad lih 7awel yrja3 lfrança walakin men3oh men ddokhol.","On February 5, 1965, Malcolm X flew to Britain again, and on February 8 he addressed the first meeting of the Council of African Organizations in London. The next day he tried to return to France, but was refused entry.",في 5 فبراير عام 1965، سافر مالكوم إكس مجدداً إلى بريطانيا، وفي 8 فبراير ألقى خطاباً في الاجتماع الأول لمجلس المنظمات الأفريقية في لندن. في اليوم التالي حاول العودة إلى فرنسا، لكنه مُنع من الدخول.,VALIDATED,GOLD
data51433,WIKI_D_08494,D,الأصل ديال هاد العقيدة جا من الفشل ديال الماركسية اللينينية فدول بحال بولونيا، هنغاريا و ألمانيا الشرقية، اللي كانوا كيعانيو من تدهور مستوى المعيشة مقارنة بالازدهار ديال ألمانيا الغربية و باقي أوروبا الغربية.,"l 2asl dyal had l3aqida ja men lfechel dyal lmarksiya liniyiniya f dowal bhal polonya, hungarya w almanya charqiya, lli kanu kay3aniw men tdehur mustawa lma3isha moqarnatan bel izdehar dyal almanya lgharbiya w baqi europa lgharbiya.","The doctrine found its origins in the failures of Marxism-Leninism in states like Poland, Hungary and East Germany, which were facing a declining standard of living contrasting with the prosperity of West Germany and the rest of Western Europe.",نشأت العقيدة من إخفاقات الماركسية اللينينية في دول مثل بولندا وهنغاريا وألمانيا الشرقية، التي كانت تواجه انخفاضاً في مستوى المعيشة على النقيض من ازدهار ألمانيا الغربية وبقية أوروبا الغربية.,VALIDATED,GOLD
data51434,DATA_5801,A,فين نقدر نلقى أتاي؟,fin n9der nl9a atay?,Where can I find the tea?,أين يمكنني أن أجد الشاي؟,VALIDATED,GOLD
data51435,DATA_19916,B,"دفوراك، ريموند ف. "" ذكريات على عروض سوسا ديال المارشات"". الموسيقي ديال المدرسة، المخرج والأستاذ، دجنبر 1969.","dvorak, raymond v. ""dikrayat 3la 3oroud sousa dyal l marchat"". l mosiqi dyal l madrasa, lmokhrij w l ostad, dujanbir 1969.","Dvorak , Raymond F. ""Recollections of Sousa 's March Performances"". School Musician, Director and Teacher, December 1969.","دفوراك، ريموند ف. ""ذكريات عن عروض مارشات سوسا"". مجلة موسيقي المدرسة، المدير والمعلم، ديسمبر 1969.",VALIDATED,GOLD
data51436,WIKI_C_05680,C,"اللجنة الوطنية الأرمنية ديال أمريكا، تابعة لـ إي آر إف
، هي أقوى لوبي أرمني فالميريكان. وخْتها اللجنة الوطنية الأرمنية ديال كندا خدامة فكندا.","llajna l watanya l 2armanya dyal amerika, ttabi3a l ARF, hiya aqwa lobi armani fl merikan. w khetha llajna lwatanya l 2armanya dyal canada kheddama f canada.","Armenian National Committee of America, an ARF affiliate organization, is the strongest Armenian lobby organization in the United States. Its sister organization Armenian National Committee of Canada, operated in Canada.",اللجنة الوطنية الأرمنية لأمريكا، وهي منظمة تابعة لاتحاد الثوري الأرمني إي آر إف، هي أقوى منظمة ضغط أرمنية في الولايات المتحدة. تعمل منظمتها الشقيقة، اللجنة الوطنية الأرمنية لكندا، في كندا.,VALIDATED,GOLD
data51437,WIKI_C_05004,C,1993 – تسجيل ديال الكاست اللي عاودو مسرحية تورونتو، بطولة ريبيكا لوكر، مارك جاكوبي، لونت ماكي، روبرت مورس، إلين ستريتش وميشيل بيل (في دور جو).,"1993 – tasjil dyal l-cast lli 3awdo masrahiyat Toronto, botolat Rebecca Luker, Mark Jacoby, Lonette McKee, Robert Morse, Elaine Stritch w Michel Bell (f-dor Joe).","1993 – Toronto revival cast recording, starring Rebecca Luker, Mark Jacoby, Lonette McKee, Robert Morse, Elaine Stritch and Michel Bell (as Joe).",1993 – تسجيل كاست إعادة إحياء تورونتو، بطولة ريبيكا لوكر، ومارك جاكوبي، ولونيت ماكي، وروبرت مورس، وإلين ستريتش، وميشيل بيل (في دور جو).,VALIDATED,GOLD
data51438,WIKI_C_11854,C,التبديلات اللي غايوقعو فالمناخ ديال الجهات متوقعين يكونو فيهم السخونية زايدة فالبر، و السخونية كتر فالشمال ديال الكرة الأرضية، و قل سخونية فالجنوب ديال المحيط و شي بلايص فالمحيط الأطلسي الشمالي.,"ttabdilat lli ghaywq3u f lmunakh dyal ljihat mtwq3in ykunu fihom sskhunia zayda f lbarr, w sskunia ktar f shamal dyal lkura l 2ardiya, w qel skhunia f ljanub dyal lmu7it w shi blayes f lmuhit l atlasi shshamali.","Changes in regional climate are expected to include greater warming over land, with most warming at high northern latitudes, and least warming over the Southern Ocean and parts of the North Atlantic Ocean.",من المتوقع أن تشمل التغيرات في المناخ الإقليمي زيادة في الاحترار فوق اليابسة، مع وجود معظم الاحترار في خطوط العرض الشمالية العليا، وأقل قدر من الاحترار فوق المحيط الجنوبي وأجزاء من شمال المحيط الأطلسي.,VALIDATED,GOLD
data51439,WIKI_C_08491,C,الوقت ديال الدهب سالا فالمعرض ديال ألاسكا و يوكون و پاسيفيك ف 1909، و اللي هو اللي مسؤول بزاف على كيفاش دايرة الجامعة د واشنطن دابا.,"waqt dyal ddheb sala fl ma3red dyal Alaska w Yukon w Pacific f 1909, w lli howa lli ms2ul bzzf 3la kifash dayra ljami3a d washington daba.","The Gold Rush era culminated in the Alaska-Yukon-Pacific Exposition of 1909, which is largely responsible for the layout of today's University of Washington campus.",بلغ عصر حمى الذهب ذروته في معرض ألاسكا - يوكون - باسيفيك عام 1909، وهو المسؤول إلى حد كبير عن تصميم حرم جامعة واشنطن الحالي.,VALIDATED,GOLD
data51440,WIKI_D_01129,D,"تشامبرلين، دانييل هنري (1902). ""تشارلز سومنر ومعاهدة واشنطن"". جمعية ماساتشوستس التاريخية (ووستر، ماساتشوستس: مطبعة جي.جي. ديفيس). تشامبرلين راجع خطاب لتشارلز فرانسيس آدمز لجمعية نيويورك التاريخية في 19 نونبر1901.","chamberlin, daniel henry (1902). ""charles sumner w mou3ahadat wachington"". jam3iyat massachussetts tarikhiya (worcester, massachussetts: matba3at g.g. davis). chamberlain raje3 khitab l charles francis adams l jam3iyat new york taryikhiya f 19 novembre 1901.","Chamberlain, Daniel Henry (1902). ""Charles Sumner and the Treaty of Washington"". Massachusetts Historical Society (Worcester, Massachusetts: Press of G.G. Davis). Chamberlain reviewed speech by Charles Francis Adams to New York Historical Society on November 19, 1901.","تشامبرلين، دانييل هنري (1902). ""تشارلز سومنر ومعاهدة واشنطن"". جمعية ماساتشوستس التاريخية (ووستر، ماساتشوستس: مطبعة جي. جي. ديفيس). راجع تشامبرلين خطاباً لتشارلز فرانسيس آدامز ألقاه أمام جمعية نيويورك التاريخية في 19 نوفمبر 1901.",VALIDATED,GOLD
data51441,DATA_15044,B,"فڭان، ماري (7 أكتوبر 2001). ""بوسي آند هوكس تواجه عرض بـ 50 مليون جنيه استرليني"". الديلي تلغراف.","fegan, mary (7 october 2001). ""bousi and hawks twajeh 3ard b50 - milyoun jouneih esterlini"". ad-daily telegraph.","Fagan, Mary (7 October 2001). ""Boosey & Hawkes Faces 50 million pound Bid "". The Daily Telegraph.","فاجان، ماري (7 أكتوبر 2001). ""بوسي وهاركس تواجه عرضًا بقيمة 50 مليون جنيه إسترليني"". ديلي تلغراف.",VALIDATED,GOLD
data51442,DATA_5244,A,مايقدرش يتسنا مازال,may9derch ytsnna mazal,He can't wait any longer,لم يعد بإمكانه الانتظار أكثر من ذلك,VALIDATED,GOLD
data51443,WIKI_C_01669,C,باعتبارها وحدة من الخطوط المشهورة بزاف فالتاريخ، بزاف ديال التصميمات تدارو مستوحين من تصميم غاراموند ولكن تابعين طرق مختلفة فالتصميم.,"Be3tibarha waheda mn lkhotout lmachhoura bezzaf f ttarikh, bezzaf dyal ttasmimat tdarou mstawhin mn ttasmim dyal Garamond walakin tab3in toroq mokhtalifa f ttasmim.","As one of the most popular typefaces in history, a number of designs have been created that are influenced by Garamond's design but follow different design paths.",باعتبارها واحدة من أشهر الخطوط في التاريخ، تم إنشاء عدد من التصميمات المتأثرة بتصميم غاراموند ولكنها تتبع مسارات تصميم مختلفة.,VALIDATED,GOLD
data51444,WIKI_C_03961,C,بفضل البونيس ديال الوقت اللي خدا حيت جا التاني، ساغان طلع للمرتبة التانية فالترتيب العام، عندو نفس الوقت ديال مالوري. ديبوشير، فنفس الوقت، شد الراس ديال الترتيب ديال النقط.,"Bfdel l bonus dyal l waqt lli khda hit ja ttani, Saghan tla3 lil martaba ttanya f ttartib l3am, 3ndo nafs lwaqt dyal Malori. Debusschere, fnafs lwaqt, ched rras dyal ttartib dyal nnoqat.","Thanks to the time bonus he won for coming second, Sagan moved up into second place overall, on the same time as Malori. Debusschere, meanwhile, moved into the lead of the points classification.",بفضل العلاوة الزمنية التي فاز بها لحلوله ثانياً، تقدم ساغان إلى المركز الثاني في الترتيب العام، بنفس توقيت مالوري. وفي الوقت نفسه، تصدر ديبوشير ترتيب النقاط.,VALIDATED,GOLD
data51445,WIKI_D_02816,D,جيتو لبلادنا - هجّرتونا من بلايصنا، وروّنتونا فخدمتنا. ملي كانتمشاو فبلاد ديالنا كايضربونا البيض؛ علاش البيض كايعاملو فينا هاكا؟,"Jitu lbladina - hejertuna mn blayesna, w rwen tuna f khdemtna. Mli kantmechaw fbladna dyalna kay derbuna lbyed; 3lach lbyed kay 3amlu fina haka?","You came to our country - you have driven us from our haunts, and disturbed us in our occupations. As we walk in our own country we are fired upon by the white men; why should the white men treat us so?",لقد جئتم إلى بلدنا - لقد هجرتمونا من أوكارنا، وأزعجتمونا في أعمالنا. عندما نسير في بلدنا، يطلق علينا البيض النار؛ لماذا يعاملنا البيض هكذا؟,VALIDATED,GOLD
data51446,WIKI_D_07580,D,نهار 18 نونبر 2006، الطيارة ديال رافالومانانا تفرض عليها تبدل المسار على العاصمة ديال مدغشقر فاش كان راجع من أوروبا من بعد ما وصلات أخبار باللي كاين شي انقلاب واقع فأنتاناناريفو وكاين الرصاص حدا المطار. المحاولة ديال الانقلاب مانجحاتش فالأخير.,"Nhar 18 nouanbir 2006, teyara dyal Ravalomanana tferdat tbdel lmasar 3la l 3asima dyal Madagascar fach kan raje3 men Europa men ba3d ma wslat akhbar belli kayn chi 2inqilab waqe3 f Antananarivo w kayn rrsas hda l mtar. l mohawala dyal l 2inqilab manejhatsh f l 2akhir.","On November 18, 2006, Ravalomanana's plane was forced to divert from Madagascar's capital while he was returning from Europe, following reports of a coup attempt in Antananarivo and gunfire near the airport. The coup attempt ultimately failed.",في 18 نوفمبر 2006، اضطرت طائرة رافالومانانا إلى تغيير مسارها بعيداً عن عاصمة مدغشقر أثناء عودته من أوروبا، بعد ورود أنباء عن محاولة انقلاب في أنتاناناريفو وإطلاق نار قرب المطار. لم تنجح محاولة الانقلاب في النهاية.,VALIDATED,GOLD
data51447,DATA_24021,B,السيري اللولة ترشحات لواحد الجائزة ديال الكوميديا البريطانية فـ 2007، و دي حتى هو ترشح لأحسن ممثل كوميدي.,"ssiri lluwla trech7at lwa7d lja2iza dyal lcomedya lbritanya f 2007, u di 7tta huwa trech7 l2a7san mumathil comedy.","The first series was nominated for a British Comedy Award in 2007, with Dee also nominated for best comedy actor.",ترشحت السلسلة الأولى لجائزة الكوميديا البريطانية عام 2007، كما ترشح دي عن فئة أفضل ممثل كوميدي.,VALIDATED,GOLD
data51448,WIKI_D_12241,D,الدوكيمو اللي فيه الشروط، ولا فاش كيتبادلو العقود، واحد من الدوكيموات اللي فيهوم الشروط (ماشي ضروري يكون نفس واحد) خاصو يكون مسيني من كل طرف فالعقد ولا بالنيابة عليه.,"Eddocimo lli fih chchurot, wla fach kaytbadlo l3uqud, wahed mn eddocimowat lli fihom chchurot (machi ddaruri ykun nafs wahed) khasso ykun msigni mn kol taraf fl 3aqd wla b niyaba 3lih.","The document incorporating the terms or, where contracts are exchanged, one of the documents incorporating them (but not necessarily the same one) must be signed by or on behalf of each party to the contract.", يجب أن يوقع على الوثيقة التي تتضمن الشروط، أو في حالة تبادل العقود، على إحدى الوثائق التي تتضمنها (وليس بالضرورة نفس الوثيقة) كل طرف من أطراف العقد أو من ينوب عنه.,VALIDATED,GOLD
data51449,WIKI_C_02231,C,"ف 22 مارس 1988، سلسلة نوڤا ديال بي بي إس دوزات واحد الفيلم وثائقي على رامانوجان، سميتو ""الراجل اللي كان كيحماق على الأرقام"" (السيزون 15، الحلقة 19).","f 22 mars 1988, silsilat nova dial PBS dawzat wa7d film watha2iqi 3la Ramanujan, smito ""errajl lli kan ky7ma9 3la l2arqam"" (season 15, l7ala 19).","On 22 March 1988, the PBS Series Nova aired a documentary about Ramanujan, ""The Man Who Loved Numbers"" (Season 15, Episode 19).","في 22 من مارس عام 1988، بثت سلسلة نوفا التابعة لـ بي بي إس فيلماً وثائقياً عن رامانوجان، بعنوان ""الرجل الذي أحب الأرقام"" (الموسم 15، الحلقة 19).",VALIDATED,GOLD
data51450,WIKI_C_02580,C,حركة الدببة الكحلة على طول الطريق في نيو جيرسي زادت بالزربة بدات ف 2001. داكشي علاش صناديق ديال الزبل ديال الحديد مضادين للدببة كاينين في جميع المآوي ديال نيو جيرسي.,7araka dyal d'daba lk7la 3la 7ta l3=al9a f New Jersey zdat bz'rba bdaat f 2001. Dakchi 3lash s'nadi9 dyal zbel dyal l7did m'dadiyn l'daba kaynin f jmi3 l'm'aawi dyal New Jersey.,"Black bear activity along the trail in New Jersey increased rapidly starting in 2001. Hence, metal bear-proof trash boxes are in place at all New Jersey shelters.",تزايدت حركة الدببة السوداء على طول المسار في نيوجيرسي بسرعة بدءاً من عام 2001. وعليه، تم وضع صناديق قمامة معدنية مقاومة للدببة في جميع ملاجئ نيوجيرسي.,VALIDATED,GOLD
data51451,WIKI_D_10752,D,معصبة من الممارسات النفسية المؤسساتية والتساهل في إجراءات الإيداع القسري، ميليه ولات ناشطة. ومع المحامي ديالها، بدلات قانون الإيداع في ولاية مينيسوتا باش ضروري تكون محاكمة قبل ما شي واحد يتلاح قسرياً.,"m3asseba mn l momarssat nafsia l m2osasatia w tassahoul f ijra2at l 2idaa3 l qosri, Milleh walat nashita. w m3a lmo7ami dyalha, bddlat qanoun l 2idaa3 f wilayat Minnesota bach darouri tkoun mohakama qbel ma chi wahed ytla7 qasrian.","Angered by institutional psychiatric practices and lenient involuntary commitment processes, Millett became an activist. With her lawyer, she changed the State of Minnesota's commitment law so that a trial is required before a person is involuntarily committed.",غاضبة من الممارسات النفسية المؤسساتية والإجراءات المتساهلة للإيداع القسري، أصبحت ميليت ناشطة. ومع محاميها، غيرت قانون الإيداع في ولاية مينيسوتا بحيث أصبح من الضروري إجراء محاكمة قبل إيداع شخص ما قسرياً.,VALIDATED,GOLD
data51452,WIKI_C_01211,C,بالنسبة لماليزيا: عبد القادر محمد، سفير متجول تابع لوزارة الشؤون الخارجية الماليزية، ومستشار الشؤون الخارجية لرئيس الوزراء (وكيل ماليزيا).,"bnsba lmalizia: 3bd lqadir mohamed, safir mtjawl tabi3 l wizarat ch2oun lkharijia lmalizia, w mostachar ch2oun lkharijia l ra2iss lwozara2 (wakil malizia).","For Malaysia: Abdul Kadir Mohamad, Ambassador-at-Large, Ministry of Foreign Affairs, Malaysia; Adviser for Foreign Affairs to the Prime Minister (Malaysia's Agent).",بالنسبة لماليزيا: عبد القادر محمد، سفير متجول، وزارة الشؤون الخارجية، ماليزيا؛ مستشار الشؤون الخارجية لرئيس الوزراء (وكيل ماليزيا).,VALIDATED,GOLD
data51453,DATA_19789,B,مخرج واحد (إلمور جيمس، مارشال سيهورن، سوني بوي ويليامسون) (27 يونيو) – 4:55,"mekhraj wahed (Elmore James, Marshall Sehorn, Sonny Boy Williamson) (27 Yonyo) - 4:55","One Way Out (Elmore James, Marshall Sehorn, Sonny Boy Williamson) (June 27) – 4:55",مخرج واحد (إلمور جيمس، مارشال سيهورن، سوني بوي وليامسون) (27 يونيو) - 4:55,VALIDATED,GOLD
data51454,DATA_1191,A,غادي نعيط ل مضيفة هنايا.,ghadi n3iyet l modifa hnaya.,I'll get the stewardess out here.,سأحضر المضيفة إلى هنا.,VALIDATED,GOLD
data51455,WIKI_C_08907,C,المحاماة ديال جيليبراند لفيليب موريس دارت مشكل فالحملة. التسجيلات ديال تمويل الحملة ديالها بينات باللي شدات شي 23 ألف و200 دولار تبرعات من الخدامة ديال الشركة فالحملة ديالها للكونغريس ف 2006.,lmo7amat dial gilibrand lfilip moris dart machkil f l7amla. tasijlat dial tamwil l7amla dialha bynat belli cheddat chi 23 alf w 200 dollar tabar3at mn l khaddama dial sharika f l7amla dialha lel kongres f 2006.,Gillibrand's legal representation of Philip Morris was an issue during the campaign. Her campaign finance records showed that she received 23 thousand and 200 dollar in contributions from the company's employees during her 2006 campaign for Congress.,كان التمثيل القانوني لجيليبراند لشركة فيليب موريس قضية خلال الحملة الانتخابية. أظهرت سجلات تمويل حملتها أنها تلقت 23 ألف و200 دولار كمساهمات من موظفي الشركة خلال حملتها لعام 2006 للكونغرس.,VALIDATED,GOLD
data51456,DATA_15534,B,آر إتش إس جزء من نظام المدارس ديال مقاطعة فولتون ومعتمدة من طرف الجمعية الجنوبية للكليات والمدارس ووزارة التعليم ديال جورجيا.,RHS juz2e mn nidam l madaris dyal muqata3at Fulton u m3tamda mn taraf al jam3iya aljanoubiyya lilkuliyat w al madaris u wizarat t3lim dyal Georgia.,RHS is a part of the Fulton County School System and is accredited by the Southern Association of Colleges and Schools and the Georgia Department of Education.,تعد مدرسة آر إتش إس جزءاً من نظام مدارس مقاطعة فولتون، وهي معتمدة من قبل الجمعية الجنوبية للكليات والمدارس ووزارة التعليم في جورجيا.,VALIDATED,GOLD
data51457,WIKI_C_01758,C,غوسو، آدم (2002). بحال شي قتيلة هنا: العنف فالجنوب وتقاليد ديال البلوز. منشورات جامعة شيكاغو. آي إس بي إن 978-0-226-5.,"Gussow, Adam (2002). Bhal chi qtila hna: l3onf fl janoub w tqalid dyal lblues. Manshourat jami3at Chicago. ISBN 978-0-226-5.","Gussow, Adam (2002). Seems Like Murder Here: Southern Violence and the Blues Tradition. University of Chicago Press. ISBN 978-0-226-5.",غوسو، آدم (2002). يبدو كأن هناك جريمة قتل هنا: عنف الجنوب وتقاليد البلوز. مطبعة جامعة شيكاغو. ردمك 978-0-226-5.,VALIDATED,GOLD
data51458,DATA_22186,B,البوسطة د ميريكان ف سايكمور كاينة على طول إلينوي 64 (شارع ستيت)، نيشان قبالة المكتبة العمومية د سايكمور.,"l busta d mirikan f sycamore kayna 3la tul Illinois 64 (shari3 state), nishan qbalt lmaktaba l 3umumia d sycamore.","The U.S. Post Office Building in Sycamore is located along Illinois 64 (State Street), directly across the street from the Sycamore Public Library.",يقع مبنى مكتب البريد الأمريكي في سيكامور على طول الطريق 64 في ولاية إلينوي (شارع الولاية)، قبالة مكتبة سيكامورالعامة مباشرة.,VALIDATED,GOLD
data51459,DATA_24709,B,إليزابيث الثانية ديال المملكة المتحدة وفيليب ماونتباتن (لي تولد أمير ديال اليونان والدنمارك) (1947),Elizabeth ttanya dial lmamlaka lmuttahida w Philip Mountbatten (li twled amir dial lyounan w denmark) (1947),Elizabeth 2 of the United Kingdom and Philip Mountbatten (born a Prince of Greece and Denmark) (1947),إليزابيث الثانية ملكة المملكة المتحدة وفيليب مونتباتن (ولد أميراً لليونان والدنمارك) (1947),VALIDATED,GOLD
data51460,DATA_7966,A,أش لاحها هي على هاد الشي؟,ach la7ha hiya 3la had chi?,Why does she even care?,لماذا تتدخل هي في هذا الأمر أصلاً؟,VALIDATED,GOLD
data51461,DATA_0699,A,كنت هنا شي يوماين هادي,knt hna chi yomayn hadi,I was here about two days ago,كنتُ هنا قبل يومين تقريباً,VALIDATED,GOLD
data51462,WIKI_C_11330,C,حط-سميات، ديارميد أو وكيفين موراي، فـ ذا هيريتيج أوف أيرلاند، إيديتيد باي إن إيت آل، ذا كولينز بريس، كورك، عام 2000، الصفحات 146-155.,"7ot-smiyyat, Diarmuid aw Kevin Murray, f the Heritage of Ireland, edited by N. et al, The Collins Press, Cork, 3am 2000, ssef7at 146-155.","Place-names, Diarmuid O and Kevin Murray, in The Heritage of Ireland, ed. N. et al., The Collins Press, Cork, 2000, pp. 146–155.",أسماء الأماكن، ديارمويد أو وكيفين موراي، في كتاب تراث أيرلندا، تحرير ن. وآخرون، دار نشر كولينز، كورك، عام 2000، الصفحات 146-155.,VALIDATED,GOLD
data51463,DATA_20013,B,ألياس جيسي جيمس (1959) - بوب هوب هو نجم وهيو أوبرايان باين شوية بحال وايات إيرب.,Alias Jesse James (1959) - Bob Hope huwa nejem w Hugh O Brian bayen chwiya bhal Wyatt Earp.,Alias Jesse James (1959) – Bob Hope stars and Hugh O Brian briefly appears as Wyatt Earp.,ألياس جيسي جيمس (1959) - بوب هوب هو النجم، ويظهر هيو أوبرايان قليلاً في دور وايات إيرب.,VALIDATED,GOLD
data51464,DATA_24527,B,هاد الانهيار جلب اهتمام عالمي، و وسائل الإعلام في أستراليا، كندا، إيرلندا، جنوب أفريقيا و الولايات المتحدة غطّات الحدث.,"had l 2inhiyar jleb ihtimam 3alami, u wassa2il l 2i3lam f australia, canada, irlanda, janub ifri9ya u l wilayat lmutta7ida ghettat l hadath.","The implosion attracted global attention, with media in Australia, Canada, Ireland, South Africa and the United States covering the event.",استقطب الانهيار اهتماماً عالمياً، حيث قامت وسائل الإعلام في أستراليا وكندا وأيرلندا وجنوب أفريقيا والولايات المتحدة بتغطية الحدث.,VALIDATED,GOLD
data51465,DATA_13874,B,لكنيسة ف المجتمع القديم: من الجليل لغريغوري الكبير (تاريخ أكسفورد ديال الكنيسة المسيحية، 2001),"lknisa f lmojtama3 l9dim: mn ljalil l ghrighouri lkbir (tarikh Oxford dyal lknisa lmasi7iya, 2001)","The Church in Ancient Society: From Galilee to Gregory the Great (Oxford History of the Christian Church, 2001)",الكنيسة في المجتمع القديم: من الجليل إلى غريغوريوس الكبير (تاريخ أكسفورد للكنيسة المسيحية، 2001),VALIDATED,GOLD
data51466,DATA_22887,B,أولريك تومسن ف دور ساشا دافيدوف: المسؤول على الأمن ديال إلكترا كينݣ ف أذربيجان و الوسيط السري ديال رينارد.,Oulrik tomsen f dor sacha davidov: lms2oul 3la l2amn dyal electra king f azerbijan w lwassit ssirri dyal renard.,Ulrich Thomsen as Sasha Davidov: Elektra King 's head of security in Azerbaijan and Renard 's secret liaison.,أولريش ثومسن بدور ساشا دافيدوف: رئيس الأمن الخاص لإليكترا ملك في أذربيجان وعميل رينارد السري.,VALIDATED,GOLD
data51467,DATA_19909,B,"""جرس الحرية"" (عام 1893) (اللي من بعد ولّا تيتر النهاية ديال مسلسل مونتي بايثون سيرك الطاير).",jaras l7orriya (3am 1893) (lli mn b3d wlla titr nnihaya dyal mosalsal Monty Python's Flying Circus).,"""The Liberty Bell""  (1893) (later used as credits theme for Monty Python 's Flying Circus TV series).","  ""جرس الحرية"" (عام 1893) (استخدم لاحقاً كموسيقى تصويرية لبرنامج .تلفزيون مونتي بايثون للطيران السيرك)",VALIDATED,GOLD
data51468,DATA_13526,B,جزيرة لورد هاو عندها مناخ شبه مداري. و حسب تصنيف كوپن للمناخ، جزيرة لورد هاو عندها مناخ شبه مداري رطب (سي إف إي).,"Jazirat lord how 3andha monakh shibh madari. W 7asab tassnif koppen lil lmonakh, jazirat lord how 3andha monakh shibh madari ratb (Cfa).","Lord Howe Island has a subtropical climate. Under the Koppen climate classification, Lord Howe Island has a Humid subtropical climate (Cfa).",تتمتع جزيرة لورد هاو بمناخ شبه استوائي. وفقًا لتصنيف كوبن للمناخ، تتمتع جزيرة لورد هاو بمناخ شبه استوائي رطب (سي إف إي).,VALIDATED,GOLD
data51469,DATA_4237,A,آه، فكرة زوينة,"ah, fikra zwina","Yeah, that's a great idea",نعم، هذه فكرة رائعة.,VALIDATED,GOLD
data51470,DATA_4087,A,كانضن غادي تكون لعبة ديال بينجو قريب,kandn ghadi tkon lo3ba dyal bingo 9rib,I think there will be bingo soon,أعتقد أن لعبة البنغو ستكون قريبًا,VALIDATED,GOLD
data51471,DATA_15684,B,من نهار تأسسات الكنيسة فـ 1786، هاد الشيوخ هما اللي رعاو الجماعة ديال كنيسة حبرون.,"mn nhar t2essat lknissa f 1786, had shyoukh homa li r3aw ljama3a dyal knissa 7ebroun.","Since the church 's founding in 1786, the following pastors have ministered to the congregation at Hebron Church.",منذ تأسيس الكنيسة عام 1786، خدم القساوسة التاليون الجماعة في كنيسة حبرون.,VALIDATED,GOLD
data51472,WIKI_D_07209,D,فالأخير البوليس، عاونوهم النداءات ديال اللعابة باش الجمهور يهدن، قدروا يحركوا المتفرجين لبعد الخط ديال التماس بشوية، والماتش بدا معطل بشي 45 دقيقة تقريبا، والجمهور واقف داير بالملعب.,"fel akhir l police, 3awnuhom nida2at dyal l3aba bach l jomhor yhaddn, qdro y7arku lmotafarjin lb3d lkhat dyal ttamas bchwiya, w lmatch bda m3tl bchi 45 dqiq taqriban, wl jomhor waqf dayr bel mal3ab.","Eventually the police, assisted by appeals from the players for the crowd to calm, were able to manoeuvre the spectators to just beyond the touchline, and the game began approximately 45 minutes late, while fans stood around the perimeter of the pitch.",في نهاية المطاف، تمكنت الشرطة، بمساعدة نداءات اللاعبين للجمهور بالهدوء، من توجيه المتفرجين إلى ما وراء خط التماس، وبدأت المباراة بتأخير حوالي 45 دقيقة، بينما وقف المشجعون حول محيط الملعب.,VALIDATED,GOLD
data51473,WIKI_C_11670,C,ولكن، السكن مجموعين فابارطمة ديال راستن ما صدقش، والعلاقة الرومانسية ديالهم سالات فاش تقيد كان فجامعة هوارد اللي معروفة تاريخيا بالكحلة. كان وراستن بقاو صحاب على طول وصحاب فالسياسة.,"walakin, ssakan mjamo3in f partma dyal rustin ma sda9sh, wl 3alaqa romansiya dyalhom salat fash t9yd kan f jami3at howard lli m3rufa tarikhyan blk7la. kan wrustin b9aw s7ab 3la tool w s7ab fssiyasa.","However, cohabiting in Rustin 's apartment proved unsuccessful, and their romantic relationship ended when Kahn enrolled in the historically black Howard University. Kahn and Rustin remained lifelong friends and political comrades.",ولكن، الإقامة المشتركة في شقة راستن أثبتت عدم نجاحها، وانتهت علاقتهما الرومانسية عندما التحقت كان بجامعة هوارد ذات التاريخ المخصص للسود. بقي كان وراستن صديقين ورفيقين سياسيين مدى الحياة.,VALIDATED,GOLD
data51474,DATA_8141,A,نحاول معاهوم ونرد عليك,n7awl m3ahom onrad 3lik,ill try with them and come to you,سأحاول معهم وأعود إليك,VALIDATED,GOLD
data51475,WIKI_C_11978,C,ناتر قرر يحبس الكورة مع اللخر ديال الموسم ديال 2014-2015 باش يركز على خدمتو كأستاذ ديال الرياضة فواحد الليسي.,nuter qerer y7bbes lkora m3a lkher dyal lmwsm dyal 2014-2015 bash yrekez 3la khdemto ka2ostad dyal riyada fwa7d lycee.,Nutter decided to retire from playing football at the end of the 2014 – 2015 season so he could focus on his career as a teacher of Physical Education at a school.,قرر ناتر الاعتزال عن لعب كرة القدم في نهاية موسم 2014-2015 لكي يركز على مسيرته كمعلم للتربية البدنية في إحدى المدارس.,VALIDATED,GOLD
data51476,WIKI_D_00880,D,خيط الأمان: فاش كانشدو الورقة مقابل الضو، كيبان خيط الأمان بحال شي خط كحل. رمز ديال الأورو (€) و القيمة ديال الورقة كيبانو بحروف بيضين صغار بزاف داخل الخيط.,"khit l2aman: fach kanched lwerqa moqabil dou, kayban khit l2aman bhal chi kht k7el. ramz dyal l euro (€) w lqima dyal l werqa kaybano b 7roff bidin sghar bzzaf dakhel lkhit.","Security Thread : When the note is held against the light, the security thread appears as a dark line. The Euro symbol (€) and the value of the banknote can be seen in tiny white lettering in the thread.",خيط الأمان: عندما تُمسك الورقة النقدية مقابل الضوء، يظهر خيط الأمان كخط داكن. يمكن رؤية رمز اليورو (€) وقيمة الورقة النقدية في حروف بيضاء صغيرة جدًا داخل الخيط.,VALIDATED,GOLD
data51477,WIKI_C_11577,C,راس المسيح، 1940 - 1941 (تباع ل دي جي. ڤان بونينجن ب 400 ألف - 475 ألف گيلدر تقريبا 225 ألف دولار و لا 3.25 مليون دولار ديال دابا),"ras l masi7, 1940-1941 (tba3 l D G. van beuningen b 400 alf - 475 alf guldens taqriban 225 alf dollar wla 3.25 million dollar dyal daba)","The Head of Christ, 1940 – 1941 (sold to D G. van Beuningen for 400 thousand – 475 thousand guldens about 225 thousand dollar or 3.25 million dollar today )",رأس المسيح، 1940-1941 (بيع لـ دي جي. فان بونينغن بمبلغ 400 ألف - 475 ألف غيلدر، أي ما يعادل حوالي 225 ألف دولار أو 3.25 مليون دولار اليوم),VALIDATED,GOLD
data51478,WIKI_C_12263,C,هاد المعلم تبنى على يد واحد الشعب باش يخلدو الذكرى ديال الرجال والعيالات اللي دافعو على شنو اللي ضاع فالحرب الكبيرة ديال 1914-1918.,had lma3lem tbenna 3la yed wa7d sha3b bach ykhaldo dikra d rrijal w l3yalat lli daf3o 3la chou li da3 f l7arb lkbira dyal 1914-1918.,This monument was erected by a people to the memory of the men and women who the in the Great War of 1914–1918.,أقيم هذا الصرح التذكاري على يد شعبٍ ، لذكرى الرجال والنساء الذين في الحرب العظمى عام 1914-1918.,VALIDATED,GOLD
data51479,WIKI_C_01177,C,بحال بزاف ديال السرطانات خرين، السرطان ديال الرية كيبدا بتفعيل ديال الجينات الورمية ولا بتعطيل ديال الجينات الكابحة للورم. شي حاجات كيديرو متاسيون فهاد الجينات اللي كيشجعو التطور ديال السرطان.,"b7al bzaf dyal saratanat khrin, saratan dyal rya kaybd btaf3il dyal l jinat wrmiya ola bta3til dyal l jinat l kabi7a lil waram. chi hajat kaydiru mutation f had ljinat li kychj3u tattawor dyal saratan.","Similar to many other cancers, lung cancer is initiated by activation of oncogenes or inactivation of tumor suppressor genes. cause mutations in these genes which induce the development of cancer.",على غرار العديد من أنواع السرطانات الأخرى، يبدأ سرطان الرئة بتنشيط الجينات المسرطنة أو تعطيل الجينات الكابتة للأورام. تؤدي بعض العوامل إلى حدوث طفرات في هذه الجينات، مما يحفز تطور السرطان.,VALIDATED,GOLD
data51480,WIKI_C_04514,C,في 22 فبراير 1973، جمعية ديال كورة ديال أيرلندا علنات باللي الماتشات ديال نورثيرن أيرلاند اللي كيلعبو في ديورهم في البطولة البريطانية ديال 1973 غادي يدوزو في جوديسون بارك حيت كانت الروينة شاعلة في بيلفاست ديك الساعة.,"f 22 fibrayir 1973, jama3iya dyal kora dyal irlanda 3lnat bli lmatchat dyal northern ireland li kayel3abo f diyorohom f lbotola britaniya dyal 1973 ghadi idozo f godison park hit kant rrwina sha3la f belfast dik sa3a.",On 22 February 1973 the Irish Football Association announced that Northern Ireland 's home matches in the 1973 British Home Championship would be moved to Goodison Park due to the civil unrest within Belfast at that time.,في 22 من فبراير عام 1973، أعلنت جمعية كرة القدم الأيرلندية أن مباريات منتخب أيرلندا الشمالية على أرضه في بطولة المملكة المتحدة لعام 1973 سيتم نقلها إلى جوديسون بارك بسبب الاضطرابات المدنية في بلفاست في ذلك الوقت.,VALIDATED,GOLD
data51481,DATA_0725,A,بغيت نسوولّك واحد سؤال,bghit nsowllek wahd sou2al,I want to ask you a question,أريد أن أسألك سؤالاً,VALIDATED,GOLD
data51482,WIKI_C_01870,C,موديلات بحال ديال هارتل - هوكينج اللي ماعندهاش حدود، فين الزمان والمكان كاملين محدودين؛ البيغ بانغ كيمثل الحد ديال الزمان ولكن بلا حتى شي بلاصة فين كلشي كيتجمع.,"modelat bhal dyal hartl - hawking lli ma3ndhach hdoud, fin zaman w makan kamlin mahdou din; lbig bang kiymetel l7d dyal zaman walakin bla 7tta chi plassa fin kolchi kiytjm3.","Models including the Hartle-Hawking no-boundary condition, in which the whole of space-time is finite; the Big Bang does represent the limit of time but without any singularity.",نماذج تتضمن شرط الحدود لهارتل - هوكينغ، حيث يكون الزمكان بأكمله محدوداً؛ يمثل الانفجار العظيم حد الزمان ولكن دون أي تفرّد.,VALIDATED,GOLD
data51483,WIKI_C_04948,C,في صباح 8 دجنبر، يو-43 تعرضات لهجوم من طرف طيارة ما معروفاش وتخسرات بزاف. رجعات لويليامشافن 6 أيام موراها، نهار 14.,"f sbah 8 d dounbir,  u-43 t3rdat l hojoum mn tarf tayara ma ma3rofinsh w tkhssret bzzf. rje3at l wilhelmshaven 6 ayam muraha, nhar 14.","On the morning of 8 December U-43 was attacked by an unidentified aircraft and severely damaged. She returned to Wilhelmshaven 6 days later, on the 14th.",في صباح 8 من ديسمبر، تعرضت السفينة يو-43 لهجوم من قبل طائرة مجهولة وأصيبت بأضرار بالغة. عادت إلى فيلهلمسهافن بعد 6 أيام، في 14.,VALIDATED,GOLD
data51484,WIKI_C_00838,C,واحد الكروب ديال الإصلاح، فيه ليونيد وأوليغ ماكاروف وجينادي ستريكالوف (سويوز تي-3) خدمو على المحطة الفضائية 12 يوم بدات من 27 نونبر 1980.,"Wahed lgroup dyal 2islah, fih Leonid w Oleg Makarov w Gennady Strekalov (Soyuz T-3) khdmou 3la l ma7eta l fada2iya 12 youm bdat mn 27 nowanbir 1980.","A repair mission, consisting of Leonid , Oleg Makarov, and Gennady Strekalov (Soyuz T-3) worked on the space station for 12 days starting on 27 November 1980.",قامت مهمة إصلاح، تتكون من ليونيد وأوليغ ماكاروف وجينادي ستريكالوف (سويوز تي-3)، بالعمل في المحطة الفضائية لمدة 12 يوماً بدءاً من 27 نوفمبر 1980.,VALIDATED,GOLD
data51485,WIKI_D_00817,D,هيو برادنر مات ف عمر 92 عام ف دارو ف سان دييغو، كاليفورنيا، ف 5 ماي 2008، بسبب مضاعفات ديال الالتهاب الرئوي. و خلف من وراه بنتو، باري كورنيت، و ثلاثة د الأحفاد و وحدة حفيدة د الحفيد.,"hiyo bradner mat f 3omr 92 3am f daro f san diego, kalifornia, f 5 may 2008, bsbab moda3afat dyal iltihab rri2awi. w khllf men warah bntu, bari cornet, w thlata d l2ahffad w w7da hfidat lhafid.","Hugh Bradner died at the age of 92 at his home in San Diego, California, on May 5, 2008, from complications of pneumonia. He was survived by his daughter, Bari Cornet, three grandchildren and one great-granddaughter.",توفي هيو برادنر عن عمر يناهz 92 عاماً في منزله بسان دييغو، كاليفورنيا، في 5 مايو 2008، إثر مضاعفات التهاب رئوي. وقد ترك وراءه ابنته باري كورنيت، وثلاثة أحفاد، وابنة حفيدة واحدة.,VALIDATED,GOLD
data51486,DATA_22391,B,نهار 5 نونبر 2008، برونر تعينت فالمجلس الاستشاري ديال مشروع التحول ديال أوباما بايدن.,"Nhar 5 nounbir 2008, Brunner t3aynat fl mejlis l 2istichari dyal mchrou3 ttahawoul dyal Obama-Biden.","On November 5, 2008, Browner was named to the advisory board of the Obama-Biden Transition Project.",في 5 نوفمبر 2008، تم تعيين براونر في المجلس الاستشاري لمشروع أوباما-بايدن الانتقالي.,VALIDATED,GOLD
data51487,DATA_0896,A,و يمكن ندير بريكولات ف الدار فاش كانكون كانكتب,o ymken ndir bricolat f ddar fach kankon kankteb,I can do the odd jobs round the house in-between writing.,يمكنني القيام بالأعمال المنزلية الصغيرة بين أوقات الكتابة.,VALIDATED,GOLD
data51488,DATA_11227,A,تعطلتي بزّاف باش تدير فيزيتا,t3etli bezzaf bach tdir visita,you are too late to do a visite,لقد تأخرت كثيراً في القيام بالزيارة,VALIDATED,GOLD
data51489,WIKI_C_00063,C,ف 775 واحد النص كيهضر على الموت ديال السيد واك شان كاك، واحد الأمير اللي كيبان باللي كان ولي العهد ومات قبل ما يشد السلطة.,"f 775 wa7d nnas ky7dar 3la lmut dyal ssayid wak chan kak, wa7d l2amir lli kayban bli kan waliy l3ahd wmat qbl ma ychud ssulta.","In 775 a text recorded the death of Lord Wak Chan Kak, a prince who appears to have been the heir to the throne and who died before he could take power.",في عام 775، سجل نصٌّ موت اللورد واك تشان كاك، وهو أمير بدا أنه كان ولياً للعهد، وقد توفي قبل أن يتمكن من تولي السلطة.,VALIDATED,GOLD
data51490,WIKI_D_05629,D,الاندلاع ديال الصراع عطى الذريعة للعنف بين ميرينا ديال الجبال والملغاشيين الساحليين من مجموعات عرقية أخرى. شي 1900 حتى 5000 ملغاشي من المناصرين ديال باديسم تقاتلو و تقتلو على يد المغاربة ديالهم القوميين المواليين  إم دي آر إم  خلال الصراع.,l2indila3 dyal ssira3 3ta ddari3a lil 3onf bin merina dyal l jibal w lmolghachiyin ssahliyin mn mjmu3at 3irqiya o5ra. chi 1900 7ta 5000 molghachi mn lmonassirin dyal badesim t9atlo w t9etlu 3la yed lmegharba dyalhom lqawmiyin lmwalin MDRM khilal ssera3.,The eruption of the conflict provided the pretext for violence between highland Merina and coastal Malagasy of other ethnic groups. An estimated 1900 to 5000 Malagasy PADESM supporters were killed by their pro-MDRM nationalist countrymen during the conflict.,وفّر اندلاع الصراع الذريعة للعنف بين الميرينا في المرتفعات والمالاغاشيين الساحليين من مجموعات عرقية أخرى. قُتل ما يقدر بنحو 1900 إلى 5000 من أنصار باديسيم من المالاغاشيين على يد مواطنيهم القوميين الموالين لحزب إم دي آر إم خلال الصراع.,VALIDATED,GOLD
data51491,WIKI_C_09532,C,الفيلم داز حتى فمهرجان برلين الدولي بلا منافسة من 15 حتال 26 فبراير 1996. وفبلاصة خرين، الفيلم بدا فمارس 1996.,"el film daz 7ta f mehrejan berlin douwali bla mounafassa men 15 7tal 26 februar 1996. w fi blaset khryen, el film bda f mars 1996.","The film was also shown at the Berlin International Film Festival out of competition from February 15 to 26, 1996. Elsewhere, the film opened in March 1996.",كما عُرض الفيلم في مهرجان برلين السينمائي الدولي خارج المسابقة في الفترة من 15 إلى 26 فبراير 1996. في أماكن أخرى، افتتح الفيلم في مارس 1996.,VALIDATED,GOLD
data51492,DATA_14345,B,"لوبيراتور دي, راه ما كيتعرّفش على الأعداد بوحدهم. كيتعرّف غير على الدوال.","l'operateur D, rah ma kayt3arrafsh 3la l2a3dad bu7dhum. kayt3arraf ghir 3la ddawal.","The operator D, however, is not defined on individual numbers. It is only defined on functions.",ومع ذلك، فإن المؤثر دي، غير مُعرّف على الأعداد الفردية. بل هو مُعرّف على الدوال فقط.,VALIDATED,GOLD
data51493,DATA_23384,B,الخضرة مشوية فيها فلفلة، فلفلة حارة، مطيشة، البصلة، الدنجال، و بعض المرات البطاطا و الكورجيت. و عادة كتقدم مع اللحم مشوي.,"lkhodra meshwiya fiha felfla, felfla hara, matisha, lbesla, denjal, u b3d lmerrat lbatata u lkurjit. u 3adatan kat9addam m3a ll7em meshwi.","Roasted vegetables includes bell peppers, chili peppers, tomatoes, onions, eggplants and also sometimes potatoes and zucchini. Usually served with grilled meat.",تشمل الخضروات المشوية الفلفل الرومي والفلفل الحار والطماطم والبصل والباذنجان، وأحيانًا البطاطس والكوسا. تُقدم عادةً مع اللحم المشوي.,VALIDATED,GOLD
data51494,DATA_0361,A,معرفتش أش كنا غانديرو بلا الخريطة,ma3rftch ach kenna ghandiro bla lkharita,I don't know what we would have done without the map,لا أعرف ماذا كنا سنفعل بدون الخريطة,VALIDATED,GOLD
data51495,DATA_8770,A,أنا غادي ن تبّت خويا باش مايهربش,ana ghadi n tbbet 5oya bach mayhrebch,I'm going to calm my brother down and steady him so he doesn't run away,سأهدئ أخي وأثبته كي لا يهرب,VALIDATED,GOLD
data51496,WIKI_C_01685,C,فآخر لحظة، ملي تݣشف باللي تعليمات القتل الغير العمد ما كانوش مدخلين فالتعليمات اللي تقدمو، عيطو على المحلفين باش يرجعو، و عطاوهم التعليمات.,"f akher lahtha, mli tkchef belli ta3limat lqatl lghayr l3amad ma kanouch mdakhlin f tta3limat li t9addmo, 3ayto 3la lmo7alafin bach yrja3o, w 3tawhom tta3limat.","At the last minute , when it was discovered that instructions for manslaughter had not been included in the submitted instructions, the jury was called back, and the instructions were given.",في اللحظة الأخيرة، عندما اكتُشف أن تعليمات القتل غير العمد لم تُدرج في التعليمات المقدمة، تم استدعاء هيئة المحلفين مرة أخرى، وتم تقديم التعليمات.,VALIDATED,GOLD
data51497,WIKI_D_08366,D,وينثروب، هو و شي مسؤولين آخرين من الشركة، بداو كيديرو الإجراءات ديال تجهيز أسطول النقل و المؤن باش يهاجرو. و بقا كايقلب على ناس عندهم شي حرف اللي غايحتاجوها فالمستعمرة الجديدة، بحال الأئمة باش يهتمو بالدين ديال الناس اللي غايكونو تما.,"winthrop, howa w chi ms2oulin akhrin men charika, bdaw kydiru l2ijra2at dyal tajhiz 2ostoul nnaql w lmou2n bach yhajru. w bqa kay9ellb 3la nass 3ndhom chi 7erf lli ghay7tajuha fl mosta3mara ljadida, b7al l a2imma bach yhtemmu bddin dyal nass lli ghaykunu temma.","Winthrop, along with other company officials, then began the process of arranging a transport fleet and supplies for the migration. He also worked to recruit individuals with special skills the new colony would require, including pastors to see to the colony 's spiritual needs.",ثم بدأ وينثروب، بالاشتراك مع مسؤولين آخرين بالشركة، عملية ترتيب أسطول نقل وإمدادات للهجرة. كما عمل على تجنيد أفراد بمهارات خاصة ستحتاجها المستعمرة الجديدة، بما في ذلك قساوسة للعناية بالاحتياجات الروحية للمستعمرة.,VALIDATED,GOLD
data51498,DATA_16228,B,المرحلة 0: هي الفترة اللي كتكون مابين تحليل سلبي أو غير حاسم ديال إتش آي في متبوع بتحليل إيجابي فأقل من 180 يوم.,Lmer7ala 0: hiya lfetra lli katkun ma bayn ta7lil selbi aw ghayr 7asim dyal HIV metbu3 b ta7lil ijabi f2aqal mn 180 youm.,Stage 0: the time between a negative or indeterminate HIV test followed less than 180 days by a positive test,المرحلة 0: الفترة الزمنية بين نتيجة فحص إتش آي في السلبية غير المحددة، تتبعها نتيجة إيجابية في غضون أقل من 180 يومًا.,VALIDATED,GOLD
data51499,DATA_9475,A,كون غير قدرت نقوى.,Koun ghir qdert nqwa,I wish I could have grown stronger,ليتني استطعت أن أزداد قوة,VALIDATED,GOLD
data51500,DATA_8900,A,أنا غادي نتفاهم مع واليدة باش نلعب كورة فزنقة,ana ghadi n tfahem m3a walida bach nle3b kora fzen9a,I'm going to reach an agreement with my mother to play football in the street,سأتفاهم مع والدتي لألعب كرة القدم في الزقاق.,VALIDATED,GOLD
data51501,DATA_18235,B,برايم 7 (مع مرافق البث الوطنية ديال جي دبليو إن 7) كاينين فكانبيرا. الإدارة / المقر الرئيسي ديال برايم ميديا غروب كاين فبيرمونت، سيدني.,"Prime7 (m3a morafiq l bath l wataniya dyal GWN7) kaynin f Canberra. L2idara /  l moqarar arra2issi dyal Prime Media Group kayn f Peyrmont, Sydney.","Prime7 (along with GWN7 national broadcast) facilities are based in Canberra. Prime Media Group head office / administration is located in Pyrmont , Sydney.",برايم 7 (بالإضافة إلى مرافق البث الوطنية جي دبليو إن 7) في كانبرا. يقع المقر الرئيسي / الإدارة لمجموعة برايم ميديا في بيرمونت، سيدني.,VALIDATED,GOLD
data51502,WIKI_C_11357,C,ولكن يمكن گاران يكون مشهور كثر كخبير في القانون الدستوري، كثر من المساهمات الأخرى ديالو في الخدمة العمومية. في التجربة ديالو في الفيدرالية والدستور، گاران كان ديما متحمس:,"walakin yemken garran ykoun machhour ktar k khabir f l qanoun ddostouri, ktar mn l mosahemat l okhra dyalo f l khidma l 3momiya. f tajriba dyalo f l federation w  ddostour, garran kan dima mt7ams:","However Garran is perhaps best remembered as an expert on constitutional law, more so than for his other contributions to public service. On his experience of Federation and the Constitution, Garran was always enthusiastic:",ولكن ربما يُذكر غاران على أفضل وجه كخبير في القانون الدستوري، أكثر من مساهماته الأخرى في الخدمة العامة. بشأن تجربته في الاتحاد والدستور، كان غاران دائمًا متحمسًا:,VALIDATED,GOLD
data51503,DATA_23760,B,مادلين سميث بدور الآنسة كاروزو: عميلة طاليانية اللي بوند كيغازلها و كيحيد ليها حوايجها بالساعة المغناطيسية ديالو.,Madline Smith bdor l2anissa Karuzo: 3amila talyaniya lli bond kighazlha o ki7ayd liha 7wayjha bessa3a lmaghnatissiya dialo.,Madeline Smith as Miss Caruso: An Italian agent whom Bond romances and strips of her clothing by way of his magnetic watch.,مادلين سميث في دور الآنسة كاروزو: عميلة إيطالية يغازلها بوند ويجردها من ملابسها باستخدام ساعته المغناطيسية.,VALIDATED,GOLD
data51504,DATA_23994,B,شارع آلان تورينغ فـ ساري ريسيرتش بارك وطريق آلان تورينغ، اللي هو جزء من الطريق الدائري الداخلي فمانشستر، تسماو على سمية آلان تورينغ.,"Chari3 Alan Turing f Surrey Research Park w triq Alan Turing, lli huwa juz2 mn ttriq da2iri dakhili f Manchester, tsemmaw 3la smyt Alan Turing.","Alan Turing Road in the Surrey Research Park and the Alan Turing Way, part of the Manchester inner ring road, are named after Alan Turing.",سُمي كل من شارع آلان تورينغ في منتزه ساري البحثي وطريق آلان تورينغ، الذي يعد جزءاً من الطريق الدائري الداخلي لمدينة مانشستر، تخليداً لذكرى آلان تورينغ.,VALIDATED,GOLD
data51505,DATA_6007,A,بغيت نسبن حوايجي,bġit nsbbn 7wayji,i want to do laundry,أود أن أغسل الثياب.,VALIDATED,GOLD
data51506,WIKI_D_12297,D,فالحرب العالمية الثانية، إم 19 وإم 19 آي 1 شاركو فالمعارك فمسرح العمليات الأوروبي كمدفع هجومي، حيت كانو الحلفاء مسيطرين على الجو ديال أوروبا. إم 19 وإم 19 آي 1 تخدمو تا فالحرب الكورية فنفس الدور.,"fel7arb l3alamia ttania, el M19 w el M19A1 sharko felma3arek f masra7 el 3amaliyat el europi kamadfa3 hojoumi, 7yt kanou l7olafa2 msytreen 3la l jaw dyal europa. el M19 w el M19A1 tkhedmo ta fel7arb l koriya f nafs ddor.","During World War two, the M19 and M19A1 saw action in the European Theater of Operations as an assault gun, since the Allies had air supremacy over the skies of Europe. The M19 and M19A1 were also used during the Korean War in the same role.",خلال الحرب العالمية الثانية، شارك كل من إم 19 وإم 19 آي 1 في العمليات في مسرح العمليات الأوروبي كمدفع هجومي، حيث كان للحلفاء التفوق الجوي فوق سماء أوروبا. كما استُخدم كل من إم 19 وإم 19 آي 1 خلال الحرب الكورية في نفس الدور.,VALIDATED,GOLD
data51507,DATA_9574,A,كون غير قدرت نراجع دروسي بلا صداع,koun ghir 9dert n raj3 dorossi bla sda3,I wish I could have revised my lessons without any noise,ليتني استطعتُ مراجعة دروسي بهدوء,VALIDATED,GOLD
data51508,DATA_15998,B,2007 - سلسلة حفلات الاستوديو: إليس پول. مقابلة فيديو/ أداء تسجل ف استوديوهات بلو روك ف ويمبرلي، تكساس.,"2007 - silsilat 7afalat studiu: Ellis Paul. Muqabalat vidiu / ada2 tsjel f studiuhat Blue Rock f Wimberley, Texas.","2007 - Studio Concert Series: Ellis Paul. Video interview / performance recorded at Blue Rock Studios in Wimberley, Texas.",2007 - سلسلة حفلات الاستوديو: إليس بول. مقابلة فيديو / أداء مسجل في استوديوهات بلو روك في ويمبرلي، تكساس.,VALIDATED,GOLD
data51509,WIKI_D_03949,D,"تّقسمو لموسيقيين لجوج فرقان مفرّقين. الفرقة ""أ"" (جايسن بويسل، ديفي فاراغر، جوناثان رايس، و بليك ميلز) غالبا كانوا كيلعبو لأغاني ديال الروك أند رول، أما الفرقة ""ب"" كانت كيلعبو لبالادات.","tqesmo lmusiqin ljuj frqan mferreqin. lferqa ""a"" (jason boesel, davey faragher, jonathan rice, w blake mills) ghalban kanu kyl3bo l2aghani dyal rock and roll, amma lferqa ""b"" kanet kyla3bo lbaladat. ","The musicians were split into two separate bands. The Band ""A"" setup (Jason Boesel, Davey Faragher, Johnathan Rice, and Blake Mills) would generally play the more rock and roll songs, while Band ""B"" would play the ballads.","انقسم الموسيقون إلى فرقتين منفصلتين. الفرقة "" أ"" (جايسون بويزل، ديفي فاراغر، جوناثان رايس، وبليك ميلز) كانت تلعب عمومًا الأغاني الأكثر صخبًا، بينما كانت الفرقة ""ب"" تلعب الأغاني الهادئة.",VALIDATED,GOLD
data51510,WIKI_D_11758,D,ف شهر ماي ديال 2015، البلان ديال دبليو إم آي تي إيهباش يبدلو 192 كارو من دوك الكيران ديال السيري 5000 لي فيهم المشاكل بزاف و تصاوبو ف بداية الألفينات ب 220 كارو جداد ديال السيري 7000 كان مهدد حيت الكيران القدم ممولين بالفلوس ديال الحكومة و خاص موافقة ديال إف تي إيه.,"f shher may dyal 2015, l plan dyal WMATA bach ybedlu 192 caru men douk lkiran dyal l serie 5000 li fihom l machakil bzaf w tsawbo f bidayat l 2alfinat b 220 caru jdad dyal serie 7000 kan mhded 7it l kiran l lqdam memwlin b lflus dyal l 7ukuma w khas mowafaqa dyal FTA.","In May 2015, WMATA's plan to replace 192 of the chronically problematic 5000-series cars built in the early 2000s with 220 new 7000-series cars was at risk because the older cars were funded by federal money and requires FTA approval.",في مايو 2015، كانت خطة هيئة النقل في واشنطن (دبليو إم آي تي إيه) لاستبدال 192 عربة من سلسلة 5000 المليئة بالمشاكل، والتي صُنعت في أوائل العقد الأول من القرن 21، بـ 220 عربة جديدة من سلسلة 7000 في خطر؛ لأن العربات القديمة مُمولة بأموال فيدرالية وتتطلب موافقة إدارة النقل الفيدرالية (إف تي إيه).,VALIDATED,GOLD
data51511,WIKI_D_11802,D,شين ميغامي تينسي: ناين (باليابانية: شين ميغامي تينسي ، بمعنى 'التناسخ الحقيقي للإلهة: ناين) هي واحد اللعبة د الفيديو جابونية ديال لعب الأدوار طوروها أتلس و للإكس بوكس، ونشراتها أتلس نهار 5 دجنبر 2002.,"Shin Megami Tensei: Nine (bil yabaniya: Shin Megami Tensei , bima3na ttanasokh lhaqi9i lil 2ilaha: Nine) hiya wahed l-le3ba d-video japoniya dyal le3b l-adwar tawrouha Atlus w lil xbox, w nashratha Atlus nhar 5 dojanbir 2002.","Shin Megami Tensei: Nine (Japanese: Shin Megami Tensei, meaning True Goddess Reincarnation: Nine) is a Japanese role-playing video game developed by Atlus for the Xbox, and published by Atlus on December 5, 2002.",شين ميغامي تينسي: ناين (باليابانية: شين ميغامي تينسي، بمعنى 'التناسخ الحقيقي للإلهة: ناين) هي لعبة فيديو يابانية لتقمص الأدوار، طورتها أطلس وللإكس بوكس، ونشرتها أطلس في 5 ديسمبر 2002.,VALIDATED,GOLD
data51512,WIKI_C_05701,C,هاد التفاقية كتفرض على هيرد و غاروني يعلمو ال إف تي سي ب أي تبديلة طرات ف السمية، العنوان، ولا الخدمة، وحتى أي شراكة جديدة دارو، لمدة خمس سنين.,"Had l2ittifaqiya katfred 3la Herd w Garroni y3almu l FTC b ay tbdila trat f ssmiya, l3onwan, wla lkhedma, w 7ta ay charaka jdida daru, lmuda dyal khmes snin.","The agreement requires Herd and Garroni to notify the FTC of any change of name, address or employment status, and of any new business affiliations, for five years.",يتطلب الاتفاق من هيرد وغاروني إخطار لجنة التجارة الفيدرالية (إف تي سي) بأي تغيير في الاسم أو العنوان أو الوضع الوظيفي، وبأي انتماءات تجارية جديدة، لمدة خمس سنوات.,VALIDATED,GOLD
data51513,WIKI_C_03465,C,التصلب اللويحي (إم إس) واحد المرض مزمن فيه الالتهاب وكيدمر النخاعين اللي كيغلف الأعصاب وكياثر على الجهاز العصبي المركزي. كاينين شي دوايات يقدروا يعاونوا واخا ما كاينش شي علاج نهائي.,"etasallob ellweyhi (MS) wahed el merd mozmin fih l 2iltihab w kay demmer nnokha3yn lli kay ghllef l
2a3sab w kay2tter 3la l jehaz l3asabi lmarkazi. Kaynin chi dwayet yqdrou y3awnou wakha makayench chi 3ilaj niha2i.","Multiple sclerosis (MS) is a chronic inflammatory demyelinating disease that affects the central nervous system (CNS). Several therapies exist, although there is no known cure.",لتصلب المتعدد (إم إس) هو مرض التهابي مزمن يسبب نزع الميالين ويؤثر على الجهاز العصبي المركزي. توجد علاجات متعددة له، على الرغم من عدم وجود علاج نهائي معروف.,VALIDATED,GOLD
data51514,WIKI_C_09813,C,أوجين ويغنر عاود نفس الحكاية، غي هو بدل الذبانة بالسنونو، و قال باللي ماكس بورن هو اللي طرح السؤال على فون نويمان في العشرينات.,"owjin wigner 3awed nafs l7ikaya, ghi howa bdel dhdhabana bssnano, w qal blli max born howa lli tra7 ssou2al 3la fon nweman fi l3chrinat.","Eugene Wigner told a similar story, only with a swallow instead of a fly, and says it was Max Born who posed the question to von Neumann in the 1920s.",حكى يوجين فيغنر قصة مشابهة، لكن مع سنونو بدلاً من ذبابة، ويقول إن ماكس بورن هو من طرح السؤال على فون نيومان في عشرينيات القرن الماضي.,VALIDATED,GOLD
data51515,DATA_3071,A,إمكن غادي يتعذب المرا جاية,imken ghadi it3deb lmra jaya,Maybe he'll get caressed next time,Maybe he'll suffer next time,VALIDATED,GOLD
data51516,DATA_2766,A,خصك نيت تجربو,khssk nit tjrrbo,You should really try it,ينبغي لك حقاً تجربته,VALIDATED,GOLD
data51517,DATA_15992,B,ميكس بوب: مستعمل فالفيديو وخرج فالألبوم ديال كاري أون وفالسيمغلات الألمانية كتراك 2.,Mix Pop: msta3ml fl video w khrej fl album dyal Carry On wf simghlat l Almanya ka track 2.,Mix Pop: used in the video and released on the Carry On album and on German singles as track 2.,ميكس بوب: استُخدم في الفيديو وصدر في ألبوم كاري أون وفي السينغل الألماني كالمقطع 2.,VALIDATED,GOLD
data51518,WIKI_C_03583,C,الحماية الحكومية بالنيابة هيا فاش الدولة كتعطي لحماية ديالها من شي قانون لشي واحد ماشي تابع ليها، حيت الدولة غاتضرر يلا طبق القانون على الطرف لاخور.,"l7imaya l7okomiya bniyaba hiya fash ddawla kat3ti l7imaya dyalha mn shi qanun lshi wa7d machi tab3 liha, 7it ddawla ghatdarar ila ttebbaq lqanun 3la ṭṭaraf la5or.",Derivative governmental immunity refers to the extension of a government's immunity from a statute to a non-government party on the basis the government would be affected if the statute was to apply to the other party.,تشير الحصانة الحكومية المشتقة إلى توسيع نطاق حصانة الحكومة من قانون معين لتشمل طرفاً غير حكومي، على أساس أن الحكومة ستتأثر إذا طُبق القانون على الطرف الآخر.,VALIDATED,GOLD
data51519,DATA_4004,A,مادرليك والو,maderlik walu,he done nothing to you,لم يفعل لك شيئًا,VALIDATED,GOLD
data51520,DATA_5373,A,لملحة ضرورية ف الطياب,lml7a Daroriya f ttyab,Salt is crucial for cooking,الملح ضروري للطبخ,VALIDATED,GOLD
data51521,DATA_16513,B,أنكاني إكس مان أنيوال رقم 9-10، 12، 14 (مع كريس كليرمونت، مارفل، 1985–1990),"Uncanny X-Men Annual N° 9-10, 12, 14 (m3a Chris Claremont, Marvel, 1985–1990)","Uncanny X-Men Annual N°  9-10, 12, 14 (with Chris Claremont, Marvel, 1985–1990)",رجال-إكس الخارقون السنوي رقم 9-10، 12، 14 (مع كريس كليرمونت، مارفل، 1985–1990),VALIDATED,GOLD
data51522,DATA_2224,A,إيلا زدت شربت نقدر نرد عليك.,ila zdt chrabt n9dar nred 3lik.,If I have any more alcohol I may be sick on you.,إذا تناولت المزيد من الكحول فقد أتقيأ عليك.,VALIDATED,GOLD
data51523,DATA_17224,B,من بعد الدورة العادية، رايس خدمات ف لجنة إصلاح معاشات موظفين البوليس ورجال المطافئ ديال البرلمان، ولجنة المراجعة المؤقتة لقوانين النقل.,"men ba3d doura l3adiya, rrays kheddmat f lajnat isla7 m3achat muwazhafin lboulis w rjal lmatafi2 dial lbarlaman, w lajnat lmuraja3a lmu2a9ata l9awanin nna9l.","Following the regular session, Rice served on the legislature's Police Officers' and Firefighters' Pension Reform Commission and the interim Transportation Legislation Review Committee.",عقب الدورة العادية، شغلت رايس عضوية لجنة البرلمان لإصلاح معاشات ضباط الشرطة ورجال الإطفاء، ولجنة المراجعة المؤقتة لـتشريعات النقل.,VALIDATED,GOLD
data51524,WIKI_D_05384,D,فالميريكان، فين وقت الفاكية كايكون من شهر سبعة لشهر عشرة، البلايص اللي كاينة فيها كاتبدا من كارولينا فالشمال حتى لنيويورك ونيو إنجلاند، و فالغرب حتى لمينيسوتا. ولقاوها حتى فكوستاريكا، والصين، وتايوان.,"f l merikan, fin waqt l fakiya kaykun mn shhar sb3a lshhar 3shra, lblays li kayna fiha katbda mn karolina fshmal 7ta l new york w new ingland, w fl gherb 7ta l minnesota. w laqawha 7ta fkostarika, w ssin, w taywan.","In the United States, where the fruiting season occurs from July to October, its range extends from the Carolinas north to New York and New England, and west to Minnesota. It has also been collected from Costa Rica, China, and Taiwan.",في الولايات المتحدة، حيث يمتد موسم الإثمار من يوليو إلى أكتوبر، يمتد نطاق انتشارها من كارولينا شمالاً إلى نيويورك ونيو إنجلاند، وغرباً إلى مينيسوتا. كما جُمعت أيضاً من كوستاريكا والصين وتايوان.,VALIDATED,GOLD
data51525,WIKI_C_03047,C,جيروكاستر كتوصل ليها طريق اللي كيربطها بتيبلين فالشمال وبمنطقة والحدود ديال اليونان على بعد 30 كيلومتر فالجنوب.,Gjirokaster katchofha tariq lli katwsa liha Tepelene f chchamal w bmintaqat wl hodod dyal l younan 30 km fl janoub.,"Gjirokaster is served by the Highway, which connects it to Tepelenë in the north and the region and Greek border 30 km (19 mi) to the south.",تخدم مدينة جيروكاستر طريق السريع، الذي يربطها بتيبلين شمالاً وبمنطقة والحدود اليونانية على بعد 30 كيلومتراً إلى الجنوب.,VALIDATED,GOLD
data51526,WIKI_D_05157,D,هاد السيستيم تعرفات بيه باݣاسا بحالا منخفض مداري. تكون على بعد مئات الكيلومترات شرق الفلبين ف 29 غشت، وتبع طريق شمال لجهة الغرب، وتلاشا ف 30 غشت قبل ما يوصل للأرخبيل ديال الجزر.,"Had ssistim t3errfat bih PAGASA b7ala munkhafed madari. T-koun 3la b3d myat lkilomitrat charq lFilibin f-29 ghocht, w tbe3 triq chamal ljiht l-gharb, w-tlacha f-30 ghocht qbel ma y-wsal l-l-archibil dyal l-juzur.","This system was recognized as a tropical depression by PAGASA. It formed several hundred miles east of the Philippines on August 29, tracking north of due west, and dissipating on August 30 before reaching the island archipelago.",اعترفت 'باغاسا' بهذا النظام باعتباره منخفضاً مدارياً. تشكّل على بعد مئات الكيلومترات شرق الفلبين في 29 أغسطس، متتبعاً مساراً شمالي الغرب، وتلاشى في 30 أغسطس قبل وصوله إلى أرخبيل الجزر.,VALIDATED,GOLD
data51527,DATA_6004,A,بغيت نتيح,bghit nti7.,I want to fall down.,أريدُ أن أسقطَ.,VALIDATED,GOLD
data51528,DATA_18799,B,ملي سال هاريسون الكلية، بدا كيقرا القانون كتلميذ (أو متدرب) فواحد المكتب ديال المحاماة فسينسيناتي سميتو ستورر & غوين.,"melli sal Harrison l kolliya, bda kiqra lqanun ket tilmid (aw mutadarrib) f wa7d l maktab dyal l mu7amat f cincinnati smitu Sturr & Gwin.","After completing college, Harrison took up the study of law as an apprentice in the Cincinnati law office of Storer & Gwynne.",بعد إتمامه للجامعة، انكب هاريسون على دراسة القانون كمتدرب في مكتب ستورر وغوين للمحاماة في سينسيناتي.,VALIDATED,GOLD
data51529,DATA_9699,A,علاش مابغيتيش تحسّن؟,3lach mabghitich t 7essen?,why you dont wanna get a cut?,لماذا لا تريد أن تقص شعرك؟,VALIDATED,GOLD
data51530,DATA_18465,B,الفيلم ترشح تا هو لجائزة أحسن فيلم ماشي بالإنجليزية فجوائز البافتا البريطانية للفنون السينمائية والتلفزيونية ديال 2007.,lfilm tarcha7 ta huwa lja2izat a7ssan film machi bel englizia f jawa2iz lbafta lbritania l lfunun sinima2iya o telefizyonia dyal 2007.,The film was also nominated for Best Film Not in the English Language at the 2007 British Academy of Film and Television Arts (BAFTA) awards.,ترشح الفيلم أيضاً لجائزة أفضل فيلم غير ناطق بالإنجليزية في حفل جوائز الأكاديمية البريطانية لفنون السينما والتلفزيون (بافتا) لعام 2007.,VALIDATED,GOLD
data51531,DATA_24781,B,"جورج مارتن – منتج، منتج تنفيذي؛ وتار، نحاس، كلارينيت، توزيع وتأليف موسيقي أوركسترالي وقيادة الأوركسترا؛ بيانو في ""روكي راكون"".","George Martin - Montij, Montij Tanfidi; wtar, N7as, Klarinit, Touzi3 o Ta2lif Mousiqi Ourkistrali w Qiyadat l'Ourkistra; Piano fi ""Rocky Racoon"".","George Martin - producer, executive producer; string, brass, clarinet, orchestral arrangements and conducting; piano on ""Rocky Raccoon"".","جورج مارتن - منتج، ومنتج تنفيذي؛ توزيع أوتار ونحاس وكلارينيت وتوزيعات أوركسترالية وإشراف موسيقي؛ بيانو في أغنية ""روكي راكون""",VALIDATED,GOLD
data51532,WIKI_D_02207,D,مورا الحرب هيلبيغ بنا حياة مدنية وولا مدير ديال شركة شولتايس د الشراب فكروزبيرغ فبرلين. مات فـ 5 أكتوبر 1985 فدارمشتات، مورا كسيدة د الطريق كان غادي يدوز لفاكونس فإسبانيا يومين قبل.,"After the war, Helbig built a civilian life and became manager of the Schultheiss brewery in Kreuzberg, Berlin. He died on October 5, 1985, in Darmstadt, following a road accident while on his way to spend a vacation in Spain two days earlier.","After the war, Helbig built a civilian life and became a manager of the Schultheiss Brewery in Kreuzberg, Berlin. He died on October 5, 1985, in , following a road accident on his way to vacation in Spain two days earlier.",بعد الحرب، بنى هيلبيغ حياة مدنية وأصبح مديراً لمصنع جعة شولتييس في كروزبرغ ببرلين. توفي في 5 أكتوبر 1985 في ، إثر حادث طريق بينما كان في طريقه لقضاء عطلة في إسبانيا قبل يومين.,VALIDATED,GOLD
data51533,WIKI_D_10552,D,نهار 7 شهر تسعود عام 1944، مع الحرب ما كانتش غاديا مزيان لليابانيين، الوزير اللول كويزو وعد بالإستقلال لإندونيسيا، ولكن حتى تاريخ ما تحددش. بالنسبة للمناصرين ديال سوكارنو، هاد الإعلان كان كيتشاف كتبرير للتعاون ديالو مع اليابانيين.,"nhar 7 chhar tsu3ud 3am 1944, m3a l7arb makantch ghadiya mzyan liyabaniyin, l wazir l 2aoual kuiso 3dd b-listiqlal lindunisya, walakin 7ta tarikh ma t7ddch. bnisba lmunasirin dyal sukarno, had l i3lan kan kitchaf ktbrir lta3awun dyalu m3a liyabaniyin.","On 7 September 1944, with the war going badly for the Japanese, Prime Minister Koiso promised independence for Indonesia, but no date was set. For supporters of Sukarno, this announcement was seen as vindication for his collaboration with the Japanese.",في 7 سبتمبر 1944، ومع سير الحرب بشكل سيء لليابانيين، وعد رئيس الوزراء كويزو بالاستقلال لإندونيسيا، ولكن لم يتم تحديد أي موعد. وبالنسبة لمؤيدي سوكارنو، شوهد هذا الإعلان كـتأكيد لتعاونه مع اليابانيين.,VALIDATED,GOLD
data51534,WIKI_C_04995,C,الرأي الغالب ديال القاضي لويس ف. پاول الصغير عطا الحق لقبيلة أونيدا باش يدعيو على حساب القانون الفيدرالي العرفي، ورفض كاع الدفوعات الإيجابية ديال المقاطعات.,"rra2i elghaleb dyal lqadi lwis f. powell ssghir 3ta lhaqq lqbilt unayda bach yd3iu 3la hasab lqanun lfidirali l3urfi, wrfed ka3 ddfu3at l2ijabiya dyal lmoqata3at.","In the majority opinion authored by Justice Lewis F. Powell, Jr., the Court sustained the Oneida's federal common law cause of action, while summarily rejecting the counties affirmative defenses.",أقرَّ رأيُ الأغلبية الذي سطّره القاضي لويس ف. باول الابن بأحقية قبيلة أونيدا في التقاضي بموجب القانون العام الفيدرالي، وقضى بردّ كافة الدفوع الموضوعية التي قدمتها المقاطعات.,VALIDATED,GOLD
data51535,DATA_7865,A,تكدبها ودور تعطيك,tkdbha odor t3tik,"You call her a liar, and she hits you back with the truth",تتهمها بالكذب، فتُفحمك بالرد,VALIDATED,GOLD
data51536,DATA_18570,B,سوزانا و الشيوخ (1647) - زيت على لوحة، 76 × 91 سم، گيميلديگاليري، برلين,"Suzana w shyoukh (1647) - zit 3la lou7a, 76 x 91 cm, Gemaldegalerie, Berlin","Susanna and the Elders (1647) - Oil on panel, 76 × 91 cm, Gemäldegalerie, Berlin",سوزانا والشيوخ (1647) - زيت على لوح خشبي، 76 × 91 سم، مجمع متاحف جيمالد غاليري، برلين.,VALIDATED,GOLD
data51537,WIKI_D_08422,D,واحد لقصيدة ويلزية قديمة كتربط آرثر بالتور فواحد لحكاية ديال مواجهة بين آرثر و ميليواس اللي خطف الملكة جينيفر. على حساب شي نسخ ديال الأسطورة ديال آرثر، لانسلوت تقهقر لدير غلاستونبري توبة من بعد لموت ديال آرثر.,"wa7d lqasida weliziya qdima katrbet Arthur b tor fwa7d l7kaya dyal mowaja7a bin Arthur w Melwas lli khatf l malika Jennifer. 3la 7sab chi nosakh dyal l2ostoura dyal Arthur, Lancelot tqahqar ldayr Glastonbury twba men b3d lmout dyal Arthur.","An early Welsh poem links Arthur to the Tor in an account of a confrontation between Arthur and Melwas, who had kidnapped Queen Guinevere. According to some versions of the Arthurian legend, Lancelot retreated to Glastonbury Abbey in penance following Arthur's death.",تربطُ قصيدةٌ ويلزيةٌ مبكرة آرثر بـ تور في روايةٍ لمواجهةٍ بين آرثر وميليواس، الذي اختطف الملكة جينيفر. ووفقاً لبعض روايات أسطورة آرثر، اعتزل لانسلوت في دير غلاستونبري تكفيراً عن ذنبه بعد وفاة آرثر.,VALIDATED,GOLD
data51538,WIKI_D_00183,D,أول شخصية كحلة يمكن تلعب بيها ف سلسلة فاينل فانتسي، باريت، الشكل ديالو و بعض المرات الهضرة الخايبة ديالو تشبهو بزاف للممثل مستر تي، الشي اللي جاب ليه بزاف ديال المدح، و لكن حتى الانتقادات و الاتهامات بالعنصرية من عند شي ناس.,"awel shakhsiya ka7la ymkin tl3ab biha f silsilat final fantasy, barret, shkel dyalo w ba3d lmerrat lhdra lkhayba dyalo tshebho bezzaf l momatil mr. T, shshi lli jab lih bezzaf dyal lmad7, walakin htta l2inti9adat w l2ittihamat bel3unsuriya men 3nd shi nas.","As the first playable dark-skinned character in the Final Fantasy series, Barret's appearance and occasionally profane speech have been heavily compared to those of actor Mr. T, garnering significant praise while also drawing criticism and accusations of racism from some quarters.",يُعدُّ باريت أول شخصية داكنة البشرة قابلة للعب في سلسلة فاينل فانتسي؛ وقد شُبِّه مظهره وأسلوبه اللفظي الحاد أحياناً بالممثل مستر تي، وهو ما جلب له الكثير من الثناء، ولكنه أثار أيضاً انتقادات واتهامات بالعنصرية من قِبل البعض.,VALIDATED,GOLD
data51539,WIKI_D_08412,D,واحد لمسرحية غنائية، سميتها رجوع للمستقبل، وجدات باش تبان أول مرة ف مسرح ويست إند ف لندن ف الذكرى 30 ديال الفيلم ف 2015. زيميكيس و غيل رجعو تلاقاو باش يكتبو لمسرحية، و سيلفستري و غلين بالارد صاوبو لموسيقى.,"wa7ed lmsra7iya ghina'iya, smitha Back to the Future, wejdat bach tban awel mera f msra7 West End f London f ddikra 30 dyal l film f 2015. Zemeckis w Gale rej3o tlaqaw bach yktebo l msra7iya, w Silvestri w Glen Ballard sawbo lmusiqa.","A musical theater production, also titled Back to the Future, is in development for a debut in London's West End during the film's 30th anniversary in 2015. Zemeckis and Gale reunited to write the play, while Silvestri and Glen Ballard provide the music.",يُجرى تطويرُ عرضٍ مسرحيٍّ غنائيٍّ بعنوان العودة إلى المستقبل، ليُعرض لأول مرة في مسرح 'ويست إند' بلندن تزامناً مع الذكرى الثلاثين للفيلم في عام 2015. وقد اجتمع زيميكيس وغيل مجدداً لكتابة المسرحية، بينما تولى سيلفستري وغلين بالارد تأليف الموسيقى.,VALIDATED,GOLD
data51540,WIKI_C_06521,C,المدارات التوافقية وشبه التوافقية أنواع خاصة من هاد المدارات المغلقة. واحد المسار مغلق كيتسما مدار توافقي إلا كان ك عدد صحيح، يعني إلا كان ن كيمثل عدد الدورات.,"lmadarat ttawafoqiya w shib7 ttawafoqiya anwa3 khassa mn had lmdarat lmoghlaqa. wahed lmassar mghloq kytssma madar tawafoqi ila kan k 3adad sa7i7, ya3ni ila kan n","Harmonic and sub-harmonic orbits are specific types of these closed orbits. A closed path is defined as a harmonic orbit if k is an integer, meaning that n represents the number of revolutions.",تُعد المدارات التوافقية وشبه التوافقية حالات خاصة من هذه المدارات المغلقة؛ حيث يُصنف المسار المغلق كمدار توافقي إذا كان المتغير ك عدداً صحيحاً، أي عندما يمثل ن عدد الدورات المنجزة.,VALIDATED,GOLD
data51541,DATA_17377,B,تصويرة د الفينيل (1985) - مادونا: الألبوم الأول فيه نفس الأغاني اللي فالألبوم الأصلي.,taswira d lfinil (1985) - madonna: l'album l2awwal fih nefs l2aghani li fl album l2asli.,Vinyl Picture Disc (1985) - Madonna: The First Album includes the same tracks as the original album.,أسطوانة صور فينيل (1985) - مادونا: الألبوم الأول يتضمن نفس مقطوعات الألبوم الأصلي.,VALIDATED,GOLD
data51542,WIKI_D_06526,D,بيدَ أنَّ هذا الاحتمال يبدو مستبعداً، إذ لم يسبق توثيقُ إنتاجِ إناثِ نحل الأوركيد للفيرومونات؛ بل إنَّ الذكورَ هي مَن ينتجها باستخدامِ مواد كيميائيةٍ تُجمعُ من زهورِ الأوركيد، حيث تعملُ هذه الفيروموناتُ على جذبِ الإناثِ وليس العكس، كما اقترح إلتز (2004).,"However, this seems unlikely, as the production of pheromones by female orchid bees has never been documented; rather, it is the males that produce pheromones using chemicals gathered from orchids. These pheromones attract females, not the other way around, as suggested by Eltz (2004).","However, this seems unlikely, given that no one has ever documented that female orchid bees produce pheromones; male orchid bees produce pheromones using the chemicals they collect from orchids, and these pheromones attract females, rather than the converse, as Eltz (2004) suggests.",ولكن يبدو هذا مستبعداً، نظراً لأنه لم يوثق أحد على الإطلاق أن إناث نحل الأوركيد تنتج فرمونات؛ ذكور نحل الأوركيد تنتج فرمونات باستخدام المواد الكيميائية التي تجمعها من زهور الأوركيد، وهذه الفرمونات تجذب الإناث، وليس العكس، كما يقترح إلتز (2004).,VALIDATED,GOLD
data51543,WIKI_D_05548,D,بيغنيل، د.إ.؛ رواسان، ي.؛ لو، ن. (2010). بيولوجي أوف تيرمايتس: آ مودرن سينتيسيس (1ست إيد.). دوردريخت: سبرينغر. إيسبن 978-90-481-3977-4.,"Bignell, D.E. ; Roisin, Y. ; Lo, N. (2010). Biology of termites: a modern synthesis (1st ed.). Dordrecht: Springer. ISBN 978-90-481-3977-4.","Bignell, D.E.; Roisin, Y.; Lo, N. (2010). Biology of Termites: a Modern Synthesis (1st ed.). Dordrecht: Springer. ISBN 978-90-481-3977-4.",بيجنل، دي. إي؛ رويسين، واي؛ لو، إن. (2010). بيولوجيا النمل الأبيض: توليف حديث (الطبعة الأولى). دوردريخت: سبرينغر. ردمك 978-90-481-3977-4.,VALIDATED,GOLD
data51544,DATA_20950,B,"فيليب جوزيف ""جو"" كولبيك (تزاد فـ 29 نونبر 1986) هو كوايري نݣليزي كيلعب جناح أيمن لـ هاروغيت تاون.","Filipp Jozif ""Jo"" Kolbek (tzad f 29 nouanber 1986) huwa kwayri nnglizi kyl3b jana7 aymane l Harrogate Town.","Philip Joseph ""Joe"" Colbeck (born 29 November 1986) is an English footballer who plays as a right winger for Harrogate Town.","فيليب جوزيف ""جو"" كولبيك (مواليد 29 نوفمبر 1986) هو لاعب كرة قدم إنجليزي يلعب كجناح أيمن لنادي هاروغيت تاون.",VALIDATED,GOLD
data51545,WIKI_C_01295,C,"لوركسترا سيمفونيا د لوندون سجلات الموسيقى اللي كتخدم ف الطريق كاملة ف ستوديوات آبي رود ف 25 مارس 2014. و الموسيقى ديال الطريق اللي غادية ل الشمال سميتها ""قطار ترابيت - هوجسميد ل لوندون"".","L'orchestra simfoniya d London sejlat lmusiqa lli katkhdem f ttriq kamla f studiowat Abbey Road f 25 mars 2014. w lmusiqa dyal triq lli ghadiya lchamal smitha ""qitar tarabit - Hogsmeade l London"".","The London Symphony Orchestra recorded the music played throughout the journey at Abbey Road Studios on 25 March 2014. The music for the northbound journey is called ""Connector Train -Hogsmeade to London"".","سجلت أوركسترا لندن السيمفونية الموسيقى التي عزفت طوال الرحلة في استوديوهات آبي رود في 25 مارس 2014. والموسيقى الخاصة بالرحلة المتجهة شمالاً تسمى ""موسيقى قطار الربط - من هوجسميد إلى لندن"".",VALIDATED,GOLD
data51546,DATA_13994,B,نيكولو فالكوني ديال الطاليان غلب لعابة من 27 دولة بالإضافة لبطل العالم اللي دافع على اللقب ديالو فبطولة العالم 2015 اللي كانت فمنتجع ڤينيسيان ف ماكاو.,Nikolo Falkoni dyal Talyan ghleb l3aba men 27 dawla bel2idafa l batal l3alam li dafe3 3la lleqab dyalu f b botolat l3alam 2015 li kanet f muntaja3 Vinisian f Makaw.,Nicolò Falcone of Italy defeated players from 27 countries plus the defending champion in the 2015 World Championship held at The Venetian resort in Macau.,هزم نيكولو فالكوني من إيطاليا لاعبين من 27 دولة بالإضافة إلى حامل اللقب في بطولة العالم لعام 2015 التي أقيمت في منتجع فينيشيان في ماكاو.,VALIDATED,GOLD
data51547,DATA_8084,A,حتى العرس إنشا الله ونحضر,hta l3ars nchae lah on7dar,"I'll make sure to attend the wedding, inshallah",سأحضرُ في حفلِ الزفافِ إن شاءَ الله,VALIDATED,GOLD
data51548,DATA_21346,B,نهار 24 يوليوز 2015، رودمان علنياً أيد الحملة الرئاسية ديال دونالد ترامب ديال 2016. رودمان و ترامب كانو تلاقاو من قبل ف برنامج سيلبريتي أبرينتيس.,"nhar 24 yulyuz 2015, rodman 3alaniyan ayyed l7amla rri2asiya dyal donald trump dyal 2016. rodman o trump kanu tlaqaw mn qbl f program celebrity apprentice.","On July 24, 2015, Rodman publicly endorsed Donald Trump 's 2016 presidential campaign. Rodman and Trump had previously appeared together on Celebrity Apprentice.",في 24 يوليو 2015، أعلن رودمان دعمه علنًا لحملة دونالد ترامب الرئاسية لعام 2016. وكان رودمان وترامب قد ظهرا معًا سابقًا في برنامج تلميذ المشاهير.,VALIDATED,GOLD
data51549,WIKI_D_11096,D,الشارجور ديال الماكب بوك معروف عليه كيتخسر، كيتقطع، وكيحبس من الخدمة. مورا دعوة قضائية، أبل كتعوض هاد الشواحن للمواطنين اللي ساكنين فالمريكان اللي عندهم الشواحن اللي فيها المشكل، اللي شراوها (أو جاتهم كادو) مع البيسي ولا بوحدها كا أكسيسوار.,"sharjor dyal lmakbok marof 3lih kytkhsr, kytqtt3, wky7bs mn lkhdma. mora d39wa qda2iya, apple kta3wd had shaway7in l mwatinin lli saknin f lmirikan lli 3ndhom shshawa7in lli fiha lmoshkil, lli shrawha (aw jathom kado) m3a lbisi wla bohdha ka aksesswar.","MacBook power adapters are known to break, fray, and stop working. Following a lawsuit, Apple is replacing these adapters for residents in the US who have affected units, whether purchased (or received as a gift) with the computer or as an accessory.",مُحوّل الطاقة الخاص بأجهزة ماك بوك معروفٌ بتعرُّضه للتلف والتمزق والتوقف عن العمل. وعقب دعوى قضائية، تقوم شركة أبل بتعويض هؤلاء المقيمين في الولايات المتحدة ممن لديهم محولات متضررة، سواء تم شراؤها (أو استلامها كهدية) مع جهاز الكمبيوتر أو كمُلحقٍ منفصل.,VALIDATED,GOLD
data51550,DATA_11245,A,مانضنش غادي نقاد حوايجي ديال غدا,mandench ghadi n9ad 7wayji dial ghedda,I don't think I'll get my clothes ready for tomorrow,لا أعتقد أنني سأقوم بترتيب ملابسي,VALIDATED,GOLD
data51551,DATA_12313,A,عمرك جربتي تعيش في شي عصيفة؟,3emrek jerebti t3ich fchi 3assifa?,Have you tried living in a storm?,هل جربت العيش في عاصفة؟,VALIDATED,GOLD
data51552,WIKI_D_05822,D,"الحلقة ديال ""تيلثون""، ومعاها 23 حلقة خرين ديال السيزون التاني ديال باركس آند ريكريايشن، تّلاحو فواحد الديڤيدي فيه ربعة ديال الديڤيديات فالميريكان نهار 30 نونبر 2010. الديڤيدي كانو فيه مقاطع محذوفة لكل حلقة.","l7l9a dyal ""telethon"", w ma3aha 23 7l9a khrin dyal sizon t2ani dyal parks and recreation, tla7o f wa7d DVD fih rb3a dyal DVDiyat flmrikan nhar 30 november 2010. DVD kanu fih mqati3 ma7zufa likol 7l9a.","The ""Telethon"" episode, along with the other 23 second-season episodes of Parks and Recreation, was released on a four-disc DVD set in the United States on November 30, 2010. The DVD set included deleted scenes for each episode.","صُدِرت حلقة ""تيلثون""، إلى جانب 23 حلقة أخرى من الموسم الثاني لمسلسل باركس آند ريكريايشن، ضمن مجموعة أقراص دي في دي مكونة من أربعة أقراص في الولايات المتحدة في 30 نوفمبر 2010. وقد تضمنت المجموعة مشاهد محذوفة لكل حلقة.",VALIDATED,GOLD
data51553,DATA_8356,A,ولاو ديما غادين فطوبيس ملي المزود غلا,wlaw dima ghadin ftobis mli lmazout ghla,We've started taking the bus all the time now that fuel prices have gone up.,أصبحنا نذهبُ دائماً في الحافلةِ منذُ أن ارتفعَ سِعرُ الوقود.,VALIDATED,GOLD
data51554,DATA_12845,B,روب ناير، واحد الخبير في سابيرميتريكس وكاتب عمود في إي إس پي إن دوت كوم، عارض أي واحد كيأكد باللي المهارات ديال هاملز تدهورت، وعلّق عوض هذا باللي المهارات ديالو بقات قوية كيف كانت ديما.,"Rob Neyer, wa7ed lkhabir fi sabermetrics o kateb 3amoud fi ESPN dot com, 3ared ay wahed kay2aked balli lmaharat dyal Hamels tdehwrat, o 3allaq 3awd hada belli lmaharat dyalo bqat qwiya kif kant dima.","Rob Neyer, a sabermetrician and columnist for ESPN.com, contradicted anyone who asserted that Hamels skills had deteriorated, instead commenting that his skills remained as strong as ever.",ناقضَ روب ناير، الباحثُ في سابيرميتريكس وكاتبُ العمودِ في موقع إي إس بي إن، كلَّ مَن ادّعى تدهورَ مهارات هاميلز، وعلّق بدلاً من ذلك بأنَّ مهاراتِه لا تزالُ قويةً كما كانتْ دائماً.,VALIDATED,GOLD
data51555,WIKI_C_03347,C,عامين من بعد، الرجوع ديال پيتر كاناڤان من الإصابة كاحتياطي في 10 دقايق اللخرة، جا الترتيب ديالو رقم 14 في سلسلة ديال آر تي إي ديال عام 2005 أحسن 20 لحظة في جي إيه إيه.,"3amyn mn b3d, rojou3 dyal Peter Canavan mn l2isaba ka 7tiyati f l 10 dqayq llekhra, ja ttartib dyalo raqm 14 f silsila dyal RTÉ dyal 3am 2005 a7san 20 la7da f GAA.","Two years later, Peter Canavan's return from injury as a substitute in the final 10 minutes finished 14th in RTE's 2005 series Top 20 GAA Moments.",بعد عامين، احتلَّت عودةُ بيتر كانافان من الإصابة كبديلٍ في الدقائق 10 الأخيرة المرتبةَ الرابعة عشرة ضمن سلسلة أفضل 20 لحظة في جي إيه إيه  لعام 2005 التي أنتجتها قناة آر تي إي.,VALIDATED,GOLD
data51556,WIKI_D_02949,D,كاينة واحد الكمية قليلة ديال المحفزات بيولوجية مبنية على آر إن إي سميتها الريبوزيمات، واللي عاود تقدر تخدم بوحدها ولا معقدة بالبروتينات. الأكثر شيوعا في هادو هو الريبوزوم اللي هو معقد من البروتين و مكونات آر إن إي المحفزة.,"kayna wa7d lkimya qlila dyal lmo7affizat biyolojiya mabniya 3la l RNA smitha ribozimat, wlli 3awd t9der t5dem bo7dha wla m3a9da bl protinat. l 2aktar choyo3an f hado howa ribozom lli howa m3a9ad mn l protein w mokwinat l RNA lmo7affiza.","A small number of RNA-based biological catalysts called ribozymes exist, which can act alone or in complex with proteins. The most common of these is the ribosome, which is a complex of protein and catalytic RNA components.",توجدُ كميةٌ قليلةٌ من المحفزاتِ البيولوجيةِ القائمةِ على الحمضِ النوويِّ الريبوزي آر إن إي تُسمى الريبوزيمات، والتي يمكنها العملُ بمفردِها أو ضمنَ مُعقدٍ بروتيني. ويُعدُّ الريبوسوم أكثرَ هذه المحفزاتِ شيوعاً، وهو عبارةٌ عن مُعقدٍ يتكونُ من بروتيناتٍ ومكوناتِ حمضٍ نوويٍّ ريبوزي  آر إن إي تحفيزي.,VALIDATED,GOLD
data51557,DATA_15019,B,ما عمري شي حاجة ف حياتي عطات القلب ديالي الوجع كترمن الفراق ديال الناس اللي خدامت معاهم و بغيتهم.,Ma 3mri chi 7aja f 7yati 3tat lqlb dyali lwja3 kter men lfraq dyal nnass li khdamt m3ahom w bghithom.,Nothing in my life has caused my heart more pain than parting with the people I worked with and loved.,لم يمنحني شيءٌ في حياتي ألمًا في القلب أكثر من فراقِ الأشخاصِ الذين عملتُ معهم وأحببتهم.,VALIDATED,GOLD
data51558,DATA_19064,B,الألعاب اللي فيها الخيل اللي كاينين فالألعاب البارالمبية هما غير ديال الترويض (دريساج). خمسة ديال الفرسان من مريكان شاركو، فالمسابقات الفردية و الفرق.,"l al3ab li fiha lkheil li kaynin flal3ab lbaralambiya homa ghir dyal ttrwid (Dressage). khamsa dyal lforsan men mrikan sharko, flmosaba9at lfardiya w lfro9.","The only equestrian events held in the Paralympic Games are in the Dressage discipline. Five American riders competed, in both individual and team events.",الفعاليات الوحيدة للفروسية التي تقام في دورة الألعاب البارالمبية هي في تخصص ترويض الخيل. تنافس خمسة فرسان أمريكيين، في كل من الفعاليات الفردية والفرق.,VALIDATED,GOLD
data51559,WIKI_C_04394,C,يمكن ليك تسمع التسجيلات اللي فالمجموعة فشي قاعات القراءة محددة فالمكتبة عن طريق داكشي ديالهم و خدمة الاستماع و المشاهدة اللي كاينة ف قاعة القراءة ديال الكتب النادرة و الموسيقى.,ymken lik tsma3 tsjilat li f l majmou3a f chi 9a3at l 9ira2a mo7adda f l maktaba 3an tari9 dakchi dyalhom w khidmat l 2istima3 w l mochahada li kayna f 9a3at l 9ira2a dyal l kotob nnadira w l mousi9a.,"It is possible to listen to recordings from the collection in selected Reading Rooms in the Library through their Audio-visual and Listening and Viewing Service, which is based in the Rare Books & Music Reading Room.",يمكن الاستماع إلى التسجيلات الموجودة في المجموعة في قاعات قراءة مختارة بالمكتبة، وذلك عبر قسم السمعي البصري وخدمة الاستماع والمشاهدة، الموجودة في قاعة قراءة الكتب النادرة والموسيقى.,VALIDATED,GOLD
data51560,WIKI_D_02644,D,"حيوان خلد لما حتى هوا كان ف أغاني، بحال ""پلاتيپوس (آي هايت يو)"" ديال غرين دي و ""پلاتيپوس"" ديال مستر بانغل. و حتى هوا موضوع ديال قصيدة ديال دراري صغار ديال بانجو پاترسون.","7iwan khald lma 7ta hwa kan f aghani, b7al ""Platypus (I Hate You)"" dyal Green Day w ""Platypus"" dyal Mr. Bungle. w 7ta hwa mawdu3 dyal qasida dyal drari sghar dyal Banjo Paterson.","The platypus has also been featured in songs, such as Green Day's ""Platypus (I Hate You)"" and Mr. Bungle's ""Platypus"". It is also the subject of a children's poem by Banjo Paterson.","ظهرَ خلدُ الماءِ أيضاً في عدةِ أغنيات، مثل أغنية ""بلاتيبوس (أنا أكرهك)"" لفرقة غرين داي وأغنية ""بلاتيبوس"" لفرقة مستر بانغل. كما كان موضوعاً لقصيدةِ أطفالٍ من تأليفِ الشاعرِ بانجو باترسون.",VALIDATED,GOLD
data51561,DATA_6901,A,واش عندك شي فرقة ديال كورة عزيزا عليك؟,wach 3endek chi fer9a dial kora 3ziza 3lik ?,do you have a favorite football team?,هل لديك فريق كرة قدم مفضل؟,VALIDATED,GOLD
data51562,WIKI_C_12380,C,"لاركين، رالف و. (1970). ""المحافظة على النمط والتغيير في التعليم"". سجل كلية المعلمين (كلية المعلمين، جامعة كولومبيا) 72 (1): 111-120.","larkin, ralf w. (1970). ""lmo7afada 3la nnamat w ttaghyir fi tta3lim"". sijil koulyat al mu3allimin (kilkoulyat at al mu3allimin, jami3at kolombia) 72 (1): 111-120.","Larkin, Ralph W. (1970). ""Pattern Maintenance and Change in Education"". The Teachers College Record (Teachers College, Columbia University) 72 (1): 111-120.","لاركين، رالف. (1970). ""الحفاظ على النمط والتغيير في التعليم"". مجلة كلية المعلمين (كلية المعلمين، جامعة كولومبيا) 72 (1): 111-120.",VALIDATED,GOLD
data51563,DATA_9029,A,أنا غادي ن تحدّاه يسبقني,ana ghadi n t7eddah ysbe9ni,i dare you to outrace me,أتحداكَ أن تتفوقَ عليَّ في السباق,VALIDATED,GOLD
data51564,WIKI_C_10012,C,فالمدة ديال يوليوز 2006 حتى ليونيو 2007 ، المؤسسة كانت عندها تقريبا شي 30 واحد خدامين بالتوقيت الكامل و الجزئي، و ميزانية ديال 27.8 مليون دولار.,"felmuda dyal yulyuz 2006 hta lyunyu 2007, lmo2asasa kant 3andha ta9riban chi 30 wa7din khdamine bitaw9it lkamel w ljoz2i, w mizanya dyal 27.8 milyon dollar.","During the period of July 2006 to June 2007, the Foundation had approximately 30 full-time and part-time employees, and a budget of 27.8 million dollar.",خلال الفترة من يوليو 2006 إلى يونيو 2007، كان لدى المؤسسة حوالي 30 موظفاً بدوام كامل وجزئي، وميزانية قدرها 27.8 مليون دولار .,VALIDATED,GOLD
data51565,DATA_5615,A,هاد الجامع خصو إمام جديد,had jjame3 khesso 2imam jdid,This mosque needs a new imam,هذا المسجد بحاجة إلى إمام جديد,VALIDATED,GOLD
data51566,WIKI_C_00837,C,الحلقة كتبدا بواحد الفلاش باك ديال جاكي تايلر كتعاود لواحد روز صغيرة على باها بيت لي مات فواحد الاكسيدون ديال ضرب وهرب ف الطريق لعرس ديال واحد صاحبهم.,l7ala9a katbdaw b wa7d flashback dyal jackie tyler kat3awd l wa7d rose sghira 3la baba7a pete li mat f wa7d accident dyal dorb w hrb f tari9 l 3ers dyal wa7d sa7ebhom.,"The episode opens with a flashback of Jackie Tyler telling a younger Rose about her father Pete, who died in a hit-and-run accident on the way to a friend's wedding.",يبدأ المشهد باسترجاع للماضي تروي فيه جاكي تايلر لروز الصغيرة عن والدها بيت، الذي توفي في حادث دهس وفرار أثناء توجهه إلى حفل زفاف أحد أصدقائه.,VALIDATED,GOLD
data51567,DATA_14873,B,"تيو، سو مين (1969)، ""[ذا بريزيدنشل كاونصل:] پايپر 1""، سينغاپور لو ريڤيو 1: 2-8.","Thio, Su Mien (1969), ""[The Presidential Council:] Paper I"", Singapore Law Review 1: 2-8.","Thio, Su Mien (1969), ""[The Presidential Council:] Paper 1"", Singapore Law Review 1: 2-8.","يو، سو مين (1969)، ""[المجلس الرئاسي:] الورقة 1""، مجلة سنغافورة للمراجعة القانونية 1: 2-8.",VALIDATED,GOLD
data51568,WIKI_D_08690,D,"لفطر كيتعرف بزاف ب ""قبعة شمع لعاج""، ""قبعة شمع لبيضة""، أولا ""منديل الراعي"". والصفة لمحددة إيبورنيوس هي نعت لاتيني كتعني ""من لعاج"".","l fitr kit3rf bzaf b ""qoba3at cham3 l3aj"", ""qob3at cham3 lbayda"", awla ""mandil rra3i"". w ssifa l mo7addada eburneus hiya na3t latini kat3ni ""mn l3aj"".","The mushroom is commonly known as the ""ivory waxy cap"", the ""white waxy cap"", or the ""cowboy's handkerchief"". The specific epithet eburneus is a Latin adjective meaning ""of ivory"".","يُعرف الفطر عادةً باسم ""القبعة الشمعية العاجية""، أو ""القبعة الشمعية البيضاء""، أو ""منديل الراعي"". والاسم المحدد إيبورنيوس هو صفة لاتينية تعني ""من العاج"".",VALIDATED,GOLD
data51569,wiki_9,B,"بلي لممتلة لمغريبية توريا جبران سميتها لحقيقية سعدية قريطيف؟
بلي أول دار مغريبية دخلات ضو هي دار لوزير لمقري ف 1907؟
بدل
ويكيبيديا دارجة
سمع (معاونة·معلومات)
مشروع تشاركي باش نتجو إنسيكلوبيديا حورة، فابور، ؤ متكاملة","Bli lmomatila lmaghribiya Touria Jabrane smytha l7aqiqiya Saadia Qraytif?
Bli awl dar maghribiya dkhlat ddou hiya dar l wezir l Maqri f 1907?
Beddel
Wikipedia Darija
Sme3 (m3awna·m3lumat)
Mashru3 tsharuki bash ntju encyclopedia 7ura, fabor, u mutakamila","Is the Moroccan actress Touria Jabrane's real name Saadia Qraytif?
Was the first Moroccan house to get electricity the house of Minister El Mokri in 1907?
Edit
Darija Wikipedia
Listen (help·info)
A collaborative project to produce a free, cost-free, and comprehensive encyclopedia.","هل الممثلة المغربية ثريا جبران اسمها الحقيقي سعدية قريطيف؟
هل أول منزل مغربي أدخل الكهرباء هو منزل الوزير المقري في عام 1907؟
تعديل
ويكيبيديا بالدارجة
استمع (مساعدة·معلومات)
مشروع تشاركي لإنتاج موسوعة حرة، مجانية، ومتكاملة",VALIDATED,GOLD
data51570,DATA_3339,A,أنا عارف، هادي حفلة ديالي نقدر نبكي إيلا بغيت,"ana 3araf, hadi 7afla dyali na9dar nabki ila bghit","I know, it's my party I can cry if I want to",أعلم، إنه حفلي يمكنني البكاء إذا أردت,VALIDATED,GOLD
data51571,DATA_8040,A,ماما كاتقول ليا تعلمي,mama katgol liya t3almi,Mom says I need to learn.,تقولُ أمي إنَّ عليَّ أن أتعلّم.,VALIDATED,GOLD
data51572,WIKI_C_09593,C,طابلوات ديال هوگينز ما مجربينش رسميا، ولكن زايدين فالاحتياط كتر من طابلوات ديال البحرية الأمريكية ديال 1956. تحسبو من حدود لي نظريا يقدروا يديرو فقاعات فالعروق بنسبة 10 حتال 20 فالمية.,"tablowat dyal huggins ma mjarbinech rasmiyan, walakin zaydin fl2i7tiyat ktr mn tablowat dyal lba7riya l2amrikiya dyal 1956. t7sebou mn 7odod li nazhariyan yeqdero ydiru fuqa3at f l3roq bnisbat 10 7tal 20 f l miya.","The Huggins tables have not been officially tested, but are more conservative than the 1956 US Navy tables. They have been calculated from limits which would theoretically produce venous bubbles 10 to 20 % of the time.",لم تخضع جداول هوگينز لاختباراتٍ رسمية، إلا أنها أكثر تحفظاً من جداول البحرية الأمريكية لعام 1956. وقد حُسبت هذه الجداول بناءً على حدودٍ تؤدي نظرياً إلى ظهور فقاعاتٍ وريدية بنسبة تتراوح بين 10 إلى 20% من الحالات.,VALIDATED,GOLD
data51573,DATA_17220,B,بالإضافة للحوافز التجارية ديال السوق الحرة، شي دول ومناطق عندهم برامج خاصة باش يشجعو تركيب ديال منشآت الطاقة الشمسية.,"bl 2idafa lil hawafiz tijariya dyal souq l 7orra, shi douwal ou manatiq 3ndhom baramej khassa bash yshaj3u tarkib dyal mnsha2at ttaqa ashamsiya.","In addition to free market commercial incentives, some countries and regions have specific programs to support the deployment of solar energy installations.",بالإضافة إلى الحوافز التجارية للسوق الحرة، تمتلك بعض البلدان والمناطق برامج محددة لدعم نشر منشآت الطاقة الشمسية.,VALIDATED,GOLD
data51574,DATA_6464,A,عندي بزّاف ديال لخدمة,3endi bezzaf dial l5edma,i've got too much work,لدي الكثير من العمل,VALIDATED,GOLD
data51575,DATA_19003,B,هاريسون تكرم من بعد الموت بجائزة غرامي لإنجاز العمر من الأكاديمية التسجيلية في حفل توزيع جوائز غرامي في فبراير 2015.,Harrison tkarram mn b3d l mout b ja2izat Grammy l2injaz l3omr mn l2akademia ttassjiliya f 7afl tawzi3 jawa2iz Grammy f fibrayr 2015.,Harrison was posthumously honoured with The Recording Academy 's Grammy Lifetime Achievement Award at the Grammy Awards in February 2015.,تم تكريم هاريسون بعد وفاته بجائزة جرامي للإنجاز مدى الحياة من أكاديمية التسجيل في حفل توزيع جوائز جرامي في فبراير 2015.,VALIDATED,GOLD
data51576,DATA_10233,A,كان كيسحاب ليا غادي ينقص ليا فالخلصة مورا الفضيحة لي درت,kan kis7ab liya ghadi yen9ess liya fl5elssa mora lfdi7a li dert,I thought he was going to dock my pay after the scandal I caused,ظننتُ أنه سيقتطعُ من راتبي بعد الفضيحةِ التي تسببتُ بها,VALIDATED,GOLD
data51577,DATA_23206,B,"أحمد أباد تخيّرات باش تكون وحدة من مية مدينة هندية لي غادي تطوّر على أساس مدينة ذكية تحت بروغرام ""سمارت سيتيز ميشن"" ديال رئيس الوزراء ناريندرا مودي.","ahmed abad tkhayrat bash tkun w7da mn miyat mdina hindia li ghadi ttwr 3la asas mdina dkiya ta7t program ""smart cities mission"" dial ra2iss lwuzara2e narendra modi.","Ahmedabad has been selected as one of the hundred Indian cities to be developed as a smart city under Prime Minister Narendra Modi's flagship ""Smart Cities Mission""","اختيرت مدينةُ أحمد آباد لتكونَ واحدةً من مائةِ مدينةٍ هنديةٍ سيتمُّ تطويرُها كمدينةٍ ذكيةٍ ضمن المبادرةِ الرائدةِ ""بعثة المدن الذكية"" لرئيسِ الوزراءِ ناريندرا مودي.",VALIDATED,GOLD
data51578,DATA_1294,A,و من بعد كانواعدك أنخليك على راحتك و نمشيو غدا نتمششاو غير شويا.,o men b3d kanwa3dek ankhellik 3la ra7tek o nmchiw ghedda ntmechchaw ghir chwia.,Then I promise to leave you alone and we will go for a shorter walk tomorrow.,حينها أعدك بأن أتركك وشأنك، وسنذهب في نزهة أقصرغدًا.,VALIDATED,GOLD
data51579,WIKI_D_01645,D,الغاز د السفر كيتستعمل فالهبوط والطلوع. غالبا كيكون هوا ولا نيتروكس بنسبة ديال الأكسجين ما بين 21% و 40%. الغاز د السفر كيكون ضروري فاش الغاز د القاع كيكون فيه نقص ديال الأكسجين وبالتالي ما صالحش للتنفس فالمياه الضحلة.,elghaz d sefar kitsta3mel f l 7obot w ttolo3. ghaliban kaykon howa wla nitroks b nseba dyal l oxygen ma bin 21% w 40%. elghaz d sefar kaykon darori fash elghaz d l qa3 kaykon fih naqs dyal l oxygen w betali ma sali7sh ll tnaffos f l miyah dda7hla.,Travel gas is used during the descent and ascent. It is typically air or nitrox with an oxygen content between 21 % and 40 %. Travel gas is needed when the bottom gas is hypoxic and therefore is unsafe to breathe in shallow water.,يُستخدم غاز السفر أثناء الهبوط والصعود. وعادة ما يكون هواءً أو نيتروكس بنسبة أكسجين تتراوح بين 21% و 40%. يلزم غاز السفر عندما يكون الغاز السفلي ناقص الأكسجين وبالتالي غير آمن للتنفس في المياه الضحلة.,VALIDATED,GOLD
data51580,WIKI_C_06153,C,دار الثقافة ديال مانشستر اللي تابعة للبلدية اللي كاينة فزنقة موزلي فيها مجموعة دايمة ديال التصاور ديال الرسامة ديال أوروبا، و عندها وحدة من أهم الكولكسيونات ديال بري-رافالايت فبريطانيا.,"dar tthaqafa dyal manchester lli tab3a lbaladiya lli kayna fzna9at mozli fiha majmu3a dayma dyal ttassawer dyal rressama dyal eurubba, w 3andha wa7da mn aham lkolekisyunat dyal pre-raphalite fbritanya.","The municipally owned Manchester Art Gallery on Mosley Street houses a permanent collection of European painting, and has one of Britain's most significant collections of Pre-Raphaelite paintings.",يضمُّ معرضُ مانشستر للفنونِ المملوكُ للبلديةِ والواقعُ في شارعِ موزلي مجموعةً دائمةً من اللوحاتِ الأوروبية، كما يمتلكُ واحدةً من أهمِّ مجموعاتِ اللوحاتِ ما قبل الرفائيلية في بريطانيا.,VALIDATED,GOLD
data51581,WIKI_D_09994,D,بحال بزاف ديال النواع، الثمار ديال تي پلومبيوڤيولاسيوس ما كايتوصاوش باش يتكالو حيت مذاقهم مر. الوجود ديال شي بوليط مر كايخسر الماكلة، حيت المذاق المر ما كايزولش بالطياب.,"B7al bzaf dyal nwa3, thmar dyal T. plumbeoviolaceous ma kaytwasawch bach ytakalu 7it mda9hom mor. lwjud dyal chi bolet mor kaykhsser lmakla, 7it lmadha9 lmor ma kayzwlch bttyab.","Like many other species, the fruit bodies of T. plumbeoviolaceous are not recommended for consumption due to their bitter taste. The presence of even one bitter bolete can ruin a meal, as the bitterness does not disappear with cooking.",كحالِ العديدِ من الأنواع، لا يُنصحُ بتناولِ ثمارِ فطر ت. بلومبيوفيولاسيوس نظراً لمذاقِها المرّ. كما أنَّ وجودَ حبةٍ واحدةٍ مُرّة من فطرِ البوليت كفيلٌ بإفسادِ الوجبةِ بأكملِها، إذ لا يزولُ طعمُ المرارةِ بالطهي.,VALIDATED,GOLD
data51582,WIKI_C_11149,C,"1976 [5 يناير 1977]. كاري إس تي، روجرسون سي تي. ""تصنيف و مورفولوجيا ديال نوع جديد ديال هيبوميسيس على ماراسميوس"". بريتونيا 28: 381-389.","1976 [5 yanayr 1977]. Carey S.T., Rogerson C.T. ""tasnif w morfologia dyal naw3 jdid dyal Hypomyces 3la Marasmius"". Brittonia 28: 381-389.","Carey, ST; Rogerson, CT. ""Taxonomy and morphology of a new species of Hypomyces on Marasmius"". Brittonia 28: 381-389.","1976 [5 يناير 1977]. كاري، سي تي؛ روجرسون، سي تي. ""تصنيف وشكل نوع جديد من فطر الهيبوميسيس ينمو على الماراسميوس"". بريتونيا 28: 381-389.",VALIDATED,GOLD
data51583,DATA_0920,A,"سمح ليا, غير مامولّفش نركب ف طيارة.","sme7 lia, ghir mamwellefch nrkeb f tiyara.","i'm sorry, i'm just not used to being in a plane.",أنا آسف، أنا فقط لست معتادًا على التواجد على متن طائرة.,VALIDATED,GOLD
data51584,DATA_1884,A,ولكن إمكن خصك تشتارك في هاد الانشطة؟,walakin imkn khssk tchtarak f had l anchita?,But maybe you should also sign up for these activities?,ولكن ربما ينبغي لك أيضاً التسجيل في هذه الأنشطة؟,VALIDATED,GOLD
data51585,DATA_13890,B,إليزابيث (19 غشت 1596 – 13 فبراير 1662). تزوجات 1613، فريدريك الخامس، ناخب بالاتينات. ماتت عندها 65 عام.,"Elizabeth (19 ghusht 1596 - 13 fibrayer 1662). Tzewwjat 1613, Fridirik l-khamess, nakhib Balatinat. Mattet 3endha 65 3am.","Elizabeth (19 August 1596 - 13 February 1662) . Married 1613, Frederick V, Elector Palatine. Died aged 65.",إليزابيث (19 أغسطس 1596 – 13 فبراير 1662). تزوجت عام 1613، فريدريك الخامس، ناخب بالاتينات. توفيت عن عمر يناهز 65 عامًا.,VALIDATED,GOLD
data51586,WIKI_C_06785,C,"تݣݣليد ديال ""ممم ممم ممم ممم"" ديال كراش تيست داميز؛ الأغنية كتعاود على تلاتة د القصص اللي دارو البوز فالتسعينات. هاد السينݣل تسجل لهاد الكومپيلاسيون.","taglid dyal ""Mmm Mmm Mmm Mmm"" dyal crash test dummies; l ughniya kat3awd 3la tlata d lqisas lli daro lbuz fts3inat. had single tsjil lhad compilation.","A parody of ""Mmm Mmm Mmm Mmm"" by Crash Test Dummies; the song details three major tabloid stories of 1993. This single was recorded for this compilation.","محاكاةٌ ساخرةٌ لأغنية ""ممم ممم ممم ممم"" لفرقة 'كراش تيست داميز'؛ تتناولُ الأغنيةُ ثلاثَ قصصٍ رئيسيةٍ تصدَّرتْ عناوينَ الصحفِ في عام 1993. وقد سُجّلتْ هذه الأغنيةُ المنفردةُ خصيصاً لهذا الألبومِ المُجمّع.",VALIDATED,GOLD
data51587,DATA_12029,A,عمرك ت حضر البلاد بلا ماتكون متيقن أنك ديتي ڭاع دكشي لي خاسّك,3emrek t 7ader lblad bla matkoun mtyi9en anaka diti ga3 dkchi li 5assek,You should never head to the country without making sure you've taken everything you need,لا تشرع أبداً في السفرِ إلى البلادِ دونَ التأكّدِ من أنَّكَ قد أخذتَ معكَ كلَّ ما تحتاجُه,VALIDATED,GOLD
data51588,WIKI_D_02581,D,"فـ 2003، فرقة نحاسية يانغبلود براس باند (من أوريݣون، ويسكونسن، ميريكان) سجلو نسخة ريوت جاز ديال الأغنية تحت سمية ""هيوْمن نيتشر بارتي 2"" فالألبوم ديالهم سنتر: ليڤل: روْر.","f 2003, fer9a n7asiya Youngblood Brass Band (mn Oregon, Wisconsin, merican) sgelo nusha Riot Jazz dyal lughniya ta7t smiya ""Human Nature Pt. 2"" f l album dyalhom Center: Level: Roar.","In 2003, the brass band Youngblood Brass Band (from Oregon, Wisconsin, U.S.) recorded a Riot Jazz version of the song under the name ""Human Nature Pt. 2"" on their album Center: Level: Roar.","في عام 2003، سجلت الفرقةُ النحاسيةُ 'يانغبلود براس باند (من أوريغون، ويسكونسن، الولايات المتحدة) نسخة ريوت جاز من الأغنية تحت اسم ""طبيعة بشرية - الجزء الثاني""  في ألبومهم سنتر: ليفل: رور.",VALIDATED,GOLD
data51589,WIKI_D_04057,D,11% من إنتاج الدهب. أكبر 3 مصادر ديال الزيبق اللي كاينين ف لمريكان هوما أكبر 3 مناجم ديال الدهب. لإطلاق ديال الزيبق من مخلفات التنقيب على الدهب كيتعتابر مصدر مهم ديال الزيبق ف الجو ف الشرق ديال كندا.,11% mn intaj ddheb. akbar 3 mssadre dyal zzibaq lli kaynin f lmrikan huma kbar 3 manajim dyal ddheb. litlaq dyal zzibq mn mukhalafat ttanqib 3la ddheb kyt3tabr masdr muhim dyal zzibq f ljw f charq dyal Canada.,This accounts for 11% of gold production. The three largest point sources for mercury emissions in the U.S. are the three largest gold mines. The release of mercury from gold-mine tailings has been accounted as a significant source of atmospheric mercury in eastern Canada.,يمثل ذلك 11% من إنتاج الذهب. وتعد أكبر ثلاثة مصادر لانبعاثات الزئبق في الولايات المتحدة هي أكبر ثلاثة مناجم للذهب. كما يعتبر انبعاث الزئبق من مخلفات تعدين الذهب مصدراً رئيسياً للزئبق في الغلاف الجوي بشرق كندا.,VALIDATED,GOLD
data51590,DATA_18509,B,لجردة ديال لجنان ديال كليڤدون كورت مصنفة (غريد 2) ف السجل الوطني ديال لمنتزهات ولجنان تّاريخية.,Ljarda dyal ljenan dyal Cliveden Court mssanfa (Grade II) f ssijjl lwatani dyal lmuntazahat w ljenan ttarikhiya.,The gardens of Clevedon Court are listed (Grade II) on the National Register of Historic Parks and Gardens.,تُدرجُ حدائقُ 'كليفيدون كورت' (ضمن الدرجة الثانية) في السجل الوطني للمتنزهات والحدائق التاريخية.,VALIDATED,GOLD
data51591,DATA_15401,B,فكتوريا ماريا لويزا كونروي (1819 - 9 فبراير 1866)، تزوجات من سير ويندهام إدوارد هانمر، البارون الرابع.,"Victoria Maria Louisa Conroy (1819 - 9 fibrayer 1866), tzowjat mn Sir Wyndham Edward Hanmer, lbaron rrab3.","Victoria Maria Louisa Conroy (1819 - 9 February 1866), married Sir Wyndham Edward Hanmer, 4th Baronet.",فيكتوريا ماريا لويزا كونروي (1819 - 9 فبراير 1866)، تزوجت السير ويندهام إدوارد هانمر، البارون الرابع.,VALIDATED,GOLD
data51592,DATA_5139,A,ماغاديش يمشي للمدرسة غدا,maghadich ymchi l mdrasa ghdda,He won't go to school tomorrow,لن يذهب إلى المدرسة غدًا,VALIDATED,GOLD
data51593,DATA_19828,B,"سيمز كيكون قريب ل أوليڤر ""دوك"" كوهن، اللي كان كيلعب كوارترباك ديال ڤاندربيلت، و جون سيمز ""شيپريك"" كيلي، اللي كان كيلعب كوارترباك ديال كنتاكي.","Simms kikon qrib l Oliver ""Duck"" Cohen, lli kan kil3ab quarterback dyal Vanderbilt, o John Simms ""Chiprique"" Keely, lli kan kil3ab quarterback dyal Kentucky.","Simms is a relative of former Vanderbilt quarterback Oliver ""Doc"" Kuhn and former Kentucky quarterback John Simms ""Shipwreck"" Kelly.","سيمز هو أحدُ أقاربِ ""أوليفر دوك كون""، لاعب الكوارترباك السابق في فاندربيلت، و""جون سيمز شيبراك كيلي""، لاعب الكوارترباك السابق في كنتاكي.",VALIDATED,GOLD
data51594,DATA_9999,A,كان كيسحاب ليا غادي تظاهر بالفقر,kan kis7ab liya ghadi tddaher blfe9r,i thought that he will pretend poverty,ظننت أنه سيتظاهر بالفقر,VALIDATED,GOLD
data51595,WIKI_D_07835,D,"ستراتيجية و تاكتيكات السوفيات ف إفريقيا لإستوائية أو سي إل سي أوبرامرجاو: فرقة لارمي لميدانية لأمريكية ""آر""، مكتب مساعد رئيس لأركان، قسم لإستخبارات، معهد الدراسات الروسية المتقدمة دلارمي (1961)","Strategy w taktikyat Soviet f Afriqa l2istiwa2iya OCLC Oberammergau: firqat l 2army lmidayniya lamrikiya ""R"", maktab mosa3ed ra2is l2arkan, qism l2istikhbarat, ma3had ddirasat rroussiya lmutaqaddima dl2army (1961).","Soviet strategy and tactics in tropical Africa (OCLC), Oberammergau: U.S. Army Field Detachment ""R"", Office of the Assistant Chief of Staff, Intelligence Dept. of the Army, the Army's Institute of Advanced Russian Studies (1961).","استراتيجية وتاكتيكات السوفيات في إفريقيا الاستوائية (أو سي إل سي)، أوبرامرجاو: الفرقة الميدانية للجيش الأمريكي ""آر""، مكتب مساعد رئيس الأركان، قسم الاستخبارات، معهد الدراسات الروسية المتقدمة للجيش (1961).",VALIDATED,GOLD
data51596,WIKI_D_07611,D,يو إس إس تايلور (دي دي-94) كانت مدمرة من نوع ويكس اللي تبنات ف 1918 للبحرية ديال الولايات المتحدة، واللي دارت الخدمة ف الحرب العالمية اللولة والسنوات اللي تبعاتها. تسماات على اسم لادمرال هنري تايلور.,"USS Taylor (DD-94) kant mdmmira mn naw3 Wickes lli tbnat f 1918 llba7riya dyal lwilayat lmuta7ida, w lli dart lkhedma f l7arb l3alamiya lloula w ssanawat lli tb3atha. tsmmat 3la 2ism ladmiral Henry Taylor.","USS Taylor (DD-94) was a Wickes-class destroyer built in 1918 for the United States Navy, which saw service in World War I and the years following. She was named after Admiral Henry Taylor.",كانت المدمرة يو إس إس تايلور (دي دي-94) من فئة ويكس، وقد بُنيت عام 1918 لصالح البحرية الأمريكية، وخدمت في الحرب العالمية الأولى والسنوات التي تلتها. سُميت السفينة تيمناً بالأدميرال هنري تايلور.,VALIDATED,GOLD
data51597,WIKI_C_00155,C,بحال النڭليز و ويلز و سكتلندا، إيرلندا الشمالية حتى هي وحدة من المناطق القانونية منفصلة فالمملكة المتحدة، و كلهم عندهم المحكمة العليا ديال المملكة المتحدة هي اللي كتحكم فاللخر.,"bhal lingliz w wales w skotlandia, irelanda shamalia 7ta hiya wa7da mn lmanaṭiq lqanounia menfṣla f lmamlaka lmota7ida, w kllhom 3ndhom lma7kama l3olya dyal lmamlaka lmota7ida hiya lli kta7km f le5er.","Along with England, Wales and Scotland, Northern Ireland forms one of the three separate legal jurisdictions of the UK, all of which share the Supreme Court of the United Kingdom as their court of final appeal.",إلى جانب إنجلترا وويلز واسكتلندا، تشكل أيرلندا الشمالية إحدى الدوائر القضائية المنفصلة الثلاث في المملكة المتحدة، وتشترك جميعها في المحكمة العليا للمملكة المتحدة بصفتها محكمة الاستئناف النهائية.,VALIDATED,GOLD
data51598,DATA_22042,B,بمعنى أخور، إل إن (ت) كتساوي لمساحة اللي كاينة بين محور سينات (إكس) ولمنحنى ديال دالة 1 على إكس، من إكس = 1 حتال ت.,"bma3na akhor, ln(t) kattsawi lmissaha li kayna bin mihwar sinat (x) w lmon7ana dyal ddala 1 3la x, mn x = 1 7tta l t.","In other words, ln(t) equals the area between the x-axis and the graph of the function 1/x, ranging from x = 1 to t.",بعبارة أخرى، يساوي اللوغاريتم الطبيعي لـ (ت) المساحة المحصورة بين المحور السيني ومنحنى الدالة (1/إكس)، وذلك في الفترة الممتدة من إكس = 1 إلى t.,VALIDATED,GOLD
data51599,DATA_17903,B,الوصية ديال لبارون فيرديناند كانت محددة بزاف، وأي إخلال بالشروط ديالها غادي يخليها لاغية. كانت كاتقول بلي لمجموعة خاصها تكون محفوظة ومجموعة فبلاصة وحدة.,"Lwasiya dyal lBaron Ferdinand kant m7edda bzzaf, w ayy ikhlal bshshrut dyalha ghadi ykhalliha laghiya. kant katgul blli lmajmu3a khassha tkun me7fuza w mjmu3a fblassa we7da.","Baron Ferdinand 's bequest was most specific, and failure to observe the terms would make it void . It stated that the collection should be preserved and collected in one place.",كان وصية البارون فرديناند محددة للغاية، وكان عدم الالتزام بشروطها يبطلها. ونصت على أن المجموعة يجب أن تكون محفوظة ومجموعة في مكان  واحد.,VALIDATED,GOLD
data51600,WIKI_C_05013,C,قال الباطرون ديال مونتريال جورج كينيدي واحد القصة على واحد الماتش ضد مونتريال واندررز اللي كان بيطر فيه بيتري وكان كيتكركل وكيضربو بجنب العصا الجناح القوي گوردون روبرتس.,qal lbatron dyal montreal george kennedy wa7d lqissa 3la wa7d lmatch dedd montreal wanderers li kan baiter fih Pitre w kan kaytrkl w kaydrbo bjenb l3ssa ljanah lqwi gordon roberts.,"Montreal boss George Kennedy told a story of a game against the Montreal Wanderers in which Pitre was being baited, tripped, and butt-ended by rugged winger Gordon Roberts.",روى رئيسُ نادي مونتريال جورج كينيدي قصةً عن مباراةٍ ضدَّ مونتريال واندررز، كان فيها بيتري يتعرَّضُ للاستفزازِ والعرقلةِ والضربِ بمقبضِ العصا من قِبَلِ الجناحِ القوي غوردون روبرتس.,VALIDATED,GOLD
data51601,DATA_24994,B,لماتريس إس ديال واحد الكوبلر توجيهي مثالي (عزل لا نهائي ومطابق تماما) ومتماثل، فين پي هو معامل لانتقال و كيو هو معامل ربط,"lmatrice S dyal wa7ed coupler tawjihi mitali (3zel la niha2i u mutabiq tamaman) u mutamatil, fin p
 huwa lmo3amel l2intiqal w q huwa mo3amel rabt.","The S-matrix of an ideal directional coupler (infinite isolation and perfectly matched) and symmetrical, where p is the transmission coefficient and q is the coupling coefficient.",مصفوفة إس للمقارن التوجيهي المثالي (عزل لا نهائي ومطابقة تامة) والمتماثل، حيث يُمثل پي معاملَ الانتقال ويُمثل كيو معاملَ الربط.,VALIDATED,GOLD
data51602,DATA_12664,B,بلوفيلد كيأكتيفي السستم ديال التدمير الذاتي ديال لاباز و كيهرب. بوند، كيسي، تاناكا، و النينجا اللي بقاو كيخرجو قبل ما لاباز تنفجر.,"Bluefield ki2activi system dyal ttadmir dhati dyal la base o kayhreb. Bond, Kissi, Tanaka, w nninja li bqaw kaykhrjo qbel ma la base tenfajer.","Blofeld activates the base's self-destruct system and escapes. Bond, Kissy, Tanaka, and the surviving ninjas leave before the base explodes.",يقوم بلوفلد بتفعيل نظام التدمير الذاتي للقاعدة ويهرب. يغادر بوند، كيسي، تاناكا، والنينجا الناجون قبل انفجار القاعدة.,VALIDATED,GOLD
data51603,WIKI_D_06437,D,القصة ديالي هي واحد المذكرات كتعاود كلشي ديال الكندية جولي كويار.  تكتبات بالفرنسية أولاً، ومن بعد في صيف 2008، ترجموها للإنجليزية. بجوج النسخ تنشروا في جميع أنحاء كندا في أكتوبر 2008.,"lqissa dyali hi wa7d lmudakirat kat3awd kolchi dyal lkanadiya julie couillard. tktbat blfransiya awalan, w mn b3d f ssif 2008, trjmoha ll2inglizya. bjoj nusakh tnashro f jmi3 anha2 canada f octobre 2008.","My Story is a tell-all memoir by Canadian Julie Couillard. It was first written in French, then during summer 2008, translated into English. Both versions were published across Canada in October 2008.",قصتي هي مذكرات شاملة للكندية جولي كويلار. كُتبت باللغة الفرنسية أولاً، ثم في صيف عام 2008، تُرجمت إلى اللغة الإنجليزية. نُشر كلا الإصدارين في جميع أنحاء كندا في أكتوبر 2008.,VALIDATED,GOLD
data51604,DATA_10450,A,ماندنش غادي نشري شي لافابو جديد,mandench ghadi nchri chi lavabo jdid,I don't think I'm going to buy a new sink,لا أعتقدُ أنني سأشتري حوضَ غسيلٍ جديد,VALIDATED,GOLD
data51605,DATA_9171,A,مابقيتش باغي نتيح فيهاد التلج صافي خاصني نتعلم ندير باتيناج,mab9itch baghi nti7 fhad telj safi 5asni nt3lem ndir patinage,I'm tired of falling on this snow; I really need to learn how to skate,لم أعُد أرغبُ في السقوطِ فوقَ هذا الثلج؛ حانَ الوقتُ لأتعلّمَ التزلّجَ بشكلٍ صحيح,VALIDATED,GOLD
data51606,WIKI_D_11814,D,الحفلات الرسمية ديال الافتتاح دارو في 15 فبراير، واخا دارو جوج حفلات صغار في 14 فِيڤْرِيي باش يوافقو جدول المنافسات. من 15 فِيڤْرِيي حتى ل 25 فبراير، نهار ديال الحفل الختامي، كانت على الأقل واحد النهاية ديال شي منافسة كل نهار.,"l7flat rrasmiya dyal lftita7 daro f 15 fevrier, wakha daro jouj 7flat sghar f 14 fevrier bash ywafqo jadwel lmonafasat. mn 15 fevrier 7tta l 25 fevrier, nhar dyal l7fl lkhetami, kant 3la l2a9al w7d nihaya dyal chi monafasa kola nhar.","The official opening ceremonies were held on 15 February, although two smaller ceremonies were held on 14 February to conform with competition schedules. From 15 February until 25 February, the day of the closing ceremonies, at least one event final was held each day.",أقيمت مراسم الافتتاح الرسمية في 15 فبراير، على الرغم من إقامة حفلين أصغر في 14 فبراير امتثالاً لجدول المنافسات. من 15 فبراير حتى 25 فبراير، يوم مراسم الختام، أقيم نهائي مسابقة واحد على الأقل كل يوم.,VALIDATED,GOLD
data51607,DATA_8980,A,أنا غادي نشتارك فلا كارت ديال تيران,ana ghadi n chtarek fla carte dial tiran,i will subscribe to this field,I'm going to subscribe for the stadium card,VALIDATED,GOLD
data51608,DATA_19967,B,قلبك لخاين (كومپوزا هانك ويليامز؛ غناتها كيتي ويلز) - سمعناها منين جيك و إلوود دخلو ل بوبس كاونتري بانكر.,Qalbek l khayen (kompoza Hank Williams; ghnatha Kitty Wells) - sma3naha mnin Jake u Elwood dkholu l Bob's Country Bunker.,Your Cheatin Heart (composed by Hank Williams; sung by Kitty Wells) - we heard it when Jake and Elwood entered Bob's Country Bunker.,أغنية قلبك الخائن (تأليف هانك ويليامز، وغناء كيتي ويلز)؛ هي التي سمعناها عند دخول جيك وإلوود إلى حانة بوبس كاونتري بانكر.,VALIDATED,GOLD
data51609,WIKI_D_03837,D,مسؤولين ديال إي إف پي هجمو على واحد المكتب ديال إيه إن سي ف ألكساندرا و شّدّو أعضاء ديال إيه إن سي رهائن من بعد ما إي إف پي عاقو بلي خسرو كاع لبلايص لي كانو كيصوتو ليهم لصالح إيه إن سي. لمكتب ديال إيه إن سي كان جا ف واحد لمركز متعدد لأغراض مع مكاتب ديال آي إي سي و إي إف پي.,ms2oulin dyal IFP hajmu 3la wa7d lmaktab dyal ANC f Alexandra w shaddu a3da2 dyal ANC rah2in mn ba3d ma IFP 3aqu blli khsru ga3 lblayss li kanu kysawtu lihom lsali7 ANC. lmaktab dyal ANC kan ja f wa7d lmarkaz muta3addid l 2aghrad m3a makateb dyal IEC w IFP.,IFP officials stormed an ANC office in Alexandra and held ANC members hostage after the IFP had realized that they had lost all previous IFP voting districts to the ANC. The ANC office was situated in a multi-purpose center along with IEC and IFP offices.,اقتحمَ مسؤولون في حزب إي إف بي مكتباً لحزب إيه إن سي في ألكساندرا واحتجزوا أعضاءه كرهائن بعد أن أدرك الحزبُ خسارته لجميع الدوائر الانتخابية لصالح خصمه. وكان مكتب الحزب يقع في مركزٍ متعدد الأغراض يضمُّ أيضاً مكاتبَ لجنة الانتخابات آي إي سي وحزب الحرية.,VALIDATED,GOLD
data51610,DATA_3060,A,هوا كايعتقد بللي تعطي الخبز للمشاش ماشي مزيان ليهم,howa kay3ta9d blli t3ti lkhobz lmchach machi mzyan lihom,He believes that giving cats bread is not good for them,يعتقد أن إعطاء القطط الخبز ليس جيدًا لها,VALIDATED,GOLD
data51611,DATA_14913,B,"آي بي سي كتعرف هاد التصنيف ديال پارا ألپين بـ ""يد وحدة مقطوعة فوق الكوع، واليد لخرى تحت الكوع"".","IPC kat3rrf had ttasnif dyal para alpine b ""yidd wa7da mqtou3a fouq lkou3, w l yed lokhra t7t lkou3"".","The IPC defines this para-Alpine classification as: ""One arm amputated above the elbow, the other below the elbow"".","تُعرّف اللجنة البارالمبية الدولية (آي بي سي) هذا التصنيف الخاص بالتزلج الألبي لذوي الإعاقة بأنه: ""بتر إحدى الذراعين فوق المرفق، والأخرى تحت المرفق"".",VALIDATED,GOLD
data51612,DATA_17871,B,سانتا (كين بوينتون) - هو العالم الرئيسي ديال يونيتي والمخترع ديالهم، كيعطي لكيت الأدوات بين المهمات.,"Santa (kin baynton) - hu al3alim rra2isi dial yuniti w almokhtari3 diyalhom, kay3ti l kit l2adawat bin lmuhimat.",Santa (Ken Boynton) - UNITY's lead scientist and inventor; he provides Cate with gadgets between missions.,سانتا (كين بوينتون) - العالِم والمخترع الرئيسي في منظمة يونيتي، وهو يزود كيت بالأدوات والمعدات التقنية بين المهمات.,VALIDATED,GOLD
data51613,WIKI_C_00749,C,لّقوة z = e^(x + iy) تقدر تحسبها بحال e^x مضروبة ف e^iy. لّعامل لحقيقي e^x هو لقيمة لمطلقة ديال z ولّعامل لمركب e^iy كيبين لّاتيجاه ديال z.,l9owwa z = e^(x + iy) t9dr t7sbha b7al e^x mdruba f e^iy. l3amel l79i9i e^x huwa l9ima lmotla9a dyal z w l3amel lmurakkab e^iy kaybin l-ittijah dyal z.,the force z = e^(x + iy) can be calculated as e^x multiplied by e^iy. the real factor e^x is the absolute value of z and the complex factor e^iy shows the direction of z.,القوة z = e^(x + iy) يمكن حسابها كـ e^x مضروبة في e^iy. المعامل الحقيقي e^x هو القيمة المطلقة لـ z والمعامل المركب e^iy يبيّن اتجاه z.,VALIDATED,GOLD
data51614,wiki_4,B,لهدف ديالنا نوصلو لـ 100.000 أرتيكل باش نزيدو نطوّرو لموسوعة. لمحتوى ديال ويكيپيديا منشور تحت رخصة ڭنو للوثائق لحرة، شي لّي كايعني بلي حور باش يتعاود يتستعمل. حوايج وقعو بحال هاد نهار. أش طاري؟ لمشاريع ديال ويكيميديا. كيفاش تساهم. لأرتيكل لمزيانة ديال ليوم: كورة ؤلا لفوت (بالعربية: كرة القدم، بلونڭلي: سوكّر أولّا أسوسيشن فوطبول)، كاتكنّى باللعبة الزوينة أولّا رياضة لعالم هي رياضة جماعية كيلعبوها جوج ديال لفراقي ضد بعضياتهم.,"lhadaf dyalna nwoslo l 100.000 article bash nzidu ntawrou lmosou3a. lmo7tawa dyal wikipedia manshur ta7t ro5sat gnu l lliwata2iq l 7urra, shi lli kay3ni bli hur bash yet3awed yetst3ml. 7wayij waq3ou b7al had nhar. ash 6ari? lmashari3 dyal wikimedia. kifash tsahem. l'article lmzyana dyal lyom: kora wla lfoot (bl3arbiya: korat lqadam, blongli: soccer awlla association football), katknna bllo3ba zzwyna awlla riyadat l3alam hiya riyada jama3iya kyl3boha joj dyal lfraqi ddad ba3diyathom.","our goal is to reach 100,000 articles to further develop the encyclopedia. wikipedia content is published under the gnu free documentation license, which means it is free to be reused. events that happened on this day. what's happening? wikimedia projects. how to contribute. today's featured article: football or soccer (in arabic: korat lqadam, in english: soccer or association football), also known as the beautiful game or the world game, is a team sport played between two teams against each other.",هدفنا هو الوصول إلى 100.000 مقال لتطوير الموسوعة بشكل أكبر. محتوى ويكيبيديا منشور تحت رخصة جنو للوثائق الحرة، مما يعني أنه حر وقابل لإعادة الاستخدام. أحداث وقعت في مثل هذا اليوم. ما الأخبار؟ مشاريع ويكيميديا. كيف تساهم. المقالة المختارة لهذا اليوم: كرة القدم، وتُلقب بـ اللعبة الجميلة أو رياضة العالم، هي رياضة جماعية يلعبها فريقان ضد بعضهما البعض.,VALIDATED,GOLD
data51615,DATA_6566,A,البرد دا لوراق ديال شجر,lberd da lwra9 dial chjer,the wind rustled the leaves,حركت الرياح الأوراق,VALIDATED,GOLD
data51616,WIKI_D_12351,D,ملي كانت الطلبية ديال إف-4 إم قربات تسالا، جا واحد الاقتراح آخور، وهاد الاقتراح جا حيت بريطانيا كانت محتاجة طيارة باش دير مهمات الاستطلاع التكتيكي. وباش يحققو هادشي، ماكدونيل اقترحات جوج ديال الحلول: اللول هو بود ديال الاستطلاع كيتهز من برا، والتاني هو طيارة مخصصة سميتها آر إف-4 إم.,"mlli kanet talabiya dyal f-4m qrba tssala, ja wa7d l2iqtira7 akhor, w had l2iqtira7 ja 7it britanya kanet m7taja tayyara bash dir mohemmate l2istitla3 taktiki. w bash yha99o hadchi, mcdonnell qtara7at joj dyal l7olol: llwl huwa pod dyal l2istitla3 kithaz mn brra, w ttani huwa teyyara mkhassa smitha rf-4m.","another proposal was made as the F-4M order was being finalized, stemming from the UK's need for an aircraft to fulfill the tactical reconnaissance role. for this, mcdonnell offered two options: an externally carried reconnaissance pod, and a dedicated aircraft designated RF-4M.",ملي كانت الطلبية ديال إف-4 إم قربات تسالا، جا واحد الاقتراح آخور، وهاد الاقتراح جا حيت بريطانيا كانت محتاجة طيارة باش دير مهمات الاستطلاع التكتيكي. وباش يحققو هادشي، ماكدونيل اقترحات جوج ديال الحلول: اللول هو بود ديال الاستطلاع كيتهز من برا، والتاني هو طيارة مخصصة سميتها آر إف-4 إم.,VALIDATED,GOLD
data51617,WIKI_D_10272,D,واخا دارو محاولات كبيرة مؤخرا باش يحددو البلايص بالظبط فين تكتبو الأوبانيشاد، النتايج باقة ماشي أكيدة. ويتزل كيقول باللي المركز ديال النشاط فِ البْريهادارَنيَاكا أوبانيشاد هو المنطقة ديال فيديها، اللي الملك ديالها جانَاكا، باين بزاف فِ الأوبانيشاد.,"wakha daro mo7awlat kbira mo2akharan bach y7ddo lblayes bzhebt fin tktbo l upanishad, natayej ba9a machi 2akkida. witzel kay9ol bli lmarkz dyal nachat f lbrihadaranyaka 2upanishad hoa lmantqa dyal vidha, lli lmalik dyalha janaka, bayen bzaf f l2upanishad.","While significant attempts have been made recently to identify the exact locations of the individual Upanishads, the results are tentative. Witzel identifies the center of activity in the Brihadaranyaka Upanishad as the area of Videha, whose king, Janaka, features prominently in the Upanishad.",بينما بُذلت محاولات كبيرة مؤخراً لتحديد المواقع الدقيقة للأوبانيشاد الفردية، إلا أن النتائج غير حاسمة. يحدد فيتزل مركز النشاط في أوبانيشاد برهادارانياكا في منطقة فيديها، التي يظهر ملكها جاناكا بشكل بارز في الأوبانيشاد.,VALIDATED,GOLD
data51618,WIKI_D_05116,D,"نويل غالاغير - غيتار رئيسي و أكوستيك، غناء (رئيسي ف ""دونت لوك باك إن آنغر"" و ""بونهيدز بانك هوليداي"")، غيتار الباس، البيانو، ميلوترون، إي-باو، إنتاج","noel gallagher - guitar ra2issi w acoustic, ghnawa (ra2issi f ""Don't Look Back in Anger"" w ""Bonehead's Bank Holiday""), guitar lbass, lpiano, mellotron, e-bow, intaj","Noel Gallagher - lead and acoustic guitar, vocals (lead on ""Don't Look Back in Anger"" and ""Bonehead's Bank Holiday""), bass guitar, piano, mellotron, e-bow, production","نويل غالاغر- (الغيتار الرئيسي والأكوستيك، غناء (رئيسي في ""لا تنظر للخلف بغضب"" و ""عطلة بنهيد المصرفية"")، غيتار البيس، البيانو، الميلوترون، إي-باو، الإنتاج",VALIDATED,GOLD
data51619,DATA_20396,B,1998 -1999: اللاعبة الشينوية ديال الجيمناستيك سانغ لان (لي كانت تجرحات ف ألعاب النوايا الحسنة عام 1998 وكانت كتعالج ف مدينة نيويورك).,1998-1999: Lla3iba chinuia dial l jimnastik Sang Lan (lli kanet tjer7at f al3ab nnawaya l 7assana 3am 1998 o kanet kat3alej f mdinat New York).,1998 - 1999: Chinese gymnast Sang Lan (who was injured during the 1998 Goodwill Games and was being rehabilitated in New York City).,1998 - 1999: لاعبة الجمباز الصينية سانغ لان (التي أصيبت خلال دورة ألعاب النوايا الحسنة عام 1998 وكانت تتلقى التأهيل في مدينة نيويورك).,VALIDATED,GOLD
data51620,WIKI_C_00258,C,النهائي ديال ويمبلدون عام 2007: فيديرر ضد نادال (2007). كلتور وايت ستار، تاريخ صدور ديال الديڤيدي: 30 أكتوبر 2007، لّمدة : 180 دقيقة، إيه إس آي إن ب000في إي پي 3 واي 2.,"nniha2i dyal wimbledon 3am 2007: federer dedd nadal (2007). kultur white star, tarikh sdor dyal dvd: 30 oktober 2007, lmodda: 180 dqiqa, asin b000vep3y2.","wimbledon 2007 final : federer vs. nadal (2007). kultur white star, dvd release date : 30 october 2007, run time : 180 minutes, asin b000vep3y2.",نهائي ويمبلدون 2007 : فيدرر ضد نادال (2007). كالتور وايت ستار، تاريخ إصدار الدي في دي : 30 أكتوبر 2007، مدة التشغيل : 180 دقيقة، إيه إس آي إن ب 000 في إي پي 3 واي 2.,VALIDATED,GOLD
data51621,WIKI_C_07506,C,المعلمة د لّحرب وصاو مور باش يرسم شي تصاور كبار، بحال ديال الجنرالات دوغلاس ماكآرثر و آرثر صامويل ألن . ف 2015 ، لّمعلمة د لّحرب كانت عندها كتر من 200 عمل فني ديالو.,"l-me3lama d l-7arb wssaw moore bash yersem shi tsaweer kbar, b7al dyal jjiniralat douglas macarthur w arthur samuel allen . f 2015 , l-me3lama d l-7arb kant 3ndha ktar men 200 3mel fani dyalo.","the war memorial commissioned moore to paint several large portraits, including those of generals douglas macarthur and arthur samuel allen. as of 2015, the war memorial holds more than 200 of his artworks.",كلّف النصب التذكاري للحرب مور برسم عدة لوحات كبيرة ، بما في ذلك للجنرالين دوغلاس ماكآرثر وآرثر صامويل ألن. اعتباراً من عام 2015 ، يمتلك النصب التذكاري للحرب أكثر من 200 عمل فني من أعماله.,VALIDATED,GOLD
data51622,DATA_10715,A,مانضنش غادي نشارك فهادشي,mandench ghadi ncharek fhadchi,I don't think I'll participate in this,لا أعتقدُ أنني سأشاركُ في هذا الأمر,VALIDATED,GOLD
data51623,DATA_7411,A,فيلم و عشا، أحسن كومبو,"film ou 3cha, a7ssen combo","dinner and a movie, the ultimate combo",العشاء ومشاهدة فيلم، المزيج المثالي,VALIDATED,GOLD
data51624,DATA_1154,A,و لكن خصنا فالغالب نرجعو فحالنا.,walakin khssna flghalib nrj3o f7alna.,But we should probably be heading back soon.,لكن ربما ينبغي لنا أن نعود قريبًا.,VALIDATED,GOLD
data51625,WIKI_D_04092,D,"مورا شوية من الملاحظات اللي دارو إيفريت، لينكولن هضر غي شي دقايق قليلة. بشي ""ملاحظات مناسبة""، قدر يلخص التصور ديالو للحرب فعشرة ديال الجمل وصافي.","mora shwiya mn lmola7adat lli daro everett, lincoln hdar ghi chi daqa2iq qlila. bchi ""mola7adat mnasba"", qder ilkhs tasawor dyalo l7rb f3achra dyal jomal w safi.","shortly after everett 's well-received remarks, lincoln spoke for only a few minutes. with a ""few appropriate remarks"", he was able to summarize his view of the war in just ten sentences.","بعد فترة وجيزة من الملاحظات الجيدة التي أدلى بها إيفريت، تحدث لينكولن لبضع دقائق فقط . ببضع ""ملاحظات مناسبة"" ، تمكن من تلخيص رؤيته للحرب في عشر جمل فقط.",VALIDATED,GOLD
data51626,WIKI_C_07841,C,كولشي لّمعلومات ديال لّانتخابات مجبودة من إليكشنز كانادا و إليكشنز أونتاريو. لّمصاريف لّي مكتوبة بّمايلان كتعني لّمجوع لّي تّقدم ، وكيكونو محطوطين فاش لّمجوع لّنهائي لّي تراجع مازال ما واجدش .,"kolshi l-ma3lomat dyal l-intikhabat majbouda men elections canada w elections ontario . l-masarif lli mktouba b-maylan kat3ni l-mjmou3 lli t-tqaddem , w kaykounou ma7toutin fach l-mjmou3 n-niha2i lli t-traja3 mazal ma wajedch.","All electoral information is taken from elections canada and elections ontario. Italicized expenditures refer to submitted totals, and are presented when the final reviewed totals are not yet available.",جميع المعلومات الانتخابية مأخوذة من إنتخابات كندا وإنتخابات أونتاريو . تشير النفقات المكتوبة بالخط المائل إلى الإجماليات المقدمة، وتُعرض عندما لا تكون الإجماليات النهائية المراجعة متاحة بعد.,VALIDATED,GOLD
data51627,WIKI_D_01600,D,"شلبي رد هاد لالتزام لي ماشي حتى لهيه بضمانات لجفرسون باللي ""أنا، فجميع لأوقات، غانعتبر من واجبي نخدم أي حاجة كاينة فالقانون اللي ""طالبني بيها كرئيس ديال ولاية كنتاكي و كرئيس ديال لولايات لمتحدة.","shelby rrad had l-iltizam li machi 7tta l-hih b-dmanat l-jefferson bli ""ana, f-jami3 l-aw9at, ghan3tebr mn wajebi nkhdem ayy 7aja kayna f-l-qanun lli talebni biha k-rais dyal wilayat kentucky u k-rais dyal l-wilayat l-mt7da"".","""shelby tempered this lukewarm commitment by assuring jefferson that ""i shall, at all times, hold it my duty to perform whatever may be constitutionally required of me, as governor of kentucky, by the president of the united states"".","خفف شلبي من هذا الالتزام الفاتر بتأكيده لجيفرسون بأنه ""سيعتبر دائماً من واجبه أداء كل ما قد يقتضيه القانون منه بصفته حاكماً لكنتاكي، من قبل رئيس الولايات المتحدة"".",VALIDATED,GOLD
data51628,WIKI_D_01035,D,الاقتصاد النازي ديال الحرب كان خليط ما بين اقتصاد السوق والاقتصاد الموجه؛ المؤرخ ريتشارد أوڤري وصفو بحال شي حاجة ما بين الاقتصاد ديال التخطيط المركزي ديال الاتحاد السوفياتي والنظام الرأسمالي ديال الولايات المتحدة.,l9tisad l-nazi dyal l-7arb kan khalit ma bin i9tisad s-soq w-l9tisad l-mowajjah; l-mu2arrikh richard overy wasfuh b7al shi 7aja ma bin i9tisad t-ta5tit l-markazi dyal l-itti7ad s-sovyati w-nizham l-ra2smali dyal l-wilayat l-mutta7ida.,The Nazi war economy was a mixed economy that combined a free market with central planning; historian Richard Overy described it as being somewhere in between the command economy of the Soviet Union and the capitalist system of the United States.,كان الاقتصاد الحربي النازي اقتصادًا مختلطًا يجمع بين السوق الحرة والتخطيط المركزي؛ ووصف المؤرخ ريتشارد أوڤري بأنه كان في مكان ما بين اقتصاد التخطيط السوفيتي والنظام الرأسمالي الأمريكي.,VALIDATED,GOLD
data51629,DATA_2289,A,أيخاصني نتلاقى مع صديق آخور ف لطاج لأول دابا,aykhasni ntla9a m3a sadi9 akhor f litaj lawal daba,I have to meet another friend on the first floor now,يجب أن ألتقي بصديق آخر في الطابق الأول الآن,VALIDATED,GOLD
data51630,DATA_18478,B,من بداية القرن 20، الحيوانات ديال التزاوج تصدرات بزاف ديال البلايص في العالم، وبالخصوص أوستراليا وأمريكا الشمالية.,"mn bidayat lqarn 20, l7ayawanat dyal ttazawoj tseddrat bzzaf dyal blayss fel3alam, w b lkhossoss australia w amrika shshimalia.","Since the early 20th century, breeding stock has been exported to many parts of the world, especially Australia and North America.",منذُ مطلعِ القرنِ 20، جرى تصديرُ قُطعانِ التربيةِ إلى أنحاءَ متفرقةٍ من العالم، ولا سيما أستراليا وأمريكا الشمالية.,VALIDATED,GOLD
data51631,WIKI_C_09284,C,"هيراباياشي زاد وصف الضرر اللي داروه دوك التعابير الملطفة وهضر تا على واش غير معسكرات النازي هوما اللي ممكن يتسماو ""معتقلات"".","Hirabayashi zad wsaf ddrar lli daruh duk tta3abir lmultifa w hdar ta 3la wach ghir mo3askarat nnazi huma lli momken yttsmmaw ""mo3taqalat"".","Hirabayashi went on to describe the harm done by the use of such euphemisms and also addressed the issue of whether or not only the Nazi camps can be called ""concentration camps"".","استرسل هيرا باياشي في وصف الضرر الناجم عن استخدام مثل هذه التعبيرات الملطفة، وتناول كذلك مسألة ما إذا كانت معسكرات النازي وحدها هي التي يمكن تسميتها ""معسكرات اعتقال"".",VALIDATED,GOLD
data51632,WIKI_C_08075,C,جردة حيوانات ديال آلاميدا بارك، أقدم جردة ف الجنوب لغربي ديال ميريكان، كاينة ف لمدينة. شي معارك ما بين ليتيحاد و لأباتشي دارو حدا پارك ديال أوليڤر لي ميموريال.,"Jardit 7ayawanat dyal Alameda Park, aqdam jarda f ljanub lgherbi dyal Mirikan, kayna f l medina. chi ma3arek ma bin littihad w l Apache daru 7da Park dyal Oliver Lee Memoria.","The Alameda Park Zoo, the oldest zoo in the U.S. Southwest, is located in the city. Several Union-Apache battles were fought near Oliver Lee Memorial State Park.",تقع حديقة حيوان ألاميدا بارك، وهي أقدم حديقة حيوان في جنوب غرب الولايات المتحدة، داخل المدينة. وقد دارت عدة معارك بين قوات الاتحاد وقبائل الأباتشي بالقرب من متنزه أوليفر لي التذكاري الحكومي.,VALIDATED,GOLD
data51633,WIKI_C_01511,C,نهار الافتتاح، كانت بزاف ديال الهضرة على اللبسة ديال المضيفات ديال الجناح ديال بريطانيا. الفساتين كانو مصاوبين على شكل الميني جوب اللي كانت موضة ديك الساعة، واللي شهراتها ماري كوانط عام قبل.,"nhar l2iftitah, kant bezzaf dial lhadra 3la llebsa dial lmoudayafat dial ljna7 dial britania. lfasatin kanou mesawbine 3la shakl l minijupe lli kanet moda dik sa3a, wlli chaharthat mary quant 3am qbel.","On opening day, there was considerable comment on the uniform of the hostesses from the UK Pavilion. The dresses had been designed in the then-new miniskirt style, popularized a year earlier by Mary Quant.",في يوم الافتتاح، أُثير الكثيرُ من الجدلِ حول زيِّ مُضيفاتِ الجناح البريطاني؛ فقد صُمِّمَت الفساتينُ على طراز الميني جوب (التنورة القصيرة) الذي كان صيحةً جديدةً آنذاك، والذي اشتُهِرَت به ماري كوانت قبل عام.,VALIDATED,GOLD
data51634,DATA_8588,A,راه هاد العيد لي كايحتفلو بيه اليهود,rah had l3id li kay7taflou bih lyahoud,This is the holiday that Jewish people celebrate,هذا هو العيدُ الذي يحتفلُ بهِ اليهود,VALIDATED,GOLD
data51635,DATA_10007,A,كان كيسحاب ليا غادي تصيفت ليا ديك لورقا,kan kis7ab liya ghadi tsifet liya dik lwer9a,i thought that you will send me the papers,اعتقدت أنك سترسل لي الأوراق,VALIDATED,GOLD
data51636,DATA_23014,B,"واش هاد الشومبينيون كيتكال ولا لا ما معروفش. داود أرورا كيقول باللي ""ملس بزاف باش يكون فيه شي نفع"".","wach had champinion kytkal wla la ma m3roufsh. Daoud Arora kaygoul balli ""mlas bzzaf bash ikoun fih shi nfe3"".","The edibility of the mushroom is not known. David Arora notes that it is ""much too slippery to be of value"".","مدى صلاحية هذا الفطر للأكل غير معروفة؛ حيث يلاحظ ديفيد أرورا أنه ""لزج للغاية لدرجة تفقده أي قيمة"".",VALIDATED,GOLD
data51637,DATA_22072,B,معطيات مجددة باتّباع لقواعد ديال يو كي غاب. معطيات جديدة معادة باتّباع ديال إنترناشونال فاينانشل ريبورتينغ ستانداردز,m3touwat mjadda b-ttiba3 d qawa3id dyal uk gaap. m3touwat jdida m3adda b-ttiba3 d international financial reporting standards.,restated information is prepared in accordance with uk gaap. new information is prepared in accordance with international financial reporting standards.,البيانات المحدثة تم إعدادها وفقاً لمبادئ المحاسبة المقبولة عموماً في المملكة المتحدة. أما البيانات الجديدة فقد أُعدت وفقاً للمعايير الدولية للتقارير المالية.,VALIDATED,GOLD
data51638,WIKI_C_09522,C,ملي كانوكلوا شي حاجة مغلفنة لفران ديال الضو، الزنك كانجبدوه من الغبرة بواحد شوية ديال الطرق، و بالخصوص طريقة وايلز (شي 90% من 2014).,"melli kanwaklou chi 7aja mghalfna lfran dyal ddo, zinc kanjbdouh mn lghbra bwa7ed shwiya dyal ttorq, w blkhsous ttari9at waelz (chi 90% mn 2014).","When galvanised feedstock is fed to an electric arc furnace, the zinc is recovered from the dust by a number of processes, predominately the Waelz process (90 % as of 2014).",عندما يتم تغذية المواد الخام المجلفنة إلى فرن القوس الكهربائي، يتم استعادة الزنك من الغبار عن طريق عدد من العمليات، وأهمها عملية فايلز(90% اعتبارًا من عام 2014).,VALIDATED,GOLD
data51639,WIKI_D_00944,D,ذا كونفنشن كوناندروم هي لّحلقة لّولة لّي تقيدات فيها كايلي كوكو، لّي كتلعب دور بيني، بّسمية كايلي كوكو سويتينغ. هي تزوجات ريان سويتينغ ف 31 دسمبر 2013، وهادي هي لّحلقة تّالتة لّي دازت مورا زواجهم.,"the convention conundrum hiya l-7alqa l-lowla lli tqaydat fiha kaley cuoco, lli katel3eb dor penny, b-ssmiya kaley cuoco sweeting. hiya tzewejat ryan sweeting f 31 decembre 2013, w hadi hiya l-7alqa t-talta lli dazet mora zwajehom.","the convention conundrum is the first episode in which kaley cuoco, who plays the role of penny, was credited as kaley cuoco-sweeting. she married ryan sweeting on december 31, 2013, and this is the third episode that aired after their marriage.",تعد حلقة لغز المؤتمر هي الحلقة الأولى التي سُجل فيها اسم كايلي كوكو، التي تؤدي دور بيني، باسم كايلي كوكو سويتينغ. لقد تزوجت من رايان سويتينغ في 31 ديسمبر 2013، وهذه هي الحلقة الثالثة التي عُرضت بعد زواجهما.,VALIDATED,GOLD
data51640,DATA_11698,A,تانفكّر واش نسدّق هاد لحوايج,tanfkker wach nsedde9 had l7wayj,I'm thinking of donating these clothes,أفكرُ في التبرعِ بهذهِ الملابس,VALIDATED,GOLD
data51641,DATA_2827,A,يا إما فالداخل، أولا فالجردة، على حساب الوقت,"ya imma fdakhl, ola fjjrda, 3la 7sab lw9t","Either inside, or in the garden, depends on time",إما في الداخل، أو في الحديقة، يعتمد على الوقت,VALIDATED,GOLD
data51642,WIKI_C_07188,C,لّمارك 2 فيه مونطاج كحل و سّلايد كحلة، و لّكنترولات كحلين مكلاتيين بلاصة رّمااديين ديال لموديلات ديال آي أو إم و يو إس جي. وكاينة حتى ف لون ترابي غامق مكلاتي.,"el mark2 fih montage ke7l w slide ke7la, w lcontrolat ke7lin mestowwiin blaset el rmadiiin dyal el modil dyal iom w usg. w kayena 7ta f lon torabi ghammeq meklati.","the mk2 features a black finish and a black slide, with matte black controls instead of the grey ones found on the iom and usg models. it is also available in a matte dark earth color.",يتميز الطراز مارك 2 بتركيبة سوداء ومنزلق أسود، مع أدوات تحكم سوداء غير لامعة بدلاً من الرمادية الموجودة في طرازات آي أو إم ويو إس جي. كما يتوفر أيضاً بلون ترابي داكن غير لامع.,VALIDATED,GOLD
data51643,WIKI_C_05037,C,من نّهار لّول فاش خرج فيلم رجوع لّجيداي، بالباتين ولا علامة معروفة بزاف ف تّقافة شّعبية كترمز لّشر، و لّخبث، و تّخريب، و طّغيان، و تخريب دّيموقراطية.,"mn nhar l-lawl fash khrej film ruj3 dyal jedi, palpatine wla 3alama ma3roufa bzaf f thaqafa sha3biya katrmoz l-char, w l-khobth, w t-tkhrib, w t-toghyan, w takhrib d-dimoqratia.","since the first day of the release of return of the jedi, palpatine has become a widely known icon in popular culture symbolizing evil, malice, destruction, tyranny, and the subversion of democracy.",منذ اليوم الأول لصدور فيلم عودة الجيداي، أصبح بالباتين رمزاً معروفاً جداً في الثقافة الشعبية يرمز للشر، والخبث، والاستبداد، وطغيان تدمير الديمقراطية.,VALIDATED,GOLD
data51644,DATA_11777,A,نتحداك تعدم داك لقتال,nt7edak t3dem dak l9ettal,I dare you to execture the murderer,أتحدّاك أن تنفّذ حكم الإعدام على القاتل,VALIDATED,GOLD
data51645,DATA_21728,B,المدينة ديال بلكورت، نورث داكوتا تسمّات على سمية ذاك الكاهن اللي مات تكريمًا للجهود ديالو فالمنطقة.,"lmedina dyal belcourt, north dakota tsemmat 3la smyat dak lkahan lli mat takriman lljohod dyalo fel mintaqa.","The town of Belcourt, North Dakota was named after the late priest in honour of his efforts in the region.",تم تسمية بلدة بيلكورت في نورث داكوتا على اسم الكاهن الراحل تكريماً لجهوده في المنطقة.,VALIDATED,GOLD
data51646,WIKI_D_06555,D,كي إم إف إم تانيت هي واحد لإذاعة ف لفريكونس 106.1، ديال كي إم ڭروپ وكانو كايسميوها قبل تي إل آر (تانيت لوكال راديو). لإذاعة لمجتمعية أكاديمي إف إم (تانيت) تلانصات ف 2010 ف 107.8.,"kmfm thanet hiya wa7ed l-ida3a f l-frequency 106.1, dyal km group u kano kay-smmiwha qbel tlr (thanet local radio). l-ida3a l-mjtama3iya academy fm (thanet) t-lançat f 2010 f 107.8.","kmfm thanet is a radio station broadcasting on the frequency 106.1, owned by the km group and formerly known as tlr (thanet local radio). the community station academy fm (thanet) was launched in 2010 on 107.8.",كي إم إف إم تانيت هي واحد لإذاعة ف لفريكونس 106.1، ديال كي إم ڭروپ وكانو كايسميوها قبل تي إل آر (تانيت لوكال راديو). لإذاعة لمجتمعية أكاديمي إف إم (تانيت) تلانصات ف 2010 ف 107.8.,VALIDATED,GOLD
data51647,WIKI_C_08731,C,قبل ما يبدا الماتش و داز نيشان بالخلاص، دار واحد الماتش ظلامي اللي فيه إيڤان بورن غلب جون موريسون بواحد الطيحة ديال النجمة.,"qbl ma ybda lmatsh w daz nishan b lkhalas, dar wa7d lmatsh zhlami lli fih evan bourne ghlb john morrison b wa7d tti7a dyal nejma.","before the event began and aired live on pay-per-view, a dark match was featured in which evan bourne defeated john morrison with a shooting star press.",قبل أن يبدأ العرض وينقل مباشرةً بنظام الدفع مقابل المشاهدة، أقيمت مباراة غير رسمية فاز فيها إيفان بورن على جون موريسون بتنفيذ حركة الصحوة النجمية.,VALIDATED,GOLD
data51648,WIKI_C_06604,C,"هو مصور بحال شي محارب واعر وعندو بزاف ديال الصفات مشتركة مع الإله الإسكندنافي أودين ولكن واش بصاح كان فالتاريخ مافيهاش الشك. علاش كيعيطو ليه ""توربا"" هادشي ماشي أكيد.","howa mswr b7al shi m7areb wa3er w3ndo bzaf dyal ssefat mchtaraka m3a l-ilah l-iskandinafi odin walakin wach bse7 kan f-tari5 mafihash chek. 3lash kay3ytolih ""turba"" hadshi machi akid.","he is depicted as a powerful warrior and shares many characteristics with the norse god odin, but his historical existence is beyond doubt. why he is called ""turba"" is not certain.","يُصور كأنه محارب قوي ولديه الكثير من الصفات المشتركة مع الإله الإسكندنافي أودين، ولكن وجوده الحقيقي في التاريخ أمر لا شك فيه . أما سبب تسميته "" توربا""  فهذا ليس مؤكداً .",VALIDATED,GOLD
data51649,WIKI_C_09669,C,الأنواع ديال بوكسباوميا تقدر تلقاها ف بزاف ديال المناطق المعتدلة و الشبه القطبية فالنصف الشمالي ديال الكرة الأرضية، و حتى ف اللي باردة ف أستراليا و نيوزيلندا.,"l-anwa3 dial buxsbaumia t9dr tl9aha f bzaf dial l-manati9 l-mo3taddla w chibh l-9otbiya f nissf ch-chamali dial l-kura l-arḍiya, w ḥta f-l-manati9 f-lli barda f australia w new zealanda.","Species of Buxbaumia may be found across much of the temperate to subarctic regions of the Northern Hemisphere, as well as cooler regions of Australia and New Zealand.",يمكن العثور على أنواع جنس بوكسباوميا في معظم المناطق المعتدلة إلى شبه القطبية في نصف الكرة الشمالي، وكذلك في المناطق الباردة من أستراليا ونيوزيلندا.,VALIDATED,GOLD
data51650,WIKI_D_09709,D,المركز الأصلي ديال الزوار، اللي تحل نهار 19 أبريل 1971 من طرف الدوق ديال ديفونشاير، كان كيجذب شي 120 ألف زائر تقريبا كل عام. كان كيهضر على التاريخ ديال جودريل بانك و كانت فيه واحد السينما ثلاثية الأبعاد كيديرو فيها رحلات تخيلية للمريخ.,"el markez l-asli dyal zowar, li t7el nhar 19 april 1971 men tarf ed-duq dyal devonshire, kan kiyjbed chi 120,000 zowar ta9riban kol 3am. kan kihder 3la tarikh dyal jodrell bank w kant fi7t cinema tridimensionnel kidiro fiha ri7lat tkhayoliyya l-l-merikh.","the original visitors' centre, opened on april 19, 1971 by the duke of devonshire, attracted approximately 120,000 visitors annually. it showcased the history of jodrell bank and featured a 3d cinema that ran imaginary trips to mars.",مركز الزوار الأصلي، الذي افتتحه دوق ديفونشاير في 19 أبريل 1971، كان يجذب حوالي 120 ألف زائر سنويًا. كان يتناول تاريخ جودريل بانك ويضم مسرحًا ثلاثي الأبعاد يستضيف رحلات محاكاة إلى المريخ.,VALIDATED,GOLD
data51651,WIKI_C_12046,C,لّقطة لّي تابعة جّينيريك فين سكارسكارد ف دور إيريك سيلفيج كيواجه سامويل إل جاكسون ف دور نيك فيوري دارها جوس ويدون لّي دار فيلم مارفل د لّيزافونجرز (2012).,l-lqta lli tab3a l-generique fin skarsgard f-dor erik selvig k-ywajeh samuel l. jackson f-dor nick fury darha joss whedon lli dar film marvel d-les avengers (2012).,l-lqta lli tab3a l-generique fin skarsgard f-dor erik selvig k-ywajeh samuel l. jackson f-dor nick fury darha joss whedon lli dar film marvel d-les avengers (2012).,أخرج جوس ويدون، مخرج فيلم مارفل 'المنتقمون' (2012)، المشهد الذي يلي شارة النهاية والذي يواجه فيه سكارسكارد بدور إيريك سيلفيج الممثل سامويل إل جاكسون في دور نيك فيوري.,VALIDATED,GOLD
data51652,WIKI_D_02173,D,واحد المارينا تبدات ف 1979 فاش نقاو الفوقاني ديال المينا و حطو الطابليات العايمة. الصناعة الخفيفة و الباركينڭ ديال الطوموبيلات كاينين فالارض اللي حداها. طابليات عايمة اخرين تكملو ف 1991 و 1995. مركز التسهيلات ديال مارينا ويتباي تحل ف شهر ستة ديال 2010.,wa7ed l marina tbedat f 1979 fach nqaw lfo9ani dyal l mina w 7etto ttabliyat l3ayma. ssina3a lkhfiffa w l parking dyal tomobilat kaynin fl2ard li 7daha. ttabliyat 3ayma akhoren tkemlo f 1991 w 1995. markaz tasehilat dyal marina whitby t7ell f chher sitta dyal 2010.,A marina was started in 1979 by dredging the upper harbour and laying pontoons. Light industry and car parks occupy the adjacent land. More pontoons were completed in 1991 and 1995. The Whitby Marina Facilities Centre was opened in June 2010.,تم إنشاء مرسى عام 1979 عن طريق تجريف الميناء العلوي وتركيب العوامات. تحتل الصناعة الخفيفة ومواقف السيارات الأراضي المجاورة. تم الانتهاء من عوامات إضافية في عامي 1991 و 1995. تم افتتاح مركز مرافق مرسى ويتبي في يونيو 2010.,VALIDATED,GOLD
data51653,DATA_7980,A,بهرا شد لإجازة,bhra ched l2ijaza,He just got his bachelor's degree,لقد حصلَ للتوِّ على درجةِ البكالوريوس,VALIDATED,GOLD
data51654,WIKI_D_10912,D,واخا هاكاك، جونسون لعب دور مهم باش يحافظ على الفريق ديال أستراليا بلا خسارة، لعب كثر ديال لي أوفرز من أي واحد آخر من غير بيل جونسون - و خلاه برادمان يريّح كيث ميلر و راي ليندوال، الكوبل ديالو ديال اللي كيّرميو بالزربة، للماتشات اللي مهمين.,"wakha hakak, johnson la3eb dor mohim bach y7afed 3la lfari9 dyal australia bla khsara, la3eb ktar dyal li overs mn ay wa7ed akhor mn ghir bill johnson - w khallo bradman yriye7 keith miller w ray lindwall, lcouple dyalo dyal li kermiw bezzerba, lmatchat lli mohimin.","Nonetheless, Johnson played an important role in maintaining the Australian team 's unbeaten record, bowling more overs than anyone other than Bill Johnston - allowing Bradman to rest Keith Miller and Ray Lindwall, his fast bowling pair, for the important matches.",ومع ذلك ، لعب جونسون دورًا هامًا في الحفاظ على السجل الخالي من الهزائم للفريق الأسترالي ، حيث لعب عددًا من الأوفرات أكثر من أي شخص آخر بخلاف بيل جونسون - مما سمح لبرادمان بإراحة كيث ميلر وراي ليندوال ، ثنائي الرماة السريعين لديه ، للمباريات الهامة.,VALIDATED,GOLD
data51655,DATA_4193,A,شنو غادي ندير بلا ودن متعاطفة منين نرجع لدار؟,chno ghadi ndir bla wdan mat3atfa mnin nrja3 ldar?,What would I do without a sympathetic ear when I get home?,ماذا سأفعل بدون أذن صاغية عندما أعود إلى المنزل؟,VALIDATED,GOLD
data51656,WIKI_D_02202,D,أليسا جين هيلي (تزادت ف 24 مارس 1990 ف غولد كوست، كوينزلاند) كريكيتورة كاتلعب مع نيو ساوث ويلز و المنتخب الأسترالي د النسا. دارت أول مقابلة دولية ليها ف فبراير 2010.,"alisa jin healy (tzadt f 24 mars 1990 f gold coast, queensland) krikitori katl3b m3 new south wales w l-montakhab al-ustrali dyal n-nssa. dart awl moqabla dawli liha f febryer 2010.","Alyssa Jean Healy (born 24 March 1990 on the Gold Coast, Queensland) is a cricketer who plays for New South Wales and the Australian women 's team. She made her international debut in February 2010.",أليسا جين هيلي (مواليد 24 مارس 1990 في غولد كوست، كوينزلاند) هي لاعبة كريكت تلعب لصالح نيو ساوث ويلز والمنتخب الأسترالي للسيدات. خاضت أول ظهور دولي لها في فبراير 2010.,VALIDATED,GOLD
data51657,DATA_11560,A,نتحداك ت نتج هاد نوع ديال ليمون هنا,nt7edak t ntej had naw3 dial limoun hna,I dare you to produce this variety of oranges,أتحداكَ أن تُنتِجَ هذا النوعَ من البرتقال,VALIDATED,GOLD
data51658,DATA_9166,A,مابقيتش باغي نصب على ولاد ناس,mab9itch baghi nsseb 3la wlad nass,I don't want to scam good people anymore,لم أعُد أرغبُ في الاحتيالِ على الأشخاصِ الطيّبين,VALIDATED,GOLD
data51659,WIKI_C_00622,C,الدولة والجماعات المحلية ملزومين قانونيا، ومؤسسات ومنظمات آخرين وحتى المواطنين كاملين مشجعين يرفرفو الراية د بولونيا فهاد الأيام:,"d-doulah w-l-jama3at l-ma7alliya malzumin qanuniyan, w-m-m2asasat w-m-mounadamat akhirin w-7atta l-mouwatinin kamlin mshaj3in yrafarfu raya dyal bulunya f-had l-ayam:","State and local government organs are legally required , and other institutions and organizations as well as all citizens are encouraged to fly the Polish flag on the following days :",يُلزم القانون أجهزة الدولة والحكومات المحلية، وتشجَّع المؤسسات والمنظمات الأخرى وجميع المواطنين على رفع العلم البولندي في الأيام التالية:,VALIDATED,GOLD
data51660,DATA_5681,A,كان كايعاير و كايغوت,kan kay3ayer o kayghewwet,He was cursing and shouting,كان يلعن ويصرخ,VALIDATED,GOLD
data51661,WIKI_D_07312,D,لفرفة خططات باش يكتبو و يسجلو لألبوم سّابع ديالهم مورا ما يرجعو من طّورني . ناوين يطلقو لألبوم لّي باقي ما تسماش ف شي وقت ما بين نص حتال لخر د 2011، لّي شرحو لباسيست ريان ومباتشر ف واحد لانترفيو ف شهر 11 عام 2010 : ' حنا موجدين بزاف ديال لأفكار لّي غانخدمو عليها'.,"l-ferqa khttat bash y-ktebu u y-sjjlu l-album s-sabe3 dyalhom mura ma y-rj3u mn t-tournee. nawin y-tlqu l-album lli baqi ma t-smma-sh f-shi wqt ma bin nss 7tal l-kher d 2011, lli chr7u l-bassiste ryan wombacher f-wa7d l'interview f-chhar 11 3am 2010 : ' 7na mujdin bzzaf dyal l-afkar lli gha-nkhdmu 3liha'. ","the band planned to write and record their seventh album after returning from tour . they intend to release the as-yet-untitled album sometime between mid-to-late 2011 , which bassist ryan wombacher explained in a november 2010 interview: 'we have many ideas ready to work on'. ",خططت الفرقة لكتابة وتسجيل ألبومها السابع بعد عودتها من الجولة الغنائية . ومن المقرر إصدار الألبوم ، الذي لم يتم تسميته بعد ، في وقت ما بين منتصف وأواخر عام 2011 ، وهو ما وضحه عازف الباص ريان ومباتشر في مقابلة أجريت في نوفمبر 2010 قائلًا : ' لدينا العديد من الأفكار الجاهزة للعمل عليها'.,VALIDATED,GOLD
data51662,WIKI_D_09128,D,ف 1995، اتفاقية دايتون، واحد لاتفاق ديال السلام بين الأطراف اللي كانو متخاصمين ف الصراع ديال البوسنة و الهرسك و يوغوسلافيا اللي كانت، تفاوضو عليها ف القاعدة الجوية رايت-باترسون، حدا فيربورن، أوهايو، من واحد حتال 21 نونبر.,"f 1995, ittifaqiyat dayton, wa7d l'itifaq dyal salam bin l'atraf li kano mkhasmin f sseghra' dyal l'bousna w l'hirska w yougoslavia li kanat, tafawdu 3liha f lqa3ida ljawiya wright-patterson, 7da fairborn, ohayo, mn wa7d 7tal 21 nouvember.","in 1995, the dayton agreement, a peace accord between the parties to the hostilities of the conflict in bosnia-herzegovina and the former yugoslavia, was negotiated at wright-patterson air force base, near fairborn, ohio, from november 1–21.",في عام 1995، تم التفاوض على اتفاقية دايتون، وهي اتفاقية سلام بين أطراف النزاع في البوسنة والهرسك ويوغوسلافيا السابقة، في قاعدة رايت-باترسون الجوية، بالقرب من فيربورن، أوهايو، في الفترة من 1 إلى 21 نوفمبر.,VALIDATED,GOLD
data51663,WIKI_C_11159,C,1991. روسمان إي، لوين آر، روجرسون سي تي. شي ملخص ديال نيكتريا سوبجين دايالونيكتريا. مايكول باب 164: 1-48,"1991. Rossman E, Lewin R, Rogerson C T. shi mola99as dyal Nectria subgen. Dialonectria. Mycol Pap 164: 1-48","1991. rossman ay, lowen r, rogerson ct. a synopsis of nectria subgen. dialonectria. mycol pap 164: 1-48.",1991. روسمان إي، لوين آر، روجرسون سي تي. ملخص عن فصيلة نيكتريا (ديالونيكتريا). أوراق ميكولوجية 164: 1-48.,VALIDATED,GOLD
data51664,WIKI_D_07842,D,لي دخّلاتو الاتفاقية الدولية الثانية ديال الأفيون، اللجنة المركزية الدائمة ديال الأفيون كان خاصها تراقب التقارير الإحصائية على التجارة ديال الأفيون، المورفين، الكوكايين والهيروين. اللجنة أسسات حتى واحد السيستيم ديال شهادات الاستيراد والتصدير باش التجارة الدولية القانونية ديال المخدرات تكون منظمة.,"li d5alat l'ittifaqiya dawliya tania dyal l'afyun, l-lajna lmarkaziya d-dayma dyal l'afyun kan 5as-ha traqeb t-taqarir l-ihsa2iya 3la t-tijara dyal l'afyun, l-morfin, l-kokayin w l-heroin. L-lajna assstet 7ta wa7d system dyal shahadat l-isti'rad w t-tasdir bash t-tijara dawliya lqanuniya dyal l-makhdarat tkun munazama.","Introduced by the second International Opium Convention , the Permanent Central Opium Board had to supervise the statistical reports on trade in opium , morphine , cocaine and heroin . The board also established a system of import certificates and export <unk> for the legal international trade in narcotics .",بموجب الاتفاقية الدولية الثانية للأفيون، كان على المجلس المركزي الدائم للأفيون الإشراف على التقارير الإحصائية المتعلقة بتجارة الأفيون والمورفين والكوكايين والهيروين. كما أسس المجلس نظاماً لشهادات الاستيراد والتصدير للتجارة الدولية المشروعة في المخدرات.,VALIDATED,GOLD
data51665,DATA_22266,B,هايدن، جون، أو جون إي. فاركوهارسن. 'شرح ألمانيا ديال هتلر : لمؤرخين و رّايخ تّالت' (باتسفورد أكاديميك أند إديوكيشنال ليمتد، 1989).,"hiden, john, aw john e. farquharson. 'sharh almania dyal hitler : al-mu'arrikhin w ar-raykh at-talit' (batsford academic and educational ltd, 1989).","hiden, john, aw john e. farquharson. 'sharh almania dyal hitler : al-mu'arrikhin w ar-raykh at-talit' (batsford academic and educational ltd, 1989).",هايدن، جون، وجون إي. فاركوهارسن. 'شرح ألمانيا الهتلرية : المؤرخون والرايخ الثالث' (باتسفورد الأكاديمية والتعليمية المحدودة، 1989).,VALIDATED,GOLD
data51666,DATA_23957,B,داڤيد نيڤن بدور سير جيمس بوند - جاسوس بريطاني أسطوري اضطر يرجع من التقاعد باش يحارب سميرش.,David Niven bdor Sir James Bond - jassous Britani ostouri idttar irja3 men ttaqa3oud bash i7areb SMERSH.,David Niven as Sir James Bond - A legendary British secret agent forced out of retirement to fight SMERSH.,ديفيد نيفن في دور السير جيمس بوند - عميل بريطاني سري أسطوري أُجبِر على العودة من التقاعد لمحاربة منظمة سميرش.,VALIDATED,GOLD
data51667,WIKI_C_02685,C,ماشي بحال السكان الأصليين والأنويت، ماكانش شي فرق بين لي عندهم صفة ولي ماعندهمش، و لميتيس، التراث ديالهم و الأصل ديالهم د السكان الأصليين غالبا ماذابو و اندامجو ف السكان اللي دايرين بيهم.,"machi b7al soukan l2asliyyin w l2inwit, makanch chi far9 bin li 3andhom sifa w li makayndhomch, w lmitis, ttirat dyalhom w l2a5l dyalhom dyal soukan l2asliyyin ghalban madabaw w ndamjou f soukan lli dayrin bihom.","unlike first nations people and inuit, there has been no distinction between status and non-status, and the métis, their heritage and aboriginal ancestry have often been absorbed and assimilated into their surrounding populations.",على عكس السكان الأصليين والإينويت، لم يكن هناك تمييز بين الأشخاص ذوي الصفة والأشخاص غير ذوي الصفة، أما الميتيس، فقد تم استيعاب تراثهم وأصولهم الأصلية ودمجهم في مجتمعاتهم المحيطة في كثير من الأحيان.,VALIDATED,GOLD
data51668,WIKI_D_04512,D,أجزاء كبيرة من قلب مفاعل تي إم آي 2 ذابت، وخا هادشي ديال ذّوبان ما تأكد حتى ل 1985. أكبر تخوف ف حادثة تي إم آي كان ف قاعة ديال لهيدروجين ف لجزء لّفوقاني ديال لّوعاء لّمضغوط لّي كان فيه لّقلب ديال لّمفاعل.,"ajza2 kbira mn qelb mufa3il tmi-2 dabat, wakha hadchi dyal d-doban ma t-2kked 7ta l 1985. akbar tkhowof f-7aditat tmi kan f-qa3a dyal l-hydrogen f-l-joz2 l-fouqani dyal l-wi3a2 l-mdghout lli kan fih l-qelb dyal l-mufa3il","large portions of the tmi-2 reactor core melted, though this melting was not confirmed until 1985. the greatest concern in the tmi accident was a hydrogen bubble in the top of the pressure vessel containing the reactor core.",انصهرت أجزاء كبيرة من قلب المفاعل (تي إم آي-2)، رغم أن هذا الانصهار لم يتأكد حتى عام 1985. وكان أكبر مخاوف حادثة (تي إم آي) يتمثل في فقاعة هيدروجين في الجزء العلوي من وعاء الضغط الذي يحتوي على قلب المفاعل,VALIDATED,GOLD
data51669,DATA_10562,A,مانضنش غادي يتبع البوليسي داك شفار,mandench ghadi ytbe3 lbolissi dak chfar,I don't think the policeman will follow that thief,لا أعتقدُ أنَّ الشرطيَّ سيتتبعُ ذلك اللص,VALIDATED,GOLD
data51670,DATA_0312,A,ماشفت تا واحد فيهوم.,machft tta wa7d fihoum.,I haven't seen any of them.,لم أرَ أيًا منهم.,VALIDATED,GOLD
data51671,WIKI_D_12069,D,اللواء التالت، الفرقة السابعة مشاة، اللي كانت معروفة فالأصل باللواء 14 مشاة، كان لواء مشاة تابع لجيش ميريكان، و جزء من الفرقة السابعة مشاة. هاد اللواء كان مستقر ففورت أورد، كاليفورنيا، أغلبية تاريخو.,"el liwa2 et talt, el ferqa essabe3a mshat, elli kanet ma3roufa fel asel bel liwa2 14 mshat, kan liwa2 mshat taba3 la jeych merikan, w juz2 men el ferqa essabe3a mshat. had el liwa2 kan mesteqerr fe fort ord, california, aghlabya dyalo.","The 3rd Brigade , 7th Infantry Division , originally known as the 14th Infantry Brigade was an infantry brigade of the United States Army , and a part of the 7th Infantry Division . The brigade was based at Fort Ord , California for most of its history .",كان اللواء الثالث، الفرقة السابعة مشاة، المعروف في الأصل باسم اللواء الرابع عشر مشاة، لواء مشاة تابع للجيش الأمريكي، وجزءًا من الفرقة السابعة مشاة. تمركز اللواء في فورت أورد، كاليفورنيا، لمعظم تاريخه.,VALIDATED,GOLD
data51672,DATA_14881,B,لمحطة دابا خدامين فيها غير تّرينات لّمحليين ديال أبيليو ڭريتر أنڭليا لّي كيدوزو على لّخط ديال بيتيرن من نورويتش ل شيرينغهام.,l-me7tta daba khddamin fiha ghir t-trinat l-me7alliyin dyal abellio greater anglia li ki-douzo 3la l-khett dyal bittern mn norwich l-sheringham.,the station is currently served only by local 'abellio greater anglia' trains running on the bittern line from norwich to sheringham.,تخدم المحطة حالياً القطارات المحلية التابعة لشركة 'أبيليو غريتر أنغليا' التي تمر عبر خط بيتيرن الواصل بين نورويتش وشيرينغهام,VALIDATED,GOLD
data51673,WIKI_D_03402,D,لفيلم ديال التلفازة، ماركو پولو (2007)، اللي مثل فيه براين دينيهي دور قوبلاي خان، وإيان سومرهالدر دور ماركو، كايورّي ماركو پولو تخلى عليه ف الشينوا ملي عمو و بّاه رجعو لڤينيس، باش يتلاقاو معاه مورا سنين طويلة.,"lfilm dyal tlfeza, Marco Polo (2007), li mthel fih Brian Dennehy dor Kublai Khan, w Ian Somerhalder dor Marco, kaywri Marco Polo tkhla 3lih f China mlli 3mmo w bah rj3o l Venice, bach tltaw m3ah mora snin tawila.","The television film , Marco Polo ( 2007 ) , starring Brian Dennehy as Kublai Khan , and Ian Somerhalder as Marco , portrays Marco Polo being left alone in China while his uncle and father return to Venice , to be reunited with him many years later .","يصوّر الفيلم التلفزيوني ""ماركو بولو"" (2007)، بطولة براين دينيهي بدور قوبلاي خان، وإيان سومرهالدر بدور ماركو، ماركو بولو وقد تُرك وحيداً في الصين بينما عاد عمه ووالده إلى البندقية، ليجتمعا به بعد سنوات عديدة.",VALIDATED,GOLD
data51674,DATA_19065,B,ميريكان صيفطات جوج ديال الرياضيين (واحد الراجل و وحدة مرا) باش يشاركو فمنافسات الرماية ف الألعاب البارالمبية.,mirikan sifftat juj dyal rriyadiyyin (wa7ed rrajel w wa7da mra) bash ysharku fmunafasat rrimaya fl'al3ab lparalambiya.,The U.S. sent two athletes (one man and one woman) to compete in the shooting events at the Paralympics.,أرسلت الولايات المتحدة رياضيين اثنين (رجل واحد امرأة واحدة) للمنافسة في مسابقات الرماية في دورة الألعاب البارالمبية.,VALIDATED,GOLD
data51675,DATA_11274,A,تعطلتي بزّاف باش تجرب هاد سبور,t3etlti bezzaf bach tjreb had sport,you are too late to try this sport,لقد فات الأوان بالنسبة لك لتجربة هذه الرياضة,VALIDATED,GOLD
data51676,DATA_0311,A,كيدازت الدويرة لبارح؟,kidazt ddwira lbar7?,How was the tour yesterday?,كيف كانت الجولة أمس؟,VALIDATED,GOLD
data51677,WIKI_D_05428,D,المركبات اللي فيها الكريپتون كيدير رابطة أحادية مع النيتروجين والأوكسيجين حتى هي تعرفات، ولكن كايكونو مستقرين غير تحت ناقص 60 درجة مئوية و ناقص 90 درجة مئوية على التوالي.,"lmerkat li fiha lakripton kaydir rabta wahda m3a nitrojin o loxijen hlhi t3rft, walakin kaykon mo5tqrin ghir ta7t na9s 60 darja mya o na9s 90 darja mya 3la twali.","Compounds in which krypton forms a single bond to nitrogen and oxygen have also been characterized , but are only stable below 60 ° C (minus 76 ° F) and minus 90 ° C (minus 130 ° F) respectively .",كما تم تمييز المركبات التي يشكل فيها الكريبتون رابطة أحادية مع النيتروجين والأكسجين، ولكنها مستقرة فقط دون 60 درجة مئوية (76 درجة فهرنهايت) و 90 درجة مئوية (130 درجة فهرنهايت) على التوالي.,VALIDATED,GOLD
data51678,DATA_20136,B,الفقاعات عادةً كيتكونو فالأوعية الدموية وكيديهم السيستيم الوريدي للقلب، ومن بعد للرية.,"lfou9a3at 3adatan kaytkounou fal'aw3iya ddamawiya o kayddihom ssistim lwaridi l l9alb, o men ba3d l rriya.","Bubbles are normally produced in the vascular bed and transported by the venous system to heart, then to the lungs.",تُنتَجُ الفقاعاتُ عادةً في السريرِ الوعائيِّ وتُنقَلُ عبرَ الجهازِ الوريديِّ إلى القلبِ، ثمَّ إلى الرئتينِ.,VALIDATED,GOLD
data51679,DATA_17428,B,خطاب ألقاه ماثيو ب. ديدي في بورتلاند ... 4 يوليو 1885 . إ. ج. والينڭ : بورتلاند. (1885).,khitab alqah Matthew P. Deady fi Portland ... 4 Yulyu 1885. I.G. Walling: Portland. (1885).,"Oration Delivered at Portland by Matthew P. Deady ... July 4, 1885. A. G. Walling: Portland. (1885).",خطاب ألقاه ماثيو بي. ديدي في بورتلاند في 4 يوليو 1885. إيه. جي. والينغ: بورتلاند. (1885).,VALIDATED,GOLD
data51680,WIKI_D_08308,D,"الروائي والناقد البريطاني كينغسلي أميس دوز كامبل بحدة: ""نزيد غير كملاحظة سوسيولوجية أن المحرر ديال أستاوندينغ، اللي هو براسو شخصية منحرفة وبشراسة باينة، كيبان ليه بحالا هو اللي اخترع شي ماكينة ديال بسي"".","erriwayi wel na9ed el britani kingsley amis dozz campbell behadda: ""nzid ghir kemla7a sosyolojikya enn lmo7err dyal astounding, lli howa b rasou chakhsiya mon7arafa w b charassa bayna, kayban lih b7ala howa lli khtara3 chi makina dyal psi"".","British novelist and critic Kingsley Amis dismissed Campbell brusquely : "" I might just add as a sociological note that the editor of Astounding , himself a deviant figure of marked ferocity , seems to think he has invented a psi machine"".","رفض الروائي والناقد البريطاني كينغسلي أميس كامبل بفظاظة: ""قد أضيف كملاحظة اجتماعية أن محرر مجلة ""أستاوندينغ""، وهو شخصية منحرفة ذات وحشية واضحة، يبدو أنه يعتقد أنه اخترع آلة للقوى الخارقة للطبيعة"".",VALIDATED,GOLD
data51681,WIKI_D_11672,D,إنجيل يوحنا مختلف بزاف على الأناجيل المتوافقة، مع اختلافات كبيرة في المحتوى، والتركيز اللاهوتي، والتسلسل الزمني، والأسلوب الأدبي. كاينين حتى شي اختلافات بين يوحنا والمتوافقة، شي وحدين فيهم كيوصلو للتناقضات.,"injil yuhana mokhtalef bezzzaf 3la l-anjil l-motawfeqa, m3a mokhtalefat kbira f l-mahtawa, w l-tarkiz l-lahuti, w l-tsalsol z-zamani, w l-osloob l-adabi. kaynin hatta chi mokhtalefat bin yuhana w l-motawfeqa, chi whdin fihom kaysaloh l-tanakodot.","The Gospel of John is significantly different from the synoptic gospels , with major variations in material , theological emphasis , chronology , and literary style . There are also some discrepancies between John and the synoptics , some amounting to contradictions .",يختلف إنجيل يوحنا اختلافًا كبيرًا عن الأناجيل المتوازية، مع اختلافات رئيسية في المادة، والتركيز اللاهوتي، والتسلسل الزمني، والأسلوب الأدبي. هناك أيضًا بعض التناقضات بين يوحنا والأناجيل المتوازية، وبعضها يصل إلى درجة التعارض.,VALIDATED,GOLD
data51682,WIKI_C_06216,C,تقد تشوف بزاف ديال أنواع الطيور البرية فالشعبة ديال تشيدر، بحال الشواهين والعقبان والمهيلات والغربان والهازجة الجرادية.,"t9dr tchof bzaf dyal anwa3 dyal tyou9 lbriya fchou3ba dyal cheddar, bhal chawahin w l3qban w lmehyalat w lghrban w lhazja ljaradiya.","A wide variety of wild birds may be seen in Cheddar Gorge including peregrine falcons , buzzards , kestrels , ravens and the grasshopper warbler ( Locustella naevia ) .",يمكن رؤية مجموعة واسعة من الطيور البرية في مضيق تشيدر، بما في ذلك صقور الشاهين، والعقبان، والصقور، والغربان، والهازجة الجرادية.,VALIDATED,GOLD
data51683,WIKI_D_04431,D,"هاريسون كتب ""بيجيز"" ك هجوم على الطمع والتّزميت فالمجتمع ديال دابا. يماه و لينون عاونوه باش يكمّل الكلمات. توماس لعب الهاربسكورد فالأغنية، و لينون زاد واحد الشريط مسجّل ديال الخنازير كيكركروا.","harison ktb ""Piggies"" ka hjam 3la ttf3 w lmateria f lmojtma3 dyal dba. ymah w lennon 3awnu f kaml lklmat. tomas l3b lharpsichord f l2oghnia, w lennon zad wa7d chit w mojl j3alat dyal lkhnzir kykrkro.","Harrison wrote  ""Piggies"" as an attack on greed and materialism in modern society . His mother and Lennon helped him complete the lyrics . Thomas played harpsichord on the track , while Lennon supplied a tape loop of pigs grunting .","كتب هاريسون أغنية ""بيجيز"" كهجوم على الجشع والمادية في المجتمع الحديث. ساعده والدته ولينون في إكمال الكلمات. عزف توماس على الهاربسيكورد في المقطوعة، بينما زود لينون بشريط مسجل لخرخرة الخنازير.",VALIDATED,GOLD
data51684,DATA_2931,A,إمكان ليا نعطيك شوية ديال مضضات الاكتئاب,imkan lia n3tik chwiya dyal modadat l2ikti2ab,I can give you some anti depressants,يمكنني أن أعطيك بعض مضادات الاكتئاب,VALIDATED,GOLD
data51685,WIKI_D_05207,D,"w 7ed l-EP tab3 tsemma Trouble – Norwegian Live EP tlqoh f ssyf dyal 2001, fih 5 dyal l-morso tsjlo live men tarf l-fraq f Rockefeller Music Hall f Oslo, l-norway.","stimpson, catharine r. (shita 1981). 'zero degree deviance : l-riwaya l-lesbianiya b-n-ngliya'. critical inquiry 8 (2): 363-379. doi: 10.1086/448142. jstor 448142.","stimpson, catharine r. (winter 1981). 'zero degree deviance: the lesbian novel in english'. critical inquiry 8 (2): 363-379. doi: 10.1086/448142. jstor 448142.",ستيمبسون، كاثرين ر. (شتاء 1981). 'الانحراف الصفري : الرواية السحاقية باللغة الإنجليزية'. كريتيكال إنكوايري 8 (2): 363-379. معرف الكائن الرقمي : 10.1086/448142. جيستور 448142.,VALIDATED,GOLD
data51686,WIKI_D_04044,D,"لّعبارة ديال رّاجل ديال لّكوميكس ""أخيب حلقة. ديما."" سماها دي إي في كلوب كعبارة لّي تقدر تستعملها ف لّحياة ليومية، وهي وحدة من لّعبارات لّي معروفة بزاف من سّلسلة .","l-3ibara dyal r-rajl dyal l-comics ""akhyeb 7alqa . dima"". smmaha the a.v. club k-3ibara lli t-qdar t-st3mlha f l-7ayat l-yawmiya, w hiya wa7da mn l-3ibarat lli m3roufa bzzaf mn s-silsila ","the comic book guy's catchphrase ""worst episode ever"" was cited by the a.v. club as a phrase that can be used in everyday life, and it is one of the most popular catchphrases from the series.","عبارة ""أسوأ حلقة على الإطلاق"" التي قالها رجل القصص المصورة، أطلق عليها موقع ""ذا إيه. في. كلوب"" لقب اقتباس يمكن استخدامه في الحياة اليومية، بالإضافة إلى كونه أحد أشهر الاقتباسات من المسلسل.",VALIDATED,GOLD
data51687,WIKI_C_06195,C,دقة ديال دييسغرايست ف برودواي اللي خرجات سابقة كانت كترشح ف 2012 و2013 باش تاخد شي جوايز ديال أوف برودواي بحال دراما ديسك الشي اللي خلا غير لممثلين لجداد وتكنيسيان هما اللي كان ممكن يترشحو ف نسخة ديال برودواي ف 2015,deqqa dyal disgraced f broadway lli khrejat sabiqa kant k-t-rche7 f 2012-13 bach takhod chi jwa2iz dyal off-broadway b7al drama desk ch-chi lli khlla ghir l-momattilin l-jdad w-t-teknisiyan homa lli kan momkin y-t-rche7o f n-noskha dyal broadway f 2015,Because the previous Off-Broadway production of Disgraced had been eligible in 2012-13 for Off-Broadway awards like the Drama Desk only new actors and crew members were eligible for the 2015 Broadway production,نظراً لأن الإنتاج السابق لمسرحية دييسغرايست خارج برودواي كان مؤهلاً في 2012 و2013 لجوائز خارج برودواي مثل دراما ديسك فقد سُمح فقط للممثلين الجدد والفنيين بالترشح في نسخة برودواي لعام 2015,VALIDATED,GOLD
data51688,WIKI_D_08411,D,"هوبارد: ""شحال من مرة تزوجت؟ تزوجت جوج مرات. ودابا أنا مزوج وفرحان بزاف. عندي مرا زوينة، وعندي ربعة ديال الولاد. مرتي اللولة ماتت.""","hubbard: ""sh7al mn mrra tzewjt? tzewjt jouj mrat. w daba ana mzewej wf7ran bzzaf. 3ndi mra zwina, w 3ndi rb3a dyal l wlad. mrti l lawla matet.""","HUBBARD: ""How many times have I been married ? I 've been married twice. And I 'm very happily married just now . I have a beautiful wife, and I have four children. My first wife is dead.""","هوبارد: ""كم مرة تزوجت؟ تزوجت مرتين. وأنا الآن متزوج بسعادة بالغة. لدي زوجة جميلة، ولدي أربعة أطفال. زوجتي الأولى متوفاة.""",VALIDATED,GOLD
data51689,WIKI_D_06160,D,محاضرات على تأثير لأبحاث ف لكيمياء لعضوية على لعلاج وبالخصوص ف داكشي اللي كايتعلق بطبيعة ديال دم اللي تدارت ف لكلية لملكية للأطباء لندن ويلسون وأوجيلفي 1848 أوسي إل سي 6466144.,mo7adarat 3la ta2thir l-ab7at f l-kimiyae l-3odwiya 3la l-3ilaj w-b-l-khosos f-dak-chi lli k-ay-t-3lleq b-t-tabi3a dyal d-dem lli t-dart f l-kolliya l-malakiya l-l-atibba london wilson w-ogilvy 1848 oclc 6466144.,Lectures on the influence of researches in organic chemistry on therapeutics especially in relation to the nature of the blood delivered at the Royal College of Physicians London Wilson and Ogilvy 1848 OCLC 6466144.	,محاضرات حول تأثير الأبحاث في الكيمياء العضوية على العلاج، وخاصة فيما يتعلق بطبيعة الدم، والتي أُلقيت في الكلية الملكية للأطباء بلندن : ويلسون وأوجيلفي، 1848 رقم أوسي إل سي 6466144.,VALIDATED,GOLD
data51690,WIKI_C_08535,C,روبيرت هيريك ف هيسبيريديس كيوصف واحد لعراضة حضرات فيها لملكة تيطانيا بواحد لكتابة فيها دقان ديال لفيران وطاجين ديال فخد لنيوت وودينة منفوخة ودبانة مصلوقة هادو هما لمكونات ديال لغدا ديال لجن,robert herrick f hesperides k-i-y-wsf wa7d l-3arda 7adrat fiha l-malika titania b-wa7d l-kitaba fiha dqan dyal l-firan w-tajin dyal f-khd l-newt w-wdina m-nfokha w-dbana mssloqa hadou homa lmokawinat dyal lghda dyal l-jen,Robert Herrick in Hesperides describes a feast attended by Queen Titania writing about a beard of mice a fricassee of newt thighs and a bloated earwig and a fly these were the components of the fairy banquet,يصف روبرت هيريك في كتابه هيسبيريديس مأدبة حضرتها الملكة تيطانيا واصفاً إياها بذقن الفئران وطاجين من فخذ حيوان النيوت وأذن منفوخة وذبابة مسلوقة وكانت هذه هي مكونات وليمة الجن,VALIDATED,GOLD
data51691,WIKI_D_00765,D,كاين تشابه بين متتالية ماير-فيتوريس (خصوصا بالنسبة لمجموعات الهومولوجيا ذات البعد 1) ونظرية سيفرت-فان كامبن. فاش كيكون A ∩ B مرتبطين مسارياً، متتالية ماير-فيتوريس المختزلة كتعطي التشاكل.,"kayn tashaboh bin matalit mayer-vietoris (khossosan bnisba l majmu3at l homology zat l b3d 1) w nazariyat seifert-van kampen. fash kaykon A ∩ B mtwaslin masariyan, matalit mayer-vietoris l mokhtazla kat3ti t-shakol.",There is an analogy between the Mayer-Vietoris sequence especially for homology groups of dimension 1 and the Seifert-van Kampen theorem when A ∩ B is path-connected the reduced Mayer-Vietoris sequence gives an isomorphism.,هناك تشابه بين متتالية ماير-فيتوريس (خاصة بالنسبة لمجموعات الهومولوجيا ذات البعد 1) ونظرية سيفرت-فان كامبن. عندما يكون التقاطع A ∩ B متصلاً بالمسار، فإن متتالية ماير-فيتوريس المختزلة تعطي التشاكل.,VALIDATED,GOLD
data51692,DATA_0473,A,"فراسي مشا لحال شوية على التنضيم, و لكن... راه عيد ميلادي!","frasi mcha l7al chwia 3la ttndim, walakin... rah 3id miladi!","I know it's a little late for the organization, but... it's my birthday!",أعلم أن الوقت متأخر قليلاً على التنظيم، لكن... إنه عيد ميلادي!,VALIDATED,GOLD
data51693,WIKI_D_00061,D,ف 1957، كان بريسلي مصنف رّابع كأكثر واحد كيجيب لّفلوس ف سّينما. على حساب ڤاريتي، ف 1969، دّخل لّي دخل فيلم جايلهوس روك ف ميريكان و كانادا كان بحال دّخل ديال دي ويزرد أوف أوز لّي خرج ف 1939.,"f 1957, kan presley msofaf rrab3 k-2aktr wa7d kijib lflous f cinema. 3la 7sab variety, f 1969, dd5l lli d5l film Jailhouse Rock fmerican w Canada kan b7al dd5l dyal The Wizard of Oz lli khrj f 1939.","in 1957, presley was ranked as the fourth highest-grossing money-maker in cinema. according to variety, in 1969, the box office earnings of 'jailhouse rock' in the us and canada were comparable to those of 'the wizard of oz' which was released in 1939.",في عام 1957، صُنِف بريسلي في المرتبة الرابعة كأكثر الممثلين تحقيقاً للإيرادات في السينما. ووفقاً لمجلة فاريتي، فإن إيرادات فيلم 'سجن الروك' (جايلهوس روك) في أمريكا وكندا عام 1969 كانت تعادل إيرادات فيلم 'ساحر أوز' الذي صدر عام 1939.,VALIDATED,GOLD
data51694,DATA_7121,A,فندارك حفادنا غايعجبوهوم القصص لي عجبونا حنا فسغرنا؟,fanadarek 7fadna ghay3jbohom l9issass li 3jbouna 7na fsgherna?,do you think our grandchildren will enjoy the stories we loved in our childhood as much as we did?,هل تعتقد أن أحفادنا سيستمتعون بقصص طفولتنا كما استمتعنا بها نحن؟,VALIDATED,GOLD
data51695,WIKI_D_01783,D,"فـ 1971، ڭور بدا تا هو يخدم النوبة ديال الليل فـ ""ذي تينيسيان"" كصحفي تحقيق. التحقيقات ديالو على الفساد بين أعضاء مجلس مدينة ناشفيل أدت للاعتقال والمحاكمة ديال جوج ديال المستشارين بسبب جرائم منفصلة.","f 1971, gor bda ta howa ykhdem l'nowba dyal l'lil f ""the tennessean"" ksa7afi ta79i9. ta79i9ato dyalo 3la lfasad bin a3da2 majlis mdint nashvil adat l-i3ti9al w-l-mu7akama dyal joj dyal lmustacharin bsbab jra2im menfasla.","In 1971 , Gore also began to work the night shift for The Tennessean as an investigative reporter . His investigations of corruption among members of Nashville 's Metro Council resulted in the arrest and prosecution of two councilmen for separate offenses .","في عام 1971، بدأ غور أيضًا العمل في النوبة الليلية لصالح صحيفة ""ذي تينيسيان"" كمراسل تحقيقي. أدت تحقيقاته في الفساد بين أعضاء مجلس مدينة ناشفيل إلى اعتقال ومحاكمة اثنين من أعضاء المجلس لارتكابهما جرائم منفصلة.",VALIDATED,GOLD
data51696,WIKI_D_02488,D,"ف شهر ماي 2008، واحد المقطوعة أوركسترالية اللي ألفها أوسمو فانسكا سميتها ""القنطرة"" تعزفات لأول مرة من طرف أوركسترا متروبوليتان سيمفوني، و كان كيقودها ويليام، معاون باس رئيسي ديال أوركسترا مينيسوتا. فانسكا براسو حضر للعرض العالمي الأول.","f shher may 2008, wa7d lmqttoa orchestralia lli allafha osmo vanska smitha ""lqntra"" t3zft l'awl mrra mn tarf orchestra metropolitan symphony, w kan kigdha william, m3awn bass ra2issi dyal orchestra minnesota. vanska b'raso 7dr l3rd l3alami l-2awal.","In May 2008, an orchestral piece composed by Osmo Vänskä titled ""The Bridge"" was premiered by the Metropolitan Symphony Orchestra, led by William, assistant principal bassist of the Minnesota Orchestra. Vänskä himself attended the world premiere.","في مايو 2008، عُرضت مقطوعة أوركسترالية ألفها أوسمو فانسكا بعنوان ""الجسر"" لأول مرة من قبل أوركسترا متروبوليتان السيمفونية، بقيادة ويليام، عازف الباص الرئيسي المساعد في أوركسترا مينيسوتا. حضر فانسكا نفسه العرض العالمي الأول.",VALIDATED,GOLD
data51697,WIKI_D_08978,D,3) . هاد المرحلة عطات خليط ديال الكوريوم المنتج المرافق و العنصر 97 اللي توقعناه على شكل ثلاثي فلوريد. هاد الخليط تحول ل هيدروكسيدات المناسبة بالمعاملة ديالو ب هيدروكسيد البوتاسيوم، و من بعد الطرد المركزي، ذوبناه ف حمض البيركلوريك.,"3) . had lmar7ala 3tat khali6 dyal lkurium l montaj l marafiq w l3unSur 97 lli tawaq3nah 3la shkl thulathi florid. had lkhaliT t7awwal l hydroxidat lmunasiba blmu3amala dyalo b hydroxid lbotasiyum, w min ba3d lTard lmarkazi, dhbawnah f 7amḍ lberklorik.","3 ) . This step yielded a mixture of the accompanying product curium and the expected element 97 in form of trifluorides. The mixture was converted to the corresponding hydroxides by treating it with potassium hydroxide, and after centrifugation, was dissolved in perchloric acid.",3) . أسفرت هذه الخطوة عن خليط من الناتج المرافق الكوريوم والعنصر المتوقع 97 في شكل ثلاثي فلوريد. تم تحويل الخليط إلى الهيدروكسيدات المقابلة عن طريق معالجته بهيدروكسيد البوتاسيوم، وبعد الطرد المركزي، تم إذابته في حمض البيركلوريك.,VALIDATED,GOLD
data51698,DATA_6545,A,هاد المحل حسّن,had lma7al 7ssen,this shop is much nicer,هذا المتجر أجمل بكثير,VALIDATED,GOLD
data51699,DATA_2035,A,وكنبقى نضرب ف الناس اللي كيعومو بشوية,o kanb9a ndrab fnas lli kay3umu bchwiya,I keep bumping into people who swim slowly,وأستمرُّ في الاصطدامِ بالأشخاصِ الذين يسبحونَ ببطء,VALIDATED,GOLD
data51700,WIKI_C_08226,C,إيلا شي واحد تشخص بـ إش أي تي ، شي ناس كينصحو يديرو دوبلر ديال العروق ديال الرجلين باش يعرفو واش كاين تخثر دموي عميق، حيت هادشي كيوقع بزاف مع إش أي تي.,"ila shi wahed teshkhs b HIT, shi nas kayns7o ydiru doppler dyal l3roq dyal rjlin bach y3rfo wach kayn tkhatthur damawi 3ami9, hit hadshi kaywqe3 bzzaf m3a HIT.","If someone has been diagnosed with HIT, some recommend routine Doppler of the leg veins to identify deep vein, as this is very common in HIT.",إذا تم تشخيص شخص ما بـ إش أي تي ، يوصي البعض بإجراء دوبلر روتيني للأوردة الساقية لتحديد تجلط الأوردة العميقة ، نظرًا لأن هذا أمر شائع جدًا في إش أي تي.,VALIDATED,GOLD
data51701,DATA_8095,A,ختك ماعرفتيهاش؟,5tek ma3rftihach?,dont you know you sister?,ألا تعرف أختك؟,VALIDATED,GOLD
data51702,DATA_15092,B,. الأكسيد إس بي 2 أو 3 بوليميري، أمفوتيري، وكيشكل الزاج. الأنتيموان عندو كيمياء عضوية-فلزية واسعة (شوف كيمياء الأورغانو-أنتيموان).,"L'oxid Sb2O3 polimiri, amfotiri, o kishkel zzaj. L'antimwan 3ndo kimya2 3odwiya-flziya wasi3a (shuf kimya2 l'organo-antimwan).","The oxide Sb2O3 is polymeric, amphoteric, and a glass former. Antimony has an extensive organometallic chemistry (see organoantimony chemistry).",ثالث أكسيد الأنتيموان (Sb2O3) مركب بوليمري، ومتردد (أمفوتيري)، ومكوّن للزجاج. يمتلك الأنتيموان كيمياءً عضوية فلزية واسعة (انظر كيمياء الأنتيموان العضوية).,VALIDATED,GOLD
data51703,DATA_20086,B,فالحفل ديال جورج ف 29 نونبر 2002، الأغنية غناها بيلي پريستون، و سام براون كانت معاه فلي ريفران.,"fal 7afl dyal George f 29 nuwanbir 2002, l ughniya ghannaha Billy Preston, u Sam Brown kant m3ah fli Riveran.","At the Concert for George on 29 November 2002, the song was performed by Billy Preston, with Sam Brown joining on backing vocals.",في حفل جورج في 29 نوفمبر 2002، أدى الأغنية بيلي بريستون، وانضمت سام براون في الغناء المساعد.,VALIDATED,GOLD
data51704,WIKI_D_11620,D,روث، مايكل إس.، كلير إل. ليونس، وتشارلز ميريويدر. إريزيستبل ديكاي: ريوينز ريكليمد. لوس أنجلوس، كاليفورنيا: ڭيتي ريسيرش إنستيتيوت فور ذا هيستوري أوف آرت آند ذا هيومانيتيز، 1997. آي إس بي إن 0892364688,"roth, michael s., claire l. lyons, w charles merewether. irresistible decay: ruins reclaimed. los angeles, ca: getty research institute for the history of art and the humanities, 1997. isbn 0892364688.","roth, michael s., claire l. lyons, and charles merewether. irresistible decay: ruins reclaimed. los angeles, ca: getty research institute for the history of art and the humanities, 1997. isbn 0892364688.",روث، مايكل إس.، وكلير إل. ليونس، وتشارلز ميريويدر. التحلل الذي لا يقاوم: استعادة الأطلال. لوس أنجلوس، كاليفورنيا: معهد غيتي للبحوث في تاريخ الفن والعلوم الإنسانية، 1997. الرقم الدولي المعياري للكتاب (ISBN) 0892364688.,VALIDATED,GOLD
data51705,WIKI_C_10192,C,مخدومين ف داكشي لّي كيتسماو تجارب سندان لّماس باش يخلقو ضغط طالع بزاف، لّماس قادر يصبر ل واحد ضّغط لّي يقدر يهرس كثر من 600 جيجا باسكال (6 مليون ديال ضّغط لّجوي),"mkhdoumin f dak-chi lli ki-ytsmmiw tajarib sandan l-mas bash y-khlaqo daght tale3 bzzaf, l-mas qader y-sber l-wa7d d-daght lli y-qdar y-herres ktar mn 600 giga pascal (6 mlyon dyal d-daght l-jawi).",they are performed in so-called diamond anvil cell experiments to create very high pressures; diamond is able to withstand pressures of more than 600 gigapascals (6 million atmospheres).,تُجرى هذه الأبحاث باستخدام ما يسمى تجارب خلايا سندان الماس لتوليد ضغوط هائلة، حيث يستطيع الماس تحمل ضغط يتجاوز 600 جيجا باسكال (ما يعادل 6 ملايين ضغط جوي).,VALIDATED,GOLD
data51706,WIKI_D_01902,D,ميهتا، هاريش سي. و جولي بي. (2013). سترونڭمان : لّحياة لّاستثنائية ديال هون سين. سينڭاپور : مارشال كافينديش إنترناشيونال آزييا ليمتد. آي إس بي إن 9814330601.,"mehta, harish c. u julie b. (2013). strongman : l-7ayat l-istitna2iya dyal hun sen. singapore : marshall cavendish international asia pte ltd. isbn 9814330601.","mehta, harish c. & julie b. (2013). strongman: the extraordinary life of hun sen. singapore: marshall cavendish international asia pte ltd. isbn 9814330601.",ميهتا، هاريش سي. وجولي بي. (2013). الرجل القوي : الحياة الاستثنائية لهون سين. سنغافورة : مارشال كافينديش الدولية لآسيا المحدودة. الرقم الدولي المعياري للكتاب (ردمك) 9814330601 .,VALIDATED,GOLD
data51707,WIKI_C_10929,C,أوپاساما (حالة د سّكون) - فاش كايكون هاد سّكون ما كتخدمش لّكارما. لّكارما عاد كاتخدم فاش كايسالي هادوك لّوقات د سّكون .,upassama (7alat d-s-sukun) - fash ka-ykun had s-sukun ma kat-khdm-sh l-karma. l-karma 3ad kat-khdm fash ka-ysali haduk l-wuqat d-s-sukun.,upassama (state of subsidence) - during this state the operation of karma does not occur. the karma becomes operative only when the duration of subsidence ceases.,أوباساما (حالة السكون) - خلال هذه الحالة، لا تحدث عملية الكارما. تصبح الكارما فعالة فقط عندما تنتهي مدة السكون.,VALIDATED,GOLD
data51708,DATA_0084,A,فاش تانكون معطّل شوية ولّا ماتانديرش شي حاجة بغاتها,fach tankon m3ttel chwia olla matandirch chi haja bghatha,when I'm running a little late or I don't do whatever she wants,عندما أتأخر قليلاً أو لا أفعل ما تريده,VALIDATED,GOLD
data51709,DATA_5221,A,شنو نقدر ندير ليك؟,chnou n9der ndir lik?,What can I do for you?,ماذا يمكنني أن أفعل لك؟,VALIDATED,GOLD
data51710,DATA_0012,A,و لكن غانجاوب عليهوم ف الأوقات ت لخدمة,walakin ghanjawb 3lihom fl aw9at t lkhdma,But I will answer them during working hours,ولكنني سأجيبهم خلال ساعات العمل,VALIDATED,GOLD
data51711,DATA_21274,B,الكتاب السنوي ديال الكتاب و الفنانين ديال 2007 فيه مقال ديال براتشيت على العملية ديال كتابة الفانتازي.,lkitab ssnawi dyal lkutab u lfannanin dyal 2007 fih maqal dyal Pratchett 3la l3amaliya dyal kitabat l fantazi.,The Writers and Artists Yearbook 2007 includes an article by Pratchett about the process of writing fantasy.,تتضمن دليل الكتاب والفنانين لعام 2007 مقالاً لبراتشيت حول عملية كتابة الخيال.,VALIDATED,GOLD
data51712,WIKI_D_01155,D,كانو تا هوما شي ديتيكتورات ديال غاما ونوترونات، وخا قلال لّي بقاو عايشين مورا لّانفجار، ڭاع لّكونطورات لّي كانوا ف 200 قدم (61 ميترو) قريبة ل نّقطة ديال لّانفجار تّخربو، ولكن داكشي لّي تّجمع ديال لّمعلومات كان كافي باش نعبرو لّكمية ديال غاما لّي خرجات من لإشعاع لّمتاين.,"kanu ta huma shi detectorat dyal gamma u neutronat, wakha qlal lli bqaw 3aychin mura l-infijar, ga3 l-contourat lli kanu f 200 qdam (61 mitru) qriba l-n-noqta dyal l-infijar t-tkhrebu, walakin dak-chi lli t-tjemme3 dyal l-ma3lumat kan kafi bash n-3bru l-kammiya dyal gamma lli khrjat mn l-icha3 l-mutayyin.","there were also gamma and neutron detectors; although few survived the blast, all counters within 200 feet (61 meters) of ground zero were destroyed, but the data collected was sufficient to measure the amount of gamma from ionizing radiation.",كانت هناك أيضاً كواشف لغاما والنيوترونات، ورغم أن القليل منها صمد بعد الانفجار، إلا أن جميع العدادات التي كانت على بُعد 200 قدم (61 متراً) من مركز الانفجار قد دُمّرت، ومع ذلك كانت البيانات المجموعة كافية لقياس كمية غاما المنبعثة من الإشعاع المؤين.,VALIDATED,GOLD
data51713,DATA_7596,A,قال ليا شي حاجة حساسة,Gali chi 7aja 7essassa,He told me some sensitive information,أخبرني بمعلوماتٍ حساسة,VALIDATED,GOLD
data51714,WIKI_C_08230,C,ف شهر ستة ديال 1967، شي شوية من نّقابة ديال لكتّاب تّشيكيين تعاطفو مع لّاشتراكيين رّاديكاليين، ب لّخصوص لودڤيك ڤاكوليك، ميلان كونديرا، ويان بروشازكا، وأنطونين ياروسلاف ليهم، وپاڤيل كوهوت وإيڤان كليما.,"f chhar setta dyal 1967, chi chwiya mn n-naqaba dyal l-kttab t-chikiyn t-3atfu m3a l-ichtirakiyin radicaliyin, b-l-khsous ludvik vaculik, milan kundera, w jan prochazka, w antonin jaroslav liehm, w pavel kohout w ivan klima.","in june 1967, a small number of the czech writers' union sympathized with radical socialists, specifically ludvík vaculík, milan kundera, jan procházka, antonín jaroslav liehm, pavel kohout, and ivan klima.",في يونيو 1967، أظهر عدد قليل من أعضاء اتحاد الكتاب التشيكيين تعاطفاً مع الاشتراكيين الراديكاليين، ولا سيما لودفيك فاكوليك، وميلان كونديرا، ويان بروشازكا، وأنطونين ياروسلاف ليهم، وبافيل كوهوت، وإيفان كليما.,VALIDATED,GOLD
data51715,WIKI_D_09741,D,شحال من مرض فطري كيصيب وكيقتل زّيزان لّكبار فاش فونڭا وحدة خرا قاتلة د لّحشرات، كورديسپس، كتهاجم صّغار. فونڭا ماسوسبورا ب لّظبط كتهاجم زّيزان دّورية لّكبار، و لّجراثيم ديالها كيبقاو ناعسين ف تّراب بين نّوبات.,"sh7al mn marad ftori kay-sib w-kay-qtl zizan l-kbar fash funga wa7da khra qatla d l-7shrat, cordyceps, k-tahajm s-sghar. funga massospora b-d-debt k-tahajm zizan dawriya l-kbar, w l-jartim dyalha kay-bqaw na3sin f-trab bin n-nubat.","several fungal diseases infect and kill adult cicadas while another entomopathogenic fungus, cordyceps, attacks larvae. the fungus massospora specifically attacks adult periodical cicadas, and its spores remain dormant in the soil between outbreaks.",تتعدد الأمراض الفطرية التي تصيب وتقتل صرصار الليل (الزيز) البالغ، فبينما تهاجم فطريات الكوردسيبس الحشرات الصغيرة، يهاجم فطر الماسوسبورا تحديداً الزيزان الدورية البالغة، وتظل أبواغها كامنة في التربة بين فترات الظهور.,VALIDATED,GOLD
data51716,WIKI_D_01898,D,بورتشيت، ويليام جي.؛ نورودوم، سيهانوك (1973). حربي مع سي آي إي : نضال د كامبودجا باش تقادر تعيش. لّإمارات لّمتحدة لّأمريكية : پينڭوين بوكس. آي إس بي إن 0140216898.,"burchett, william g.; norodom, sihanouk (1973). 7arbi m3a cia : nidal d cambodja bash t-qadar t-3ish. l-imarat l-mottahida l-amrikiya : penguin books. isbn 0140216898.","burchett, william g.; norodom, sihanouk (1973). my war with the cia: the cambodia fight for survival. united states: penguin books. isbn 0140216898.",بورتشيت، ويليام جي.؛ نورودوم، سيهانوك (1973). حربي مع وكالة المخابرات المركزية : نضال كمبوديا من أجل البقاء'. الولايات المتحدة الأمريكية : بينغوين بوكس. الرقم الدولي المعياري للكتاب (ردمك) 0140216898.,VALIDATED,GOLD
data51717,DATA_6709,A,اشناهيا البلاصة لي ماكرهتش تزورها؟,achnahiya lblassa li makrehtich tzourha?,what's your dream travel destination?,ما هي وجهة سفر أحلامك؟,VALIDATED,GOLD
data51718,WIKI_D_06496,D,"قبل، كاع الموت اللي ماشي قتل كانو كيتسمّاو ""قتل غير عمدي"" – ولكن، القانون دابا كيطلب الموت يكون فيه واحد النوع محدد من القتل غير العمدي. القتل غير العمدي ديال دابا، واخا هكاك، باقي عندو واحد النطاق واسع بزاف.","qbl, ka3 l-mut dyal lli ma-kyn-sh qtl kano kytssmmo ""qatl ghir 3amdi"" - walakin, l-qanon daba kaytlob l-mut ykon fih wa7d an-now3 l-mo7addd men l-qtl ghir l-3amdi. l-qtl ghir l-3amdi dyal daba, wa7a haka, baqi 3ndo wa7d nita9 wss3 bzzaf.","Previously , all deaths which were not murder were classified as ""manslaughter"" – however , the law now requires that the death fit a particular type of manslaughter . Modern manslaughter does , however , retain a very wide scope .","في السابق، كانت جميع الوفيات التي لا تُعد قتلًا تُصنف على أنها ""قتل خطأ"" - ومع ذلك، يتطلب القانون الآن أن تتناسب الوفاة مع نوع معين من القتل الخطأ. ومع ذلك، يحتفظ القتل الخطأ الحديث بنطاق واسع جدًا.",VALIDATED,GOLD
data51719,DATA_2856,A,جا واحد عتقني، لحسن الحض,"ja wahd 3t9ni, l7osn l7add","Somebody came to rescue me, thankfully",لقد جاء أحدهم لإنقاذي، لحسن الحظ,VALIDATED,GOLD
data51720,DATA_21009,B,كاينين تا شي مساحات خلاوية ديال لكليات لي مملوكة ليهم ومفتوحة لّعموم، بحال غابة باڭلي وخصوصا مرج كرايست تشيرش.,"kaynin ta shi masa7at khlawiya dyal l kulliyat li mmlouka lihum u mftouha ll2umum, b7al ghabat bagli u khususan merj christ church.","there are also various collegiate-owned open spaces open to the public, including bagley wood and most notably christ church meadow.",توجد أيضاً مساحات مفتوحة مختلفة تملكها الكليات ومفتوحة للعامة، بما في ذلك باغلي وود، وأبرزها مروج كنيسة المسيح.,VALIDATED,GOLD
data51721,WIKI_C_11323,C,نصبت هاد لحجرة أولدي ڭوموندور هما. مشاو ل شّرق على ود لّفلوس، مات ف لّيونان. كان مول دّار وكريم ف لّماكلة.,"nsbat had l-7ajra awldi gumundr huma. mshaw l-cherq 3la wd l-flous, mat f-lyunan. kan moul d-dar u krim f-l-makla.","alvi had this stone raised in memory of gormundr. they traveled east for profit, but he died in greece. he was a head of his household and generous with food.",أقامت أولدي هذه الصخرة تخليداً لذكرى غوموندور. سافروا شرقاً سعياً وراء المال، وتوفي هو في اليونان. لقد كان سيداً لبيته وكريماً في ضيافته.,VALIDATED,GOLD
data51722,DATA_22980,B,غونتر شولتز - ڭيتارات، فوكال (2، 6)، باص (5)، بري بروداكشن,"günter schulz - guitarat, vocal (2, 6), bass (5), pre production","Günter schulz - guitars, vocals (2, 6), bass (5), pre-production",غونتر شولتز - غيتار، صوت (2، 6)، باس (5)، ما قبل الإنتاج,VALIDATED,GOLD
data51723,DATA_19149,B,كتاب صغير ديال التيرجا للدراري الصغار (الطبعة الرابعة، 1791) [ماشي ف الليست ديال ويلز],"ktab sghir dyal ttirjja lderari sghar (ttab3a rrab3a, 1791) [mashi f list dyal wills]","a little book of history for young children (fourth edition, 1791) [not in wills' list]",كتيب صغير عن التاريخ للأطفال الصغار (الطبعة الرابعة، 1791) [ليس في قائمة ويلز],VALIDATED,GOLD
data51724,WIKI_C_02445,C,واحد شّكل آخور لّي كيتّابع بزاف هو ديال تيودور بنفي (عام 1960). لعناصر مرتبة ف واحد لحلزون داير، لهيدروجين كاين ف لّوسط، ولّفلزات لّانتقالية ولّلانثانيدات ولّأكتينيدات شادين بلايص بحال شبه جزيرة.,"wa7ed ch-chekel akhor lli k-y-ttabe3 bzzaf huwa dyal theodor benfey (3am 1960). l-3anassir m-rettba f-wa7ed 7alazoun dayer, l-hydrogen kayn f-l-west, w l-fala-zat l-intiqaliya w l-lanthanidat w l-actinidat chaddin blayss b7al chibh jazira.","a popular alternative structure is that of theodor benfey (1960). the elements are arranged in a continuous spiral, with hydrogen at the center and the transition metals, lanthanides, and actinides occupying peninsulas.",هناك هيكل بديل شائع هو هيكل تيودور بنفي (1960). تترتب العناصر فيه في حلزون مستمر، مع وجود الهيدروجين في المركز، بينما تشغل المعادن الانتقالية واللانثانيدات والأكتينيدات أجزاءً تشبه أشباه الجزر.,VALIDATED,GOLD
data51725,WIKI_C_00239,C,من هادو، زّولوجيين كولين غروڤز وبيتر ڭروب كيعتابرو أو. أو. هاشتاتا، أو. أو. مونتانا، أو. أو. أوريبي وأو. أو. كينياي كأنواع بوحدهم ف كتابهم لّي نشرو ف 2011 أنڭولايت تاكسونومي.,"mn hadu, zologiyin colin groves w peter grubb k-y-3tabru o. o. hastata, o. o. montana, o. o. ourebi w o. o. kenyae k-anwa3 b-o7dhom f-ktobhom lli nchro f 2011 ungulate taxonomy.","among these, zoologists colin groves and peter grubb consider o. o. hastata, o. o. montana, o. o. ourebi, and o. o. kenyae as distinct species in their 2011 book ungulate taxonomy.",من بين هؤلاء، يعتبر عالما الحيوان كولين غروفز وبيتر غروب أن الأصناف (هاشتاتا، مونتانا، أوريبي، وكينياي) هي أنواع منفصلة في كتابهما الصادر عام 2011 تصنيف الحافريات (أنغولايت تاكسونومي).,VALIDATED,GOLD
data51726,WIKI_C_06618,C,فالعصر ديال دابا، دخلات الهندسة المعمارية على طريقة آرت ديكو. بزاف ديال هاد الأمثلة كتشوفهم فالتماثيل فكاع البلاد، بالخصوص فالبلايص العمومية والجرادي.,"fel3asr dyal daba, dkhlat lhindasa lmi3mariya 3la tari9at art deco. bezzaf dyal had l2amtila katchoufehom fttamathil fakka3 lablad, blkhosos fblayiess l3omoumiya ljerradi.	","In the modern era, Art Deco architecture was introduced. Many of these examples can be seen in statues throughout the country, especially in public places and gardens.","في العصر الحالي، دخلت الهندسة المعمارية بأسلوب ""آرت ديكو"". تظهر العديد من هذه الأمثلة في التماثيل بجميع أنحاء البلاد، لا سيما في الأماكن العامة والحدائق.",VALIDATED,GOLD
data51727,WIKI_C_11473,C,الاختيارات اللي كاينين: روض ديال اللومنيوم مفرّجين، فيهم سبعة عشر بوصة وخمسة ديال الصباع، مضوّيين ومصاوبين مزيان؛ كاميرا اللور، سيستيم ديال المعاونة فالباركينغ؛ فولون ديال الجلد؛ والكراسة القدامية سخونة بالجلد وكتشعل راسها.,"lkhtiyarat likaynin: rwod dyal l'aluminyum mfarjin, fihom 17 bosa w 5 dyal sba3, mdwiyin wmsawbin mzyan; kamera lor, sistim dyal lmo3awna falparking; volan dyal l'jld; wkrasa lqodamiya skhona b l'jld wkatch3l rasha.","Available options include: 17-inch 5-spoke polished aluminum wheels; rear-view camera, parking assist system; leather steering wheel; and heated leather front seats with automatic activation.	",الخيارات المتاحة: عجلات من الألمنيوم المصقول، قياس 17 بوصة بخمسة قضبان، ملمعة ومصنعة بإتقان؛ كاميرا خلفية، نظام المساعدة على الركن؛ عجلة قيادة جلدية؛ ومقاعد أمامية جلدية مدفأة وتعمل تلقائياً.	,VALIDATED,GOLD
data51728,WIKI_D_10613,D,فالتالي ديال العرض كان فيه ماتش ديال الكفن على بطولة دوبل في دوبل إف، اللي فيه يوكوزونا دافع بنجاح على اللقب ضد ذا أندرتيكر. وزيادة على هادشي، الكيبيكرز غلبو بريت وأوين هارت باش يحافظو على بطولة دوبل في دوبل إف للفرق الثنائية وريزر رامون دافع بنجاح على بطولة القارات.,"f tali dyal l3ard kan fih match dyal lkfn 3la butulat WWF, li fih Yokozuna df3 bnjah 3la l9b ded the Undertaker. w zyad 3la hadchi, l'Quebecers glbo Bret w Owen Hart bach y7afdo 3la btulat WWF dyal l'foraq thuna2iya w Razor Ramon df3 bnjah 3la btulat l'qarrat.","At the end of the show, there was a Casket match for the WWF Championship, in which Yokozuna successfully defended his title against The Undertaker.","	في ختام العرض، أقيمت مباراة التابوت على بطولة WWF، حيث دافع يوكوزونا بنجاح عن لقبه ضد ذا أندرتيكر. بالإضافة إلى ذلك، هزم فريق ""الكيبيكرز"" بريت وأوين هارت ليحتفظوا ببطولة WWF للفرق الثنائية، كما دافع ريزور رامون بنجاح عن بطولة القارات.",VALIDATED,GOLD
data51729,wiki_24,B,	سياسة الخصوصية، معلومات على ويكيبيديا وإخلاء مسؤولية. قواعد د السلوك، مطورين، إحصائيات، بيان متعلق ب لكوكيز و ڤيرسيون موبيل. قلب ف الصفحة اللولا ب 343 لوغات وزيد شي موضوع,"	Siyaset el khsusiya, ma3lumatt 3la wikipedia w ikhla2 mas2uliya. Qawa3ed d selok, mottawirin, ihsa2iyat, bayan muta3alliq b el cookies w version mobil. Qellib f safa7a el lula b 343 loghat w zid chi mawdu3.","Privacy policy, about Wikipedia and disclaimer. Code of conduct, developers, statistics, cookie statement and mobile view. Search the main page in 343 languages and add a topic.	",سياسة الخصوصية، معلومات عن ويكيبيديا وإخلاء المسؤولية. قواعد السلوك، المطورون، الإحصائيات، بيان ملفات تعريف الارتباط (Cookies) ونسخة الهاتف المحمول. ابحث في الصفحة الرئيسية بـ 343 لغة وأضف موضوعاً.,VALIDATED,GOLD
data51730,WIKI_C_08200,C,كتكون متقاربة إلا و غير إلا كانت هاديك e ناقص e صغر أو كتساوي x صغر أو كتساوي واحد على e  (أو تقريبا بين 0.36 و 2.71)، بسباب واحد التيوريم ديال ليونارد أويلر.,"e naqes e sghar aw tsawi x sghar aw tsawi 1 3la e (aw ta9riban bin 0.36 w 2.71), bsbab wahed theorem dyal Leonhard Euler","It converges if and only if e minus e is less than or equal to x and less than or equal to 1 over e (approximately between 0.36 and 2.71), due to a theorem by Leonhard Euler.	",تكون متقاربة إذا وفقط إذا كانت e ناقص e أصغر من أو تساوي x وأصغر من أو تساوي 1 على e (أي تقريباً بين 0.36 و 2.71)، بفضل مبرهنة ليونارد أويلر.	,VALIDATED,GOLD
data51731,DATA_22762,B,حتى لماتش ديال 11 يونيو 2016. النتيجة ديال النڭليز مكتوبة اللولة، و الخانة ديال النتيجة كاتبيّن النتيجة من بعد كل ڭول ماركاه ميلنر.,"7tta lmatch dial 11 yunyu 2016. Natija dial nngliz mektouba lowla, o lkhana dial natija katbeyyen natija men be3d koll goul markah Milner.","As of match played 11 June 2016. England score listed first, score column indicates score after each Milner goal.",حتى المباراة التي لُعبت في 11 يونيو 2016. منتخب إنجلترا هو المسجل أولاً، وعمود النتيجة يشير إلى النتيجة بعد كل هدف سجله ميلنر.,VALIDATED,GOLD
data51732,DATA_20937,B,"أش س. إ. (1946). ""تكوين انطباعات على الشخصية"". مجلة علم النفس الاجتماعي الشاذ، 41 (3)، 258-290.","asch s. i. (1946). ""takwin intiba3at 3la ash-shakhsiya"". majallat 3ilm annafs al 2ijtima3i ashshadh, 41 (3), 258-290.","asch, s. e. (1946). ""forming impressions of personality"". the journal of abnormal and social psychology, 41 (3), 258-290.","آش، س. إ. (1946). ""تكوين انطباعات عن الشخصية"". مجلة علم النفس غير العادي والاجتماعي، المجلد 41، العدد 3، ص. 258-290.",VALIDATED,GOLD
data51733,DATA_7274,A,كيفاش ديما كتخليني حسّا بلحوب ديالك ?,kifach dima kat5lini 7assa bl7oub dialk ?,how do you always make me feel your love toward me?,كيف تجعلني أشعر دائماً بحبك تجاهي؟,VALIDATED,GOLD
data51734,WIKI_D_04105,D,وقع لعنف مع 9 ديال لليل فساحة تقسيم فإسطنبول، فواحد لمضاربة بين لجمهور ديال ليدز ولجمهور ديال غلطة سراي، نهار قبل نص النهائي ديال كاس ليتيحاد لؤروبي فتيران علي سامي يان ديال غلطة سراي فإسطنبول، فـ 6 فـ شهر 4 عام 2000.	,"waq3 l3onf m3a 9 dyal lil f sa7t taqsim f istanbul, f wa7d lmdarba bin ljomhour dyal leeds w ljomhour dyal galatasaray, nhar lli qbl nss lnihai dyal lkass dyal itti7ad l2oropi f tiran dyal ali sami yen dyal galatasaray f istanbul, f 6 f chhar 4 3am 2000.","Violence broke out at 9:00 PM in Taksim Square, Istanbul, during a fight between Leeds United and Galatasaray fans, the night before the UEFA Cup semi-final at Ali Sami Yen Stadium on April 6, 2000.	",اندلعت أعمال عنف في تمام الساعة التاسعة مساءً بساحة تقسيم في إسطنبول، إثر مشاجرة بين جماهير ليدز يونايتد وجماهير غلطة سراي، وذلك في الليلة التي سبقت نصف نهائي كأس الاتحاد الأوروبي بملعب علي سامي يان في 6 أبريل عام 2000.	,VALIDATED,GOLD
data51735,WIKI_C_02888,C,العافية الكبيرة دازات فالتيلي ديال إيتيڤي ف 2014. دوزوها في ربعة ديال الحلقات. كاتعاود واحد القصة من الخيال فيها عائلة ديال الخباز ديال زنقة بودين فواحد المؤامرة زعما ديال البابا.,laafya lkbiira daazat f tele dyal itv f 2014. dawzuha f rba3 dyal l7laqat. kaat3awd wa7d lqissa mn lkhiyal fiha 3aelt dyal lbazzaz dyal zn9a pudding f wa7d lmo2amara za3ma dyal lbaba.,The Great Fire was released on ITV television in 2014. It was shown in four episodes. It constructs a fictional scenario involving the Pudding Lane baker 's family in an alleged popish plot.,تم عرض الحريق الكبير على تلفزيون آي تي في عام 2014. تم بثه في أربع حلقات. يصور سيناريو خياليًا يتعلق بعائلة خباز بودينغ لين في مؤامرة بابوية مزعومة.,VALIDATED,GOLD
data51736,WIKI_D_08823,D,ف 2008، طلعات واحد الترقيعة ماشي رسمية باش تبقى سي & سي خدامة ف النسخ ديال 32 و 64 بيت ديال ويندوز إكس بي والفوق. هاد الترقيعة كتصاوب شي عيوب ف اللعبة، و كتزيد تحسينات بحال الدقة العالية و الدعم ديال حزمات اللغة.,"f 2008, tll3at wa7d trqi3a machi rasmiya bach tbqa C & C khdama f ns5 dyal 32 w 64 bit dyal windows xp w lfoq. had trqia3a katSowb chi 3yob f lbgh, w katzid t7sinat b7al di9a l3alya w d3m dyal 7ezmat llogha.","In 2008 , an unofficial patch was released to keep C & C working on both 32 and 64 bit versions of Windows XP and higher . The patch fixes several bugs in the game , and adds upgrades like higher resolution and support for language packs .",في عام 2008، صدر تصحيح غير رسمي للحفاظ على عمل لعبة C & C على كل من نسختي 32 و 64 بت من نظام التشغيل ويندوز XP وما بعده. يقوم التصحيح بإصلاح العديد من الأخطاء في اللعبة، ويضيف تحسينات مثل دقة أعلى ودعم لحزم اللغات.,VALIDATED,GOLD
data51737,WIKI_C_06645,C,لفاخر والزيت بداو كيتحرقو بكميات كبيرة فالقرن 19. بجوج قدام بزاف لدرجة فيهم شوية ديال كربون 14 اللي ممكن يتشاف، ونتيجة لهادشي، سي أو جوج ف لجو زاد.	,"lfa5er w lzit bdao kiter9o b komyat kbar f lqarn 19. bjoj qdam bzaf ldarajat fihom chwiya dyal 14C lli momkin ytshaf, w natijat hadshi, CO2 f ljaw zad.","Coal and oil began to be burned in large quantities in the 19th century. Both are so old that they contain small detectable amounts of Carbon-14, and as a result, CO2 levels have increased.",بدأ حرق الفحم والنفط بكميات كبيرة في القرن التاسع عشر. كلاهما قديمان جداً لدرجة أنهما يحتويان على كميات ضئيلة من الكربون 14 التي يمكن رصدها، ونتيجة لذلك، ارتفعت مستويات ثاني أكسيد الكربون (CO2).,VALIDATED,GOLD
data51738,WIKI_D_11808,D,فطيلة هاد الفترة، الجيش الفدرالي، الجيش الشعبي اليوغسلافي، و قوات الدفاع الإقليمية المحلية بقاو كيتسيروهم السلطات الفدرالية اللي مسيطر عليها ميلوسيفيتش. هلسنكي واتش بلّغات باللي السلطات الصربية ديال كرايينا قتلو الصرب اللي كانو باغين يتصالحو مع المسؤولين الكرواتيين.,"ftila had lftra, l jaysh l federali, ljaysh shsh3by lyogoslavy, w qwat ddifa3 l i9limiya l ma7liya bqaw kaytsirohom sultat l federaliya li msaytar 3liha milosevic. Helsinki Watch bl7gat bli sultat srbiya dyal krajina qtalou srb li kanou baghin ytsalhou m3 lms2olin l krowatiyin.","Throughout this period, the federal army, the JNA, and the local Territorial Defense Forces continued to be led by Federal authorities controlled by Milošević. Helsinki Watch reported that Serb Krajina authorities executed Serbs who were willing to reach an accommodation with Croat officials.",خلال هذه الفترة، استمرت السلطات الفيدرالية التي يسيطر عليها ميلوسيفيتش في قيادة الجيش الفيدرالي، والجيش الشعبي اليوغوسلافي، وقوات الدفاع الإقليمية المحلية. أفادت منظمة هلسنكي ووتش أن سلطات كرايينا الصربية أعدمت الصرب الذين كانوا على استعداد للتوافق مع المسؤولين الكرواتيين.,VALIDATED,GOLD
data51739,DATA_13990,B,فركاعة في الفم (بوط كبير طاير لوجه الخصم اللي جالس [ديوس]، و كتكون مسبوقة عادة بسنابمار [دومينو]),"frka3a fl fem (boot kbir tayr lwjeh l-khsm li galess [dyus], w katkon msboqa 3ada b snabmar [domino])","big boot to the face (a flying kick to the face of a seated opponent [deuce], usually preceded by a snapmare [domino])",ركلة قوية في الفم (ركلة حذاء كبيرة طائرة نحو وجه الخصم الجالس [ديوس]، وعادة ما تسبقها حركة سنابمار [دومينو]),VALIDATED,GOLD
data51740,DATA_0269,A,هاني كانحاول نسيفت ميساج ل داك لي خدّام معايا فل بيرو.,hani kan7awel nsift message l dak lli khddam m3aya fl biro.,I'm trying to text the co-worker at the desk.,أحاول مراسلة زميل العمل الذي على المكتب.,VALIDATED,GOLD
data51741,DATA_1149,A,علاه ماعندكش لحيوانات ل أليفا ف الدار?,3lah ma3ndkch l7ayawanat l alifa f ddar?,Do you not have lots of pets at home?,أليس لديكم الكثير من الحيوانات الأليفة في المنزل؟,VALIDATED,GOLD
data51742,WIKI_C_06763,C,"تقليد ديال أغنية ""بيت إيت"" ديال مايكل جاكسون؛ أغنية كتهضر على لمعاناة ديال واحد لواليد باش يوكل ولدو اللي مكياكل والو. من لألبوم ديال 1984 ""ويرد آل"" يانكوفيك إن 3-دي.","ta9lid dyal aghniya ""Beat It"" dyal michael jackson; aghniya kathedar 3la lma3anat dyal wa7d lwalid bach ywkel wldo lli makyakol waloo. men l'album dyal 1984 ""Weird Al"" Yankovic in 3-D.","A parody of Michael Jackson's song ""Beat It""; the song is about a father's struggle to feed his son who won't eat. From the 1984 album ""Weird Al"" Yankovic in 3-D.","محاكاة ساخرة لأغنية ""Beat It"" لمايكل جاكسون؛ تتحدث الأغنية عن معاناة أب يحاول إطعام ابنه الذي يرفض الأكل. من ألبوم عام 1984 بعنوان ""Weird Al Yankovic in 3-D"".",VALIDATED,GOLD
data51743,WIKI_D_09386,D,هاد لعاصفة شّمالية شّرقية طرات فواحد لمرحلة إيجابية ديال تأرجح شمال لأطلسي (إن آو)، وخا لقيم سّلبية ديال إن آو كيتعتبرو عادة مثاليين لعواصف تّلج ف شّمال شّرق ديال لولايات لمتحدة. كانت هي لّولة من بين تلاتة ديال لعواصف شّديدة خلال موسم شّتا ديال 1960-1961.,"had l3asifa dyal-shmal dyal-shrq trrat f wa7d marhala ijabiya dyal ta'aroj shmal l'atlasi (NAO), wakha l-qiyam salbiya dyal NAO kiyta3tabro 3adtan mithaliya l3awasif talj f shmal shrq dyal l-wilayat l-muta7ida. kanat hi lula min bayn tlata dyal l3awasif shdida khilal mawsim shta dyal 1960-1961.","This nor'easter occurred during a positive phase of the North Atlantic Oscillation (NAO), although negative NAO values are typically considered ideal for snowstorms in the Northeastern United States. It was the first of three severe storms during the 1960-1961 winter season.",حدثت هذه العاصفة الشمالية الشرقية خلال مرحلة إيجابية من تذبذب شمال الأطلسي (NAO)، على الرغم من أن القيم السلبية لهذا التذبذب تعتبر عادة مثالية لعواصف الثلوج في شمال شرق الولايات المتحدة. كانت الأولى من بين ثلاث عواصف شديدة خلال موسم شتاء 1960-1961.	,VALIDATED,GOLD
data51744,WIKI_C_03401,C,لغد ليه هاد الضابط طرطق 3 د لي تانك خرين بالبيات ديالو، بلا ما يتخبى، كان كيخرج للساحة نيشان وما مسوقش كاع لراسو.,"lghed lih had ddabit trtq 3 d li tank khrin bl-biat dyalo, bla ma ytkhba, kan khyroj l-saha nishan w ma msawwqch ka3 l-raso.","The next day, this officer destroyed three more tanks with his shells, without taking cover; he would head straight into the field, completely disregarding his own safety.",في اليوم التالي، دمر هذا الضابط ثلاث دبابات أخرى بقذائفه، دون أن يختبئ، حيث كان يخرج إلى الميدان مباشرة غير مبالٍ بالمخاطر على حياته.,VALIDATED,GOLD
data51745,WIKI_C_03495,C,لاندزفيركجون شركة ناتيونال ديال الضو ديال جمهورية أيسلندا، كتقلب على لهيدرو تيرمال والجيوتيرمال وكتماول بزاف ديال لبحوث فهاد لمجال ف لبلاد.,"Landsvirkjun chareka national dyal ddo dyal joumhouriyat Iceland, katqelleb 3la hydrothermal w geothermal w katmouwely bezzaf dyal lbou7out f had lmajal f lbled.","Landsvirkjun, the national electricity company of the Republic of Iceland, researches hydrothermal and geothermal energy and funds numerous studies in this field within the country.",لاندزفيركجون هي شركة الكهرباء الوطنية في جمهورية أيسلندا، تبحث في مجالات الطاقة الكهرومائية والطاقة الحرارية الأرضية، وتمول العديد من الأبحاث في هذا المجال في البلاد.,VALIDATED,GOLD
data51746,DATA_22139,B,"على الأقل 111,091 واحد تّعدمو فاش كانت العملية لبولونية ديال إن كا في دي (1937-1938).","3la l2a9al 111,091 wa7ed t3dmou fach kanet l3amaliya lboulouniya dyal nkvd (1937-1938).","At least 111,091 people were executed during the nkvd's polish operation (1937-1938).","أُعدِم ما لا يقل عن 111,091 شخصاً خلال العملية البولندية للمفوضية الشعبية للشؤون الداخلية (إن كا في دي) بين عامي 1937 و1938.",VALIDATED,GOLD
data51747,DATA_23730,B,مقطع حزين (الحركة 3، 4) ← جوج حركات ف نفس المقام الكبير (5، B),"maqta3 7azin (l7araka 3, 4) ← juj 7arakat f nfs lmqam lkbir (5, B)",verse in a minor key (sad passage) (movements 3 and 4) → two movements in the same major key (5 and b),مقطوعة في سلم صغير (مقطع حزين) (الحركتان 3 و4) ← حركتان في نفس السلم الكبير (5 و b),VALIDATED,GOLD
data51748,DATA_19822,B,كيت و روث جرينفيلد / ريبيكا بيرمان بدور إيلورا دانان، واحد الأميرة صغيرة لي النبوءة كتقول غتجيب الطيحة لملكة بافموردا.,"Kit u Roth Greenfield / Rebecca Berman bdor Elora Danan, wa7ed l2amira sghira li nnubu2a katgul ghatjib ti7a lmalika Bavmorda.","Kate and Ruth Greenfield / Rebecca Bearman as Elora Danan, an infant princess that prophecy says will bring about Queen Bavmorda 's downfall.",كيت وروث غرينفيلد / ريبيكا بيرمان في دور إيلورا دانان، أميرة رضيعة تقول النبوءة إنها ستؤدي إلى سقوط الملكة بافموردا.,VALIDATED,GOLD
data51749,DATA_10671,A,مانضنش غادي يوڭف عليك شي حد يڭريسيك,mandench ghadi ywggef 3lik chi 7ed yggrisik,i don't think anyone will stop you to mug you,لا أعتقد أن أحداً سيستوقفك ليقوم بسرقتك,VALIDATED,GOLD
data51750,DATA_0454,A,إذن واش خسّنا نديرو استدعاءات غير بل كحل ولبيض؟,idan wach khssna ndiro stid3a2at ghir bl k7el olbyed?,So shall we do invitations just in black and white?,فهل نجري الدعوات باللونين الأسود والأبيض فقط؟,VALIDATED,GOLD
data51751,WIKI_D_00978,D,لمجلس وصى تا بتفتيش منتظم لقواعد لجنيح باش يكتشفو شي صديعات ديال لعيا، ويزيدو فالغلظ ديال لجزء ديال لجنيح اللي ملاصق مع لهيكل ديال لطيارة، وينقصو فالسرعة ديال  طيران ب 10%.,"l-majlis wssa ta b ttfetish muntadem lqwa3id dyal ljni7 bash yktchfu chi sdi3at dyal l3ya, w yzidu f lghold dyal ljuz dyal ljni7 lli mlasq m3 lhaykal dyal ttyara, w ynqsu f ssur3a dyal ttyaran b 10%.","The board also recommended regular inspection of wing roots to detect fatigue cracks, increasing the thickness of the wing section attached to the fuselage, and reducing flight speed by 10%.",أوصى المجلس أيضاً بإجراء تفتيش منتظم لقواعد الأجنحة للكشف عن شقوق الإجهاد، وزيادة سمك جزء الجناح المتصل بهيكل الطائرة، وخفض سرعة الطيران بنسبة 10%.,VALIDATED,GOLD
data51752,WIKI_C_00947,C,بزاف ديال لحالات طبية متعلقة بليدام بحال لحبوب، وكيس دهني، وتضخم، والورم لحميد دّهني. هادو عادة كيكونو سبابهم غدد دهنية ناشطة بزاف اللي كتنتج ليدام بزاف.,"bzaf dyal l7alat tibbiya mt3lqa b lidam b7al l7boub, w kyss dihni, w tadakhom, w lwarm l7mid dihni. hado 3adatan kikon sababhom ghoddad dihniya nachita bzaf lli katntj lidam bzaf.","Many medical conditions are related to lipids, such as acne, sebaceous cysts, hyperplasia, and benign fatty tumors. These are usually caused by overactive sebaceous glands that produce excessive sebum.",ترتبط العديد من الحالات الطبية بالدهون مثل حب الشباب، والأكياس الدهنية، والتضخم، والأورام الدهنية الحميدة. وعادة ما يكون سببها نشاط مفرط للغدد الدهنية التي تنتج الكثير من الزهم.	,VALIDATED,GOLD
data51753,DATA_6609,A,مولات لاكيس سلمات على لكليانت بابتسامة كبيرة,moulat la caise slmat 3la lclient bebstisama kbira,the cashier greeted the customer with a warm smile,حيّت موظفة الصندوق الزبونة بابتسامة عريضة,VALIDATED,GOLD
data51754,WIKI_D_04770,D,"بسباب طريقة لّعب ديالو لهجومية لّي فيها لخيال، وصفو نادانيان ب ""عبقري غريب لأطوار""، و""تال لأرميني"" و""خو كاسباروف من جيهة بّاه"". لفصل سّادس من كتاب ""عبقري ف لخلفية"" ديال تيبور كاروليي عام 2009 مخصص ل نادانيان.	","bsbab tariqat le3b dyalo lhjoumiya lli fiha lkhyal, wsfo Nadanyan b ""3abqari ghrib l2atwar"", w ""Tal l-Armeni"" w ""kho Kasparov men jiht bbah"". lfassl ssadis men ktab ""3abqari f lkhalfia"" dyal Tibor Karolyi 3am 2009 mkhssos l Nadanyan.","Due to his imaginative attacking style, Nadanyan was described as an ""eccentric genius"", the ""Armenian Tal"", and ""Kasparov's half-brother on his father's side"". The sixth chapter of Tibor Karolyi's 2009 book ""Genius in the Background"" is dedicated to Nadanyan.	","بسبب أسلوبه الهجومي المليء بالخيال، وُصف نادانيان بأنه ""عبقري غريب الأطوار""، و""تال الأرمني""، و""أخ كاسباروف من جهة الأب"". خُصص الفصل السادس من كتاب ""عبقري في الخلفية"" لـ تيبور كاروليي عام 2009 لنادانيان.	",VALIDATED,GOLD
data51755,DATA_3111,A,و كاتحس بحال هي فمحاكمة؟,o kat7as b7al hya fmo7akama?,And you feel like she's on trial?,وهل تشعر كأنها في محاكمة؟,VALIDATED,GOLD
data51756,WIKI_C_10828,C,لهجوم ديال لفرقة لخامسة د لخايالة على نّاصرة ولمقر ديال مجموعة جيش يلديريم ديال ليمان فون ساندرز على بعد 70 ميل (110 كلم) من آسورف، قبل ما يقادّو سّهيل لّي غادي ل أفولا.,"lhoujoum dyal l-ferqa l-khamsa d l-khayala 3la nnasra w l-mqar dyal majmou3at jaysh Yildirim dyal Liman von Sanders 3la bo3d 70 mil (110 km) men Asurf, qbel ma iqaddo s-shil lli ghadi l-Afoula.","The attack by the 5th Cavalry Division on Nazareth and the headquarters of Liman von Sanders' Yildirim Army Group, 70 miles (110 km) from Asurf, before securing the plain leading to Afula.",هجوم فرقة الخيالة الخامسة على الناصرة ومقر مجموعة جيش يلدريم التابع لليمان فون ساندرز على بعد 70 ميلاً (110 كم) من آسورف، قبل تأمين السهل المؤدي إلى العفولة.,VALIDATED,GOLD
data51757,DATA_20050,B,تّبعيات ديالو يقدروا يتغطاو ب لّباكيجات لّي كاينين ديجا ف تيستينغ، أولا ب لّباكيجات لّي غادي يهاجرو ف نفس لوقت.,"t-taba3iyat dyalu y-qdru itghattaw b l-packajat li kaynin deja fi testing, awla b l-packajat li ghadi y-hajru f nfs l-waqt.","its dependencies can be covered by the packages already in testing, or by the packages that will migrate at the same time.",يمكن تغطية تبعاته من خلال الحزم الموجودة بالفعل في مرحلة الاختبار، أو بواسطة الحزم التي سيتم نقلها في نفس الوقت.,VALIDATED,GOLD
data51758,DATA_19342,B,لجرعات زّايدة ديال ألبرازولام كيديرو اكتئاب زايد ف لجهاز لعصبي لمركزي (سي إن إس) ويقدر يكون فيها واحد ولا كتر من هاد لأعراض: الدوخة، النعاس، لفقدان ديال التوازن، و فالحالات لخيرةخيرة تقدر توصل حتى للغيبوبة.,"ljor3at zayda dyal alprazolam kidiro ikti2ab zayed fi ljihaz l3asabi lmarkazi (cns) w i9dar ikon fiha wa7ed wella kter mn had l2a3rad: ddokha, n3as, lfoqdan dyal ttawazun, w fl7alat lkhatira tqdar towsel 7tta lghaybouba.","alprazolam overdoses cause excessive central nervous system (cns) depression and may include one or more of the following symptoms: dizziness, drowsiness, loss of coordination, and in extreme cases, coma.",تؤدي الجرعات الزائدة من ألبرازولام إلى تثبيط مفرط للجهاز العصبي المركزي، وقد تشمل واحداً أو أكثر من الأعراض التالية: الدوار، النعاس الشديد، فقدان التنسيق الحركي، وفي الحالات الحرجة قد تصل إلى الغيبوبة.,VALIDATED,GOLD
data51759,DATA_16559,B,الإيمان ديالو بلي المسيح، بحال اللوغوس، كان تخلق بشي طريقة، عكس يوحنا 1 و ماشي مع يوحنا 1 ولكن تابع فيلون.,"l2iman diyalo belli l-masih, b7al l-logos, kan ta5allaq b-shi tariqa, 3aks yu7anna 1 u mashi m3a yu7anna 1 walakin taba3 filon.","His belief that Christ, as Logos, was in some sense created, contrary to John 1 but following Philo.",اعتقاده بأن المسيح، باعتباره اللوغوس، قد خُلق بمعنى ما، خلافًا ليوحنا 1 ولكن اتباعًا لفيلون.,VALIDATED,GOLD
data51760,DATA_3617,A,اويدي هير اجي، راه ملليت من نتحرق فشمس ونلعب الكلمات المتقاطعة,"awdi hir aji, rah mllit man nt7r9 fchms onl3ab lkalimat lmota9ati3a","Oh come on, I've had enough of getting burnt in the sun and doing crosswords",كفى، لقد سئمت من الاحتراق في الشمس وحل الكلمات المتقاطعة,VALIDATED,GOLD
data51761,DATA_7167,A,باينة كايعجبني البحر كتر,bayna kay3jebni lb7er kter,i'm definitely more of a beach person,أنا بالتأكيد من محبي الشاطئ أكثر,VALIDATED,GOLD
data51762,DATA_7581,A,ولا فيها في شهرين,wla fiha fi chehryn,he become like this in two months,لقد أصبح هكذا في شهرين,VALIDATED,GOLD
data51763,DATA_23626,B,جوج مراحل، جوج سرعات ف سّوبرشارجر تيربو مع إنتركولر : بالأساس ميرلين 60، 70 و 80 سيريز (1942 – 1946).,"juj mara7il, juj sur3at f-supercharger m3a intercooler: bel2asas merlin 60, 70 u 80 series (1942 – 1946).","two-stage, two-speed supercharger with intercooler: primarily used in merlin 60, 70, and 80 series (1942 – 1946).",شاحن فائق (سوبرشارجر) بمرحلتين وسرعتين مع مبرد بيني : تم استخدامه بشكل أساسي في فئات ميرلين 60 و70 و80 (1942 – .1946),VALIDATED,GOLD
data51764,DATA_10652,A,مانضنش غادي نقدرك شي نهار,mandench ghadi n9eddrek chi nhar,I dont think i can appreciate you sometime,لا أعتقد أنني سأقدرك يوما,VALIDATED,GOLD
data51765,DATA_16485,B,"فالخريف ديال 2012، دارو شي وحدين نسخة جديدة ديال الأغنية فالتلفزة ديال فوكس، فالسلسلة ديال ݣلي، فالحلقة ديال ""عيد الشكر"".","fal-khareef dyal 2012, daru shi wahdin noskha jdida dyal l2oghniya fat-talfza dyal Fox, fas-silsila dyal Glee, fal-7alqa dyal ""Eid ash-shokr"".","In Fall 2012, a cover version of the song was performed on the Fox TV show Glee in the episode ""Thanksgiving"".","في خريف عام 2012، تم أداء نسخة غلاف للأغنية في برنامج فوكس التلفزيوني غلي في حلقة ""عيد الشكر"".",VALIDATED,GOLD
data51766,WIKI_D_10505,D,تخدمو الليزر ديال ييتريوم ألومنيوم گارنيت مدوپي بالنيوديميوم فواحد التجربة ديال استئصال البروستات الجذري بمساعدة الروبو عند الكلاب باش ينقصو الضرر ديال الأعصاب والأنسجة الجانبية، والليزر مدوپي بالإربيوم بداو كيستعملوه باش يجددو البشرة ديال الوجه.,"tkhdm lizar dyal yitrium aluminium garnet mdopi bniudimiyum fwa7d tajriba dyal isti2sal lprostatat ljadri bmousa3dat r-rubu 3nd lklab bach ynqsu ddrar dyal l3sab wl2ansija ljanibiya, walizar mdopi bl-2irbiyum bdaw kist3mluh bach yjddu lbashra dyal lwajh.","a neodymium-doped yttrium-aluminium-garnet laser was used in an experimental, robot-assisted radical prostatectomy in canines in an attempt to reduce collateral nerve and tissue damage, and erbium-doped lasers are coming into use for cosmetic skin resurfacing.",تم استخدام ليزر من نوع نيوديميوم-يوتريوم-ألومنيوم-جارنيت في عملية تجريبية لاستئصال البروستاتا الجذري بمساعدة الروبوت على الكلاب، وذلك في محاولة لتقليل تلف الأعصاب والأنسجة الجانبية، كما بدأ استخدام ليزر الإربيوم لتجديد بشرة الوجه تجميلياً.,VALIDATED,GOLD
data51767,WIKI_D_08688,D,هادي سباق كاتواتيني نهار نكون مزيان. من جهة أخرى، إلا ماكانوش رجليك حاضرين، هاد البلاصة هي أسوأ بلاصة تقدر تكون فيها.,"hadi sbaq katwatiini nhar nkun mzyan. mn jiha ukhra, ila makanosh rjlik 7adrin, had lblassa hiya aswa2 blassa tqder tkun fiha.","this is a race that suits me when i'm having a good day. on the other hand, if you don't have the legs, this is the worst place you could possibly be.",هذا سباق يناسبني عندما أكون في يوم جيد. من ناحية أخرى، إذا لم تكن لديك الأرجل، فهذا هو أسوأ مكان يمكن أن تكون فيه على الإطلاق.,VALIDATED,GOLD
data51768,WIKI_D_07287,D,بعد وفاة كانينغهام في عام 2002، انتقلت أوسمته ومقتنياته الجوية إلى صندوق شركة دي هافيلاند للطائرات. وبيعت الأوسمة لاحقاً مقابل 384 ألف جنيه إسترليني لجمع التبرعات لصالح صندوق بنتلي برايوري لمعركة بريطانيا في 7 سبتمبر 2012.,"mn ba3d ma mat cunningham f 2002, l-midalat dyalo dyal l-khdma w d-dakriyat dyal tiran dazo l de havilland aircraft company trust. w mn ba3d t-ba3o l-midalat b 384 alf pound bash yjam3o l-flous l bentley priory battle of britain trust appeal f 7 september 2012.","following cunningham's death in 2002, his service medals and aviation memorabilia were passed to the de havilland aircraft company trust. the medals were subsequently sold for 384,000 pounds to raise funds for the bentley priory battle of britain trust appeal on september 7, 2012.",بعد وفاة كانينغهام في عام 2002، انتقلت أوسمته ومقتنياته الجوية إلى صندوق شركة دي هافيلاند للطائرات. وبيعت الأوسمة لاحقاً مقابل 384 ألف جنيه إسترليني لجمع التبرعات لصالح صندوق بنتلي برايوري لمعركة بريطانيا في 7 سبتمبر 2012.,VALIDATED,GOLD
data51769,WIKI_D_10834,D,نهار 10 دجنبر 1974، روكفلر تصادقو عليه ف مجلس الشيوخ ب 90 ضد 7. و نهار 19 دجنبر 1974، روكفلر تصادقو عليه ف مجلس النواب ب 287 ضد 128 و حلف اليمين باش يبدا الخدمة ديالو موراها ف نفس النهار ف قاعة مجلس الشيوخ.,"nhar 10 djenber 1974, rockefeller tsadqo 3lih f majlis chyoukh b 90 ddd 7. w nhar 19 djenber 1974, rockefeller tsadqo 3lih f majlis nwayab b 287 ddd 128 w 7laf l-yamin bash yebda l-khdma dyalo muraha f nafs l-nhar f qa3at majlis chyoukh.","on december 10, 1974, the senate confirmed rockefeller by a vote of 90 to 7. on december 19, 1974, the house confirmed him 287 to 128, and he was sworn into office later that day in the senate chamber.",في 10 ديسمبر 1974، صادق مجلس الشيوخ على تعيين روكفلر بأغلبية 90 صوتاً مقابل 7. وفي 19 ديسمبر 1974، وافق مجلس النواب عليه بـ 287 صوتاً مقابل 128، حيث أدى اليمين الدستورية لبدء مهامه في وقت لاحق من نفس اليوم في قاعة مجلس الشيوخ.,VALIDATED,GOLD
data51770,WIKI_D_06723,D,"راديو كا كيو أي سي (89.9 إف إم، ""أول كلاسيكال بورتلاند"") دوز لألبوم نهار 8 يناير 2015 ودارو متاح باش يتسمع فالسيت ديالهم. الراديو قدم لألبوم كهدية شكر للمتبرعين فواحد لحملة ديال جمع تبرعات.	","radio KQAC (89.9 FM, ""All Classical Portland"") dawaz lalbum nhar 8 yanayir 2015 w daro mta7 bach yetsma f site dyalhom. radio qaddam lalbum ka hadiya dyal shukr lil mutabar3in f wa7d l7amla dyal jam3 tbar3at.","Radio KQAC (89.9 FM, ""All Classical Portland"") broadcast the album on January 8, 2015, and made it available for streaming on their website. The station offered the album as a thank-you gift to donors during a fundraising campaign.","بثت إذاعة KQAC (89.9 FM، ""All Classical Portland"") الألبوم في 8 يناير 2015 وجعلته متاحًا للبث على موقعها الإلكتروني. وقدمت الإذاعة الألبوم كهدية شكر للمتبرعين خلال حملة لجمع التبرعات.",VALIDATED,GOLD
data51771,DATA_11474,A,نتحداك ت ودّح ليا كيفاش كاتدي هاد لفلوسّ كاملين,nt7edak t wdde7 liya kifach katdi had lflouss kamlin,I dare you to clarify how you make money,أتحدّاك أن توضح كيف تجني المال,VALIDATED,GOLD
data51772,WIKI_C_09145,C,فنهارو التالت فصوبيبور، ألكسندر بيتشيرسكي ربح لّاحترام ديال لحابسين لّي معاه فاش وقف ضد كارل فرينزل، واحد ضابط كبير ديال لإس إس، كيفما عاودها ليون فيلدهيندلر.,"f nharo t-talt f Sobibor, Alexander Pechersky rbe7 l-i7tiram dyal l-7absin lli m3ah fach waqaf ded Karl Frenzel, wa7d dabit kbir dyal SS, kifma 3awd-ha Leon Feldhendler.","On his third day in Sobibor, Alexander Pechersky won the respect of his fellow prisoners when he stood up to Karl Frenzel, a senior SS officer, as recounted by Leon Feldhendler.",في يومه الثالث في سوبيبور، نال ألكسندر بيتشيرسكي احترام المعتقلين الآخرين عندما تصدى لكارل فرينزل، وهو ضابط رفيع في قوات الصاعقة (SS)، كما رواها ليون فيلدهيندلر.,VALIDATED,GOLD
data51773,DATA_18946,B,فاللخر، الصحاب ديال الضيعات كيعترفوا باللي دارو الغلط و كيتّافقوا باش يوزّعوا الفلوس بطريقة مقادة كتر.,"fallakher, s-shab dyal d-diyya3at kay3tarfu blli daru l-ghalat u kaytaffqu bash yuz3u l-flus b tariqa m9adda ktar.","In the end, however, the planters admit their wrongdoing and agree to a more equitable distribution of capital.",في نهاية المطاف، ومع ذلك، يعترف المزارعون بخطئهم ويوافقون على توزيع أكثر إنصافًا لرأس المال.,VALIDATED,GOLD
data51774,WIKI_D_05456,D,ف 1963 والدرون طرات ليه واحد لانهيار كبير سبابو جرعة زايدة ديال لهيرويين. عاود ف 1998 باللي بزاف ديال لموسيقيين ف لخمسينات و ستينيات كانو كيحسو باللي تّعاطي ديال لمخدرات ضروري باش يتقدمو ف لكاريير ديالهم. لبوليس كانو كيحسبو باللي كلشي كان كيديرها، على حساب والدرون.	,"f 1963 Waldron trat lih wa7d l2inhiyar kbir sbabo jor3a zaida dyal l-heroin. 3awed f 1998 belli bzaf dyal l-musiqiyin f l-khmsinat w stinat kanu kiy7esso belli t-ta3ati dyal lmokhaderat drori bach ytqaddmo f l-carrier dyalhom. L-bolice kanu kiy7asbo belli kolchi kan kydirha, 3la 7sab Waldron.","In 1963, Waldron suffered a major breakdown caused by a heroin overdose. He recounted in 1998 that many musicians in the 1950s and 1960s felt that drug use was necessary to advance their careers. According to Waldron, the police assumed everyone was doing it.",ي عام 1963، تعرض والدرون لانهيار حاد بسبب جرعة زائدة من الهيروين. وذكر في عام 1998 أن العديد من الموسيقيين في الخمسينيات والستينيات كانوا يشعرون أن تعاطي المخدرات ضروري للتقدم في مسيرتهم المهنية. وبحسب والدرون، كانت الشرطة تعتقد أن الجميع يتعاطاها.,VALIDATED,GOLD
data51775,WIKI_D_01107,D,من بعد، لحكومة ديال جزر لباهاما عطات تحذير ديال عاصفة مدارية على لوسط ومن بعد على شّمال ديال لباهاما، وخا هاد تّحذير تّحيد حيت هاد لإعصار ضعاف. وبسباب لإعصار كلاوس، لإطلاق ديال مكوك لفضاء كولومبيا تأخر.,"mn ba3d, l-7kouma dyal jozor l-bahama 3tat ta7dir dyal 3asifa madariya 3la l-waset w mn ba3d 3la shmal dyal l-bahama, wakha had ta7dir t-7ayed 7it had l-i3sar d3af. w bsbab l-i3sar Klaus, l-itlaq dyal mkok l-fada2 Columbia ta2akhar.","Later, the government of the Bahamas issued a tropical storm warning for the central and then northern Bahamas, although this warning was lifted as the hurricane weakened. Due to Hurricane Klaus, the launch of the Space Shuttle Columbia was delayed.","لاحقاً، أصدرت حكومة جزر البهاما تحذيراً من عاصفة مدارية لوسط ثم شمال البهاما، رغم إلغاء هذا التحذير لاحقاً بسبب ضعف الإعصار. وبسبب الإعصار ""كلاوس""، تأجل إطلاق مكوك الفضاء كولومبيا.",VALIDATED,GOLD
data51776,WIKI_C_09320,C,هيربيرت هينسلي هينسون (8 نونبر 1863 - 27 شتنبر 1947) كان قس أنجيليكان، باحث وواحد كيقلب على صّداع. كان بيشوپ ديال هيريفورد، من 1918 لـ 20 و بيشوپ ديال دورهام، من 1920 لـ 39.,"Herbert Hensley Henson (8 nouanber 1863 - 27 shutumbir 1947) kan qiss anglican, ba7it w wa7d kiyqleb sda3. kan bishop dyal Hereford, mn 1918 l 20 w bishop dyal Durham, mn 1920 l 39.","Herbert Hensley Henson (8 November 1863 - 27 September 1947) was an Anglican priest, scholar, and a controversial figure. He served as Bishop of Hereford from 1918 to 1920 and Bishop of Durham from 1920 to 1939.",	كان هيربرت هينسلي هينسون (8 نوفمبر 1863 - 27 سبتمبر 1947) قساً أنجليكانياً وباحثاً ومثيراً للجدل. شغل منصب أسقف هيريفورد من عام 1918 إلى 1920، وأسقف دورهام من عام 1920 إلى 1939.,VALIDATED,GOLD
data51777,WIKI_D_06017,D,لحكام ديال لماتش تعلن عليهم ف 14 يونيو. بروس فرومينغ، أقدم حكم دابا فدوري ديال لبيسبول، تعين كرئيس ديال طاقم ديال لماتش. وبان داك نهار باللي فرومينغ غادي يتقاعد مورا موسم 2007.	,"l-7kam dyal l-match t3len 3lihom f 14 yunyu. Bruce Froemming, aqdem 7ukm daba f d-dowri dyal l-baseball, t3eyyen ka ra2iss dyal t-taqam dyal l-match. W ban dak n-nhar belli Froemming ghadi ytqa3ed mora mowsim 2007.","The umpires for the match were announced on June 14. Bruce Froemming, currently the oldest umpire in Major League Baseball, was appointed as the crew chief. It was revealed that day that Froemming would retire after the 2007 season.",تم الإعلان عن حكام المباراة في 14 يونيو. عُيّن بروس فرومينغ، أقدم حكم حالي في دوري البيسبول، رئيساً لطاقم التحكيم. وكُشف في ذلك اليوم أن فرومينغ سيتقاعد بعد موسم 2007.	,VALIDATED,GOLD
data51778,DATA_1205,A,"مازال شاب, و لكن هادشي ماكايشفعش ليه على ديك لأنانية ديالو.","mazal chab, walakin hadchi makaychfe3ch lih 3la dik l-anania dialo.","He's young, but that doesn't excuse his selfishness.",إنه شاب، لكن ذلك لا يعفيه من أنانيته.,VALIDATED,GOLD
data51779,WIKI_C_06898,C,إصلاحات لّي دار سييم لكبير ودستور 3 ماي 1791، تخربو بسباب طاڭوفيتسا وتّدخل ديال روسيا بطلب من هادوك ديال طاڭوفيتسا.	,"l-isla7at lli dar Sejm l-kbir w dostour 3 may 1791, t-khrebo bsbab Tagowitca w t-tadakhol dyal Rusya b talab mn hadouk dyal Targowica.	","The reforms enacted by the Great Sejm and the Constitution of May 3, 1791, were destroyed because of the Targowica Confederation and the Russian intervention at the request of its members.",دُمّرت الإصلاحات التي أقرها البرلمان الكبير (سيم) ودستور 3 مايو 1791 بسبب كونفدرالية تارجوفيتسا والتدخل الروسي بناءً على طلب أعضاء هذه الكونفدرالية.	,VALIDATED,GOLD
data51780,WIKI_D_11275,D,الخسائر طيلة الحرب كانوا عبارة على 48 واحد لي ماتو أولا تقاصو ف الخدمة و زايد عليهم 56 واحد مجروح. الأعضاء ديال الكتيبة خداو هاد الأوسمة : جوج نياشين ديال الاستحقاق المتميز، تلاتة صلبان عسكرية، تمنية ميداليات عسكرية و 17 تنويه بالذكر.,"l-khsa2ir tilat l-7arb kanu 3ibara 3la 48 wa7d li matu awla tqasso f l-khedma w zayed 3lihom 56 wa7d mjeru7. l-a3da2 dyal l-ktiba khdawo had l2awsima: juj nishan dyal l-isti7qaq l-mutamayiz, tlata salban 3askariya, tmenyat medaliyat 3askariya w 17 tanwih bidkr.","Casualties during the war amounted to 48 killed or missing in action, plus 56 wounded. Members of the battalion received the following honors: two Distinguished Service Crosses, three Military Crosses, eight Military Medals, and 17 Mentions in Despatches.",بلغت خسائر الحرب 48 قتيلاً أو مفقوداً في الخدمة، بالإضافة إلى 56 جريحاً. نال أعضاء الكتيبة الأوسمة التالية: وسامين للصليب المتميز، وثلاثة صلبان عسكرية، وثماني ميداليات عسكرية، و17 تنويهاً بالذكر.	,VALIDATED,GOLD
data51781,WIKI_D_07606,D,ف شمال ڭلينلڭ، زنقة روزماري غادي تزيد توسع للغرب باش تفوت فوق طريق إم دي 32. طريق د لولاية غادي تربط مع طريق إم دي 32 بتبادلات ديال ليمن د دّخول وليمن د لخروج بين طريق د لولاية وطرقان لّي على لواجهة.	,"f chamal Glenelg, zneqa Rosemary ghadi tzid twessa3 l l-gherb bash tfout fawq triq MD 32. triq d l-wilaya ghadi trbet m3a triq MD 32 b t-tabadoulat dyal l-yamin d-dkhoul w l-yamin d-dkhrouj bin triq d l-wilaya w triqan lli 3la l-wajiha.	","In northern Glenelg, Rosemary Lane will be extended westward to pass over MD 32. The state road will connect with MD 32 via right-in and right-out interchanges between the state road and the frontage roads.",في شمال غلينلغ، سيتم توسيع شارع روزماري غرباً ليمتد فوق طريق MD 32. سيتم ربط طريق الولاية بطريق MD 32 عبر تقاطعات مخصصة للدخول والخروج من جهة اليمين بين طريق الولاية والطرق الواجهية.,VALIDATED,GOLD
data51782,WIKI_D_00531,D,نهار 27 شتنبر 2010، تشيكو علن باللي غادي يترشح للعمدة ديال شيكاغو ف 2011. كان واحد من ستة د الناس اللي ترشحو. تشيكو جمع 4.4 مليون دولار باش يدير الحملة الانتخابية ديالو.,"nhar 27 chtanbir 2010, Chico 3len belli ghadi ytrache7 l-3omda dyal Chicago f 2011. kan wa7d mn setta d nass lli trache7o. Chico jme3 4.4 mlyon dollar bach ydir l-7amla l-intikhabiya dyalo.","On September 27, 2010, Gery Chico announced his candidacy for Mayor of Chicago in 2011. He was one of six candidates. Chico raised $4.4 million to fund his election campaign.",ي 27 سبتمبر 2010، أعلن جيري تشيكو ترشحه لمنصب عمدة شيكاغو لعام 2011. وكان واحداً من ستة مرشحين. جمع تشيكو 4.4 مليون دولار لتمويل حملته الانتخابية.	,VALIDATED,GOLD
data51783,WIKI_D_05262,D,"لتحديد ديال الكلمة الشينوية ديال ""الله""، اللي كانت مقبولة بصفة عامة هي تيانجو (رب السماء)، في حين أن اليسوعيين كانوا مستعدين يسمحو للمسيحيين الشينويين يستعملو تيان (السماء) أو شانغدي (الرب الأعلى أو الإمبراطور الأعلى).	","litta7did dyal lkellma chinewiya dyal ""llah"", lli kanet ma9boula b sefa 3amma hiya Tianzhu (rabb ssamae), f 7in ana l-yasu3iyin kanu msta3ddin ysam7o l l-mase7iyin chinewiyin ysta3mlo Tian (ssamae) aw Shangdi (rabb l-2a3la or l-imbarator l-2a3la).	","The generally accepted Chinese term for ""God"" was Tianzhu (Lord of Heaven), while the Jesuits were willing to allow Chinese Christians to use Tian (Heaven) or Shangdi (Lord on High or Supreme Emperor).","كان المصطلح الصيني المقبول عموماً لكلمة ""الله"" هو تيانجو (رب السماء)، في حين كان اليسوعيون مستعدين للسماح للمسيحيين الصينيين باستخدام مصطلح تيان (السماء) أو شانغدي (الرب الأعلى أو الإمبراطور الأعلى).",VALIDATED,GOLD
data51784,WIKI_C_10344,C,واحد لبلاكة ديال الرخام كتحيي ذكرى ديال بيتانسز تزاح الستار عليها فدارو فباريز من طرف واحد الوفد ديال لمؤرخين من بورتوريكو وكوبا وفرانسا فذكرى سنوية ديال لوفاة ديالو، نهار 16 شتنبر 1998.	,"wa7d l-blaka dyal r-rkham kat-7iyi d-dikra dyal Betances t-za7 s-sitar 3liha f-darou f-Bariz men tarf wa7d l-wafd dyal l-mo2arikhin men Puerto Rico w Cuba w Fransa f-d-dikra s-sanawiya dyal l-wafat dyalo, nhar 16 chitenber 1998.","A marble plaque commemorating Betances was unveiled at his home in Paris by a delegation of historians from Puerto Rico, Cuba, and France on the anniversary of his death, September 16, 1998.	",تم كشف الستار عن لوحة رخامية تخليداً لذكرى بيتانس في منزله بباريس من قبل وفد من المؤرخين من بورتوريكو وكوبا وفرنسا، وذلك في الذكرى السنوية لوفاته في 16 شتنبر 1998.	,VALIDATED,GOLD
data51785,WIKI_D_03539,D,ف 2013، وقعو 49 مليون حالة ديال الحجر فالكلاوي، الشي اللي تسبب ف شي 15 ألف حالة ديال الوفاة فالعالم كامل. فالميريكان، شي 9% ديال الناس دوزو شي حجرة فالكلاوي. بصفة عامة، الرجال كيتأثرو شوية كتر من العيالات.,"f 2013, weq3o 49 milyon 7ala dyal l7ajar f lklawi, shi lli tsbb f shi 15 alf 7ala dyal lmofata f l3alam kamel. F lmirikan, shi 9% dyal nass dwzo shi 7jra f lklawi. B sefa 3ama, rjal kyt2thro chwiya ktr mn l3ayalat.","In 2013, 49 million cases of kidney stones occurred, resulting in about 15.000 deaths globally. In the United States, about 9 % of the population has had a kidney stone. Generally, slightly more men are affected than women.",في عام 2013، وقعت 49 مليون حالة من حصوات الكلى، مما أدى إلى حوالي 15 ألف وفاة على مستوى العالم. في الولايات المتحدة، عانى حوالي 9% من السكان من حصوات الكلى. بشكل عام، يتأثر الرجال أكثر من النساء.,VALIDATED,GOLD
data51786,WIKI_D_09362,D,نسخة ديال لبحرية لأمريكية مخصصة باش توصل سلعة و نّاس ل طّيارات ف سّفينة. بحال إم في 22 بي ولكن زايدين فيها سيستيم ديال لوقود باش تمشي مسافة طويلة، راديو ديال تّردد لعالي، وسيستيم باش يهضرو مع نّاس.	,"nus5a dyal l-be7riya l-amrikiya mkhsssa bach twssal sl3a w nass l-tiyarat f-safina. bhal MV-22B walakin zaydin fiha systim dyal l-woqoud bach tmshe masafat twila, radio dyal t-tartard l-3ali, w systim bach y-hderou m3a nass.","A U.S. Navy version designed to deliver supplies and personnel to aircraft on ships. It is similar to the MV-22B but includes an extended-range fuel system, a high-frequency radio, and a public address system.",نسخة تابعة للبحرية الأمريكية مخصصة لنقل البضائع والأفراد إلى الطائرات على متن السفن. تشبه طائرة MV-22B ولكنها مزودة بنظام وقود إضافي للمدى الطويل، وراديو عالي التردد، ونظام اتصال داخلي.,VALIDATED,GOLD
data51787,DATA_21133,B,لمدينة موفرة جوج مراسي عمومية للمواطنين ديالها: مرسى دينبيغ بارك وهيلتون پيير راڤين.,l-mdina movra juj mrassi 3umummiya l-lmowatinin dyalha: mrrsa denbeigh park u hilton pier raven.,the city provides two public boat ramps for its citizens: denbeigh park boat ramp and hilton pier raven.,توفر المدينة مرسيين عامين لمواطنيها : مرسى دنبي بارك وهيلتون بير رافين.,VALIDATED,GOLD
data51788,WIKI_D_08072,D,الشركة الأسترالية للإذاعة والتلفزيون استعملات الموسيقى باش تشرح قصص على كارثة تشيرنوبيل العام اللي موراه. إريك كلابتون ومايكل كامن عزفو الثيمة الرئيسية ديال الفيلم مع الأوركسترا الفيلهارمونية الوطنية فالفترة ديال 24 ليلة في 1990 و 1991.,ch-charika l-australiya lil-idha3a wa televizion sta3mlat l-mousi9a bach techra7 9isas 3la karthat chernobyl l3am lli morah. eric clapton w-michael kamen 3azfu t-thima r-rayisiya dyal l-film m3a l-orkestra l-filharmoniya lwataniya f-l-fatra dyal 24 layla fi 1990 w 1991.,The Australian Broadcasting Corporation used the music to illustrate stories on the Chernobyl disaster the following year. Eric Clapton and Michael Kamen performed the movie 's main theme with the National Philharmonic Orchestra during the 24 Nights period in 1990 and 1991.,استخدمت هيئة الإذاعة الأسترالية الموسيقى لتوضيح قصص عن كارثة تشيرنوبيل في العام التالي. أدى إريك كلابتون ومايكل كامن اللحن الرئيسي للفيلم مع الأوركسترا الفيلهارمونية الوطنية خلال فترة 24 ليلة في عامي 1990 و 1991.,VALIDATED,GOLD
data51789,WIKI_C_04226,C,كونستلر جيمس هـ (2005). ذا لونغ إيميرجنسي: سرفايفينغ ذا إيند أوف ذا أويل إيدج، كليمت تشينج، وأزمات خرين متقاربة. أتلانتيك مونتلي بريس. ردمك 0-87113-888-3.,"Kunstler James H (2005). The Long Emergency: Surviving the End of the Oil Age, Climate change, w azmat khrin mt9arba. Atlantic Monthly Press. ISBN 0-87113-888-3.	","Kunstler, James H. (2005). The Long Emergency: Surviving the End of the Oil Age, Climate Change, and Other Converging Crises. Atlantic Monthly Press. ISBN 0-87113-888-3.	",كونستلر جيمس هـ (2005). الطوارئ الطويلة: البقاء على قيد الحياة بعد نهاية عصر النفط، وتغير المناخ، وأزمات متقاربة أخرى. دار أتلانتيك مونثلي برس. ISBN 0-87113-888-3.,VALIDATED,GOLD
data51790,DATA_16512,B,"نيو ميوتنتس سپيشل إيديشين 1: ""دّار كاينة ف لّقلب"" (مع كريس كليرمونت، مارفل، 1985).","new mutants special edition 1 : ""dar kayna f l-qelb"" (m3a chris claremont, marvel, 1985).","new mutants special edition #1 : ""home is the heart"" (with chris claremont, marvel, 1985).","العدد الخاص الأول من ""النسل الجديد"" : 'المنزل هو القلب"" (بالتعاون مع كريس كليرمونت، مارفل، 1985).",VALIDATED,GOLD
data51791,WIKI_D_02452,D,"آڭاريو بانو فيه (بشويا د التفاصيل ديال اللعب وتصويرة ديال اللعبة) ف ""الحلقة 48"" من السلسلة ديال نتفليكس ""هاوس أوف كاردز"". اللعب ديالها تقارن مع الحملات الانتخابية ديال الرئيس.	","Agario bano fih (b chwiya d tafasil dyal la3b w tswira dyal la3ba) f ""l-7alqa 48"" mn s-silsila dyal Netflix ""House of Cards"". L-la3b dyalha t-qaren m3a l-7amalat l-intikhabiya dyal ra2is.","Agario appeared (with some gameplay details and an image of the game) in ""Chapter 48"" of the Netflix series ""House of Cards"". Its gameplay was compared to the President's election campaigns.","ظهرت لعبة ""آغاريو"" (مع بعض تفاصيل أسلوب اللعب وصورة للعبة) في ""الحلقة 48"" من مسلسل نتفليكس ""بيت من ورق"". وقورن أسلوب لعبها بالحملات الانتخابية للرئيس.",VALIDATED,GOLD
data51792,DATA_15951,B,لمنع ديال زنا لمحارم وأصلو (1897)، منشور ف لاني سوسيولوجيك، لّجزء 1، صّفحات 1 - 70,"l-iman3 dyal zna l-ma7arem w aslou (1897), manshour f l'annee sociologique, l-joz' 1, safa7at 1 - 70","the prohibition of incest and its origins (1897), published in the sociological year, volume 1, pages 1 - 70",تحريم زنا المحارم وأصوله (1897)، نُشر في مجلة السنة السوسيولوجية، المجلد 1، الصفحات 1 - 70,VALIDATED,GOLD
data51793,DATA_15636,B,ف 12 دجنبر 2007، نّائبة لّيبرالية لوسيان روبيلار أعلنات بلي غادي تستاقل من لكرسي ديالها ف ويستمونت فيل ماري ابتداء من 25 يناير 2008.,"f 12 dujenber 2007, n-na2iba l-liberaliya lucienne robillard a3lanat b-lli ghadi t-staqel mn l-korsi dyalha f westmount ville marie ibtida2an mn 25 yanayer 2008.","on december 12, 2007, liberal mp lucienne robillard announced that she would resign her seat in westmount-ville-marie effective january 25, 2008.",في 12 ديسمبر 2007، أعلنت النائبة الليبرالية لوسيان روبيلار أنها ستستقيل من مقعدها في ويستماونت فيل ماري اعتباراً من 25 يناير 2008.,VALIDATED,GOLD
data51794,DATA_7789,A,كتفضل ختي عليا,ktfdl khti 3liya,she favors my sister over me,إنها تفضل أختي عليّ,VALIDATED,GOLD
data51795,WIKI_C_06332,C,نيو جيرسي – 11 شتنبر 1866 (تلغات لمصادقة – 20 فبراير 1868 - 24 مارس 1868؛ عاودو صادقو – 23 أبريل 2003),New Jersey – 11 chtnber 1866 (tlghat l-msadaqa – 20 fibrayer 1868 - 24 maris 1868; 3awdo sadqo – 23 abril 2003),"New Jersey – September 11, 1866 (Ratification rescinded – February 20, 1868 – March 24, 1868; Re-ratified – April 23, 2003)",نيو جيرسي – 11 سبتمبر 1866 (تصديق ملغى – 20 فبراير 1868 – 24 مارس 1868؛ إعادة تصديق – 23 أبريل 2003),VALIDATED,GOLD
data51796,DATA_0833,A,مسافر على ود لخدمة ولا عطلة؟,msafr 3la wed lkhdma wla 3otla?,Are you travelling for work or a holiday?,هل تسافر للعمل أم لقضاء عطلة؟,VALIDATED,GOLD
data51797,WIKI_D_03757,D,الترتيب باش كل بلاد علنات على التصويت ديالها تحدد بقرعة مورا النتيجة ديال لجنة التحكيم من البروفة اللخرة. بحال الكونكور ديال 2011، استعملو أ ألغوريتم باش يزيدو الإثارة كثر ما يمكن. المتحدثين تيبانو حدا كل بلاد.,"t-tartib bach kol blad 3lnat 3la ttaswit dyalha t7dd bqur3a mora n-nattiga dyal l-ljnat dyal t7kim mn l-profa l-lekhra. b7al l-konkor dyal 2011, st3mlo algorithm bach yzidu l-7tira ktar ma ymn. lmt7dthin tibanu 7da kull blad.",The order in which each country announced their vote was determined in a draw following the jury results from final dress rehearsal. Similar to the 2011 contest an algorithm was used to add as much excitement as possible. The spokespersons are shown alongside each country.,تم تحديد الترتيب الذي أعلنت به كل دولة عن تصويتها في سحبٍ تبع نتائج لجنة التحكيم من البروفة النهائية. على غرار مسابقة عام 2011، استُخدمت خوارزمية لإضفاء أكبر قدر ممكن من الإثارة. تُعرض الشخصيات المتحدثة إلى جانب كل دولة.,VALIDATED,GOLD
data51798,WIKI_C_05240,C,"كونراد: الأصل ديالو ألماني قديم و كيعني شي واحد جريء و لا ناصح مزيان. كونراد تابع لري و كيلعب دور الناطق الرسمي ديالو، و كيزيد يتحدى و يضحك على الأفكار ديال ""بيطار"".","konrad: l-2asl dyalo almany qdim w ki3ni shi wa7d jri2 w la nasi7 mzian. konrad tabi3 l ri w kil3ab dor nnaṭiq rrasmi dyalo, w kizyid yt7adda w yḍ7ak 3la l-2afkar dyal ""biṭar"".","Konrad: Old High German for bold or good adviser. Konrad is a follower of Re and acts as his speaker, also challenging and ridiculing Pitar 's ideas.",كونراد: كلمة ألمانية قديمة تعني مستشار شجاع أو جيد. كونراد تابع لري ويعمل كمتحدث باسمه، ويتحدى ويسخر أيضاً من أفكار بيطار.,VALIDATED,GOLD
data51799,WIKI_C_00928,C,قبل ما يبدا لماتش ديال لفلوس، شّمبينز ديال تّاڭ تيم لانس كايد وتريڤر ميردوك ربحو پول لندن وبراين كندريك فواحد لماتش ماكانش كيتصور.	,"qbel ma ybda l-match dyal l-flous, l-champions dyal tag team Lance Cade w Trevor Murdock rbe7o Paul London w Brian Kendrick f wa7d l-match ma-kanch kytsewwer.","Before the pay-per-view event began, Tag Team Champions Lance Cade and Trevor Murdock defeated Paul London and Brian Kendrick in an untelevised dark match.",قبل بدء عرض الدفع مقابل المشاهدة (PPV)، فاز بطلا الفرق الثنائية لانس كايد وتريفور ميردوك على بول لندن وبراين كيندريك في مباراة مظلمة غير متلفزة.,VALIDATED,GOLD
data51800,DATA_13225,B,كوين لطيفة ف دور العمة إيم: العمة ديال دوروثي وشريكة ف المطعم ديال العائلة ف كانساس.,Queen Latifa f dor l3ma 2im: l3ma dyal Dorothi w shrika f lmat3am dyal l3a2ila f Kansas.,Queen Latifah as Aunt Em: Dorothy 's aunt and co-owner of the family diner in Kansas.,الملكة لطيفة بدور العمة إم: عمة دوروثي وشريكة في ملكية مطعم العائلة في كانساس.,VALIDATED,GOLD
data51801,WIKI_D_07180,D,على حساب لكاتب لبريطاني إيرول فولر، كايقولو بلي مربيين ديال طّيور هجنّو طّيور لّي كتشبه ف شّكل لببغاء لكوبي. هاد طّيور، على حساب ما كايقولو، كبار منو ف لحجم، حيت هجنّوهم من أنواع ديال ببغاوات كبار.,"3la 7sab l-katib l-britani Errol Fuller, kiygoulo belli morabbiyin dyal t-tiyour hjenno t-tiyour lli kat-shbeh f-sh-shekl l-babaghae l-Koubi. Had t-tiyour, 3la 7sab ma kiy-goulo, kbar menno f-l-7ajm, 7it hjenno-hom men anwa3 dyal l-babaghawat l-kbar.","According to British writer Errol Fuller, aviculturalists are rumored to have bred birds similar in appearance to the Cuban macaw. These birds, however, are reportedly larger in size than the Cuban macaw, having been bred from larger macaw species.",وفقاً للكاتب البريطاني إيرول فولر، يُشاع أن مربي الطيور قد قاموا بتهجين طيور تشبه ببغاء كوبا في المظهر. ومع ذلك، يُقال إن هذه الطيور أكبر حجماً من ببغاء كوبا، حيث تم تهجينها من أنواع أكبر من الببغاوات.	,VALIDATED,GOLD
data51802,WIKI_D_12107,D,لحد دجنبر 2014، حتى واحد من لڭروب ديال إس دي جي ما تحاكم على لقتيلات ولإغتصابات ولنهيب لّي دارو ف بييلجينا، ولا على شي جريمة خرى مزعومة داروها هادوك نّاس ف بلايص خرى ف كرواتيا ولا ف لبوسنة والهرسك.,"l-7ed dujanbir 2014, 7ta wa7d men l-group dyal SDG ma t-7akem 3la l-qtelat w l-ightisabat w l-nhib lli daro f Bijeljina, wla 3la chi jarima khra maz3ouma daroha hadok nass f blayes khra f Croatia wla f l-Bosna w l-Hersek.","As of December 2014 no member of the SDG has been prosecuted for the murders , rapes , or looting committed in Bijeljina , or any of the crimes allegedly committed by the unit elsewhere in Croatia or Bosnia and Herzegovina .",حتى ديسمبر 2014، لم يُحاكم أي فرد من ميليشيا SDG (حرس التطوع الصربي) على جرائم القتل والاغتصاب والنهب التي ارتكبت في بيلجينا، أو على أي جرائم أخرى مزعومة ارتكبت في أماكن أخرى في كرواتيا أو البوسنة والهرسك,VALIDATED,GOLD
data51803,DATA_1144,A,راك عارف ماتقدرش تجي بلا كلبها,rak 3arf mat9derch tji bla kelbha,You know without her dog she won't come,أنت تعلم أنها لن تأتي بدون كلبها,VALIDATED,GOLD
data51804,WIKI_D_12386,D,"من بعد قال ويلز باللي اختيار لممثل جينو كورادو، لّي معروف بالتمثيل ديال لأدوار صّغيرة، باش يلعب دور نّادل ف ""إل رانشو"" فرس ليه قلبو. كورادو كان بان ف بزاف ديال لأفلام ف هوليوود، غالباً كايكون نادل، و ويلز كان باغي كاع لممثلين يكونو جداد ف سّينما.","mn b3d qal Welles belli khtyar l-momattil Gino Corrado, lli ma3rouf b-t-tamtil dyal l-adwar s-sghira, bach y-la3b dor nadel f ""El Rancho"" f-r-res lih qelbo. Corrado kan ban f bzaf dyal l-aflam f Hollywood, ghaliban kiy-kon nadel, w Welles kan baghi ga3 l-momattilin y-konu jdad f cinema.","Welles later stated that choosing actor Gino Corrado, known for playing bit parts, to play the waiter at ""El Rancho"" broke his heart. Corrado had appeared in many Hollywood films, usually as a waiter, and Welles had wanted all the actors to be cinematic newcomers.","صرّح ويلز لاحقاً أن اختيار الممثل جينو كورادو، المعروف بأدائه للأدوار الثانوية، للعب دور النادل في ""إل رانشو"" قد أحزنه بشدة. فقد ظهر كورادو في العديد من أفلام هوليوود، غالباً في دور نادل، بينما كان ويلز يطمح لأن يكون جميع الممثلين وجوهاً جديدة في السينما.",VALIDATED,GOLD
data51805,WIKI_C_03868,C,برومويتش، جيمس (2013). لآثار رّومانية ديال شّمال وشرق فرانسا: دليل سياحي. راوتليدج. صّفحة 480. ردمك 978-0-415-13194-0. تجبد نهار 20 غشت 2013.	,"Bromwich, James (2013). L-athar romaniya dyal shmal w sharq Fransa: dalil siyahi. Routledge. Saf7a 480. ISBN 978-0-415-13194-0. Tejbed nhar 20 ghoucht 2013.","Bromwich, James (2013). The Roman Remains of Northern and Eastern France: A Guidebook. Routledge. p. 480. ISBN 978-0-415-13194-0. Retrieved August 20, 2013.",برومويتش، جيمس (2013). الآثار الرومانية في شمال وشرق فرنسا: دليل سياحي. دار راوتليدج. صفحة 480. ISBN 978-0-415-13194-0. استُرجع في 20 أغسطس 2013.	,VALIDATED,GOLD
data51806,DATA_18716,B,سجلات لمواسم - سجلات فردية - حراس لمرمى  لموقع تّاريخي لنادي مونتريال كانيديينز. تّخدات ف 12-12-2008.,sijillat l-mawassim - sijillat fardiya - hurras l-marma l-mawqi3 t-tarikhi l-nadi montreal canadiens. t-tkhdat f 12-12-2008.,season records - individual records - goaltenders montreal canadiens historical website. retrieved 2008-12-12.,سجلات المواسم - السجلات الفردية - حراس المرمى الموقع التاريخي لنادي مونتريال كانيديينز. تم الاسترجاع في 12-12-2008.,VALIDATED,GOLD
data51807,WIKI_C_06414,C,كيستعمل طرق اللي عاد ولات معروفة فالدراسات الكتابية حتى للقرن التاسع عشر، باين جرب واش الكتاب المقدس متناسق مع راسو وشكك فالصحة التاريخية ديالو، وخلص باللي ماشي منزل من عند الله.,"kist3aml triq li 3ad wlat m3roufa fdirassat lkitabiya hatta lqarn tassi3achar, bayn jarab wach lktab lmuqaddas mtnaseq m3a raso wchkk fss7a tarrikhia dyalo, wkhlss blly machi monazal mn 3nd l-lah.","Using methods that would not become common in Biblical scholarship until the nineteenth century, Paine tested the Bible for internal consistency and questioned its historical accuracy, concluding that it was not divinely inspired.",باستخدام أساليب لم تنتشر في الدراسات الكتابية حتى القرن التاسع عشر، اختبر باين الكتاب المقدس من حيث الاتساق الداخلي وشكك في دقته التاريخية، وخلص إلى أنه لم يكن مستوحى من الوحي الإلهي.,VALIDATED,GOLD
data51808,DATA_24128,B,رّباح ديال لّجايينتس على شيكاغو بيرز ف لّماتش ديال إن إف سي ديفيزيونال پلاي أوف كان أوّل رباح ليهوم على لّبيرز ف لّپلاي أوف من عام 1956 .,errbah dyal l-giants 3la chicago bears f l-match dyal nfc divisional playoff kan awel rbah lihom 3la l-bears f l-playoff mn 3am 1956 ,the giants' victory over the chicago bears in the nfc divisional playoff game was their first playoff win over the bears since 1956.,رّباح ديال لّجايينتس على شيكاغو بيرز ف لّماتش ديال إن إف سي ديفيزيونال پلاي أوف كان أوّل رباح ليهوم على لّبيرز ف لّپلاي أوف من عام 1956 .,VALIDATED,GOLD
data51809,WIKI_D_07272,D,لّجامعة مقسومة على ربعة ديال لأجزاء رئيسية : لّكامپوس لّغربي، لّكامپوس لّشرقي، لّكامپوس لّمركزي، وساحة تّكنولوجيا. لّكامپوس لّغربي ولّكامپوس لّشرقي عامرين بالأساس ب سّكن ديال طّلبة، بينما لّكامپوس لّمركزي مخصص بالأساس لّلمباني ديال تّدريس ولّبحث.,"l-jami3a ma9suma 3la rba3a dyal l-ajza2 ra2issiya : l-campus l-gharbi, l-campus l-charqi, l-campus l-markazi, w sa7at technology. l-campus l-gharbi w l-campus l-charqi 3amrin b-l-assas b-skan dyal t-talaba, binama l-campus l-markazi m-khassas b-l-assas l-l-mabani dyal t-tadriss w l-ba7t.","the campus is organized into four main parts : west campus, east campus, central campus, and technology square. west campus and east campus are both occupied primarily by student living complexes, while central campus is reserved primarily for teaching and research buildings.",تتكون الجامعة من أربعة أجزاء رئيسية : الحرم الجامعي الغربي، والحرم الجامعي الشرقي، والحرم الجامعي المركزي، وساحة التكنولوجيا. يشغل الحرمان الجامعيان الغربي والشرقي بشكل أساسي مجمعات سكن الطلاب، بينما يُخصص الحرم الجامعي المركزي بشكل أساسي لمباني التدريس والبحث.,VALIDATED,GOLD
data51810,WIKI_C_04767,C,دوبريكيوس قديس بريطاني ديال لقرن لسادس لي بشر ف إرڭينڭ (دابا آرتشينفيلد) وبزاف ديال جنوب شرق ويلز؛ لجثة ديالو تحولات ل كاتدرائية لاندوف ف 1120.,dubricius qddis britani dyal l-qrn l-sadis li bshshr f ergyng (daba archenfield) w bzzaf dyal janub sharq wales; l-jstt dyalu t-t7owlat l-katdrayt llandaff f 1120.,dubricius was a 6th-century british saint who evangelized ergyng (now archenfield) and much of south-east wales; his body was transferred to llandaff cathedral in 1120.,دوبريكيوس قديس بريطاني من القرن السادس بشر في إرغينغ (آرتشينفيلد حالياً) وفي أجزاء واسعة من جنوب شرق ويلز؛ نُقل جثمانه إلى كاتدرائية لانديف في عام 1120.,VALIDATED,GOLD
data51811,DATA_21002,B,لارت إنستيتيوت ديال شيكاڭو متحف زوين بزاف ديال لفن، مشهور بالخصوص ب لفن لّنطباعي و لفن لّامريكي.,"l-art institute dyal chicago muthaf zwin bzzaf dyal l-fen, mash'hur belkhsous b l-fen l-inti'ba'i w l-fen l-amriki.","the art institute of chicago is a world-class art museum, renowned especially for its impressionist and american art.",يعد معهد شيكاغو للفنون متحفاً رائعاً للفنون، يشتهر بصفة خاصة بالفن الانطباعي والفن الأمريكي.,VALIDATED,GOLD
data51812,DATA_13333,B,لّفرع ديال محاربين من أجل سّلام لّي كاين ف بوسطن، ماساتشوستس، سميتو لواء سميدلي دي. باتلر تكريم ليه.,"l-fer3 dyal muharibin min ajl es-salam li kayn f boston, massachusetts, smito liwaa smidley d. butler takrim lih.","the boston, massachusetts chapter of 'veterans for peace' is named the 'smedley d. butler brigade' in his honor.",فرع منظمة 'محاربون من أجل السلام' الموجود في بوسطن بولاية ماساتشوستس، يسمى 'لواء سميدلي دي. باتلر' تكريماً له.,VALIDATED,GOLD
data51813,WIKI_C_09983,C,مع مرور لوقت، هاد لخيام ولاو شبه دايمين بسباب واحد لأساس بسيط. دّليل على هادشي كاين ف جزر فيغا، واحد لبلاصة دابا مسجلة ف لّيونيسكو كتراث عالمي.,"m3a murur l-wqt, had l-khiyam wllaw chbeh daymin b-sbab wa7d l-assas bssit. d-dlil 3la hadshi kayn f-jozor vega, wa7d l-blassa daba msjjla f-l-yunesko k-turat 3alami.","over time, such tents became semi-permanent through the introduction of a simple foundation. traces of these can be found at the vega archipelago, an area that is now a unesco world heritage site.",بمرور الوقت، أصبحت هذه الخيام شبه دائمة بفضل وضع أساس بسيط لها. ويمكن العثور على آثار لهذه الخيام في أرخبيل فيغا، وهي منطقة مدرجة الآن ضمن مواقع التراث العالمي لليونسكو.,VALIDATED,GOLD
data51814,WIKI_C_06198,C,برومويتش، جيمس (2013). لآثار رّومانية ديال شّمال وشرق فرانسا: دليل سياحي. راوتليدج. صّفحة 480. ردمك 978-0-415-13194-0. تجبد نهار 20 غشت 2013.,"Bromwich, James (2013). L-atar romaniya dyal shmal w sharq Fransa: dalil siyahi. Routledge. Saf7a 480. ISBN 978-0-415-13194-0. Tejbed nhar 20 ghusht 2013.","Bromwich, James (2013). The Roman Remains of Northern and Eastern France: A Guidebook. Routledge. p. 480. ISBN 978-0-415-13194-0. Retrieved August 20, 2013.",برومويتش، جيمس (2013). الآثار الرومانية في شمال وشرق فرنسا: دليل سياحي. دار راوتليدج. صفحة 480. ISBN 978-0-415-13194-0. استُرجع في 20 أغسطس 2013.	,VALIDATED,GOLD
data51815,WIKI_C_04013,C,فخدمتو لعلمية ف لبيولوجيا تّطورية، داوكنز معروف بزاف بتفسار ديالو للجين كلوحدة رّئيسية ديال لانتِقاء ف تّطور؛ هاد رّاي مبيّن مزيان ف كتابتو.,"f khdemto l-3ilmiya f l-biologya t-tatwuriya, Dawkins ma3rouf bzzaf b-tafassir dyalo l-jin k-l-wa7da r-ra2isiya dyal l-inti9ae f t-tatwor; had r-ray mbeyyen mezyan f ktabto.	","In his scientific work in evolutionary biology, Dawkins is best known for his interpretation of the gene as the primary unit of selection in evolution; this view is well-explained in his writings.",في أعماله العلمية في علم الأحياء التطوري، يشتهر دوكينز بتفسيره للجين بوصفه الوحدة الرئيسية للاصطفاء في التطور؛ وقد تم توضيح هذا الرأي بشكل جلي في مؤلفاته.	,VALIDATED,GOLD
data51816,DATA_21646,B,كانو كيحسبو الذرات هي أصغر حاجة ممكنة في المادة، حتى لعام 1897 فاش ج.ج. طومسون اكتشف الإلكترون بفضل الخدمة ديالو على الأشعة المهبطية.,"kanu kay7sbu d-dharrat hiya asghar haja momkina fi l-madda, 7tta l-3am 1897 fash J.J. Thomson ktachf l-electron bfadl l-khdma dyalu 3la l-ashi3a l-mahbtiya.",Atoms were thought to be the smallest possible division of matter until 1897 when J.J. Thomson discovered the electron through his work on cathode rays.,كان يُعتقد أن الذرات هي أصغر تقسيم ممكن للمادة حتى عام 1897 عندما اكتشف جي. جي. طومسون الإلكترون من خلال عمله على أشعة الكاثود.,VALIDATED,GOLD
data51817,DATA_16658,B,زينݣ! دقّات أوتار قلبي. (جايمس ف. هانلي) – 3:48,zing! dqqat awtar qlbi. (james f. hanley) - 3:48,Zing ! Went the Strings of My Heart – (James F. Hanley) – 3 : 48,زنج! انطلقت أوتار قلبي – (جيمس ف. هانلي) – 3:48,VALIDATED,GOLD
data51818,DATA_22964,B,هايمز گرين -  خرج نهار 16 سبتمبر 2008 (لميريكان)، شهر غشت 2008 (لبريطانيا) (ذي پيت بيست باند),"Haymes Green - kherj nhar 16 September 2008 (lmirikan), sheher Ghusht 2008 (lbritanya) (The Pete Best Band)","Haymans Green - Released 16 September 2008 (US),  August 2008 (UK) (The Pete Best Band)",هايمنز غرين - صدر في 16 سبتمبر 2008 (الولايات المتحدة)، أغسطس 2008 (المملكة المتحدة) (فرقة بيت بيست),VALIDATED,GOLD
data51819,DATA_10573,A,مانضنش غادي نقلي داك الحوت خانشويه,mandench ghadi n9li dak l7out ghanchwih,"i don't think i'll fry that fish, i'm going to grill it",لا أعتقد أنني سأقلي ذلك السمك، بل سأشويه,VALIDATED,GOLD
data51820,WIKI_D_12165,D,كايتقدر باللي من بين 39 ألف يهودي اللي كانو ف البلاد، غير 9 آلاف اللي بقاو حيّين؛ والباقي تقتلو ولا ترحّلو لألمانيا، سواء من طرف السلطات المحلية ولا الجيش الألماني براسو. المصادر الكرواتية والصربية ما متّافقينش على الأرقام المضبوطة.,"kaytqdr blly mn bin 39 alf yhudi lli kano f lblad, ghir 9 alaf lli bqaw 7iyyin; wl baqi tqtelu wla trhlu l almania, sawa2 mn tarf sultat lmhaliyya wla ljaysh l-almani b raso. lmsader lkroatiya w-sirbiyya ma mtfaqinsh 3la l-arqam lmdbuta.","It is estimated that out of 39,000 Jews in the country, only 9,000 survived; the rest were either killed or deported to Germany, both by the local authorities and the German Army itself. Croatian and Serbian sources disagree on the exact figures.	",يُقدّر أنه من بين 39 ألف يهودي في البلاد، لم ينجُ سوى 9 آلاف؛ والبقية إما قُتلوا أو رُحّلوا إلى ألمانيا، سواء من قبل السلطات المحلية أو الجيش الألماني نفسه. تختلف المصادر الكرواتية والصربية حول الأرقام الدقيقة.	,VALIDATED,GOLD
data51821,WIKI_D_10570,D,"لموسيقى و ساوندتراك ديال الفيلم تلحنّو من طرف كلينت مانسل و ماركو بلترامي و مارلين مانسن ف نص ديال عام 2001 . مانسن وصف لموسيقى و ساوندتراك باللي هما ""إلكترونيين"" كتر من الخدمة اللي دار قبل .","lmusiqa w soundtrack dyal lfilm tl77nu mn tarf clint mansell w marco beltrame w marlyn manson f nss dyal 3am 2001. manson wsaf lmusiqa w soundtrack blli homa ""electroniyin"" ktr mn lkhdma lli dar qbl.","The film's score and soundtrack were composed by Clint Mansell, Marco Beltrami and Marilyn Manson during mid-2001. Manson described the score and soundtrack as being more ""electronic"" than his other previous work.","تم تأليف الموسيقى التصويرية للفيلم بواسطة كلينت مانسيل وماركو بلترامي ومارلين مانسون في منتصف عام 2001. وصف مانسون الموسيقى بأنها ""إلكترونية"" أكثر من أعماله السابقة.	",VALIDATED,GOLD
data51822,DATA_14740,B,تاير سكول كيتشارك مع تاك سكول بيزنيس ف مركز موردو (لي فيه البيبليوتيك فيلدبرغ ديال البيزنيس و الهندسة).,Tayer School kitshark m3a Tak School Business f markaz mordow (li fih lbibliyotik Feldberg dyal lbiznes w l-handasa).,The Thayer School shares the Murdough Center (containing the Feldberg Business & Engineering Library) with the adjacent Tuck School of Business.,تشترك كلية ثاير مع كلية تاك للأعمال المجاورة في مركز موردو (الذي يضم مكتبة فيلدبرغ للأعمال والهندسة).,VALIDATED,GOLD
data51823,DATA_14216,B,السرعة: هاد المستوى ديال التدريب كيركز على قدرة الرياضي باش يجري بالزربة وهو عصبي عضلي، يعني كيدرب العضلات باش يتحركو بالخف.,"s-sor3a: had l-mustawa dial t-tdrib kayrkez 3la 9odrat r-riyadi bash yjri bz-zerba w-huwa 3asabi 3adali, ya3ni kaydreb l-3adalat bash yt7erku b-l-kheff.","Speed: This level of training addresses the athlete 's ability to sprint and is neuromuscular, essentially training the muscles to move quickly.",السرعة: يعالج هذا المستوى من التدريب قدرة الرياضي على العدو وهو عصبي عضلي، ويقوم بشكل أساسي بتدريب العضلات على التحرك بسرعة.,VALIDATED,GOLD
data51824,WIKI_C_07984,C,فيستا هي ألمع أسترويد كيبان من الأرض. أبعد مسافة بينها وبين الشمس كبر شوية من أقرب مسافة بين سيريس والشمس، واخا المدار ديالها كاين كلو لداخل ديال سيريس.,"fista hiya alme3 asteroid kibane mene l2ard. ab3ed masafa binha w bin shams kber chwiya men 2a9rab masafa bin ceres w shams, wakha l-madar dyalha kayn kollo ldakhel dyal ceres.","Vesta is the brightest asteroid visible from Earth . Its maximum distance from the Sun is slightly greater than the minimum distance of Ceres from the Sun, though its orbit lies entirely within that of Ceres.",ڤيستا هو الكويكب الأكثر سطوعًا المرئي من الأرض. أقصى مسافة له عن الشمس أكبر بقليل من الحد الأدنى لمسافة سيريس عن الشمس، على الرغم من أن مداره يقع بالكامل داخل مدار سيريس.,VALIDATED,GOLD
data51825,WIKI_C_08301,C,"العنوان ""خيرها ف غيرها"" جاية من واحد الهضرة ديال الرسام الانطباعي بول سيزان, ""كاع التصاور اللي مرسومين لداخل, فالستوديو, عمرهم ما غادي يكونو بحال اللي مرسومين على برا.""","l3enwan ""kherha f gherha"" jayya men wa7ed lhadra dyal rassam l-intiba3i bol cezanne, ""ga3 tswar li marsomin l-dakhel, f studio, 3omrhom ma ghady ikonou b7al li marsomin 3la bra.""","The title ""Better Out Than In"" is a reference to a quote by impressionist Paul Cézanne: ""All pictures painted inside, in the studio, will never be as good as those done outside.","عنوان ""الأفضل أن تكون في الخارج بدلاً من الداخل"" هو إشارة إلى اقتباس من الفنان الانطباعي بول سيزان: ""جميع اللوحات المرسومة في الداخل، في الاستوديو، لن تكون أبدًا جيدة مثل تلك المرسومة في الخارج"".",VALIDATED,GOLD
data51826,WIKI_D_03826,D,بون تشو، واحد شينوي ميريكاني عايش ف ولاية واشنطن، ولكن تربّا ف أوكلاهوما. كانت عندو شركة سْطارْت-آپ ديال السيكوريتي وما صدقاتش ليه. خدموه باش يعاون كايسي تقلب على اللي صايب داك الفوطيج.,"boone chou, wa7ed chinwi amrikani 3ayesh f wilayat washington, walakin trrba f oklahoma. kanet 3endo sharika start-up dyal security w ma sda9atsh lih. khddmouh bach y3awen cayce t9ellab 3la li sayeb dak lfootij.","Boone Chu – A Chinese-American living in Washington State, but raised in Oklahoma. He had a start-up company specializing in security that didn't work out for him. He is hired to assist Cayce in the search for the maker of the footage.",بون تشو - صيني أمريكي يعيش في ولاية واشنطن، لكنه نشأ في أوكلاهوما. كان يملك شركة ناشئة في مجال الأمن لم تنجح معه. تم توظيفه لمساعدة كايسي في البحث عن صانع اللقطات.,VALIDATED,GOLD
data51827,WIKI_D_01786,D,من بعد ما بقاو مباعدين شوية على برا تمان سنين، بيل كلينتون و ݣور رجعوا تلاقاو قدام الإعلام ف شهر غشت عام 2009، من بعد ما كلينتون دار باش يطلقوا جوج صحافيات كانوا شادينهم رهائن ف كوريا الشمالية. هاد الجوج عيالات كانوا خدامين ف التلفزة ديال ݣور اللي سميتها كورنت تيڤي.,"mn ba3d ma bqaw mba3din chwiya 3la bra taman snin, bill clinton w gore rje3o tlqaw qdam l-i3lam f chher ghosht 3am 2009, mn ba3d ma clinton dar bash ytlaqaw joj sa7afiyat kanou chadinhom raha2en f korea chamalia. had joj 3aylat kanou khdamen f telfaza dyal gore lli smitha current tv.","After being somewhat out of the public eye for eight years, Bill Clinton and Al Gore reunited before the media in August 2009, following Clinton's successful mission to release two journalists held hostage in North Korea. These two women worked for Gore's television network, Current TV.","عد ابتعاد عن الأضواء دام ثماني سنوات، عاد بيل كلينتون وآل غور للظهور معاً أمام الإعلام في أغسطس 2009، وذلك بعد نجاح كلينتون في تأمين إطلاق سراح صحفيتين كانتا محتجزتين كرهينتين في كوريا الشمالية. كانت هاتان المرأتان تعملان في قناة ""كورنت تي في"" المملوكة لغور.	",VALIDATED,GOLD
data51828,WIKI_D_04014,D,كان عسكري مثالي، و كان كيحس بـروح الجماعة ديال الجيش بزاف، ولكن كان عزيز عليه النظام المدني اللي تنظم تحت الدستور، وكان غير عسكري باش هادشي يدوم بالفائدة و الشرف ديالو كاملين.,"kan 3askari mitaly, w kan kay7ass b-rou7 l-jama3a dyal l-jaysh bzaf, walakin kan 3ziz 3lih nizham l-madani lli tnzham ta7t l-dostor, w kan ghir 3askari bach hadchi ydom b-lfa2ida w sharaf dyalo kamlin.","He was an ideal soldier who fully embraced the army's esprit de corps, yet he cherished the civil institutions established under the Constitution, serving only so they might endure with undiminished usefulness and honor.", كان جنديًا مثاليًا، وتملكه روح الانتماء للجيش إلى أقصى حد، لكنه كان يعتز بالمؤسسات المدنية المنظمة بموجب الدستور، وما كان جنديًا إلا لكي تستمر هذه المؤسسات بأعلى درجات الفائدة والشرف.,VALIDATED,GOLD
data51829,WIKI_C_01320,C,فيروس، واحد الفيلم ديال السيونس فيكشن والرعب ديال 1999: داك الفيروس ديال الحاسوب دار الطريق لجزيرة لورد هاو باش يشد واحد البلاصة ديال المخابرات البريطانية اللي منها يقدر يتحكم في العسكر ديال العالم كامل.,"virus, wa7d lfilm dyal lscience fiction w ro3b dyal 1999: dak lvirus dyal l7asoub dar ttriq l jazirat Lord Howe bash yshedd wa7d lblassa dyal lmokhabarat lbritaniya lli menha y9der yt7kem f l3asker dyal l3alam kamel.","Virus, a 1999 science fiction horror film: the computer virus sets a course for Lord Howe Island to seize a British intelligence facility from which it can control the world's military.",فيروس، فيلم خيال علمي ورعب أمريكي صدر عام 1999؛ حيث يتجه فيروس حاسوبي نحو جزيرة لورد هاو للاستيلاء على منشأة استخباراتية بريطانية ليتمكن من خلالها من التحكم في جيوش العالم.,VALIDATED,GOLD
data51830,WIKI_D_05918,D,وزير الخارجية جورج بي شولتز دار مؤتمر صحفي على هاد الحادثة مع العشرة وخمسة وأربعين دقيقة ديال واحد سبتمبر، وكشف فيه على شي تفاصيل ديال اتصالات سوفيتية لي تسنطو عليها وشجب الأفعال ديال الاتحاد السوفيتي.,"wzir l-kharijiya george p. shultz dar mo2tamar sa7afi 3la had l-7adita m3a l-3achra u khmsa u rba3in d9i9a dyal wa7ed september, u kchef fih 3la chi tafasil dyal itissalat sovietiya li tssntu 3liha u chajeb l-af3al dyal l-iti7ad s-sovieti.","Secretary of State George P. Shultz held a press conference regarding the incident at 10:45 AM on September 1st, where he revealed details of intercepted Soviet communications and denounced the actions of the Soviet Union.",عقد وزير الخارجية جورج بي شولتز مؤتمرًا صحفيًا حول الحادثة في تمام الساعة 10:45 من يوم 1 سبتمبر، كشف خلاله عن تفاصيل اتصالات سوفيتية تم اعتراضها وأدان تصرفات الاتحاد السوفيتي.,VALIDATED,GOLD
data51831,WIKI_D_01826,D,لبارك ڭريل كاينة ف نورث ميشيڭن أفنيو ف شيكاڭو ف ديستريكت ميشيڭن بولفارد التاريخي. كلاود ڭيت، واحد التمثال ديال الشعب، كاينة ف أ تي آند تي پلازا فوق السطح ديال لبارك ڭريل.,"l-park grill kayna f north michigan avenue f chicago f district michigan boulevard t-tarikhi. cloud gate, wa7ed t-temtal dyal ch-cha3b, kayna f AT&T Plaza fo9 s-st7 dyal l-park grill.","The Park Grill is located on North Michigan Avenue in Chicago, within the historic Michigan Boulevard District. Cloud Gate, a public sculpture, is situated at AT&T Plaza on the roof of the Park Grill.", يقع مطعم بارك غريل في شارع نورث ميشيغان بمدينة شيكاغو، وتحديداً في منطقة ميشيغان بوليفارد التاريخية. أما منحوتة بوابة السحاب (Cloud Gate)، وهي عمل فني عام، فتنتصب في ساحة إي تي أند تي فوق سطح المطعم.,VALIDATED,GOLD
data51832,WIKI_C_08775,C,نيوفاوندلاند كتشد قل من 1600 ساعة ديال الشمش في العام، هادشي قل بزاف من المعدل ديال كندا اللي هو 1925 ساعة. شهور الصيف كتشد تقريبا 187 ساعة ديال الشمش، وشهر دجنبر كيشد تقريبا 60 ساعة.,"newfoundland ktchd qel mn 1600 sa3a dyal shems f l3am, hadshi qel bzzaf mn lmu3adal dyal canada lli huwa 1925 sa3a. shuhur ssyf ktchd tqriban 187 sa3a dyal shems, w shher dujanber kychd tqriban 60 sa3a.","Newfoundland receives less than 1600 hours of sunshine per year, much lower than the Canadian average of 1925 hours. Summer months average 187 hours of sun while the December average is 60 hours.",تتلقى نيوفاوندلاند أقل من 1600 ساعة من أشعة الشمس سنويًا، وهو أقل بكثير من المتوسط الكندي البالغ 1925 ساعة. يبلغ متوسط ساعات سطوع الشمس في أشهر الصيف 187 ساعة، بينما يبلغ متوسط شهر ديسمبر 60 ساعة.,VALIDATED,GOLD
data51833,WIKI_D_12430,D,واحد الاستطلاع ف 1766 كيبين باللي عائلة بليموث كانت مالكة للأغلبية ديال أراضي رادير، ومازال مالكة ليها تا دابا. بليموث إستايتس باعو 22 أكر (9 هكتار) ديال الأراضي السكنية ف رادير ف 2007.,"wa7ed l-isti6la3 f 1766 kaybyen belli 3a2ilat plymouth kant malka l-aghlabiya dyal araddi radir, u mazal malka liha ta daba. plymouth estates ba3u 22 acre (9 ha) dyal l-aradi s-sakaniya f radir f 2007."," A 1766 survey showed that the Plymouth family owned most of the land in Radir, and they remain owners to this day. In 2007, Plymouth Estates sold 22 acres (9 ha) of residential land in Radir.",أظهر مسح أجري عام 1766 أن عائلة بليموث كانت تمتلك معظم الأراضي في رادير، ولا تزال تمتلكها حتى يومنا هذا. وفي عام 2007، باعت مؤسسة بليموث إستيتس 22 فداناً (9 هكتارات) من الأراضي السكنية في المنطقة ذاتها.,VALIDATED,GOLD
data51834,WIKI_C_06077,C,تيطرانيتريد د السيلينيوم، واحد المركب كيمياوي برتقالي كيفرڭع، كيشبه ل تيطرانيتريد د الكبريت. كيتحضر هاد المركب من التفاعل ديال تيطراكلوريد د السيلينيوم مع مركبات سي إتش 3.,"tetranitride d s-selenium, wa7ed l-morkkab kimiyawi burtu9ali kayfarge3, kiychebeh l tetranitride d l-kibrit. kayt7adder had l-morkkab mn l-tafa3ul dyal tetrachloride d s-selenium m3a morkkabat CH3.",Selenium tetranitride (Se₄N₄) is an explosive orange compound analogous to sulfur tetranitride (S₄N₄). It can be synthesized by the reaction of selenium tetrachloride (SeCl₄) with methyl compounds (CH₃).,رباعي نتريد السيلينيوم (Se₄N₄) هو مركب متفجر برتقالي اللون يشبه رباعي نتريد الكبريت (S₄N₄). ويمكن تحضيره من خلال تفاعل رباعي كلوريد السيلينيوم (SeCl₄) مع مركبات الميثيل (CH₃).,VALIDATED,GOLD
data51835,WIKI_D_02119,D,من بعد ما دخل حيز التنفيذ الاتفاق الإطار بين الاتحاد الأوروبي وإيسا، كاينة تشكيلة ديال مجلس الفضاء - اجتماع مشترك ومتزامن ديال مجلس الاتحاد الأوروبي ومجلس إيسا على المستوى الوزاري لي كيتعامل مع التنفيذ ديال إي أس بي لي تبنات من قبل المنظمتين بجوج.,"mn ba3d ma dkhal 7ayz t-tanfid l-ittifaq l-itar bin l-itti7ad l-orobi u ESA, kayna tachkila dyal majlis l-fada2 - ijtima3 mochtarak u motazamin dyal majlis l-itti7ad l-orobi u majlis ESA 3la l-mostawa l-wizari li kiy-t3amel m3a t-tanfid dyal l-ESP li tbnat mn 9bel l-monadamatayn b-jouj.","Following the entry into force of the Framework Agreement between the European Union and ESA, the Space Council was established - a joint and concomitant ministerial meeting of the EU Council and the ESA Council to implement the European Space Policy (ESP) adopted by both organizations.",عقب دخول الاتفاقية الإطارية بين الاتحاد الأوروبي ووكالة الفضاء الأوروبية (ESA) حيز التنفيذ، شُكِّل مجلس الفضاء؛ وهو اجتماع وزاري مشترك ومتزامن بين مجلس الاتحاد الأوروبي ومجلس الوكالة، يهدف إلى تنفيذ السياسة الفضائية الأوروبية (ESP) التي أقرتها المنظمتان.,VALIDATED,GOLD
data51836,WIKI_C_07084,C,الفيلانيلا اللي كتبها ستيفن ديدالوس، الشخصية الرئيسية في رواية صورة الفنان في شبابه ديال جيمس جويس، دارت عليها بزاف ديال التحليلات النقدية.,"el filanella lli ktbha stephen dedalus, chakhsiya ra2isiya f riwayat souret el fann f shababeh dyal james joyce, dart 3liha bzaf dyal tahalilat n-na9diya.","The villanelle written by Stephen Dedalus, the protagonist of James Joyce 's novel A Portrait of the Artist as a Young Man. It has been the subject of several critical analyses.",الفيلانيل التي كتبها ستيفن ديدالوس، الشخصية الرئيسية في رواية صورة الفنان شاباً لجيمس جويس، كانت موضوعاً لعدة تحليلات نقدية.,VALIDATED,GOLD
data51837,WIKI_D_07122,D,فلبلاصة ديال سطاسيون طريق لويس، فالمتقى ديال طريق ريتشموند وطريق دوبيني، كاينة ريتشموند هاوس، واحد البيرو مهجور. ففبراير 2013، واحد المنعش العقاري طلب الإذن باش يهدم هاد البني ويعوضو بسكن طلابي فيه 144 شقة.,"f-lblassa dyal station tri9 lewis, f-l-multa9a dyal tri9 richmond u tri9 dubini, kayna richmond house, wa7ed l-biro mahjur. f-febrayer 2013, wa7ed l-mon3ich l-3aqari tleb l-idhn bach yhdem had l-bni u y-3owdu b-skan tullabi fih 144 cho99a."," Located at the site of the Lewis Road station, at the junction of Richmond and Daubeny Roads, is Richmond House, a derelict office building. In February 2013, a developer applied for permission to demolish the building and replace it with student accommodation containing 144 flats.", يقع ريتشموند هاوس، وهو مبنى مكاتب مهجور، في موقع محطة طريق لويس عند تقاطع طريقي ريتشموند ودوبيني. وفي فبراير 2013، تقدم مطور عقاري بطلب للحصول على إذن لهدم المبنى واستبداله بمجمع سكني للطلاب يضم 144 شقة.,VALIDATED,GOLD
data51838,DATA_7795,A,هيت هتا أنا كنمشي ليه,hit hta ana knmchi lih,because i go to it too,لأنني أذهب إليه أيضًا,VALIDATED,GOLD
data51839,DATA_10140,A,كان كيسحاب ليا غادي يتزمن هاد المشروع مع لاخور,kan kis7ab liya ghadi ytzamen had lmechrou3 m3a la5or,i thought this project would coincide with the other one,ظننت أن هذا المشروع سيتزامن مع المشروع الآخر,VALIDATED,GOLD
data51840,WIKI_C_01127,C,"واحد الطيارة ديال إيرونافيس دي مكسيكو موديل 302 بريطانيا هي اللي كانت ف الفيلم ديال 1959 ""جيت أوفر ذي أطلانتيك""، و قالو للناس باللي الطيارة كتخدم بالتوربين.","wa7d ttyara dyal aeronaves de mexico model 302 britanya hiya lli kanet f l-film dyal 1959 ""jet over zhi atlantic"", w qalu l nass blli ttyara ktkhdem b-t-turbine.","An Aeronaves de Mexico Model 302 Britannia was the aircraft featured in the 1959 movie ""Jet Over the Atlantic""; the audience is informed that the aircraft is a turboprop."," كانت طائرة من طراز أيرونافيس دي مكسيكو 302 بريطانيا هي بطلة فيلم ""جيت أوفر ذي أتلانتيك"" الصادر عام 1959؛ حيث تم إخطار الجمهور بأن الطائرة تعمل بمحرك توربيني مروحي.",VALIDATED,GOLD
data51841,DATA_3844,A,هي راه وسيلة ديال نقل آمنة بزاف، ماخصكش تخاف,"hya rah wasila dyal na9l 2amina bzaf, makhskch tkhaf","It's an extremely safe transport, you don't need to panic",إنها وسيلة نقل آمنة للغاية، لا داعي للذعر.,VALIDATED,GOLD
data51842,WIKI_C_10203,C, الغازات لي تطلقات ف الجو دارت واحد المفعول ديال البيوت الزجاجية مؤقت حتى طاحت ديك الغبرة وداكشي ديال الرذاذ، وهادشي قضا على الكائنات لي كانت ضعيفة بزاف ولي كانت باقة حية مورا الضربة نيشان.,"l-ghazat li t-tl9at f l-jaw dart wa7ed l-maf3ul dyal l-buyut z-zujajiya mo2aqqat 7tta ta7t dik l-ghobra u dakchi dyal r-rdad, u hadchi 9da 3la l-ka2inat li kant d3ifa bzzaf u li kant ba9a 7ayya mora d-darba nichan.",The gases released into the atmosphere created a temporary greenhouse effect until the dust and aerosols settled; this wiped out the fragile organisms that had survived the immediate aftermath of the impact.,تسببت الغازات المنبعثة في الغلاف الجوي في إحداث تأثير الدفيئة بشكل مؤقت إلى حين استقرار الأتربة والرذاذ؛ مما أدى إلى هلاك الكائنات الهشة التي كانت قد نجت للتو من الاصطدام المباشر.,VALIDATED,GOLD
data51843,DATA_4256,A,واش كاتمتع بقهوتك؟,wach katmeta3 b9hwtak?,Are you enjoying your coffee?,هل تستمتع بقهوتك؟,VALIDATED,GOLD
data51844,WIKI_C_06115,C,"تينا ديساي لي كتلعب دور سونينا خدامة فواحد سونطر دابيل وصاحبة سوني ""المودرن"". وكتصاحب مع إيفلين ملي كتشد خدمة فنفس السونطر دابيل (شوف لتحت).",tina desai li katel3ab dor sunaina khadama f-wa7ed centre d'appel u sa7bet sonny l-modern. u kat-sa7eb m3a evelyn melli katched khedma f-nefs l-centre d'appel (chuf l-ta7t),"Tena Desae, playing the role of Sunaina, works at a call center and is the girlfriend of ""modern"" Sonny. She becomes friends with Evelyn when the latter takes a job at the same call center (see below)."," تؤدي تينا ديساي دور سونينا، وهي موظفة في مركز اتصال وخطيبة ""سوني"" العصري. وتنشأ علاقة صداقة بينها وبين ""إيفلين"" عندما تبدأ الأخيرة العمل في نفس مركز الاتصال (انظر أدناه).",VALIDATED,GOLD
data51845,DATA_3664,A,راه ماخايبش كيما كدن,rah makhaybch kima kadan,it's not as bad as you think,الأمر ليس سيئًا كما تظن,VALIDATED,GOLD
data51846,WIKI_C_06624,C,فلواحد وعشرين، الحرس المحلي تطوعو باش يعاونو يجمعو دوك الجنود ديال الألمان لي بقاو شاردين، والفرقة الرابعة الهندية كملات لݣدام وسط واحد الريح مجهد وفاتت البلاد.,"f-l-wa7ed u 3ichrin, l-7ars l-ma7alli t-taww3u bach y-3awnu y-jm3u duk l-junud dyal l-alman li b9aw chardin, u l-firqa r-rab3a l-hindiya kmlat l-gddam wst wa7ed r-ri7 mjehed u fatet l-blad"," On the 21st, the local Home Guard volunteered to help round up the remaining German stragglers, while the 4th Indian Division pushed forward through heavy winds and passed the area.",في الحادي والعشرين، تطوع الحرس المحلي للمساعدة في تجميع الجنود الألمان المشردين، بينما واصلت الفرقة الهندية الرابعة تقدمها للأمام وسط رياح عاتية حتى تجاوزت المنطقة.,VALIDATED,GOLD
data51847,WIKI_D_01205,D,"نهار 9 ماي 1961، بداو كيوصلو بي 52 إتش للقوات الجوية بمحركات توربينية برات آند ويتني تي إف 33-بي-3 لي كيحرقو مزيان وصداعهم قليل، وكيعطيو قوة دفع قصوى ديال 17,100 رطل (76.06 كيلو نيوتن).","nhar 9 may 1961, b-daw kay-waslu B-52H l-l-9uwat l-jawiya b-mo7arrikat torbiniya Pratt & Whitney TF33-P-3 li kay-7er9u mzyan u sda3-hom 9lil, u kay-3tiu 9uwat daf3 9oswa dyal 17,100 ratl (76.06 kilo newton).","On May 9, 1961, B-52H aircraft began arriving at the Air Force, equipped with Pratt & Whitney TF33-P-3 turbofan engines that offered better fuel efficiency and lower noise levels, providing a maximum thrust of 17,100 pounds (76.06 kN).","في التاسع من مايو 1961، بدأت القوات الجوية في استلام طائرات بي-52 إتش المزودة بمحركات توربينية من طراز برات آند ويتني تي إف 33-بي-3، والتي تميزت بكفاءة احتراق عالية وضجيج منخفض، مع توفير قوة دفع قصوى تصل إلى 17,100 رطل (76.06 كيلو نيوتن).",VALIDATED,GOLD
data51848,WIKI_D_07985,D,"اقتصاد رياضي (24 موضوع مدكورين، بحال ""التوازن العام""، ""مشكل التجميع""، ""ستاتيكا مقارنة""، ""ترتيبات معجمية""، ""نماذج خطية""، ""ترتيبات""، و ""اقتصاد كيفي"").","iqtisad riyadi (24 mowdu3 madkurin, b7al ""t-tawazun l-3am"", ""mchkil t-tajmi3"", ""statika mo9arana"", ""tartibat mo3jamiya"", ""namadij khattiya"", ""tartibat"", u ""iqtisad kayfi"").","Mathematical Economics (24 topics mentioned, such as ""General Equilibrium,"" ""Aggregation Problem,"" ""Comparative Statics,"" ""Lexicographical Orderings,"" ""Linear Models,"" ""Orderings,"" and ""Qualitative Economics"").","الاقتصاد الرياضي (تم ذكر 24 موضوعاً، مثل ""التوازن العام""، ""مشكلة التجميع""، ""السكون المقارن""، ""التفضيلات المعجمية""، ""النماذج الخطية""، ""الترتيبات""، و""الاقتصاد الكيفي"").",VALIDATED,GOLD
data51849,WIKI_D_09959,D,لمضاربة ممنوعة منعاً كلياً فالدوريات الأوروبية ديال الهوكي المحترف وفالألعاب الأولمبية ديال الهوكي على الجليد. القواعد الدولية (ديال الاتحاد الدولي لهوكي الجليد - إي إي إتش إف) كاتحدد فلقاعدة 141  – لمضاربة، لعقوبات تّالية (من بين أمور خرة): عقوبة كبيرة ديال خمسة دقايق والطرد من لماتش.," l-mdarba mamnu3a man3an kulliyan f-d-dawriyat l-oropiya dyal l-hockey l-mo7tarif u f-l-al3ab l-olombiya dyal l-hockey 3la l-jalid. l-9awa3id d-dawliya (dyal l-itti7ad d-dawli l-hockey l-jalid - IIHF) kat-7added f-l-9a3ida 141 – l-mudarba, l-3o9obat t-taliya (mn bayn omur khra): 3o9oba kbira dyal 5 d9ay9 u t-tard mn l-match.","Fighting is strictly prohibited in European professional hockey leagues and in the Olympic Ice Hockey games. International rules (IIHF) specify in Rule 141 – Fighting, the following penalties (among others): a major penalty of five minutes and a game misconduct.",تُمنع المشاجرات منعاً باتاً في الدوريات الأوروبية لهوكي الجليد المحترف وفي الألعاب الأولمبية. وتنص القواعد الدولية (الخاصة بالاتحاد الدولي لهوكي الجليد - IIHF) في القاعدة رقم 141 المتعلقة بالمشاجرات، على العقوبات التالية (من بين أمور أخرى): عقوبة كبرى لمدة خمس دقائق والطرد من المباراة.,VALIDATED,GOLD
data51850,WIKI_D_12295,D,أديرال كيتعتبر عندو إمكانية كبيرة يتستعمل بشكل غالط بحال دوا ديال اللعب و الترفيه. طابليطات ديال أديرال يمكن يتهرسو و يتشخّرو، ولا يدّوبو ف الما و يتضربو بالإبرة. الضرب بالإبرة ف الدم يقدر يكون خطر حيت داكشي اللي كيكون زايد ف الطابليطات و ماكايدوبش كيسد العروق الصغيرة ديال الدم.," adderall kay-t3taber 3ndu imkaniya kbira yt-st3mel b-chkel ghalet b7al dwa dyal l-l3eb u t-tarfih. tablets dyal adderall ymken yt-harsu u yt-chkhru, wla y-ddubu f l-ma u yt-drbu b-l-ibra. d-drb b-l-ibra f d-dem y9der ykun khatar 7it dakchi li kay-kun zayed f t-tablets u ma-kay-dubch kay-sed l-3ru9 l-sghira dyal d-dem."," Adderall is considered to have a high potential for misuse as a recreational drug. Adderall tablets can be crushed and snorted, or dissolved in water and injected. Intravenous injection is dangerous because the insoluble fillers in the tablets can clog small blood vessels.", يُعتبر أديرال من الأدوية التي تنطوي على احتمالية كبيرة لإساءة الاستخدام كعقار ترفيهي. حيث يمكن سحق أقراص أديرال واستنشاقها، أو إذابتها في الماء وحقنها وريدياً. ويشكل الحقن الوريدي خطورة بالغة لأن المواد المضافة غير القابلة للذوبان في الأقراص قد تؤدي إلى انسداد الأوعية الدموية الصغيرة.,VALIDATED,GOLD
data51851,WIKI_C_07358,C,هادي واحد الخطافة كاتطير بالزربة بالجهد ومرة مرة كادير شي تشي خفيف فالسما. ماعرفتش كفاش نعيط ليها، أما هي طير ساكت تقريبا، وعندها شي غنيوة قصيرة فيها تلاتة د النوطات ف وقت التزاوج.," hadi wa7ed l-khottafa kat-tir b-z-zerba b-l-jehd u mra mra ka-dir chi tchi khfif f-s-sma. ma-3reftch kifach n-3eyyet liha, amma hiya tir saket ta9riban, u 3ndha chi ghniwa qsira fiha tlata d-notat f-wa9t t-tazawuj.","This is a swift (or swallow) that flies at high speed, occasionally making a faint tchi sound in the sky. Its call is difficult to describe as it is a generally silent bird, but it has a short song consisting of three notes during the breeding season.",هذا نوع من طيور الخطاف (السمامة) يطير بسرعة فائقة، ويصدر أحياناً صوتاً خفيفاً يشبه تشي في السماء. وبالرغم من صعوبة تحديد ندائها، إلا أنها طائر صامت غالباً، ولديها تغريدة قصيرة تتكون من ثلاث نوتات خلال موسم التزاوج.,VALIDATED,GOLD
data51852,DATA_9409,A,كنت ف حالة خايبة,kont f 7ala khayba,i was in bad place,كنت في وضع سيء,VALIDATED,GOLD
data51853,WIKI_C_09025,C,بي أي 763 كان طريق لي كيربط بي أي 263 ف هاتبورو ب بي أي 232 ف لوير مورلاند تاونشيب، تابع طريق بايبيري. تدار عام 1930 وتحيدت السمية ديالو عام 1940.,"PA 763 kan tri9 li kay-rbet PA 263 f Hatboro b PA 232 f Lower Moreland Township, tabe3 tri9 Byberry. t-dar 3am 1930 u t-7aydet s-smiya dyalu 3am 1940.","PA 763 was a route that connected PA 263 in Hatboro to PA 232 in Lower Moreland Township, following Byberry Road. It was designated in 1930 and decommissioned in 1940.",كان الطريق بي إيه 763 مساراً يربط الطريق بي إيه 263 في هاتبورو بالطريق بي إيه 232 في بلدة لوير مورلاند، متبعاً طريق بايبيري. أُنشئ هذا الطريق عام 1930 وأُلغيت تسميته في عام 1940.,VALIDATED,GOLD
data51854,DATA_0128,A,"أوه, تايبالّيا الضياف اللولين جايّين","Oh, tayballia ddyaf llowlin jayyin","Oh, I think the first guests are coming",آه، أعتقد أن الضيوف الأوائل قادمون,VALIDATED,GOLD
data51855,WIKI_C_10783,C,واخا كانت علنات باللي غاتدير، إي بي سي مادارتش سيزون جوج ديال فيليپين آيدول. مصادر قالو باللي إي بي سي خسرات بزاف ديال لفلوس فالسيزون اللول حيت مداخيل الإعلانات كانت ناقصة بزاف على لي كانو كيتسناو.,"wakha kant 3elnat belli gat-dir, ABC ma-dartch season juj dyal Philippine Idol. masadir 9alu belli ABC khesrat bzzaf dyal l-flus f-l-season l-luwel 7it madakhil l-i3lanat kant na9sa bzzaf 3la li kanu kay-tsennaw.","Despite previously announcing it would, ABC did not produce a second season of Philippine Idol. Sources stated that ABC lost a significant amount of money during the first season because advertising revenues were much lower than expected.",على الرغم من إعلانها المسبق عن نيتها إنتاج موسم جديد، إلا أن قناة إي بي سي لم تعرض الموسم الثاني من برنامج فيليبين آيدول. وذكرت مصادر أن القناة تكبدت خسائر مالية كبيرة في الموسم الأول بسبب تراجع عائدات الإعلانات عن التوقعات.,VALIDATED,GOLD
data51856,WIKI_C_12142,C,سبعة د الناس ماتو فاش كانوا كيبنيوا القنطرة قبل ما تفتحها الملكة إليزابيث الثانية ودوق إدنبرة نهار ربعة ف شتنبر عام 1964. الباطو لي كان كيدي ويجيب حبس من داك النهار., seb3a d n-nas matu fach kanu kay-bniw l-9antara 9bel ma t-f-te7ha l-malika elizabeth t-tanya u duke of edinburgh nhar rbe3a f-chetnber 3am 1964. l-bato li kan kay-di u y-jib 7bes mn dak n-nhar.,"Seven people died during the construction of the bridge before it was officially opened by Queen Elizabeth II and the Duke of Edinburgh on September 4, 1964. The ferry service that used to carry passengers back and forth stopped operating from that day on.",لقي سبعة أشخاص حتفهم أثناء تشييد الجسر قبل افتتاحه رسمياً من قبل الملكة إليزابيث الثانية ودوق إدنبرة في الرابع من سبتمبر عام 1964. ومنذ ذلك اليوم، توقفت خدمة العبارات التي كانت تربط بين الضفتين.,VALIDATED,GOLD
data51857,WIKI_C_02679,C,براين بنبن فدور روجر هندرسون: واحد الكاتب ديال دبليو بي إن وراجل بيني. وخا كيقهر البوليس، روجر كيلقى حل اللغز ديال القتيلة.,"brian benben f-dor roger henderson: wa7ed l-katib dyal WBN u rajel penny. wakha kay-9her l-bolis, roger kay-l9a 7el l-loghz dyal l-9tila.","Brian Benben stars as Roger Henderson: a staff writer for WBN and Penny's husband. Although he often frustrates the police, Roger consistently finds the solution to the murder mystery.",يؤدي براين بنبن دور روجر هندرسون: وهو كاتب سيناريو في شبكة دبليو بي إن وزوج بيني. وعلى الرغم من إحباطه لرجال الشرطة، إلا أن روجر يتمكن دائماً من فك لغز الجريمة.,VALIDATED,GOLD
data51858,DATA_21225,B,شارل اللول ديال النڭليز (19 نوڤمبر 1600 – 30 يناير 1649). تزوج فـ 1625، هنرييت ماري. تعدم فعمر 48 عام.,"charl l-luwel dyal nngliz (19 nuvanber 1600 - 30 yanayir 1649). tzewwej f 1625, henriyet mari. t3dam f3mer 48 3am.","Charles I of England (19 November 1600 – 30 January 1649). Married 1625, Henrietta Maria. Executed aged 48.",تشارلز الأول ملك إنجلترا (19 نوفمبر 1600 - 30 يناير 1649). تزوج عام 1625، هنريتا ماريا. أُعدم عن عمر يناهز 48 عاماً.,VALIDATED,GOLD
data51859,WIKI_C_02858,C,نانسي كتلعب دور كارول سترونغ، مّات بريندا ومرت روجر. فاش حسبات فرانك الصغير طبيب ومحامي ولوتيري، فرحات بزاف على زواج بنتها.,"nancy katl3ab dor carol strong, mmat brenda u mrat roger. fach 7asbat frank s-sghir tbib u mo7ami u luthery, fer7at bzzaf 3la zwaj bentha.","Nancy plays the role of Carol Strong, Brenda's mother and Roger's wife. When she believed Frank Jr. was a doctor, a lawyer, and a Lutheran, she was overjoyed about her daughter's marriage.",تؤدي نانسي دور كارول سترونغ، والدة بريندا وزوجة روجر. وعندما اعتقدت أن فرانك الصغير طبيب ومحامٍ ولوثري، غمرتها السعادة بزواج ابنتها.,VALIDATED,GOLD
data51860,WIKI_D_11316,D,"الفوتون هو البوزون العياري ديال الكهرومغناطيسية, و داكشي علاش الأعداد الكمية الأخرى ديال الفوتون (بحال رقم الليبتون، رقم الباريون، و أرقام النكهة الكمية) كيساويو صفر. و زيد عليها، الفوتون ماكيتبعش مبدأ الاستبعاد ديال پاولي.","lfotone huwa lbozon l3iyari dyal lkahromaghnatisia, w dakchi 3lach l2a3dad lkamia l2okhra dyal lfotone (b7al r9m llipton, r9m lbaryon, w 2ar9am nnak7ha lkimia) kaysawiw ssifr. w zid 3liha, lfotone ma kaytba3ch mabda2 l-istib3ad dyal pauli.","The photon is the gauge boson for electromagnetism, and therefore all other quantum numbers of the photon (such as lepton number, baryon number, and flavour quantum numbers) are zero. Also, the photon does not obey the Pauli exclusion principle.",الفوتون هو البوزون القياسي للكهرومغناطيسية، وبالتالي فإن جميع الأعداد الكمية الأخرى للفوتون (مثل العدد الكمي لللبتون، والعدد الكمي للباريون، وأعداد النكهة الكمية) تساوي صفرًا. بالإضافة إلى ذلك، لا يخضع الفوتون لمبدأ الاستبعاد لباولي.,VALIDATED,GOLD
data51861,DATA_9755,A,علاش مابغيتيش تنخرط فالجمعية ديالي؟,3lach mabghitich t-nkharet f ljam3ya diali?,why you dont wanna join my association?,لماذا لا ترغب في الانضمام إلى الجمعية الخاصة بي؟,VALIDATED,GOLD
data51862,DATA_20786,B,فاش تّحلات لّعبة، جات ف لّمرتبة تّالتة ف أحسن لعبة جديدة ديال 2006 ف جوائز ڭولدن تيكيت.,"fash t-t7allat l-l3ba, jat f l-mortaba t-talta f ahsan l3ba jdida dyal 2006 f jawai2iz golden ticket.","when the ride opened, it ranked third in the best new ride of 2006 category at the golden ticket awards.",عند افتتاح اللعبة، حلت في المرتبة الثالثة ضمن فئة أفضل لعبة جديدة لعام 2006 في جوائز التذكرة الذهبية (جولدن تيكيت).,VALIDATED,GOLD
data51863,WIKI_D_05930,D,الصلابة ديال الدار تّيستات ف أوائل الأربعينات، فاش طاحت واحد التورنادو على الضيعة. كاع البيوت لي تابعين للضيعة تهرسو؛ ولكن الدار بقات صحيحة، من غير شي خاميات طارو من واحد الشرجم.," s-slaba dyal d-dar t-testat f awa2il l-arba3inat, fach ta7et wa7ed tornado 3la d-day3a. ka3 l-byut li tab3in l-day3a t-harsu; walakin d-dar b9at s7i7a, mn ghir chi khamiyat taru mn wa7ed ch-chorjem.","The house's durability was tested in the early 1940s when a tornado struck the farm. All the outbuildings on the farm were destroyed, but the house remained intact, except for some curtains that were blown out of a window.",اختُبِرت صلابة المنزل في أوائل الأربعينيات، عندما ضرب إعصار (تورنادو) المزرعة. فقد دُمرت جميع المباني التابعة للمزرعة؛ إلا أن المنزل ظل صامداً، باستثناء بعض الستائر التي طارت عبر إحدى النوافذ.,VALIDATED,GOLD
data51864,DATA_19129,B,هاد الطابلو كيعطينا التقاطعات الرئيسية على طول الطريق السيار رقم 73، كيفما مسجلينها وزارة النقل ديال أونتاريو.,"had tableau kay3tina t-ta9ato3at r-ra2issiya 3la t-toule t-tri9 s-siyar ra9m 73, kifma msajjlinha wizarat n-na9l dyal ontario.","the following table lists the major intersections along highway 73, as noted by the ontario ministry of transportation.",يسرد الجدول التالي التقاطعات الرئيسية على طول الطريق السريع رقم 73، كما سجلتها وزارة النقل في أونتاريو.,VALIDATED,GOLD
data51865,WIKI_D_11312,D,هادي لائحة ديال الأجرام لي معروفة، مرتبة تنازليا على حسب أقرب نقطة للشمس، لي ما يمكنش بسهولة يتشتتو بمدار نبتون الحالي، وبالتالي غالبا أجرام منفصلة، ولكن كاينين داخل الفجوة ديال أقرب نقطة للشمس لي فيها تقريبا 50 لـ 75 وحدة فلكية لي كاتحدد السدنويدات.,"hadi la2i7a dyal l-ajram li ma3rufa, m-rttba tanazulyan 3la 7asab a9rab no9ta l-chams, li ma-ymkench b-sohula yt-cht-ttu b-madar neptune l-7ali, u b-t-tali ghaliban ajram monfasila, walakin kaynin dakhel l-fajwa dyal a9rab no9ta l-chams li fiha ta9riban 50 l-75 wa7da falakiya li kat-7added l-sednoidat.","This is a list of known celestial objects ranked in descending order by perihelion, which cannot be easily scattered by Neptune's current orbit and are thus mostly detached objects. They lie within the perihelion gap of approximately 50 to 75 AU that defines the Sednoids.",هذه قائمة بالأجرام السماوية المعروفة، مرتبة تنازلياً حسب نقطة الحضيض الشمسي، والتي لا يمكن أن تتأثر بسهولة بمدار نبتون الحالي؛ لذا تُعتبر أجراماً منفصلة. تقع هذه الأجرام ضمن فجوة الحضيض الشمسي (تقريباً بين 50 و75 وحدة فلكية) التي تميز فئة السدنويدات.,VALIDATED,GOLD
data51866,WIKI_D_02255,D,فلوّل د التلاتينات ديال القرن العشرين، تطوّر لمطار ديال البحرين. كانت شركة إمبيريال إيرويز كاتطيّر ليه، بما فيهوم الطيارة ديال هاندلي پيج إتش پي 42. من بعد فنفس العشرينات تأسس لمطار البحري ديال البحرين، ديال الطيارات المائية والسيّارات البحرية.,"f l-wwl d t-tlatinat dyal l-qarn d l-3eshren, ttwwr l-mtar dyal l-bhren. kanet sheriket imperial airways kattayer lih, bima fihom ttayara dyal handley page HP42. men ba3d f-nfs l-3eshrenat t-t2ases l-mtar l-bhri dyal l-bhren, dyal ttayyarat l-ma2iya w s-sayarat l-bhriya.","In the early 1930s, Bahrain Airport was developed. Imperial Airways operated flights there, including the Handley Page H.P.42 aircraft. Later, during the same 1920s period, Bahrain's marine airport was established for seaplanes and flying boats.",في أوائل الثلاثينيات من القرن العشرين، تطور مطار البحرين. كانت شركة إمبيريال إيرويز تسيّر رحلات إليه، بما في ذلك طائرة هاندلي بيج إتش بي 42. بعد ذلك، وفي نفس العشرينيات، تأسس مطار البحرين البحري للطائرات المائية والقوارب الطائرة.,VALIDATED,GOLD
data51867,DATA_9131,A,أنا غادي نسجّل ليك ولدك فلمدرسة واحا ماكايناش بلاصة,ana ghadi nsejjel lik weldek flmadrassa wa5a makaynach blassa,i will enroll your child in school even though there are no spots available,سأقوم بتسجيل ابنك في المدرسة حتى وإن لم تكن هناك أماكن شاغرة,VALIDATED,GOLD
data51868,DATA_8847,A,أنا غادي نتبع هاداك شفار,ana ghadi ntbe3 hadak chffar,i will follow that robber,سأتبع ذلك اللص,VALIDATED,GOLD
data51869,WIKI_D_01922,D,نهار 29 يونيو 2012، كريس بوش عيّط لمدرب المنتخب الوطني ديال الرجال مايك كرزيفسكي والرئيس جيري كولانجلو باش يقول ليهوم بلي ما غاديش يشارك فالألعاب الأولمبية ديال 2012 ف لندن باش يتعافى من واحد الجبدة فالعضلات ديال البطن السفلية اللي خلاتو ما يلعبش شي ماتشات فالبلاي أوف.,"nhar 29 younyou 2012, Chris Bosh 3iyyet l-modarrib d l-montakhab l-watani dyal r-rjal Mike Krzyzewski w r-rais Jerry Colangelo bash y9ol lihom blli ma-ghadiish ysharek f l-al3ab l-olombiya dyal 2012 f London bash y-t3afa mn wa7d l-jebda f l-3adalt dyal l-batn s-soufliya li khllato mayl3bsh shi matshat f l-play-off.","On June 29, 2012, Chris Bosh called men's national team coach Mike Krzyzewski and president Jerry Colangelo to inform them that he would not participate in the 2012 London Olympics to recover from a lower abdominal strain that caused him to miss several playoff games.",في 29 يونيو 2012، اتصل كريس بوش بمدرب المنتخب الوطني للرجال مايك كرزيفسكي والرئيس جيري كولانجيلو ليخبرهما بأنه لن يشارك في الألعاب الأولمبية لعام 2012 في لندن، وذلك للتعافي من تمزق في عضلات البطن السفلية منعه من خوض عدة مباريات في الأدوار الإقصائية.	,VALIDATED,GOLD
data51870,WIKI_C_03192,C,"ملي كتسولو علاش هو بوليسي ديال الجريمة، كايجاوب: ""حيت الموتى ما يقدروش يهضرو على راسهم"". هاد الهضرة عزيزة عليه و كيبقى يعاودها بزاف.","mlli ktswlu 3lash huwa bolisi dyal ljarima, kayjawb: ""7it lmutta ma yqdrush yhdwru 3la rashum"". had lhdra 3ziza 3lih w kaybqa y3awdha bzaf.","When asked why he is a CSI, he responds: ""Because the dead can 't speak for themselves"". This is one of his favorite quotes, and he uses it frequently.","عندما يُسأل لماذا هو محقق في مسرح الجريمة، يجيب: ""لأن الموتى لا يستطيعون التحدث عن أنفسهم"". وهذا أحد اقتباساته المفضلة، ويستخدمه بشكل متكرر.",VALIDATED,GOLD
data51871,WIKI_D_04117,D,الميدالية مصنفة الرابعة فالترتيب ديال الأسبقية ديال لبس الميداليات والأوسمة. الميداليات كايتصنعو ف دار السكة ديال علي بور، كولكاتا مع الجوائز المدنية والعسكرية الأخرى بحال بهارات راتنا، بادما بوشان، بادما شري، وبارام فير شاكرا.,"lmidaliya msnfa rrab3a f tartib dyal l-asbqiya dyal lbss lmidaliyat wl-awssima. lmidaliyat kaytsn3o f dar s-seka dyal ali bor, kolkata m3a l-jawa2iz l-madaniya l-3askriya l-okhra b7al bharat ratna, padma bhushan, padma shri, w param vir chakra.","The medal is ranked fourth in the order of precedence of wearing of medals and decorations. The medals are produced at Alipore Mint, Kolkata along with the other civilian and military awards like Bharat Ratna, Padma Bhushan, Padma Shri, and Param Veer Chakra.",تُصنّف الميدالية في المرتبة الرابعة في ترتيب الأسبقية لارتداء الميداليات والأوسمة. تُنتج الميداليات في دار السك في علي بور، كولكاتا، جنبًا إلى جنب مع الجوائز المدنية والعسكرية الأخرى مثل بهارات راتنا، وبادما بوشان، وبادما شري، وبارام فير تشاكرا.,VALIDATED,GOLD
data51872,WIKI_C_04844,C,التوصيل ديال البيع بالتفصيل بدا ف أواخر غشت 2014. الحكومة ديال الجزيرة دارت تعويض ديال 100% على الضريبة ديال الاستهلاك ف شراء الطوموبيلات اللي كيمشيو بالضو حتى ل 8000 دولار.	,t-tawsil dyal l-bi3 b t-tafsil bda f awakhir ghusht 2014. l-hokoma dyal l-jazira daret ta3wid dyal 100% 3la d-dariba dyal l-istihlak f shra d t-tomobilat lli kaimshiw b d-daw 7ta l 8000 dolar.,"Retail deliveries began in late August 2014. The Island government provided a 100% rebate on the consumption tax for the purchase of electric cars, up to 8,000 dollar.",بدأت عمليات التسليم بالتجزئة في أواخر أغسطس 2014. قدمت حكومة الجزيرة إعفاءً ضريبياً بنسبة 100% على ضريبة الاستهلاك عند شراء السيارات الكهربائية بما يصل إلى 8000 دولار.	,VALIDATED,GOLD
data51873,WIKI_C_01945,C,لفيلم ربح شي جوائز كبار بحال جوج ديال ستار سكرين أووردز وتلاتة ديال زي سين أووردز وزيد وزيد جوائز خرى. وبزيادة على هادشي، لفيلم ترشح لأنواع ديال الجوائز من كل شكل ولون.	,"l-film rbe7 shi jawa2iz kbar b7al joj dyal Star Screen Awards w tlata dyal Zee Cine Awards w zid w zid jawa2iz khra. w b-zyada 3la hadshi, l-film t-rashsha7 l-anwa3 dyal l-jawa2iz mn kol shkel w lon.","The film won several major awards, including two Star Screen Awards and three Zee Cine Awards, among others. In addition, the film was nominated for various types of awards across many categories.",فاز الفيلم بعدة جوائز كبرى مثل جائزتي ستار سكرين وثلاث جوائز زي سين وغيرها من الجوائز الأخرى. بالإضافة إلى ذلك، تم ترشيح الفيلم لمختلف أنواع الجوائز من كل حدب وصوب.	,VALIDATED,GOLD
data51874,WIKI_C_05978,C,"(فانغ تيت (1996). هاكا فا فات (هاكا پرونانسيايشن ديكشنري 
.تايپي: ساوثرن ماتيريالز سنتر. إس بي إن 957-638-359-5.	",Phang Tet (1996). Hakka fa Fat (Hakka Pronunciation Dictionary). Taipei: Southern Materials Center. ISBN 957-638-359-5.	,Phang Tet (1996). Hakka fa Fat (Hakka Pronunciation Dictionary). Taipei: Southern Materials Center. ISBN 957-638-359-5.,فانغ تيت (1996). هاكا فا فات (قاموس نطق لغة الهاكا). تايپي: مركز المواد الجنوبية. الرقم الدولي المعياري للكتاب 957-638-359-5.	,VALIDATED,GOLD
data51875,WIKI_C_04481,C,ف 24 شتنبر 2015، پيوديباي لاح الفيديو ديال اللعبة اللي تسناها بنادم بزاف، پيوديباي ليجند أوف ذا بروفيست على أيو إس وأندرويد. اللعبة مصايباها شركة كندية سميتها أوترمايندز بتعاون مع كيلبيرغ براسو.,"f 24 shutnber 2015, PewDiePie la7 l-video dyal l-le3ba lli t-snaha bnadm bzaf, PewDiePie: Legend of the Brofist 3la iOS w Android. l-le3ba msaybaha sharika kanadiya smitha Outerminds b-ta3awon m3a Kjellberg brasou.	","On September 24, 2015, PewDiePie released a video for the highly anticipated game, PewDiePie: Legend of the Brofist on iOS and Android. The game was developed by a Canadian company called Outerminds in collaboration with Kjellberg himself.",في 24 سبتمبر 2015، نشر بيوديباي فيديو للعبة التي طال انتظارها، بيوديباي: أسطورة البروفيست على نظامي آي أو إس وأندرويد. اللعبة من تطوير شركة كندية تدعى أوترمايندز بالتعاون مع كيلبيرغ نفسه.,VALIDATED,GOLD
data51876,WIKI_C_07881,C,وزارة الدفاع (2016). برنامج الاستثمار المدمج 2016 (پي دي إف). كانبيرا: وزارة الدفاع. إي إس بي إن 978-0-9941680-6-1.,wizarat d-difa3 (2016). barnamaj l-istithmar l-mudmaj 2016 (PDF). kanbera: wizarat d-difa3. ISBN 978-0-9941680-6-1.,Department of Defence (2016). 2016 Integrated Investment Program (PDF). Canberra: Department of Defence. ISBN 978-0-9941680-6-1.,وزارة الدفاع (2016). برنامج الاستثمار المتكامل 2016 (PDF). كانبيرا: وزارة الدفاع. الرقم الدولي المعياري للكتاب 978-0-9941680-6-1.	,VALIDATED,GOLD
data51877,DATA_4844,A,واش دايرين تخفيض؟,wach dayrin tekhfid?,do you offer a discount?,هل تقدمون خصمًا؟,VALIDATED,GOLD
data51878,WIKI_D_10617,D,برافو نوفمبر دار مسيرة مهنية متميزة فالسلاح الجوي الملكي و شارك فجميع النزاعات ديال 30 عام اللخرانية و شاف ربعة من الطيارين ديالو خداو صليب الطيران المتميز على أعمال داروهم مللي كانو كيتحكمو فالطيارة.,bravo november dar masira mihaniya metmeyza fs-slah l-jawi l-malaki w charek f jami3 n-niza3at dyal 30 3am lakhirania w chaf rab3a mn t-tyarin dyalo khadaw salib tayan l-mutamiz 3la a3mal darohom mlli kanou kyt7akmo fttyara.,Bravo November has had a distinguished career within the Royal Air Force serving in every conflict of the last 30 years and has seen four of its pilots awarded the Distinguished Flying Cross for actions whilst at the controls of the aircraft .,حققت الطائرة برافو نوفمبر مسيرة متميزة في سلاح الجو الملكي من خلال مشاركتها في كافة نزاعات السنوات الثلاثين الأخيرة، حيث نال أربعة من طياريها وسام صليب الطيران المتميز تقديراً لبطولاتهم أثناء قيادتها.	,VALIDATED,GOLD
data51879,WIKI_C_10897,C,بزاف ديال الطقوس اللي كيقبلوا العيالات عندهم شعائر بحال ديال الماسون، كيكونوا مؤسسين من طرف الماسون، ولكن في أحسن الأحوال كيتلقاو بواحد الترحيب متردد من عند الماسون ديال المحافل الكبار. ومع ذلك، كيبقاو يجندوا أعضاء جداد من داخل الماسونية العادية.,"bezzaf dyal ttoqoos lli kayqbelo l3ayalat 3andhom sha3a2er b7al dyal mason, kaykono mo2assesin man tarf lmasons, walakin f a7san l7wal kaytlaqaw bwa7d tr7ib mottaraded man 3nd lmason dyal lma7afel lkbar. wm3a dhalk, kaybqaw yjando a3dda2 jdad man da5l lmasouniya l3adiya.","Many rites accepting women have ritual of a Masonic style, are founded by Masons, but at best have an ambivalent reception amongst Grand Lodge masons. Nonetheless, they actively recruit new members from within regular masonry.",العديد من الطوائف التي تقبل النساء لديها طقوس ذات طابع ماسوني، وتؤسس من قبل الماسونيين، ولكن في أحسن الأحوال تحظى باستقبال غامض بين الماسونيين من المحافل الكبرى. ومع ذلك، فإنهم ينشطون في تجنيد أعضاء جدد من داخل الماسونية النظامية.,VALIDATED,GOLD
data51880,WIKI_C_06360,C,فالعام ديال 1967، سير فرانسيس شيشيستر كان ناوي يدور على العالم كامل بوحدو فباطو. وصاوب واحد الباطو يتبنى على هاد الغرض فالورش ديال سوتر ف كاوز، ف جزيرة وايت.	,"f l-3am dyal 1967, Sir Francis Chichester kan nawi y-dor 3la l-3alam kamel bo7do f-bato. w-sawb wa7d l-baTo y-t-bna 3la had l-gharad f-l-warsh dyal souter f Cowes, f-Jazirat Wight.","In 1967, Sir Francis Chichester was determined to sail around the world alone. A boat was built for him for this purpose at the Souter yard in Cowes, on the Isle of Wight.",في عام 1967، كان السير فرانسيس تشيشيستر عازماً على الإبحار حول العالم بمفرده. وقد بُني له قارب خصيصاً لهذا الغرض في حوض سوتر في كاوز بجزيرة وايت.,VALIDATED,GOLD
data51881,DATA_22825,B,داڤيد فيرير (ربح على نادال ف يو إس أوبن ديال 2007 و الأوستراليان أوبن ديال 2011، و على موراي ف فرنش أوبن ديال 2012),"David Ferrer (rb7 3la Nadal f US Open dyal 2007 w l-Australian Open dyal 2011, w 3la Murray f French Open dyal 2012)","David Ferrer (defeated Nadal at the 2007 US Open and the 2011 Australian Open, and Murray at the 2012 French Open)",ديفيد فيرير (هزم نادال في بطولة أمريكا المفتوحة 2007 وبطولة أستراليا المفتوحة 2011، وموراي في بطولة فرنسا المفتوحة 2012),VALIDATED,GOLD
data51882,WIKI_C_07285,C,كنتمناو الحكومة ديال ميريكان تحبس التدخل سياسيا وعسكريا واجتماعيا برا حدود الولايات المتحدة الأمريكية. بغينا عدم التدخل.	,k-ntmnaw l-hokoma dyal mirikan t-7bes t-tedakhkhul siyasiyan w 3skariyan w ijtima3iyan bra 7doud l-wilayat l-muta7ida l-amrikiya. bghina 3adam t-tedakhul.,"We hope the U.S. government stops intervening politically, militarily, and socially outside the borders of the United States. We want non-interventionism.",نأمل أن تتوقف الحكومة الأمريكية عن التدخل سياسياً وعسكرياً واجتماعياً خارج حدود الولايات المتحدة الأمريكية. نحن نطالب بعدم التدخل.	,VALIDATED,GOLD
data51883,DATA_12065,A,عمرك تركب داك العود راه كيركل,3emrek t rkeb dak l3awd rah kirkel,"never ride that horse, it kicks",إياك أن تركب ذلك الحصان، فإنه يرفس,VALIDATED,GOLD
data51884,DATA_9399,A,راني كنت شميت شي ريحة ماهياش,rani knt chemit chi ri7a mahiach,i smelled a bad smell,شَمَمْتُ رَائِحَةً كَرِيهَةً,VALIDATED,GOLD
data51885,WIKI_D_03982,D,إتش سي كاري وآي لي (1824)، فيلاديلفيا ف 1824؛ ولا حكاية قصيرة على المؤسسات والحوايج ديال العموم اللي كاينين ف هاد العاصمة، كايونو دليل كامل للبراني، فيلاديلفيا، پنسيلفانيا، ميريكان: إتش سي كاري وآي لي.,"H.C. Carey & I. Lea (1824), Philadelphia f 1824; walla, 7kaya qsira 3la l-mo2assassat w l-7wayj dyal l-3omom li kaynin f had l-3asima, k-ykono guide kamel l l-brrani, Philadelphia, PA, USA: H.C. Carey & I. Lea.	","H.C. Carey & I. Lea (1824), Philadelphia in 1824; or, a brief account of the public institutions and remarkable objects of this metropolis, forming a complete guide for strangers, Philadelphia, PA, USA: H.C. Carey & I. Lea.	",إتش سي كاري وآي لي (1824)، فيلادلفيا في عام 1824؛ أو وصف موجز للمؤسسات العامة والمعالم البارزة في هذه العاصمة، لتكون دليلاً كاملاً للغرباء، فيلادلفيا، بنسيلفانيا، الولايات المتحدة: إتش سي كاري وآي لي.,VALIDATED,GOLD
data51886,WIKI_D_04228,D,مابين 1460 و 1480، فاش كانت شادة الدولة العثمانية، تبنى سيستيم دفاعي كبر، فيه طوابي و حيوط قصار و براوج كتر. و في النص اللول ديال القرن 18، زادوا خنادق محصنة.,"mabin 1460 w 1480, fach kanat shada l-dawla l-3othmaniya, tbna system difa3i kbir, fih twabi w 7iwt qsar w braoj ktar. w f l-nos l-lol dyal l-qarn 18, zadou khanadi9 mo7assana.","Between 1460 and 1480, while held by the Ottoman Empire, a larger defensive system was built, including escarpments, low walls, and more towers. During the first half of the 18th century, fortified trenches were added.",بين عامي 1460 و 1480، أثناء سيطرة الدولة العثمانية، تم بناء نظام دفاعي أكبر، بما في ذلك المنحدرات والجدران المنخفضة والمزيد من الأبراج. خلال النصف الأول من القرن الثامن عشر، أضيفت خنادق محصنة.,VALIDATED,GOLD
data51887,DATA_0598,A,"وه... صراحة, عندي واحد المشكل أ الشاف ...","Uh... Sara7a, 3ndi wahd lmochkil a chef ...","Uh... actually, I have a problem, boss...",اه... في الواقع، لدي مشكلة يا رئيس...,VALIDATED,GOLD
data51888,DATA_0540,A,"راك باقي ضريف, نتا عزيز عليا واخا كاتغش!","rak ba9i Drief, nta 3ziz 3lia wakha katghoch!","You're still nice, I like you even though you're a cheater!",ما زلت لطيفاً، أحبك على الرغم من كونك مخادعاً!,VALIDATED,GOLD
data51889,DATA_2534,A,زوين و باقي يالاه خرج من البحر,zwin o ba9i yalah khrj mn lb7r,It is lovely and fresh,إنه جميل ومنعش,VALIDATED,GOLD
data51890,WIKI_D_01671,D,ف 1970، من بعد ما تقاعد من سيكريتير ديال الحزب، شرا طريف ديال الغابة فين يقدر يرجع للهواية ديالو ديال التشجير. سنين بزاف كان كيدوز الشتا ديالو ف ولاية ديال فلوريدا ف ميريكان، و لكن ف اللخر رجع سكن ف النورويج بصفة نهائية.,"f 1970, men b3d ma tq3ed men secretir dyal l7ezb, chra ttrif dyal lghaba fin yeqder yerja3 lhiwaya dyalo dyal tchrjir. snin bzaf kan kidouz chta dyalo f wilaya dyal Florida f merikan, walakin f le5r rja3 sken f Norweej b sifa nihaiya.","In 1970, after retiring as party secretary, he acquired a patch of woodland where he could resume his passion for forestry. For many years he spent his winters in the US state of Florida, but eventually moved back permanently to Norway.",في عام 1970، بعد تقاعده كأمين عام للحزب، امتلك بقعة من الأخشاب حيث يمكنه استئناف شغفه بالغابات. لسنوات عديدة، قضى فصل الشتاء في ولاية فلوريدا الأمريكية، لكنه عاد في النهاية للاستقرار بشكل دائم في النرويج.,VALIDATED,GOLD
data51891,DATA_10582,A,مانضنش غادي نستهلك ڭاع هاد الماكلة,mandench ghadi nstehlek ga3 had lmakla,I dont think  i will eat all this food,لا أعتقد أنني سآكل كل هذا الطعام,VALIDATED,GOLD
data51892,DATA_23481,B,ديرو مناطق رطبة معالجة على شكل مناطق ديال معالجة مياه الأمطار على مساحة من 35 حتى ل 600 أكر (2.4 كيلومتر مربع)، باش تنقصو من كمية الملوثات اللي فالبيئة.	,"diro manatiq ratba mu3alija f-shkel manatiq dyal mu3alajat miyah l-amtar 3la msaha mn 35 7tta l 600 acre (2.4 kilomitr morabba3), bash t-n9so mn kmiyat l-molawwithat li f l-bi2a.","Construct treated wetlands as stormwater treatment areas on a surface ranging from 35 to 600 acres (2.4 square kilometers), to reduce the amount of pollutants in the environment.",إنشاء مناطق رطبة اصطناعية لمعالجة مياه الأمطار على مساحة تتراوح بين 35 و600 فدان (2.4 كيلومتر مربع)، للتقليل من كمية الملوثات في البيئة.,VALIDATED,GOLD
data51893,WIKI_D_11711,D,خلال الموسم دارو 27 إعصار مداري تسمّاو فغرب المحيط الهادي و سمّاهوم مركز التحذير من الأعاصير المشترك، منين تأكد باللي ولاو عواصف مدارية. هاد السميات داروهم فواحد الليستة جديدة اللي بدات ف 1979.,"khlal l-mowsim daru 27 i3sar madari tssmaw f-gharb l-mohit l-hadi w smmahom markaz t-tahdhir mn l-a3asir l-mochtrak, mnin t2akd bli wallaw 3wasif madariya. had smyatt darohom f-wahed lista jdida lli bdat f 1979.","During the season 27 named tropical cyclones developed in the Western Pacific and were named by the Joint Typhoon Warning Center, when it was determined that they had become tropical storms. These names were contributed to a revised list which started on 1979.",خلال الموسم، تطورت 27 عاصفة استوائية مسماة في غرب المحيط الهادئ وتم تسميتها من قبل مركز التحذير المشترك من الأعاصير، عندما تم تحديد أنها أصبحت عواصف مدارية. تم المساهمة بهذه الأسماء في قائمة منقحة بدأت في عام 1979.,VALIDATED,GOLD
data51894,DATA_23441,B,أكبر عدد ديال الانتصارات فالتاريخ كامل - 224 (من مورا نهاية موسم 2011-2012؛ فات كيرك ماكلين، 211).	,"akbar 3adad dyal l-intisarat f t-tarikh kamel - 224 (mn mora nihayat mawsim 2011-2012; fat Kirk McLean, 211).","Most wins in franchise history - 224 (following the end of the 2011-2012 season; surpassing Kirk McLean, 211).",أكبر عدد من الانتصارات في التاريخ - 224 (بعد نهاية موسم 2011-2012؛ متجاوزاً كيرك ماكلين بـ 211 انتصاراً).	,VALIDATED,GOLD
data51895,DATA_19838,B,بموجب القرار، اللي تم دمجو في قرار مجلس الأمن 2118، سوريا مطالبة تاخد هاد الإجراءات: ما تستعملش، ما تطوروش، وما تنتجش الأسلحة الكيماوية، وتتعاون بشكل كامل مع ل أو پي سي دابليو.	,"b-mojib l-qarar, lli t-tem damjo f qarar majlis al-2amn 2118, suriya motaliba takhod had l-2ijra2at: ma t-st3melsh, ma t-twwersh, w ma t-ntajsh l-asli7a l-kimawiya, w t-t3awn b-shkel kamel m3a l-OPCW.","Under the resolution, which was incorporated into UN Security Council Resolution 2118, Syria is required to take the following measures: not to use, develop, or produce chemical weapons, and to cooperate fully with the OPCW.",بموجب القرار، الذي تم دمجه في قرار مجلس الأمن رقم 2118، تُطالب سوريا باتخاذ الإجراءات التالية: عدم استخدام الأسلحة الكيميائية أو تطويرها أو إنتاجها، والتعاون الكامل مع منظمة حظر الأسلحة الكيميائية.	,VALIDATED,GOLD
data51896,DATA_22168,B,حكايات أخرى كتعاود على شحال من جلسة ديال الشراب و قداس كحل دارو فيهم تضحيات ديال الحيوانات، و شي مرة ضحاو بواحد القزّم.,"7kayat okhra kat3awd 3la sh7al men jalsa dyal shrab o qddas k7el daro fihom tad7yat dyal l7ayawanat, o shi mrra d7ao bwa7ed l-qazzem.","Other tales recount numerous drinking sessions and black masses at which animal sacrifices , and on one occasion the sacrifice of a dwarf , took place.",تحكي قصص أخرى عن العديد من جلسات الشرب والقداس الأسود التي شهدت تقديم تضحيات حيوانية، وفي إحدى المناسبات، تضحية قزم.,VALIDATED,GOLD
data51897,WIKI_C_12309,C,ف 2015، لجمعية لملكية للبستنة علنات على بلان باش يعاودو يقادو جردة ديال وورسلي نيو هال، ويفتحوها ف 2019 بسميت جردة بريدج واتر ديال آر إتش إس.,"f 2015, l-jam3iya l-malakiya l-bastana 3lnat 3la plan bash y-3awdo y-qaddo jarda dyal Worsley New Hall, w yft7oha f 2019 b-smit jarda Bridgewater dyal RHS.	","In 2015, the Royal Horticultural Society announced plans to restore the Worsley New Hall gardens and open them in 2019 as RHS Garden Bridgewater.	",في عام 2015، أعلنت الجمعية الملكية للبستنة عن خطة لإعادة تأهيل حدائق وورسلي نيو هول، وافتتاحها في عام 2019 تحت اسم حديقة بريدج واتر التابعة للجمعية الملكية للبستنة.	,VALIDATED,GOLD
data51898,DATA_12691,B,السارجان باتري ماجور شارل موريتز، اللي دخل فاللول للمدفعية المتطوعة وكان أول واحد يتجند فالمدفعية الدائمة.,"ssarjan patri major charl moritz, li dkhel fel-louel l-medfa3iya l-mutatawi3a o kan awel wa7ed itjenned fel-medfa3iya d-da2ima.","Battery Sergeant Major Charles Moritz , who initially joined the volunteer artillery and was the Permanent Artillery 's first recruit.",كبير ضباط الصف بطارية تشارلز موريتز، الذي انضم في البداية إلى المدفعية التطوعية وكان أول مجند في المدفعية الدائمة.,VALIDATED,GOLD
data51899,WIKI_C_01265,C,الحياة، الحرية، السعي وراء السعادة - فين؟ فقبور ساحات المعارك الأوروبية؟ الفيدرالية الأمريكية للسلام، نيوارك، نيوجيرسي، (حوالي 1938-1942),"l7ayat, l7oriya, sa3iy wara sa3ada - fin? fqbur sa7ate lma3arek l2urubiya? lfedraliya l-amrikia lslam, newark, new jersey, (7awalay 1938-1942)","Life Liberty Pursuit of Happiness - Where ? In The Graves of European Battle Fields? American Federation of Peace, Newark, NJ, (circa 1938-1942)",الحياة، الحرية، السعي وراء السعادة - أين؟ في قبور ساحات المعارك الأوروبية؟ الاتحاد الأمريكي للسلام، نيوارك، نيوجيرسي، (حوالي 1938-1942),VALIDATED,GOLD
data51900,DATA_23551,B,"ضربة حرة مباشرة: كتّعطى للفريق اللي دارت فيه الفاول، إذا كانت الفاولات اللي دارت من النوع اللي داخل فـ""بينالتي"". و يمكن يتسجل منها نيشان.","darba 7orra mobachira: kat3tta l lfariq li dart fih l faul, idha kant l faulat li dart mn n-nou3 li dakhel f ""penalty"". o ymkn ittsjjel mnha nishan.","Direct free kick: awarded to fouled team following certain listed ""penal"" fouls. A goal may be scored directly from a direct free kick.","ركلة حرة مباشرة: تُمنح للفريق الذي تعرض للخطأ بعد ارتكاب بعض الأخطاء ""العقوبة"" المدرجة. يمكن تسجيل هدف مباشرة من ركلة حرة مباشرة.",VALIDATED,GOLD
data51901,DATA_10957,A,تعطلي بزّاف باش تحيد هاد تخربيق,t3etli bezzaf bach t7yed had tkhrbi9, you are too late to leave this bull-shit,لقد فات الأوان لإزالة هذا الهراء.,VALIDATED,GOLD
data51902,DATA_4528,A,هادي طناش قلل قسم,hadi ttnach 9ll 9sm,It is five minutes to twelve,إنها الثانية عشرة إلا خمس دقائق,VALIDATED,GOLD
data51903,DATA_17222,B,الطاليان فيها بزاف ديال محطات توليد الطاقة الشمسية بالضوء، وأكبر وحدة فيهم هي مشروع مونتالتو دي كاسترو اللي فيه 84 ميغاواط.,"t-talyan fiha bzzaf dyal m7a6at twlid 6aqa shamsiya b ddaw, o akbar w7da fihom hiya mchrou3 Montalto di Castro li fih 84 megawatt.","Italy has a very large number of photovoltaic power plants, the largest of which is the 84 MW Montalto di Castro project.",تمتلك إيطاليا عددًا كبيرًا جدًا من محطات الطاقة الكهروضوئية، وأكبرها هو مشروع مونتالو دي كاسترو بقدرة 84 ميجاوات.,VALIDATED,GOLD
data51904,WIKI_C_05026,C,"كتوبة ديال ""نهار ف أرض الرعب"" و ""ليلة ف برج الرعب"" تحولو لجوج لعبات ديال الطبلة ف 1996. اللعبات بجوج تطبعو من طرف ميلتون برادلي و صممهم كريݣ ڤان نيس.","ktouba dyal ""nhar f ard rrou3b"" w ""lila f borj errou3b"" t7awlo ljouj l-l3bat dyal ttabla f 1996. l-l3bat bjoj ttab3o men 6arf milton bradley w s-semamhom craig van ness.","The books ""One Day at HorrorLand"" and ""A Night in Terror Tower"" were adapted into two separate board games in 1996. Both games were published by Milton Bradley and designed by Craig Van Ness.","تم اقتباس كتابي ""يوم في أرض الرعب"" و""ليلة في برج الرعب"" في لعبتين منفصلتين على الألواح عام 1996. نُشرت كلتا اللعبتين بواسطة ميلتون برادلي وصممهما كريغ فان نيس.",VALIDATED,GOLD
data51905,DATA_4031,A,همم، مامتاكدش من هادشي,"hmm, mamta2akdch mn hadchi","hmm, i'm not sure about that",هممم، لست متأكدًا من ذلك.,VALIDATED,GOLD
data51906,WIKI_D_10877,D,الترتيب الموسمي اللي جاي مبني على المعدل الموزون ديال مجموع لمشاهدين فكل حلقة، كيفما سجلاتو نيلسن ميديا ريسيرتش. فترة التسجيل كتبدا ف أواخر شهر 9 (اللي هي البداية ديال لموسم التلفزيوني ديال لشبكات لامريركية) وكتسالي ف أواخر شهر 5.	,"t-t-rtib l-mowsmi lli jay mabni 3la l-mo3addal l-mowzon dyal majmou3 l-moshahidin f-kol 7alqa, kif-ma sejjelato Nielsen Media Research. fatrat t-tesjil k-t-bda f awakhir shher 9 (lli hiya l-bidaya dyal l-mowsom t-talfazyoni dyal sh-shabakat l-amrikiya) w k-t-sali f awakhir shher 5.	","The upcoming seasonal ranking is based on the weighted average of the total number of viewers per episode, as recorded by Nielsen Media Research. The tracking period begins in late September (the start of the U.S. network television season) and ends in late May.","يعتمد الترتيب الموسمي القادم على المتوسط الموزون لإجمالي عدد المشاهدين لكل حلقة، وفقاً لما سجلته شركة ""نيلسن ميديا ريسيرتش. تبدأ فترة التسجيل في أواخر شهر سبتمبر (وهي بداية الموسم التلفزيوني للشبكات الأمريكية) وتنتهي في أواخر شهر مايو.	",VALIDATED,GOLD
data51907,WIKI_C_07440,C,مولات تور: ملك الآلات – سلسلة ديال فيديوات مع كارول ويليامز (عازفة الأرغن) على الأرغنات الكبار والصغار، المشهورين والفريدين اللي كاينين فالعالم. شركة ميريكانية ديال الفيديو والصوت.	,"Moulat Tour: malek l-alat – silsila dyal videowat m3a Carol Williams (3azifat l-organ) 3la l-organat l-kibar w s-sghar, l-mashhorin w l-faridin lli kaynin f l-3alam. sharika mrikaniya dyal video w s-sot.","The Tour: King of Instruments – a video series with Carol Williams (organist) about large and small, famous and unique organs around the world. An American video and audio company.",جولة: ملك الآلات – سلسلة فيديوهات مع كارول ويليامز (عازفة الأرغن) حول آلات الأرغن الكبيرة والصغيرة، المشهورة والفريدة في العالم. وهي شركة أمريكية للإنتاج المرئي والصوتي.	,VALIDATED,GOLD
data51908,WIKI_D_11388,D,لموسيقى د أمريكا اللاتينية شحال هادي وهي مأترة على لموسيقى الشعبية د ميريكان، الجاز، الريتم و بلوز، وحتى لموسيقى دالكانتري. هادشي كايشمل لموسيقى د لبلدان والمناطق د أمريكا اللاتينية اللي كيهضرو بالصبنيولية، البرتغالية، وبعض المرات الفرنسية.,"l-musiqa d amrika l-latiniyya sh7al hadi w hiya ma2tira 3la l-musiqa sh-sha3biyya d amrikan, l-jazz, r-ritm w blues, w 7ta l-musiqa d l-country. hadchi ka y-shmol l-musiqa d l-boldan w l-manatiq d amrika l-latiniya lli k-y-hdru b-s-sebniyoliya, l-bortoghaliya, w b3d l-marrat l-fransiyya.","Latin American music has long influenced American popular music, jazz, rhythm and blues, and even country music. This includes the music of Latin American countries and regions where Spanish, Portuguese, and sometimes French are spoken.",لطالما أثرت موسيقى أمريكا اللاتينية على الموسيقى الشعبية الأمريكية، والجاز، والريتم أند بلوز، وحتى موسيقى الكانتري. ويشمل ذلك موسيقى البلدان والمناطق في أمريكا اللاتينية التي تتحدث الإسبانية، والبرتغالية، وأحياناً الفرنسية.	,VALIDATED,GOLD
data51909,WIKI_D_06048,D,كيعتاقدو بلي الأقمار النظامية ديال المشتري تكونو من واحد القرص ما معروفش بالضبط، واحد الحلقة ديال الغاز والحطام اللي كيتجمعو بحال القرص الكوكبي الأولي. ويقدر يكونو البقايا ديال شي عشرين قمر بحجم الأقمار الجليلية اللي تكونو فالبداية ديال التاريخ ديال المشتري.,"k-y3ta9do blli l-a9mar nizhamiya dyal l-moshtari t-ikono mn wa7d l-qorss ma ma3rofsh bd-dabt, wa7d l-7alqa dyal l-ghaz w l-7utam lli kit-jm3o b7al l-qorss l-kawkabi l-2awali. w y9der y-kono l-baqaya dyal shi 3shrin qamar b-7ajm l-a9mar l-galiliya lli tikono f l-bidaya dyal t-tarikh dyal l-mushtari.","It is believed that Jupiter's regular moons formed from an ill-defined disk, a ring of gas and debris that accreted much like a protoplanetary disk. They may be the remnants of about twenty Galilean-sized moons that formed early in Jupiter's history.",يُعتقد أن الأقمار النظامية للمشتري تشكلت من قرص غير محدد بدقة، وهو عبارة عن حلقة من الغاز والحطام تجمعت بشكل مشابه للقرص الكوكبي الأولي. وقد تكون هذه الأقمار بقايا لنحو عشرين قمراً بحجم الأقمار الغاليلية التي تشكلت في بداية تاريخ كوكب المشتري.	,VALIDATED,GOLD
data51910,DATA_7164,A,زادوني غراد فالخدمة!,zadouni grade fl5edma!,i got a promotion at work!,لقد حصلت على ترقية في العمل!,VALIDATED,GOLD
data51911,WIKI_D_10900,D,لكوانش كانو عندهم مجموعات ديال الرجال و العيالات اللي متخصصين في التحنيط، و كانو كيديرو هاد العملية على حساب جنس الميت. ثقافة لكوانش كانت كاتعتبر هاد الناس ما نقيينش حيت خدمتهم كانت هاكا.,"l-gwanch kanou 3ndhom majmu3at dyal rjal w l3yalat li mtkhassin f-ta7nit, w kanou kydiru had l3amaliya 3la 7sab jinss lmayit. t9afat l-gwanach kanat kat3taber had nass ma na9yinsh 7it khdemt7oum kant haka.","The Guanche had groups of males and females , working as mummification specialists, who would carry out the process according to the gender of the decedent. The Guanche culture considered these individuals unclean due to the nature of their work.",كان لدى الغوانش مجموعات من الرجال والنساء، يعملون كمتخصصين في التحنيط، والذين كانوا يقومون بالعملية وفقًا لجنس المتوفى. اعتبرت ثقافة الغوانش هؤلاء الأفراد غير طاهرين لطبيعة عملهم.,VALIDATED,GOLD
data51912,DATA_12342,A,عمرك جربتي تراصي حجبانك,3emrek jerebti trassi 7ejbanek,Have you tried make your eyebrows,هل جربت أن تشذب حاجبيك,VALIDATED,GOLD
data51913,DATA_2279,A,تأثرت بزاف بشاطحة ديال كناوة، و وليت واعر فيها.,"t2ttrt bzaf bchat7a dyal Gnawa, o wlit wa3r fiha.","I was really moved by the Gnawa dancing, and have become pretty good at it.",لقد تأثرت بشدة برقصة الكناوة، وأصبحت ماهراً فيها إلى حد ما.,VALIDATED,GOLD
data51914,DATA_12190,A,عمرك ت تخلّا على واليديك فدار العجزة,3emrek t t5ella 3la walidik fdar l3ajaza,never leave your parents in a nursing home,إياك أن تترك والديك في دار العجزة,VALIDATED,GOLD
data51915,DATA_17361,B,"كاينين بزاف ديال المصححين المختلفين، من بينهم ""اليد الأولى"" اللي خدّمات على المخطوط، ولكن العدد الإجمالي ديال التصحيحات ماشي كبير بزاف.","kaynin bzzaf dyal lmussahihin lmukhtalfin, men binhum ""lyed l-2uwla"" lli khddmat 3la lmakhtut, walakin l3adad l-2ijmali dyal tass7i7at machi kbir bzzaf.","There are several different correctors, among which the ""first hand"" worked on the codex, but the total number of corrections is not high.","يوجد عدة مصححين مختلفين، عمل من بينهم ""اليد الأولى"" على المخطوطة، إلا أن العدد الإجمالي للتصويبات ليس مرتفعًا.",VALIDATED,GOLD
data51916,DATA_18436,B,سيلولو أيتونو، اللي شاركات لأول مرة ف الألعاب الأولمبية ف رياضة الجودو، كانت هازة الراية ديال ساموا الميريكانية ف المراسيم.	,"Silulu A'etonu, lli sharkat l-2awel merra f l-al3ab l-olombiya f riyadat judo, kanet hazza r-raya dyal samoa lmirikanya f l-marasim.","Silulu A'etonu, a first-time Olympian in judo, was the flag bearer for American Samoa in the ceremonies.",كانت سيلولو أيتونو، التي شاركت لأول مرة في الألعاب الأولمبية في رياضة الجودو، حاملة علم ساموا الأمريكية في مراسم الافتتاح.	,VALIDATED,GOLD
data51917,DATA_0328,A,كانحسّ بحالا ماكاين حتّا سينيال هنا.,kan7ess b7ala makayn 7tta sinyal hna.,I feel like there's no signal here.,أشعر وكأن لا يوجد إشارة هنا.,VALIDATED,GOLD
data51918,WIKI_D_10250,D,نهار 6 فبراير 2012، لإقامة ديالو فالسبيطار ديال سبرينغفيلد، ميسوري، تزادت بربعة دالشهر. الطلب اللي دارو المحامين ديال لوغنر باش يحبسو ليه الدوا بالقوة ترفض. جلسة خرى باش يشوفو واش هو فوعيو تحددات نهار 27 يونيو 2012 ولكن من بعد تبدلات ليها التاريخ.,"nhar 6 febrayer 2012, l-iqama dyalo f s-sbitar dyal Springfield, Missouri, t-zaddat b-reb3a d-shher. t-talab lli daro w l-mo7amin dyal Loughner bash y-7ebso lih d-dwa b-l-quwwa t-rfed. jalsa khra bash y-shoufo wash howa f-wa3yo t-7eddat nhar 27 younyou 2012 walakin mn ba3d t-bedlat liha t-tarikh.","On February 6, 2012, his stay at the Springfield, Missouri hospital was extended by four months. A request by Loughner's attorneys to stop his forced medication was denied. Another hearing to determine his competency was set for June 27, 2012, but the date was later changed.",في 6 فبراير 2012، تم تمديد إقامته في مستشفى سبرينغفيلد بولاية ميسوري لمدة أربعة أشهر إضافية. وقد رُفض الطلب الذي قدمه محامو لوغنر لوقف علاجه القسري بالأدوية. كما حُدد موعد جلسة أخرى لتقييم قواه العقلية في 27 يونيو 2012، إلا أنه تم تغيير التاريخ لاحقاً.,VALIDATED,GOLD
data51919,DATA_11028,A,تعطلي بزّاف باش تمدحني,t3etli bezzaf bach tmde7ni,you are too late to praise me,لقد تأخرت كثيرًا في مدحي,VALIDATED,GOLD
data51920,WIKI_D_11591,D,براشير تزاد ف بيدفورد، إنديانا، ولاكين مشا ل فال دور، كيبيك، وهو صغير. ومثل بلادو، ميريكان، جوج مرات فالمستوى الدولي، ولعب ف بطولة العالم ديال لهوكي ديال آي آي إتش إف متابعة ف 1997 و 1998.,"Brashear tzad f Bedford, Indiana, walakin msha l Val-d'Or, Quebec, w-howa sghir. w-mttel blado, Mirikan, joj mrat f l-mostawa d-dawli, w-l3ab f botolat al-3alam dyal l-hockey dyal IIHF mtab3a f 1997 w 1998.","Brashear was born in Bedford, Indiana, but moved to Val-d'Or, Quebec, as a child. He represented his country, the United States, twice at the international level, playing in consecutive IIHF World Hockey Championships in 1997 and 1998.",ولد براشير في بيدفورد بولاية إنديانا، لكنه انتقل إلى فال دور بمقاطعة كيبيك وهو صغير. مثل بلده الولايات المتحدة مرتين على المستوى الدولي، حيث شارك في بطولتي العالم لهوكي الجليد التابعتين للاتحاد الدولي لهوكي الجليد في عامي 1997 و1998 على التوالي.	,VALIDATED,GOLD
data51921,DATA_6345,A,ماكرهتش ولكن ماعندي ماندير ليك,makrehtch walakin ma3endi mandir lik,i'd love to but i can't,أود ذلك ولكن لا أستطيع,VALIDATED,GOLD
data51922,WIKI_D_03615,D,مينيو ستسلمو من بعد ما قوة بحرية ديال هان بقيادة تشوانغ جو تصيفطات من شاوكسينغ ف شمال جيجيانغ، و انسحبو من شرق أو. قبائل يو ديال شرق أو نقلوهم ل الشمال، بين نهر يانغتسي و نهر هواي.,"minyu stslmu mn b3d ma qwa b7riya dyal han bqiyadt zhuang zhu tsiftat mn shaoxing f shmal Zhejiang, w insa7bu mn sharq Ou. qbayl Yu dyal sharq o nqluhum l shamal, bin nahr Yangtze w nahr Huai.","The Minyue surrendered after a Han naval force led by Zhuang Zhu was dispatched from Shaowing in northern Zhejiang, and withdrew from Eastern Ou. The Yue tribes of Eastern Ou were transferred to the north, between the Yangtze River and Huai River.",استسلمت مملكة مينيو بعد إرسال قوة بحرية من أسرة هان بقيادة تشوانغ جو من شاوشينغ في شمال تشجيانغ، وانسحبت من شرق أو. وتم نقل قبائل اليوي في شرق أو إلى الشمال، بين نهري اليانغتسي وهواي.,VALIDATED,GOLD
data51923,DATA_14117,B,C (s) + H2O (g) -> CO (g) + H2 (g),C (s) + H2O (g) -> CO (g) + H2 (g),C (s) + H2O (g) -> CO (g) + H2 (g),C (s) + H2O (g) -> CO (g) + H2 (g),VALIDATED,GOLD
data51924,WIKI_C_07564,C,الراية البرتغالية ديال القيادة (فلاميلا) هي واحد الراية طويلة مثلثية، خضرا من جهة السارية وحمرا فالريح. خاصها ترفرف فالسارية الرئيسية ديال السفن العسكرية اللي كيقودوها الضباط.	,"raya l-bortughaliya dyal l-qiyada (flamula) wa7da raya twila mothallathiya, khadra mn jihat s-sariya w 7amra f r-ri7. khassha trefref f l-sariya l-ra2issiya dyal s-sofon l-3askariya lli k-y-qoudouha d-dobbat.","The Portuguese commissioning pennant (Flâmula de Comando) is a long triangular flag, green at the hoist and red at the fly. It must be flown from the main mast of warships commanded by officers.",العلم البرتغالي للقيادة (الخفاقة) هو راية طويلة ومثلثة الشكل، خضراء من جهة السارية وحمراء من جهة الطرف الحر. يجب أن ترفرف على السارية الرئيسية للسفن العسكرية التي يقودها الضباط.	,VALIDATED,GOLD
data51925,WIKI_C_10333,C,رونالد روبنسون ديال مؤسسة الشباب ديال ميريكان عطى ألف دولار للحملة. مايكل بوشيل مول شي حاجة وناشر جريدة بويبلو شيفتاين روبرت راولينغز بجوج عطاو خمس مية دولار للحملة ديال تانكريدو.,Ronald Robinson dyal mo2assasat l-chabab dyal mirikan 3ta alf dollar l-7amla. Michael Bushell mol chi 7aja w nachir jaridat Pueblo Chieftain Robert Rawlings b-jouj 3taw khms myat dollar l-7amla dyal Tancredo.,"Ronald Robinson of the Young America's Foundation gave one thousand dollars to the campaign. Michael Bushell, an owner, and Pueblo Chieftain publisher Robert Rawlings both gave five hundred dollars to Tancredo's campaign.",قدم رونالد روبنسون من مؤسسة شباب أمريكا ألف دولار للحملة. كما تبرع كل من مايكل بوشيل، وهو مالك، وروبرت راولينغز ناشر جريدة بويبلو شيفتاين، بمبلغ خمسمائة دولار لحملة تانكريدو.,VALIDATED,GOLD
data51926,WIKI_C_07802,C,مع بداية القرن، موريس لقا راسو مضطر يقنن التعليم ديالو ويبني أكاديمي بالمعقول. التكلفة كانت تقريبا 1200 دولار، داكشي علاش موريس عيط على شي ناس لاباس عليهم ف ليتشفيلد وساوث فارمز باش يعاونوه.,"m3a bdayt l9rn, moris lqa raso mddtr y9nn t3lym dyalo wybni academie blm39ol. takllufa kant ta9riban 1200 dollar, dakchi 3lash moris 3yt 3la chi nas labas 3lihom f litchfield wsouth farms bach y3awnoh.","By the turn of the century, Morris found it necessary to formalize his instruction and construct a proper Academy building. The estimated cost was 1200 dollar, so Morris enlisted wealthy residents of Litchfield and South Farms.",مع حلول مطلع القرن، وجد موريس أنه من الضروري إضفاء الطابع الرسمي على تعليمه وإنشاء مبنى أكاديمية مناسب. بلغت التكلفة التقديرية 1200 دولار، لذا استعان موريس بسكان أثرياء من ليتشفيلد وساوث فارمز.,VALIDATED,GOLD
data51927,DATA_21764,B,"""د بويز"" جيبو لولاد (تيدي رايلي ريميكس) (فيت سوزي) – 3:39","""The Boys"" Jibo l-wlad (Teddy Riley Remix) (feat. Suzi) – 3:39","""The Boys"" Bring the boys (Teddy Riley Remix) (feat. Suzi) – 3:39","""ذا بويز"" أحضروا الأولاد (نسخة تيدي رايلي) (بمشاركة سوزي) – 3:39",VALIDATED,GOLD
data51928,WIKI_C_02675,C,موراي بدا 2005 مصنف رقم 407 عالميا، و لكن فاش كان فجنوب أمريكا في شهر واحد، ضرّو الضهر ديالو و خصو يحيد 3 شهور.,"muray bda 2005 msnaf raqm 407 3alamiyan, walakin fash kan f janoub amrika f shhar wa7ed, ddro ddhr dyalo w khasso y7id 3 shhor.","Murray began 2005 ranked world No. 407, but when he was in South America in January, he hurt his back and had to take 3 months off.",بدأ موراي عام 2005 وهو يحتل المركز 407 عالميًا، ولكن عندما كان في أمريكا الجنوبية في يناير، أصيب في ظهره واضطر إلى الغياب لمدة 3 أشهر.,VALIDATED,GOLD
data51929,DATA_18771,B,سطايشن تو سطايشن (نيو هاري ماسلين ميكس، ثمانية وربعين كيلوهيرتز / ربعة وعشرين بيت دولبي ديجيتال خمسة فاصيلة واحد أي سي تري سراوند ساوند ميكس),"station to station (new harry maslin mix, tmaniya u rb3in kilohertz / rb3a u 3chrin bit dolby digital khmsa fasila wa7ed ac3 surround sound mix)	","Station to Station (New Harry Maslin mix, 48 kHz / 24 bit Dolby Digital 5.1 AC3 surround sound mix)",ستايشن تو ستايشن (توزيع هاري ماسلين الجديد، 48 كيلوهرتز / 24 بت دولبي ديجيتال 5.1 بنظام صوت محيطي إي سي 3),VALIDATED,GOLD
data51930,WIKI_C_10206,C,تيرمينال ديال لكونطينيرات والرورو - كايتعامل مع لكونطينيرات لموتاعددات لوسايط؛ فيه واحد لكابلاج باش تدخل وتخرج السلعة ديال الرو رو؛ كيرسي فيهم طوبات ديال باناماكس، جاي فالشرق ديال لمينا؛ مسيراه جادرانسكا فراتا دي دي,"terminal dyal l-kontaynerat w roro - kayt3aml m3a l-kontaynerat l-mota3addidat l-wasa2it; fih wa7d l-kablaj bach dkhoul w tkhrej sl3a dyal roro; kayrsi fihom tobat dyal panamax, jay f l-char9 dyal l-mina; msiyrah jadranska vrata d.d.","Container and Ro-Ro terminal - handles multimodal containers; it has a cable ramp for Ro-Ro cargo; it accommodates Panamax vessels, located in the east of the port; operated by Jadranska vrata d.d.",محطة الحاويات والرو-رو - تتعامل مع الحاويات متعددة الوسائط؛ تتوفر على جسر كابلات لدخول وخروج بضائع الرو-رو؛ ترسو بها سفن باناماكس، وتقع في شرق الميناء؛ تديرها شركة جادرانسكا فراتا.,VALIDATED,GOLD
data51931,DATA_12817,B,فواحد لاجتماع علني نهار 26 يوليوز 2007 لـ إن تي إس بي علنات على السباب لمحتمل ديال لحاديت وهو لخلل فلبنية ديال لقنطرة	,f wa7d l-ijtima3 3alani nhar 26 yuliyuz 2007 l-NTSB 3lanat 3la s-sbab l-mo7tamal dyal l-7adit w huwa l-khallal f l-bniya dyal l-qntra,In a public meeting on July 26 2007 the NTSB announced the probable cause of the accident which was a structural failure in the bridge,في اجتماع علني عقد في 26 من يوليو 2007 أعلن المجلس الوطني لسلامة النقل عن السبب المحتمل للحادث وهو خلل في بنية الجسر,VALIDATED,GOLD
data51932,DATA_20316,B,بارتي أون ديال جيم جونستون (18 نونبر 2008 – 30 أبريل 2009؛ كانت مستعملة مع دي جي غابرييل),Party On dial Jim Johnston (18 nuanbir 2008 – 30 abril 2009; kant musta3mala m3a DJ Gabriel),Party On by Jim Johnston (November 18 2008 – April 30 2009; used with DJ Gabriel),بارتي أون من تأليف جيم جونستون (من 18 نوفمبر 2008 – 30 أبريل 2009؛ كانت تستخدم مع دي جي غابرييل),VALIDATED,GOLD
data51933,WIKI_D_10434,D,هادشي ماشي بصح فكاع تطبيقات قواعد لبيانات فواحد أوراكل أر دي بي إم إس مثلا لفارغ ونول كيتعتابرو نفس لحاجة وداكشي علاش دمج 'فيش' و نول و'شيبس' كيعطي 'فيش شيبس'.,hadchi machi bsa7 f kga3 ttbii9at dyal qwa3d l-byanat f wa7d Oracle RDBMS mthlan l-faragh w NULL kit3tabro nafs l-7aja w dakchi 3lach damj 'Fish' w NULL w 'Chips' kat3ti 'Fish Chips',"This is not true in all database applications; in an Oracle RDBMS for example, empty and NULL are considered the same thing, which is why 'Fish' and NULL and 'Chips' results in 'Fish Chips'",هذا ليس صحيحاً في جميع تطبيقات قواعد البيانات؛ ففي نظام أوراكل لإدارة قواعد البيانات مثلاً، يعتبر الفراغ والقيمة الملغاة شيئاً واحداً، ولهذا فإن دمج 'فيش' مع نول و'شيبس' يعطي 'فيش شيبس'.,VALIDATED,GOLD
data51934,WIKI_D_12113,D,روكويل وصّا بهاد التصويرة لواحد الوصاية اللي ولات متحف نورمان روكويل ف ستوكبريدج، ماساتشوستس، ودابا هي جزء من المجموعة الدائمة ديال المتحف. روكويل كان ساكن ف ستوكبريدج من 1953 حتى مات ف 1978.,"rokwel wssa bhad ltwsira l wahd lwsiya li welat m7af norman rokwel f stockbridge, massachusetts, w daba hiya juz2 mn lmjmu3a ld2ima dyal l m7af. rokwel kan sakin f stockbridge mn 1953 7ta mat f 1978.","Rockwell bequeathed this painting to a custodianship that became the Norman Rockwell Museum in Stockbridge , Massachusetts , and it is now part of the museum 's permanent collection . Rockwell lived in Stockbridge from 1953 until his death in 1978 .",أوصى روكويل بهذه اللوحة لوصاية أصبحت فيما بعد متحف نورمان روكويل في ستوكبريدج، ماساتشوستس، وهي الآن جزء من مجموعة المتحف الدائمة. عاش روكويل في ستوكبريدج من عام 1953 حتى وفاته في عام 1978.,VALIDATED,GOLD
data51935,WIKI_D_03830,D,على حساب واحد لاستطلاع داخلي دارتو دي إي مع خبير ستطلاعات أمريكي سميتو ستان غرينبيرغ ف شهر مارس-أبريل 2014، أي إن سي كانت غاتجيب 59% ديال الأصوات، دي إي 26% و إي إف إف 8%.,"3la hesab wa7d laistlaa2 dakhili dartou DA m3 khbir istitlaat amriki smitou Stan Greenberg f chher Mars-Abril 2014, ANC kanat ghatjib 59% dyal l'aswat, DA 26% w EFF 8%.","According to an internal poll conducted by the DA with American pollster Stan Greenberg in March – April 2014 , the ANC would get 59 % of the vote , the DA 26 % and the EFF 8 % .",وفقاً لاستطلاع رأي داخلي أجراه حزب المؤتمر الوطني الأفريقي بالتعاون مع خبير استطلاعات أمريكي يدعى ستان غرينبيرغ في مارس-أبريل 2014، سيحصل حزب المؤتمر الوطني الأفريقي على 59% من الأصوات، وحزب المؤتمر الوطني الأفريقي على 26%، وحزب التحالف الديمقراطي على 8%.,VALIDATED,GOLD
data51936,DATA_19942,B,فلاكستاف فيها جوج مؤسسات ديال التعليم العالي، جامعة شمال أريزونا (وحدة من تلاتة د الجامعات العمومية ديال الولاية في أريزونا) و كوكُنينو كوميونيتي كوليدج.,"flagstaff fiha jme3 mu2asasat dyl lta3lim l3ali, jami3at shmal Arizona (wa7da mn tlattet ljami3at l3omoomiya dyl lwilaya f Arizona) w college cocomino community.","Flagstaff is home to two institutions of higher education , Northern Arizona University ( one of the three public state universities in Arizona ) and Coconino Community College .",تعد فلاغستاف موطنًا لمؤسستين للتعليم العالي، جامعة شمال أريزونا (إحدى الجامعات الحكومية الثلاث في ولاية أريزونا) وكلية كوكُنينو المجتمعية.,VALIDATED,GOLD
data51937,DATA_9466,A,كون غير قدرت نتسجل ف هاد الكلوب,koun ghir 9dert ntsejel f had lclub,if only i was in this club,ليتني كنت في هذا النادي,VALIDATED,GOLD
data51938,DATA_6891,A,إنا أغاني كيعجبك تسمع ليهم ملي كتكون كتسب شتا؟,ina aghani ki3ejbek tsme3 lihom mli katkoun katseb chta ?,what songs do you like to listen to on rainy days?,ما الأغاني التي تحب الاستماع إليها في الأيام الممطرة؟,VALIDATED,GOLD
data51939,WIKI_C_00691,C,كاتّحصل. فواحد الكون اللي كيتزاد بحال اللي عايشين فيه، معامل المقياس كيتزاد بشكل رتيب مع الوقت، إذن، z موجب و المجرات اللي بعاد كيبانو مزحوتين للحمر.,"kat7assal. fwa7d lkon lli kiyzad b7al lli 3aychin fih, mo3amil lmiyas kayzad bshkl ratib m3a lwa9t, idan, z mojab w lmajarrat lli b3ad kaybano mz7utin l7mr.","is obtained. In an expanding universe such as the one we inhabit, the scale factor is monotonically increasing as time passes, thus, z is positive and distant galaxies appear redshifted.",يتم الحصول عليه. في كون متوسع مثل الكون الذي نعيش فيه، فإن معامل المقياس يتزايد بشكل رتيب مع مرور الوقت، وبالتالي، فإن z موجب وتظهر المجرات البعيدة مزاحة نحو الأحمر.,VALIDATED,GOLD
data51940,WIKI_C_09530,C,الخيل ديال تراي دو نور كانو فالأصل كايتخدمو بزاف للفلاحة و المعادن. و كانو كايجرو الباطويات فالوادان، واخا هاد الخدمة سالات بالزربة ملي الموطور ولا كايتخدم بزاف فبدوية القرن العشرين.,"el khayl dyal trait du nord kano fal asel kaytkhedmo bezzaf lel flaha w l ma3adin. w kano kayjrou l batowiyat fel wadan, wakha had l khadma salat bezarba mali l motor wla kaytkhedem bezzaf f bdayt l karn 20.","The Trait du Nord was originally used mainly for agriculture and mining . They also towed barges on waterways , although this use ended quickly with the increased use of the engine at the beginning of the 20th century .","كانت ""ترايت دو نور تُستخدم في الأصل بشكل أساسي للزراعة والتعدين. كما كانوا يجرون البوارج على المجاري المائية، على الرغم من أن هذا الاستخدام انتهى بسرعة مع تزايد استخدام المحرك في بداية القرن العشرين.",VALIDATED,GOLD
data51941,DATA_24598,B,بيتر ترافرز ديال رولينج ستون صنفها رقم 2 فالليستة ديالو ديال أحسن الأفلام ديال العقد، وكتب:,"Peter Travers dial Rolling Stone sanfha raqam 2 fellista dyalo dyal ahsan al aflam dyal l'3aqd, wkteb:","Peter Travers of Rolling Stone ranked it number 2 on his list of best films of the decade , writing :",صنّف بيتر ترافيرس من رولينغ ستون الفيلم في المرتبة الثانية ضمن قائمته لأفضل أفلام العقد، وكتب:,VALIDATED,GOLD
data51942,WIKI_C_03862,C,تلاتة وعشرين نوع ديال الفراشات و مية وخمسة ديال الأنواع ديال العثة كايعجبهم التنوع ديال الزهور اللي كاين فالبلاصة. و الزرقا (مانعرفش بالضبط شنو هي) تعتبر نوع من التراث.,tlata w 3ishrin naw3 dyal lfarashat w miya w khamsa dyal l-anwa3 dyal l3ath kay3ajbhom ttannawu3 dyal zzuhur lli kayn felblasa. w zzarga (man3rafch bzdbt shnu hiya) kat3tbar naw3 mn lttrat.,Twenty three species of butterflies and 105 species of moth enjoy the floral diversity of the site . The holly blue ( <unk> <unk> ) is a heritage species .,تتمتع ثلاثة وعشرون نوعًا من الفراشات ومئة وخمسة أنواع من العث بالتنوع الزهري للموقع. أما الفراشة الزرقاء (غير معروفة بالضبط) فهي نوع تراثي.,VALIDATED,GOLD
data51943,DATA_20347,B,إير كتلعب الدور ديالها أليس كريج ففيلم ثور: العالم المظلم ديال مارفل ستوديوز ف 2013. عاودو تخيلوها كطبيبة أسكاردية.,Ir katl3b d-door dyalha Alice Krige f film Thor: Al-3alam Al-mudlim dyal Marvel Studios f 2013. 3awdo tkhayloha k-tbiba Asgardiya.,Eir is portrayed by Alice Krige in the 2013 Marvel Studios film Thor : The Dark World . She is re-imagined as an Asgardian physician .,تجسد أليس كريج شخصية إير في فيلم استوديوهات مارفل عام 2013 ثور: العالم المظلم. تم إعادة تصورها كطبيبة أسغاردية.,VALIDATED,GOLD
data51944,WIKI_D_12238,D,النوع النموذجي، أ. نيغروفاسياتا، اللي كان كيغطي هاد الأنواع كاملة، راه محصور دابا فالساكنة الشمالية اللي ممتدة من السلفادور حتى غواتيمالا على ساحل المحيط الهادي ومن الهندوراس حتى غواتيمالا على ساحل المحيط الأطلسي.,"nnaw3 lnamudhajiy, A. nigrofasciata, lli kan kaghayaty had anwaa3 kamla, rah ma7sur daba fsakna chamalia lli mamtadda mn salvador hata guatemala 3la sa7l lmo7it l hade3 w mn honduras hata guatemala 3la sa7l lmo7it latlasi.","The type species , A. nigrofasciata , which used to cover all these species , is restricted to the northern population ranging from El Salvador to Guatemala on the Pacific coast and from Honduras to Guatemala on the Atlantic coast .",النوع النموذجي، أ. نيغروفاسياتا، الذي كان يغطي كل هذه الأنواع، يقتصر الآن على التجمع السكاني الشمالي الذي يتراوح من السلفادور إلى غواتيمالا على ساحل المحيط الهادئ ومن هندوراس إلى غواتيمالا على ساحل المحيط الأطلسي.,VALIDATED,GOLD
data51945,WIKI_D_09964,D,بزاف ديال الأنشطة ديال بنادم عندها تأتير سلبي على التجمعات السكانية ديال السلاحف البحرية ضخمة الرأس. الوقت الطويل اللي كتاخد السلاحف باش توصل للنضج الجنسي و المعدلات العالية ديال الوفيات ديال البيض و السلاحف الصغار بسبب الظواهر الطبيعية كيزيدو يعقدو المشاكل ديال نقص عدد السكان نتيجة للأنشطة ديال بنادم.,bzaf dyal nnachatat dyal bnadem 3ndha ta2thir slbi 3la tjamou3at skaniyat dyal sala7if lba7riya d-dakhma r-ra2ss. lwaqt t-tawil li katkhdo sala7if bach twaslo lnodej jinsi w lma3adalat l3aliya dyal lwafayat dyal lbeyd w slahaf sgahr bsbab dwhar tbi3iya kayzidou y3a9do lmachakil dyal naqs 3adad sukan natijat lil-anchita dyal bnadem.,Many human activities have negative effects on loggerhead sea turtle populations. The prolonged time required for loggerheads to reach sexual maturity and the high mortality rates of eggs and young turtles from natural phenomena compound the problems of population reduction as a consequence of human activities.,تؤثر العديد من الأنشطة البشرية سلبًا على تجمعات السلاحف البحرية ضخمة الرأس. إن الوقت الطويل الذي تستغرقه السلاحف ضخمة الرأس للوصول إلى النضج الجنسي، ومعدلات النفوق المرتفعة للبيض وصغار السلاحف بسبب الظواهر الطبيعية، يزيدان من تعقيد مشاكل انخفاض أعدادها نتيجة للأنشطة البشرية.,VALIDATED,GOLD
data51946,DATA_9783,A,علاش مابغيتيش تحيد الوسخ؟,3lach mabghitich t 7yed lwskh?,why you don't wanna wash up?,لماذا لا تريد أن تغتسل؟,VALIDATED,GOLD
data51947,WIKI_C_08704,C,قدام شوية، الغازات اللي كتوسع من الثوران العظيم كتلاقا مع المادة اللي بين النجوم وكتسخن حتى لخمسة د المليون د الكيلفن، وكتنتج أشعة إكس ناقصة شوية ف الطاقة اللي كتبان على شكل حْذوة دْالخيل ولا حلقة.,"gddam chwiya, lgazat lli k twss3 mn ttowran l3zym k tleqa m3 lmadat lli bin njoum wktsskhn hta lkhmsa d lmlion d klevn, wktntj ach3t iks naqsa chwiya f ttaqa lli k tban 3la shkl hdwa d lkhayl wlla hala.","Further out , expanding gases from the Great Eruption collide with interstellar material and are heated to around 5 MK , producing less energetic X-rays seen in a horseshoe or ring shape .",فيما بعد، تتصادم الغازات المتوسعة من الانفجار العظيم مع المواد بين النجوم وتسخن إلى حوالي 5 مليون كلفن، منتجةً أشعة سينية أقل طاقة تُرى على شكل حدوة حصان أو حلقة.,VALIDATED,GOLD
data51948,DATA_24174,B,روث، مايكل إس.، كلير إل. ليونس، و تشارلز ميريويدر. إريزيستبل ديكاي : ريوينز ريكليمد . لوس أنجلوس، كاليفورنيا : ڭيتي ريسيرش إنستيتيوت فور ذا هيستوري أوف آرت آند ذا هيومانيتيز، 1997. آي إس بي إن 0892364688 .,ode to marvin fih wa7d t-trif dyal l-iqat mn 'what's going on' dyal marvin gaye .,'ode to marvin' contains a sample of the rhythms from 'what's going on' by marvin gaye,تحتوي أغنية 'أود تو مارفن' على مقطع إيقاعي من أغنية 'واتس غوينغ أون' للمغني مارفن غاي .,VALIDATED,GOLD
data51949,DATA_5533,A,لمحفظة ديالو كاتبان تقيلة,lmi7fada dyalou katban t9ila,his bag looks heavy,محفظته تبدو ثقيلة,VALIDATED,GOLD
data51950,WIKI_D_07734,D,هاد لّبلاصة من طّريق ديال لّانبيريس حدا سّكة لّي قريبة ل لّقمة تسّمات ' كيلر كونڤيكس '؛ ف ظّروف ديال جّْليد، هاد لّميل لّي محدّب يقدر يطيّح لّمشاية لّي ما رادّينش لّبال من فوق صخور ديال كلوڭوين دو آر آردّو. ربعة ديال نّاس ماتو تماك ف شهر فبراير 2009,"had l-blassa mn t-triq dyal llanberis 7da s-sekka lli qriba l-l-qimma t-smmat ' killer convex '; f-d-dorouf dyal l-jllid, had l-mil lli m-7addeb y-qdar y-tayya7 l-mshaya lli ma raddin-sh l-bal mn foq sokhour dyal clogwyn du 'r arddu. rbe3a dyal n-nas matu tmmak f-chhar fevrayer 2009.","The section of the Llanberis Path beside the railway near the summit has been called the "" Killer Convex "" ; in icy conditions , this convex slope can send unwary walkers over the cliffs of Clogwyn Du 'r Arddu . Four people died there in February 2009 .","يُطلق على قسم من مسار لانبريس بجوار السكة الحديد بالقرب من القمة اسم ""المحدب القاتل""؛ في الظروف الجليدية، يمكن لهذا المنحدر المحدب أن يلقي بالمشاة غير الحذرين فوق منحدرات كلوغوين دو 'ر أردو. توفي أربعة أشخاص هناك في فبراير 2009.",VALIDATED,GOLD
data51951,WIKI_D_11970,D,لبرينديبيلترز تكونو مع بداية موسم 2010 السمية ديال لفرقة ماخوذة من سلسلة جبال برينديبيللا اللي كاينة ف لعاصمة لفرقة زادو فيها شي متزلجين جداد لفرقة ديال لمنافسة ف موسم 2011,l-brindabelters t-kwno m3a bidayat mwsme 2010 s-smiya dyal l-ferqa makhudha mn silsilat jbal brindabella lli kayna f l-3asima l-ferqa zado fiha chi mtzeljin jdad l-ferqa dyal l-monafassa f mwsim 2011,The Brindabelters were formed at the start of the 2010 season The team name is taken from the Brindabella Mountain Range located in the capital The team added some new skiers to the competition team for the 2011 season,تأسس فريق البرينديبيلترز مع بداية موسم 2010 اسم الفريق مأخوذ من سلسلة جبال بريندابيلا الموجودة في العاصمة وقد أضاف الفريق متزلجين جدد لفريق المنافسة في موسم 2011,VALIDATED,GOLD
data51952,WIKI_C_06188,C,فويت تزاد ف يونكرز نيويورك ف 1937 خوتو هوما لممثل جون فويت وكاتب لأغاني تشيب تايلور ولممثلة أنجيلينا جولي هي بنت ختو,voight tzad f yonkers new york f 1937 khoto homa l-momattil jon voight w katib l-aghani chip taylor w l-momattila angelina jolie hiya bnt khto,Voight was born in Yonkers New York in 1937 His brothers are the actor Jon Voight and the songwriter Chip Taylor and the actress Angelina Jolie is his niece,ولد فويت في يونكرز بنيويورك عام 1937 ومن بين إخوته الممثل جون فويت وكاتب الأغاني تشيب تايلور والممثلة أنجيلينا جولي هي ابنة أخيه,VALIDATED,GOLD
data51953,DATA_12137,A,عمرك تفسّل لموضوع,3emrek tfssel lmawdou3,you should never detail the topic,ينبغي عليك ألا تفصّل الموضوع قط,VALIDATED,GOLD
data51954,DATA_7032,A,شنو نوع الموسيقى لي كيعجبك؟,chnou naw3 dlmosi9a li ki3jbk ?,what's your favorite type of music?,ما هو نوع موسيقاك المفضل؟,VALIDATED,GOLD
data51955,DATA_6814,A,لكلب تابع ديلو,lkelb tabe3 dilou,the dog is chasing its tail,الكلب يطارد ذيله,VALIDATED,GOLD
data51956,WIKI_D_08935,D,كأساس كتابي لهاد التعليم فون بالتازار رجع ل 1 كورنثوس 2: 9-10 هادو هما لحوايج اللي الله كشف لينا بالروح ديالو الروح كيقلب على كلشي حتى لحوايج لعميقين ديال الله	,k-assas kitabi l-had t-ta3lim von balthasar rje3 l-1 corinthos 2: 9-10 hado homa l-7wayj lli llah kchef lina b-r-rou7 dyalo r-rou7 kiqelleb 3la kolchi 7tta l-7wayj l-3amiqin dyal llah,As a scriptural basis for this teaching von Balthasar referred to 1 Corinthians 2 9-10 these are the things that God has revealed to us by his spirit the spirit searches all things even the deep things of God,كأساس كتابي لهذا التعليم استشهد فون بالتازار برسالة كورنثوس الأولى الإصحاح الثاني: الآيتين التاسعة والعاشرة هذه هي الأشياء التي كشفها الله لنا بروحه فالروح يفحص كل شيء حتى أعماق الله	,VALIDATED,GOLD
data51957,WIKI_C_01716,C,فأواخر دجنبر 1914 لقوة الشمالية سافرات لجيب والفيس باي اللي تابع لجنوب أفريقيا شي نص طريق على طول ساحل جنوب غرب أفريقيا لألمانية لفوج لرهوديسي لول نزل 26 دجنبر 1914,f-awakhir dujanbir 1914 l-qowa ch-chamaliya safrat l-jib dyal walvis bay lli tabe3 l-janub afriqia chi nuss triq 3la toul sa7el janub gharb ifriqia l-almaniya l-fowj l-rhodisi lwl nzel f 26 dujanbir 1914,In late December 1914 the Northern Force sailed to the enclave of Walvis Bay which belonged to South Africa about halfway along the coast of German South West Africa The First Rhodesian Regiment landed on December 26 1914,في أواخر ديسمبر 1914 أبحرت القوة الشمالية إلى جيب خليج والفيس التابع لجنوب أفريقيا في منتصف الطريق على طول ساحل جنوب غرب أفريقيا الألمانية ونزل الفوج الروديسي الأول في 26 من ديسمبر 1914,VALIDATED,GOLD
data51958,DATA_23936,B,مارتن بول وولفورد (تزاد ف 13 أكتوبر 1985) هو كوايري انجليزي محترف كيلعب جناح ف فرقة شيفيلد يونايتد اللي فالليغ وان.,Martin Paul Woolford (tzad f 13 October 1985) huwa kouayri inglizi muhtarif kayl3b jnah f ferqat Sheffield United li fal League One.,Martyn Paul Woolford (born 13 October 1985) is an English professional footballer who plays as a winger for League One club Sheffield United.,مارتن بول وولفورد (مواليد 13 أكتوبر 1985) هو لاعب كرة قدم إنجليزي محترف يلعب في مركز الجناح لنادي شيفيلد يونايتد في دوري الدرجة الأولى.,VALIDATED,GOLD
data51959,DATA_14655,B,"التنقيط ديال الكانطاطة كريست لاݣ إن توديس باندن توصف ب ""عتق"" و الستيل ديالها ""من القرون الوسطى"".","Tan-nqiit diyal l-kantata Krist lag in tudes banden t-twsef b ""3teq"" w s-stil dyalha"" men l-qurun l-wusta"".","The scoring of the cantata Christ lag in Todes Banden has been described as ""archaic"" and its style ""medieval"".","وُصِفَ تقييم الكانتا كريست لاج إن توديس بانده بأنه ""عتيق"" وأسلوبه ""من القرون الوسطى"".",VALIDATED,GOLD
data51960,DATA_20505,B,التصرفات التخريبية ف لمعرض ديال سيارات ديال جنرال موتورز وصفها صحافي ديال سيارات مايك ماكدا ب حماق	,t-tassarofat t-tkhribiya f l-ma3rid dyal s-siyarat dyal general motors wssafha s-sa7afi dyal s-siyarat mike macda b 7maq,Destructive behavior at the General Motors auto show was described by automotive journalist Mike Magda as madness,وصف صحفي السيارات مايك ماغدا التصرفات التخريبية في معرض سيارات جنرال موتورز بالجنون,VALIDATED,GOLD
data51961,DATA_9240,A,مابقيتش باغي نحكم فولدي,mab9itch baghi n7kem fweldi,i no longer want to control my son,لم أعد أريد التحكم في ابني,VALIDATED,GOLD
data51962,DATA_14525,B,يولانثي ديال دافعي ضرايب 1984 ميزيكال ربح جائزة أوليفييه تقادات من طرف نيد شيرين وأليستير بيتون.,iolanthe dyal daf3i d-dara2ib 1984 musical rbe7 ja2izat olivier tqadat mn taraf ned sherrin u alistair beaton.,Iolanthe of the Taxpayers 1984 musical won an Olivier Award adapted by Ned Sherrin and Alistair Beaton.,مسرحية يولانثي لدافعي الضرائب 1984 عمل موسيقي فاز بجائزة أوليفييه من إعداد نيد شيرين وأليستير بيتون.,VALIDATED,GOLD
data51963,WIKI_D_07283,D,هارد جاستس كان فيه سبعة ديال لماتشات ديال لمصارعة اللي دارو مصارعين مختلفين دخلو فخلافات وقصص مكتوبة من قبل لمصارعين لعبو دور ديال لأشرار لأبطال ولا شخصيات ما كانتش باينة بزاف فالأحداث لمكتوبة اللي خلات التوتر يكبر ووصل لماتش ديال لمصارعة ولا سلسلة ديال لماتشات,hard justice kan fih seb3a dyal l-matshat dyal l-mussara3a lli daro mussari3in mokhtalifin dkhlo f-khilafat w qissas mktuba mn qbel l-musari3in le3bo dower dyal l-achrar l-abtal wala shakhssiat ma-kantch bayna bzaf f-l-ahdath l-mektuba lli khllat t-tawatur ykber w wsel l-matsh dyal l-mussara3a wla silsila dyal l-matshat,Hard Justice featured seven wrestling matches involving different wrestlers involved in pre-scripted storylines and feuds Wrestlers portrayed villains heroes or less distinguishable characters in scripted events that built tension and culminated in a wrestling match or series of matches,تضمن عرض هارد جاستس سبع مباريات مصارعة شارك فيها مصارعون مختلفون انخرطوا في خلافات وقصص مكتوبة مسبقا لعب المصارعون أدوار الأشرار أو الأبطال أو شخصيات غير واضحة المعالم في أحداث مكتوبة أدت إلى تصاعد التوتر وبلغت ذروتها في مباراة مصارعة أو سلسلة من المباريات,VALIDATED,GOLD
data51964,WIKI_C_12351,C,في الاحتفال ديال دخول المشاهير ديال الإعلان نهار 30 مارس 2011، كوسبي كان هو أول واحد ربح جائزة ديال الرئيس ديال الفيدرالية الأمريكية ديال الإعلان على المساهمات ديالو الإعلان، على شي إنجازات خاصة فالميدان.,"f l-ihtifal dial dukhul l mashahir dial l-i3lan nhar 30 mars 2011, cosby kan howa awwal wa7ed rbe7 ja2iza dial r-ra2is dial l-federaliya l-americiya dial l i3lan 3la l mosa7amat dialo l-i3lan, 3la chi 2injazat khassa f l-maydan.","At the Advertising Hall of Fame induction ceremonies on March 30, 2011, Cosby was the first winner of the American Advertising Federation's President's Award for Contributions to Advertising, for special achievements in the field.",في احتفالات قاعة الشهرة للإعلانات في 30 مارس 2011، كان كوسبي أول فائز بجائزة رئيس الاتحاد الأمريكي للإعلانات للمساهمات في الإعلان، للإنجازات الخاصة في هذا المجال.,VALIDATED,GOLD
data51965,DATA_15736,B,كيم بايسنجر بدور هوليوود واحد لمرا اللي عندها جاذبية قاتلة وباغا تولي حقيقية ف لعالم ديال بصح,kim basinger b-dower hollywood wa7d l-mra lli 3ndha jadhibiya qatila w-bagha twlli 7qiqiya f l-3alam dyal b-sse7,Kim Basinger as Holli Would a woman with a fatal attraction who wants to become real in the real world,كيم باسينجر في دور هولي وود وهي امرأة ذات جاذبية قاتلة ترغب في أن تصبح حقيقية في العالم الواقعي,VALIDATED,GOLD
data51966,WIKI_D_00779,D,حياة الناس اللي كانت مهتمة ب ماري شيلي سجلاتهم ولكن سجلات حتى مشاعر بزاف ديال لمسافرين وكانت كتوحي للقارئ شنو خاصو يحس مثلا كتبات بلي لمدينة لفرنسية نوجان زوينة وهادية,7ayat n-nass lli kant mthemma b-mary shelly sjjlathom w-lakin sjjlat 7tta macha3ir bzzaf dyal m-musafirin w-kant k-tou7i l-qari2 chno khasso y-7es matalan ktbat b-lli l-mdina l-faransiya nogent zwina w-hadya,The lives of people interested in Mary Shelley were recorded but she also recorded the feelings of many travelers and suggested to the reader what to feel for instance she wrote that the French town of Nogent was beautiful and quiet,سجلت حياة الأشخاص المهتمين بماري شيلي ولكنها سجلت أيضا مشاعر الكثير من المسافرين وكانت توحي للقارئ بما يجب أن يشعر به فعلى سبيل المثال كتبت أن المدينة الفرنسية نوجان جميلة وهادئة,VALIDATED,GOLD
data51967,DATA_9983,A,كان كيسحاب ليا غادي يقاد الطونوبيل قبل مايسافر,kan kis7ab liya ghadi y9ad tonobil 9bel maysafer,i thought that he will fix his car before he will travel,ظننت أنه سيصلح سيارته قبل سفره,VALIDATED,GOLD
data51968,DATA_5559,A,جاب نقطة مزيانة,jab no9ta mzyana,He got a good grade,حصل على درجة جيدة,VALIDATED,GOLD
data51969,DATA_20826,B,المسرحيات وتصاور كانو كيوحيو بالموضوع ديال دفين لحضارة لهندية تقليدية ف وجه الإستعمار,l-msra7iyat w t-tsawer kanu kyw7iw b l-mawdo3 dyal dfyn l-7adara l-hindia t-taqlidia f wjeh l-isti3mar,The plays and images suggested the theme of the burial of traditional Indian civilization in the face of colonialism,كانت المسرحيات والصور توحي بموضوع دفن الحضارة الهندية التقليدية في وجه الاستعمار,VALIDATED,GOLD
data51970,WIKI_C_06205,C,راس مرا (تيت دو فام)، طباشير حمر و كحل مع غسول الطباشير على ورق طان، ملصقة على ورقة يابانية خفيفة، 1922، ديال بابلو بيكاسو.,"ras mra (tete de femme), tabachir 7mr w k7l m3a ghsoul tabachir 3la war9at tan, molssa9a 3la war9a yapaniya khfifa, 1922, dyal pablo picasso.","Head of a Woman (Tete de femme), red and black chalk with chalk wash on tan laid paper, laid down on lightweight Japanese paper, 1922, by Pablo Picasso",رأس امرأة (تيت دو فام)، طباشير حمراء وسوداء مع غسول الطباشير على ورق بني مقوى، ملصق على ورق ياباني خفيف، 1922، لبابلو بيكاسو.,VALIDATED,GOLD
data51971,DATA_24006,B,"البرنامج ديال المسافر الدائم ديال شركة الطيران لي كتمثل هونغ كونغ لي هي كاثاي باسيفيك كيتسمى ""ماركو بولو كلوب"".","lbernamej dyal lmosafer da2im dyal cherikat t-tayaran li katmthel hong kong li hiya cathay pacific kittsma ""marco polo club"".","The frequent flyer program of Hong Kong flag carrier Cathay Pacific is known as the ""Marco Polo Club"".","برنامج المسافر الدائم لشركة طيران كاثاي باسيفيك، الناقل الوطني لهونغ كونغ، يُعرف باسم ""نادي ماركو بولو"".",VALIDATED,GOLD
data51972,DATA_22228,B,ديفيد غيلمور باص غيتار غيتار أكوستيك ب طناش لوتار درامز ف أوكطوبوس بروداكشن,david gilmour bass guitar guitar akustik b-tnach l-wtar drums f octopus production,David Gilmour bass guitar 12-string acoustic guitar drums on Octopus production,ديفيد غيلمور غيتار البيس وغيتار صوتي باثني عشر وتراً والطبول في أغنية أوكتوبوس والإنتاج	,VALIDATED,GOLD
data51973,DATA_1305,A,و مرة خرى، فاش تبغي دير حاجات مختالفين، كاتلقى راسك كادير للي بغيتي.,"o merra khra, fach tbghi ddir 7ajat mkhtalfin, katl9a rask kaddir lli bghiti.","But once again, when you want to do different things, you end up doing whatever you want.",ولكن مرة أخرى، عندما تريد أن تفعل أشياء مختلفة، ينتهي بك الأمر بفعل ما تريد.,VALIDATED,GOLD
data51974,WIKI_D_07567,D,بيفوت جي إم وبورغرز دابليو جي وهاغ جي محررين 1969 لوراق لولى على ديفركسيون ديال أشعة إيكس ف لكريستالز واحد أوترخت منشورات الإتحاد العالمي ديال لكريستالوغرافي,bijvoet jm w burgers wg w hagg g m7arririn 1969 l-wraq l-lowla 3la diffraction dyal achi3at x f l-crystals 1 utrecht manchourat l-iti7ad l-3alami dyal l-crystallography,Bijvoet JM Burgers WG and Hagg G editors 1969 Early papers on diffraction of X-rays by crystals I Utrecht published for the International Union of Crystallography,بيفوت جي إم وبورغرز دابليو جي وهاغ جي محررون 1969 الأوراق الأولى حول حيود الأشعة السينية في البلورات الجزء الأول أوترخت منشورات الاتحاد الدولي لعلم البلورات,VALIDATED,GOLD
data51975,WIKI_D_09518,D,ف 1967، الكتاب تحوّل لفيلم الخامس فالسلسلة ديال إيون پرودكشنز، بطولة شون كونري بدور بوند. غير شي عناصر قليلة من الرواية وشوية ديال الشخصيات ديال فليمينغ اللي بقاو فالفيلم.,"f 1967, lktab t7wl lfilm l-5ams f lsilsila dyal eon productions, botolat sean connery bdor bond. ghir chi 3anasir qlila mn rawya w chwiya dyal ch5ssyat dyal fleming lli bqaw f lfilm.","In 1967, the book was adapted into the fifth film in the Eon Productions series, starring Sean Connery as Bond. Only a few elements of the novel and a limited number of Fleming 's characters survive into the film version.",في عام 1967، تم تحويل الكتاب إلى الفيلم الخامس في سلسلة أفلام إيون برودكشنز، بطولة شون كونري بدور بوند. لم يبق سوى عدد قليل من عناصر الرواية وعدد محدود من شخصيات فليمينغ في النسخة السينمائية.,VALIDATED,GOLD
data51976,WIKI_C_10626,C,مع لخمسة وسبعطاش لدقيقة ديال لعشية طيارة ديال إمبراير تواصلات نيشان مع لاݣار ديال مطار كاشيمبو باش يوجدو ليها تهبط بالزربة تما وهبطات بخير على لخمسة وتلاتة وعشرين دقيقة,m3a l-khmsa w-sbe3tach l-daqiqa dyal l-3chiya t-tiyara dyal embraer t-waslat nichan m3a l-gar dyal matar cachimbo bach y-wejdo liha t-hbet b-z-zrba tma w-hbtat bikhir 3la l-khmsa w-tlata w-3chrin daqiqa,At five seventeen PM the Embraer aircraft contacted Cachimbo Airport directly to prepare for an emergency landing and landed safely at five twenty three,في تمام الساعة الخامسة وسبع عشرة دقيقة مساء تواصلت طائرة إمبراير مباشرة مع مطار كاشيمبو لتجهيز الهبوط الاضطراري وهبطت بسلام في تمام الخامسة وثلاث وعشرين دقيقة,VALIDATED,GOLD
data51977,WIKI_D_11643,D,الكوموندار سارة بالمر سبارطية ربعة مرابطة فِـ يو إن إس سي إنفينيتي وهي القايدة ديال السبارطيين ربعة. بانت فِـ هالو 4، هالو 5: گاردينز و هالو: سبارطن أصولت و صوتات عليها جينيفر هيل.,"el comandor sara palmer spartia rb3a morabta fi UNSC infinity wahiya el qaida dyal el spartiyin rab3a. bant fi halo 4, halo 5: guardians w halo: spartan assault w sawtat 3liha jennifer hale.","Commander Sarah Palmer is a Spartan IV stationed on the UNSC Infinity and the leader of the Spartan IVs. She appears in Halo 4, Halo 5: Guardians and Halo: Spartan Assault and is voiced by Jennifer Hale.",الكوماندر سارة بالمر هي سبارطي من المستوى الرابع مقرها على متن يو إن إس سي إنفينيتي وهي قائدة السبارطيين من المستوى الرابع. تظهر في هالو 4، وهالو 5: الحراس، وهالو: سبارطن أسولت، وقامت بأدائها الصوتي جينيفر هيل.,VALIDATED,GOLD
data51978,DATA_22053,B,ف سياق لمجموعات لمحدودة لأس كيتعطى ب أنك تبقى تضرب واحد لعنصر ديال لمجموعة n ف راسو شحال من مرة ولوغاريتم لمتقطع هو لعدد صحيح n اللي كيحقق لمعادلة.,f siyaq l-majmu3at l-ma7duda l-os k-it3ta b-annak t-bqa t-dreb wa7d l-3onsor dyal l-majmu3a n f r-raso ch7al mn m-mrra w l-logarithm l-motatati3 huwa l-3adad s-s7i7 n lli k-y-7aqqeq l-mo3adala,In the context of finite groups exponentiation is given by repeatedly multiplying a group element n by itself and the discrete logarithm is the integer n that satisfies the equation.,في سياق المجموعات المحدودة يتم الحصول على القوة عن طريق ضرب عنصر من المجموعة n في نفسه عدة مرات واللوغاريتم المتقطع هو العدد الصحيح n الذي يحقق المعادلة.,VALIDATED,GOLD
data51979,WIKI_D_02008,D,عمرني تخيلت راسي غانعيش حتى نسمع أرنولد شوينبيرج كيبان هادي ومع ذلك كيبان هادي تقريبا متردد وكيتعطل من بعد أورنستين اللي بكل تأكيد هو لملحن لمستقبلي لأصيل ولوحيد اللي باقي عايش,3mmrni tkhaylt rassi ghan-3ich 7tta n-sm3 arnold schoenberg k-iban hadi w-m3a dalk k-iban hadi taqriban m-tredded w-kyt3ttel mn ba3d ornstein lli b-kol ta2kid huwa mola7in mostaqbali l-assil w-l-wa7id lli baqi 3ayech,I never imagined I would live to hear Arnold Schoenberg sound old-fashioned and yet he sounds old-fashioned almost hesitant and slow compared to Ornstein who is surely the only living authentic futuristic composer,لم أتخيل قط أنني سأعيش حتى أسمع أرنولد شوينبيرج يبدو قديماً ومع ذلك فهو يبدو قديماً ومتردداً وبطيئاً تقريباً مقارنة بأورنستين الذي يعد بالتأكيد الملحن المستقبلي الأصيل والوحيد الذي لا يزال على قيد الحياة,VALIDATED,GOLD
data51980,WIKI_C_09285,C,مانزانار بقات خاوية حتى لجيش لميريكاني كرا 6200  فدان من مدينة لوس أنجلوس باش يدير مركز مانزانار ديال ترحيل ديال لحرب.,manzanar bqat khawya 7tta l-jaych l-amriki kra 6200 faddan mn mdinat los angeles bach y-dir markaz manzanar dyal tar7il dyal l-7arb.,Manzanar remained empty until the United States Army leased 6200 acres from the City of Los Angeles to establish the Manzanar War Relocation Center.,ظلت مانزانار خالية حتى استأجر الجيش الأمريكي 6200 فدان من مدينة لوس أنجلوس لإنشاء مركز مانزانار للتهجير القسري أثناء الحرب.	,VALIDATED,GOLD
data51981,WIKI_D_04383,D,الكنيسة المخربة وحدة من الكنائس اللي مخصصة لسيدي ميكائيل و اللي جات فواحد خط الطاقة لي اقترحو جون ميشيل. و كاينين كنائس أخرى مخصصة لسيدي ميكائيل و مربوطة فهاد الخط بحال الكنائس لي مبنية ف أذري و ڭلاستونبري تور.,lknisa lmkhrba wa7da mn lknayes lli mkhasas l sidi mika2il w lli jat f wa7d khat t-taqa li iqtarchu jon michell. w kaynin kna2es okhra mkhasas l sidi mika2il w merbota f had lkhat b7al lkna2es li mabniya f othry w glastonbury tor.,The ruined church is one of the churches dedicated to St. Michael that falls on a ley line proposed by John Michell. Other connected St. Michaels on the ley line include churches built at Othery and Glastonbury Tor.,الكنيسة المتهدمة هي إحدى الكنائس المكرسة للقديس ميخائيل والتي تقع على خط طاقة اقترحه جون ميشيل. وتشمل كنائس القديس ميخائيل الأخرى المتصلة بخط الطاقة كنائس بنيت في أوثري وتلال غلاستونبري.,VALIDATED,GOLD
data51982,DATA_0384,A,حيت بغيتي نيت تحرڭ سبرديلتك.,7it bghiti nit t7reg sbrdiltek.,Because you really wanted to burn your shoes.,لأنك أردت حقاً أن تحرق حذائك.,VALIDATED,GOLD
data51983,WIKI_C_06442,C,الوظيفة ديال المحكمة الفيدرالية العليا هي تسمع الطعون ضد الأحكام ديال المحاكم الكانتونية ولا الفيدرالية القضاة كيتنتاخبو من طرف الجمعية الفيدرالية لمدة ست سنين,l-wazhifa dyal l-ma7kama l-federaliya l-3ulya hiya t-sma3 t-to3on dedd l-a7kam dyal l-ma7akem l-kantoniya wla l-federaliya l-qodah kitntakhbo mn taraf l-jam3iya l-federaliya l-modat dyal sitt snin,The function of the Federal Supreme Court is to hear appeals against the judgments of cantonal or federal courts The judges are elected by the Federal Assembly for a term of six years,تتمثل وظيفة المحكمة الاتحادية العليا في النظر في الطعون المقدمة ضد أحكام المحاكم الكانتونية أو الاتحادية ويتم انتخاب القضاة من قبل الجمعية الاتحادية لمدة ست سنوات,VALIDATED,GOLD
data51984,WIKI_D_07033,D,فهاد لوقت دارو محاولات باش يرجعو تمثال بحال صيفطو غواصين جبدو لواد والو لجمهور تسامح مع لمدير ديال لحانوت ولكن تمثال بقى ف لقناة ونمورة تعطلو,f-had l-waqt daro mo7awalat bach y-rej3o t-temthal b7al sifto ghawasin jbdo l-wad w-walu l-jomhour t-sam7 m3a l-modir dyal l-7anout walakin t-temthal bqa f l-qanat w-n-nmora t-3etlo,During this time attempts were made to recover the statue such as sending divers to search the river but to no avail The public forgave the shop manager but the statue remained in the canal and the tigers were delayed,في ذلك الوقت بذلت محاولات لاستعادة التمثال مثل إرسال غواصين لتفتيش النهر ولكن دون جدوى وقد سامح الجمهور مدير المتجر لكن التمثال ظل في القناة وتأخر ظهور النمور,VALIDATED,GOLD
data51985,WIKI_C_05787,C,مصدعك المرض نرجعوك صحيح دوز معانا عند أحسن مدققين كاينين ف العالم ديال دابا تدبير ومراقبة شخصية من طرف إل. رون هابرد.,mseddek l-merd n-rej3ok s7i7 dowez m3ana 3nd a7sen mdeqqiqin kaynin f l-3alam dyal daba tdbir w-moraqaba chakhsiya mn taraf L. Ron Hubbard.,Are you troubled by illness We will make you healthy again come to the best auditors in the world today personal management and supervision by L. Ron Hubbard.,هل تزعجك الأمراض سنعيد إليك صحتك تفضل بزيارة أفضل المدققين في العالم اليوم تحت إدارة وإشراف شخصي من قبل إل. رون هابرد.,VALIDATED,GOLD
data51986,WIKI_C_06896,C,موسكوزو شدات الحكم فواحد سبتمبر 1999. وبحكم أنها كانت مطلقة فاش بدات الرئاسة، ختها الكبيرة روبي موسكوزو دي يونغ لعبت الدور ديال السيدة الأولى.,"moskoso shdat l7okom f wa7d september 1999. w b7okm annaha kant mtall9a fash bdat ri2asa, khtha lkbira ruby moskoso de young l3bat dor dyal sayyida l2oula.",Moscoso took office on September 1 1999 because she was divorced when she assumed the presidency her older sister Ruby Moscoso de Young served as her First Lady.,تولت موسكوسو منصبها في الأول من سبتمبر 1999 ولأنها كانت مطلقة عندما تولت الرئاسة فقد شغلت أختها الكبرى روبي موسكوسو دي يونغ منصب السيدة الأولى.,VALIDATED,GOLD
data51987,DATA_6516,A,الدراري تقدرو تمشيو فين ما رشقات ليكم,drari t9edrou tmchiw fin ma rch9at likom,you guys can leave whenever you want,يمكنكم المغادرة متى شئتم,VALIDATED,GOLD
data51988,WIKI_D_10047,D, شهر ستة اللي تابع واحد اللجنة مستقلة ديال خبراء ف علم الحيوان من بلايص خرين ف البلاد برأت حديقة الحيوانات ديال فينيكس من التهم وفواحد التقرير اللي تنشراللجنة شرحات شي عيوب خفيفة ف التسيير ديال الحديقة ولكن ما بلغاتش على شي نواقص خطيرة.,f-chahr ssetta lli tabe3 wa7d l-lijna mstaqila dyal khobarae f-3ilm l-7ayawan mn blayess khrin f-l-blad berr2at 7adiqat l-7ayawanat dyal phoenix mn t-toham w-f-wa7d t-taqrir lli t-nachr l-ljna cher7at chi 3oyoub khfifa f-t-tsyir dyal l-7adiqa walakin ma-bleghatch 3la chi nawaqiss khatira.,In the following June an independent committee of zoological experts from other parts of the country cleared the Phoenix Zoo of the charges and in a published report the committee explained some minor management flaws but reported no serious deficiencies.,في شهر يونيو التالي برأت لجنة مستقلة من خبراء علم الحيوان من مناطق أخرى في البلاد حديقة حيوان فينيكس من التهم وفي تقرير منشور شرحت .اللجنة بعض العيوب الطفيفة في الإدارة لكنها لم تبلغ عن أي نواقص خطيرة,VALIDATED,GOLD
data51989,WIKI_C_01147,C,حطم 91 ريكور عالمي ديال طيران مصادق عليهم من طرف الفيدرالية الجوية الدولية منهم 36 باقين كاينين زائد 23 ريكور عالمي ديال الإبحار  مصادق عليهم من طرف لمجلس لعالمي ديال تسجيل سرعة الإبحار.,7ttem 91 record 3alami dyal t-tayaran m-sadeq 3lihom mn taraf l-federation l-jawiya d-dawliya mnhom 36 baqin kaynin zayed 23 record 3alami dyal l-ib7ar msadeq 3lihom mn taraf l-majlis l-3alami dyal tasjil sor3at l-ib7ar.,He broke 91 world aviation records certified by the International Aeronautical Federation of which 36 still stand plus 23 world sailing records certified by the World Sailing Speed Record Council.,حطم 91 رقماً قياسياً عالمياً في الطيران معتمداً من قبل الاتحاد الدولي للطيران منها 36 رقماً لا تزال قائمة بالإضافة إلى 23 رقماً قياسياً عالمياً في الإبحار معتمداً من قبل المجلس العالمي لتسجيل سرعة الإبحار.,VALIDATED,GOLD
data51990,DATA_18544,B,مارغريت ستيوارت (1424 - 16 غشت 1445)، تزوجات الدوفان لويس، اللي غايولي لويس الحادي عشر ديال فرنسا، ف تور، نهار 24 يونيو 1436.,"Marghrit Stiwart (1424 - 16 Ghusht 1445), tzewwjat ddofin Louis, lli ghaywlli Louis l7adi 3achr dyal Fransa, f tur, nhar 24 yunyu 1436.","Margaret Stewart (1424 - 16 August 1445), married the Dauphin Louis, future Louis XI of France, at Tours, 24 June 1436.",مارغريت ستيوارت (1424 - 16 أغسطس 1445)، تزوجت من الدوفين لويس، لويس الحادي عشر المستقبلي لفرنسا، في تور، 24 يونيو 1436.,VALIDATED,GOLD
data51991,WIKI_C_03655,C,لميدنايت إكسبريس دارو واحد طليلة خفيفة ف وورلد كلاس تشامبيونشيب ريسلينغ ف تيكساس وكانو كيتشاجرو بالأساس مع دا فانتاستيكس بوبي فولتون وتومي روجرز,l-midnight express daro wa7d ttlila khfifa f world class championship wrestling f texas w-kanu kit-chajro b-l-assas m3a the fantastics bobby fulton w-tommy rogers,The Midnight Express made a brief appearance in World Class Championship Wrestling in Texas and were primarily feuding with The Fantastics Bobby Fulton and Tommy Rogers,ظهر فريق ميدنايت إكسبريس لفترة قصيرة في بطولة العالم للمصارعة في تكساس وكانوا في صراع أساسي مع فريق ذا فانتاستيكس المكون من بوبي فولتون وتومي روجرز,VALIDATED,GOLD
data51992,WIKI_C_00378,C,ملي شدو النݣليز السيطرة نيشان على المستعمرات الوسطانية شي عام 1664، بزاف ديال الكويكرز من رود آيلاند كانوا ديجا مزݣيين لديك لبلاصة بسباب البيوريتانيين، و صحاب البيزنس اللي تابعين الكنيسة الانجليكانية سكنو ف فيلادلفيا و نيويورك.,"mlli chedou l-ingliz s-saytara nishan 3la l-musta3marat l-wostaniya shi 3am 1664, bzaf dyal l-kuwaykers mn Rhode Island kano deja mzegin l-dik l-blassa bsbab l-puritaniyin, w s-s7ab l-biznis lli tab3in l-kannisa l-anglikaniya seknu f Philadelphia w New York.","When the English took direct control of the Middle Colonies around 1664, many Quakers from Rhode Island had already been pushed into the region by Puritans, while Episcopalian businessmen settled in Philadelphia and New York City.",عندما استولى الإنجليز على السيطرة المباشرة على المستعمرات الوسطى حوالي عام 1664، كان العديد من الكويكرز من رود آيلاند قد تم دفعهم بالفعل إلى المنطقة من قبل البيوريتانيين، بينما استقر رجال الأعمال الأنجليكان في فيلادلفيا ونيويورك.,VALIDATED,GOLD
data51993,DATA_8374,A,راه متعمد يعصبني,rah mt3mmed y3sebni,he's intentionally trying to annoy me,إنه يتعمد إغضابي,VALIDATED,GOLD
data51994,DATA_21633,B,والكر غنى أنبروكن ف بروكـرام هاي هاي إتس ساترداي نهار 5 ماي 2010 وغنى لأغنية حتى ف بروكـرام سانرايز نهار 13 ماي 2010,wal kerr ghna unbroken f program hey hey it's saturday nhar 5 may 2010 w-ghna l-oghniya 7tta f program sunrise nhar 13 may 2010,"Wal Kerr performed Unbroken on the program Hey Hey It's Saturday on May 5, 2010 and he also performed the song on the program Sunrise on May 13, 2010",غنى والكر أغنية أنبروكن في برنامج هاي هاي إتز ساترداي في 5 من مايو 2010 كما غنى الأغنية أيضاً في برنامج سانرايز في 13 من مايو 2010,VALIDATED,GOLD
data51995,WIKI_C_07372,C,تلاح ولا تخلي شي قرعة شي قوطي شي طاسة ديال لماكلة شي غلاف ديال لماكلة شي زاج شي فتات ديال لماكلة ولا شي حاجة خرى ف شي بلاصة عامة,tla7 wla t-khalli chi qr3a chi qouti chi ttasa dyal l-makla chi ghlaf dyal l-makla chi zaj chi ftat dyal l-makla wla chi 7aja khra f-chi blassa 3amma,To throw away or leave a bottle a can a food container a food wrapper glass food scraps or anything else in a public place,رمي أو ترك زجاجة أو علبة أو وعاء طعام أو غلاف طعام أو زجاج أو بقايا طعام أو أي شيء آخر في مكان عام,VALIDATED,GOLD
data51996,WIKI_D_05278,D,اومامه دار عقد ديال لاعب حر ما دوزش الدرافت مع سان فرانسيسكو فورتي ناينرز من بعد درافت ديال 2013. اومامه تقصى فالساعة الأخيرة ديال التشكيلة قبل بداية الموسم نهار 31 غشت 2013 و تسجل في الفريق الاحتياطي يومين موراها.,omameh dar 3aqd dyal la3eb 7orr ma dawzch draft m3a san fransisco forty ninerz mn ba3d draft dyal 2013. omameh tqssa f-sa3a l2akhira dyal tashkila qbl bdayt lmosim nhar 31 ghusht 2013 w tsjjel f lfari9 l-i7tiyatti yomine moraha.,"Omameh signed an undrafted free agent contract with the San Francisco 49ers following the 2013 NFL Draft. Omameh was cut during the final preseason roster moves on August 31, 2013 and signed to the practice squad two days later.",وُقّع أومامي عقد لاعب حر غير مُسودة مع فريق سان فرانسيسكو فورتي ناينرز عقب درافت دوري كرة القدم الأمريكية (NFL) لعام 2013. تم الاستغناء عن خدمات أومامي خلال التحركات النهائية لقائمة الفريق قبل بداية الموسم في 31 أغسطس 2013، وانضم إلى الفريق التدريبي بعد يومين.,VALIDATED,GOLD
data51997,WIKI_C_06590,C,ف 1947 لفوج حبس تاني ولكن لعام اللي موراه عاودو رجعوه وحدة د دبابات تقيلة باش يعاونو لفرقة 43 د لمشاة ويسيكس مجهزين بدبابات كرومويل وتشاريوتير,f 1947 l-foj 7bbes tani walakin l-3am lli morah 3awdo rje3oh we7da d d-dababat tqila bach y-3awno l-ferqa 43 d l-mchat wessex mjehezin b d-dababat cromwell w-charioteer,In 1947 the regiment was disbanded again but the following year it was reconstituted as a heavy tank unit to support the 43rd Wessex Infantry Division equipped with Cromwell and Charioteer tanks,في عام 1947 تم حل الفوج مرة أخرى ولكن في العام التالي أعيد تشكيله كوحدة دبابات ثقيلة لدعم فرقة المشاة الثالثة والأربعين ويسيكس مجهزة بدبابات كرومويل وتشاريوتير,VALIDATED,GOLD
data51998,DATA_22958,B,تجهيت لياب سينغ باتافيا لي كيم هوك 1886 رواية خمس مية صفحة ف تمانية د لمجلدات,tjhit liap seng batavia lie kim hok 1886 riwayat khms myat saf7a f t-tmaniya d l-mojalladat,Tjhit Liap Seng Batavia Lie Kim Hok 1886 novel five hundred pages in eight volumes,تجهيت لياب سينغ باتافيا لي كيم هوك 1886 رواية تقع في خمسمائة صفحة وثمانية مجلدات,VALIDATED,GOLD
data51999,DATA_4930,A,قاليّا نتلاقا معاه,9aliya ntla9a m3a7,he asked me to meet him,طلب مني أن ألتقي به,VALIDATED,GOLD
data52000,DATA_23240,B,جميع الانتخابات كايديروهم الجماعة العامة ديال أوهايو، بحال البرلمانات ديال الولايات اللي كانوا كينتخبوا السيناتورات حتى تصادقوا على التعديل رقم 17 عام 1913.,"jmi3 l-intikhabat kaydirohom l-jama3a l-3ama dyal Ohiyo, b7al l-barlamanat dyal l-wilayat lli kano kayntakhbo sinatorat 7ta tssad9o 3la t-ta3dil raqm 17 3am 1913.","All elections are by the Ohio General Assembly, as state legislatures elected senators until the ratification of the 17th Amendment in 1913.",تُجرى جميع الانتخابات من قبل الجمعية العامة لأوهايو، حيث كانت الهيئات التشريعية للولاية تنتخب أعضاء مجلس الشيوخ حتى تم التصديق على التعديل 17 في عام 1913.,VALIDATED,GOLD
data52001,DATA_14879,B,طيارة ديال إير فلوريدا الرحلة رقم 90 — طاحت ف 1982 حيت تراكم التلج على الطيارة بسبب غلط ديال الكابتن.,tayyara dyal Air Florida rrihla raqm 90 — ta7et f 1982 7it trakem ttelj 3la t-tayyara b-sbeb ghalat dyal l-kaptan.,Air Florida Flight 90 — crashed in 1982 after ice built up on the airframe of the jet because of pilot error.,تحطمت طائرة فلايت 90 التابعة لشركة طيران فلوريدا عام 1982 بعد تراكم الجليد على هيكل الطائرة النفاثة بسبب خطأ من الطيار.,VALIDATED,GOLD
data52002,DATA_10266,A,كان كيسحاب ليا غادي يخصص لمراتو وقت كبير من نهارو,kan kis7ab liya ghadi y5essess lmratou we9t kbir men nharou,i thought he would dedicate a large part of his day to his wife,ظننت أنه سيخصص لزوجته وقتاً طويلاً من يومه,VALIDATED,GOLD
data52003,DATA_15569,B,توم تشارلز كوري جيمس إن 1916 مجموعة الرشاشيات السوداء ف جورنال أوف أغريكولتورال ريسيرش 7 ل 1 صفحات من واحد ل 15 	,thom charles currie james n 1916 majmu3at rchachiyat s-sawdae f journal of agricultural research 7 l-1 saf7at mn 1 l-15,Thom Charles Currie James N 1916 Aspergillus niger group in Journal of Agricultural Research 7 1 pages 1 to 15,توم تشارلز وكوري جيمس إن 1916 مجموعة الرشاشيات السوداء في مجلة البحوث الزراعية المجلد 7 العدد 1 الصفحات من 1 إلى 15,VALIDATED,GOLD
data52004,WIKI_D_08462,D,"زاپا تزوج بكاثرين ج. ""كاي"" شيرمان من 1960 لـ 1964. فـ 1967، تزوج بأديلايد گيل سلوتمان، اللي بقى معها حتى مات بالسرطان ديال البروستاتا فـ 1993. كان عندهم 4 ديال الولاد: مون، دويزيل، أحمد و ديڤا.","zappa tzewwej b kathrin j. ""kay"" sherman men 1960 l 1964. f 1967, tzewwej b adelaid ghail sloatman, lli bqa ma3ha 7tta mat b-saratan dyal l prostata f 1993. kan 3ndhom 4 dyal l wlad: moon, dweezil, ahmed w diva.","Zappa was married to Kathryn J. ""Kay"" Sherman from 1960 to 1964. In 1967, he married Adelaide Gail Sloatman, with whom he remained until his death from prostate cancer in 1993. They had four children: Moon, Dweezil, Ahmed and Diva.","تزوج زابا بكاثرين ج. ""كاي"" شيرمان من عام 1960 إلى عام 1964. وفي عام 1967، تزوج من أديلايد غايل سلوتمان، التي ظل معها حتى وفاته بسرطان البروستاتا عام 1993. وأنجبا 4 أطفال: مون، ودويزيل، وأحمد، وديفا.",VALIDATED,GOLD
data52005,DATA_9242,A,مابقيتش باغي نجيب ليك هاداك سيرو راك صحيتي,mab9itch baghi njib lik hadak siro rak s7iti,"i don't want to bring you that syrup anymore, you've recovered now","i don't want to bring you that syrup anymore, you've recovered now",VALIDATED,GOLD
data52006,DATA_22058,B,إذن، المحكمة الاستئنافية المتوسطة ما وصلاتش لسؤال واش قانون التقادم كيطبق ولا لا.,"Idhan, l-ma7kama l-isti2nafiya al-mutawassita ma wsslatch l-sou2al wach qanun t-taqadum kayt-tabq wla la.","As a result, the intermediate appellate court did not reach the question of whether the statute of limitation applies.",نتيجة لذلك ، لم تبت محكمة الاستئناف الابتدائية في مسألة ما إذا كانت مدة التقادم تنطبق.,VALIDATED,GOLD
data52007,WIKI_D_03817,D,ولكن، هاد التكريم كان غير على الطريق بين سانت كاترينز وشلالات نياجرا. باقي الطريق كان معروف بسميات مختلفة، بحال طريق تورونتو - برلينجتون هاميلتون والطريق الوسطانية الجديدة.,"walakin, had t-tkrim kan ghir 3la t-triq bin saint catharines w challalat niagara. baqi ttriq kan ma3ruf b-smyat mokhtalifa, bhal triq toronto - burlington hamilton w t-triq l-westaniya j-jdida.","However, the ceremony only designated the highway between St. Catharines and Niagara Falls. The remainder of the road was known by various names, including the Toronto – Burlington Hamilton Highway and The New Middle Road Highway.",ومع ذلك، فإن الاحتفال خصص الطريق السريع بين سانت كاثرينز وشلالات نياجرا فقط. أما بقية الطريق، فكان معروفًا بأسماء مختلفة، بما في ذلك طريق تورونتو - بيرلينجتون هاميلتون وطريق الوسطى الجديد.,VALIDATED,GOLD
data52008,DATA_13663,B,خضر مغلوق ف واحد لمحلول اللي قاعدي بزاف وخا صيغة لكيماوية ديالو ف لمحلول لقاعدي بزاف كيتذكروها بزاف بحال NpO3-,khder meghlouq f-wa7d l-solution lli basique bzzaf wakha l-formule chimique dyalo f-l-solution l-basique bzzaf k-ay-t-dekroha bzzaf b7al NpO3-,It is dark green in a very basic solution although its chemical formula in a very basic solution is often reported as NpO3-,لونه أخضر غامق في المحاليل القاعدية القوية رغم أن صيغته الكيميائية في المحاليل القاعدية القوية غالباً ما تُذكر على أنها NpO3-,VALIDATED,GOLD
data52009,DATA_22218,B,أركايفز أوف بين كتبدا بالكلام ديال الأم ديال واحد الضحية ديال السفاح بيتر سوتكليف من واحد الروبورتاج ف التلفزة على لمحاكمة ديالو,archives of pain k-t-bda b-lklam dyal l-2om dyal wa7ed d-da7iya dyal s-sffa7 peter sutcliffe mn wa7ed r-robortaj f-t-tlfaza 3la l-mo7akama dyalo,Archives of Pain begins with the words of the mother of one of the victims of the serial killer Peter Sutcliffe from a television report on his trial,تبدأ أغنية أرشيف الألم بكلمات والدة إحدى ضحايا السفاح بيتر سوتكليف مأخوذة من تقرير تلفزيوني عن محاكمته,VALIDATED,GOLD
data52010,DATA_19833,B,ذي آرتشرز لمسلسل لإذاعي لأطول ف لعالم كيتسجل ف برمينغهام ل بي بي سي راديو 4,the archers l-mosalsal l-idha3i l-atwal f l-3alam k-it-sejjel f birmingham l-bbc radio 4,The Archers the world's longest running radio soap opera is recorded in Birmingham for BBC Radio 4,مسلسل ذا آرتشرز وهو أطول مسلسل إذاعي في العالم يُسجل في برمينغهام لصالح راديو بي بي سي 4,VALIDATED,GOLD
data52011,WIKI_D_06927,D,البريطانيين احتلو أوريسا عام 1803 وملي عرفو لأهمية ديال معبد جاغاناث ف حياة الناس ديال لولاية عينو ف لول واحد لمسؤول باش يشوف ف شؤون ديال لمعبد ومن بعد ضُموه كجزء من واحد لمنطقة,l-britaniyin 7tello orissa 3am 1803 w-melli 3rfo l-ahammiya dyal ma3bed jagannath f-7ayat n-nass dyal l-wilaya 3ayno f-l-lowel wa7d l-mas2oul bach y-chouf f-cho2oun dyal l-ma3bed w-mn-ba3d d-dmmouh k-joz2 mn wa7d l-mintaqa,The British occupied Orissa in 1803 and recognizing the importance of the Jagannath Temple in the lives of the people of the province they initially appointed an official to supervise temple affairs and later annexed it as part of a district,احتل البريطانيون أوريسا عام 1803 وعندما أدركوا أهمية معبد جاغاناث في حياة سكان الولاية عينوا في البداية مسؤولاً للإشراف على شؤون المعبد ثم ضموه لاحقاً كجزء من منطقة إدارية,VALIDATED,GOLD
data52012,DATA_14233,B,ف لقطة لخرة بيتر كيوري وقائع ديال قرد كيحك راسو كرسالة توعوية من مارش أوف دايمز فوندايشن,f l9ta l-khra peter k-i-werri waqa2i3 dyal qerd ki7ok rasso ka-risalat taw3iya mn march of dimes foundation,In the final scene Peter shows footage of a monkey scratching its head as a public service announcement from the March of Dimes Foundation,في المشهد الأخير يعرض بيتر لقطات لقرد يحك رأسه كرسالة توعية من مؤسسة مارش أوف دايمز,VALIDATED,GOLD
data52013,WIKI_C_09318,C,خمسة من واحد وعشرين نوع ديال تيميمة كيتوالدو بلا جنس منهم جوج لانواع اللي ما مارسوش التكاثر الجنسي لمليون عام أطول مدة لا جنسية معروفة عند شي حشرة,khmsa mn wa7d w-3chrin naw3 dyal timema k-itwaldo bla jins mnhom jouj l-anwa3 lli ma-marsoch t-takator l-jinsi l-mlyon 3am atwel moda la-jinsiya ma3roufa 3nd chi 7achara,Five of the twenty-one species of Timema reproduce asexually including two species that have not engaged in sexual reproduction for a million years the longest known asexual period for any insect,تتكاثر خمسة أنواع من أصل واحد وعشرين نوعاً من حشرات التيميمة لا جنسياً بما في ذلك نوعان لم يمارسا التكاثر الجنسي منذ مليون عام وهي أطول فترة تكاثر لا جنسي معروفة لدى أي حشرة,VALIDATED,GOLD
data52014,DATA_3893,A,واخا، كاينة ديك لمرة مّلي كان تّلج كايطيح وتحبسنا,"wakha, kayna dik l-mra mlli kan t-telj kay-tih u t-7besna","well, there was that one time we got snowed in",حسناً، كانت هناك مرة احتجزنا فيها بسبب تساقط الثلوج,VALIDATED,GOLD
data52015,WIKI_C_11723,C,دور ديال تيرا من بيرث باي سليب تعاود ف الروايات ديال طوموكو ديال لعبة وزايدون لشبيتر لخر كيبين الروح العالقة كتحارب سورا من كينغدوم هارتس 2 فاينل ميكس,"dour dyal terra mn ""birth by sleep"" t-3awed f-l-r-riwayyat dyal tomoko dyal lo3bat wzaydon l-chapitre lekher k-ibeyyen r-rou7 l-3alqa k-t-7areb sora mn kingdom hearts 2 final mix","Terra's role from ""Birth by Sleep"" was retold in Tomoko's novels of the game furthermore the final chapter shows the Lingering Will fighting Sora from Kingdom Hearts 2 Final Mix","أُعيد سرد دور تيرا من ""بيرث باي سليب"" في روايات طوموكو الخاصة باللعبة وبالإضافة إلى ذلك يظهر الفصل الأخير الروح العالقة وهي تقاتل سورا من كينغدوم هارتس 2 فاينل ميكس",VALIDATED,GOLD
data52016,WIKI_D_06074,D,الدورة ديال 1969 كانت سلسلة ديال تلاتة الماتشات. الكابيتانات كانوا راي إلينݣوورث ديال انجلترا و سوبيرز ديال جزر الهند الغربية. جزر الهند الغربية كان عندهم فرقة كبيرة فالسن و مع سوبيرز كان كيعاني من تراجع المستوى، ديما كانوا الطرف الضعيف.,"adawra dyal 1969 kanat silsila dyal tlata lmatshat. lkapitanat kanu ray illingworth dyal england w sobears dyal jozor lhind lgharbia. jozor lhind lgharbia kan 3andhom ferqa kbira fs-sin w ma3 sobears kan ky3ani mn tarajo3 lmostawa, dima kanu t-tarf dda3if.","The 1969 tour was a three Test series. The captains were Ray Illingworth for England and Sobers for the West Indies. The West Indies had an ageing team and, with Sobers suffering a loss of form, were always the weaker side.",كانت جولة عام 1969 عبارة عن سلسلة من ثلاث مباريات اختبار. وكان قائد المنتخب الإنجليزي راي إلينغورث، وقائد منتخب جزر الهند الغربية سوبيرز. وكان منتخب جزر الهند الغربية يضم فريقاً كبيراً في السن، ومع معاناة سوبيرز من تراجع مستواه، كانوا دائماً الطرف الأضعف.,VALIDATED,GOLD
data52017,DATA_4542,A,واش كان عندك شي موعد؟,wach kan 3ndk chi maou3id?,Did you have an appointment?,هل كان لديك موعد؟,VALIDATED,GOLD
data52018,DATA_23408,B,باساكاليا على لحن إنجليزي قديم لفيولا (أو سيلو) و بيانو (1940 – 1941),basakalia 3la l7n inglizi qadim lviola (ou cello) o piano (1940 – 1941),Passacaglia on an Old English Tune for viola ( or cello) and piano (1940 – 1941),باساكاليا على لحن إنجليزي قديم للفيولا (أو التشيلو) والبيانو (1940 –1941),VALIDATED,GOLD
data52019,DATA_11937,A,عمرك تردع را ماشي مسيانا راك كاتخرج على موك,3mmrk t-rd3 rah mashi mzyana rak kat-khrj 3la mmk,you should never breasfed ists bad,إياك أن تتراجع أبداً، فهذا ليس جيداً، إنك تسيء إلى والدتك بتصرفك,VALIDATED,GOLD
data52020,DATA_13671,B,من بعد، بيرتون دفع بلي الأدلة ما كافياش باش تدعم الإدانة ديالو. المحكمة راجعات الأدلة و رفضات هاد الدفوع.,"men b3d, birton dfa3 bli l2adila ma kafyach bash td3am l2idana dyalo. lma7kama rjj3at l2adila o rfdhat had ddfou3.","Burton next argued that the evidence was insufficient to support his conviction. Reviewing the evidence, the Court rejected this argument.",جادل بورتر لاحقاً بأن الأدلة غير كافية لدعم إدانته. وبعد مراجعة الأدلة، رفضت المحكمة هذه الحجة.,VALIDATED,GOLD
data52021,DATA_15613,B,ف 2013، لمدرسة خدات ميدالية ذهبية، و تصنفات من بين أحسن 500 مدرسة فالبلاد على حساب يو إس نيوز.,"f 2013, lmedrassa khdat midalia dhahabia, o tssnfat mn bin a7ssan 500 medrassa f-lblad 3la 7ssab U.S. News. ","In 2013, the school was awarded a gold medal, and ranked amongst the top 500 schools in the country by U.S. News.",في عام 2013، حصلت المدرسة على ميدالية ذهبية، وصُنفت ضمن أفضل 500 مدرسة في البلاد من قبل يو إس نيوز.,VALIDATED,GOLD
data52022,DATA_11712,A,نتحداك ت ريزيرفي لينا بيت فالأوتل فهاد شهر,nt7edak t rezervi lina bit fl2otel fhad chher,i dare you to book us a room at the hotel this month,أتحداك أن تحجز لنا غرفة في الفندق خلال هذا الشهر,VALIDATED,GOLD
data52023,DATA_21386,B,1958 علم لأحياء لجوي ف كنساس لجزء لول مقارنة لأوساط ترانس كانساس أكاد 61 155-162,1958 3ilm al-a7ya2 al-jawwi f kansas al-joz2 al-awwal moqaranat l-awsat trans kansas acad 61 155-162,1958 Aerobiology in Kansas Part One Comparison of environments Trans Kansas Acad 61 155-162,1958 علم الأحياء الجوي في كنساس الجزء الأول مقارنة الأوساط مجلة أكاديمية كانساس المجلد 61 155-162,VALIDATED,GOLD
data52024,DATA_10961,A,تعطلتي بزّاف باش تشتارك ف لعبة,t3etli bezzaf bach tchtark f lo3ba, you are too late to partcipate in the game,لقد فاتك الوقت للمشاركة في اللعبة.,VALIDATED,GOLD
data52025,WIKI_C_00924,C,(2) واش السلعة ولا الخدمات كيتشابهو ولا كيختالفو، و شنو طبيعتهم كيما موصوفين فشي طلب ولا تسجيل ولا متعلقين بشي ماركة قديمة خدامة.,"(2) wach essel3a wlla khdemat kiytechabho wlla kiykhtalfo, w chno tabi3t'hom ki ma mowsoufin f shi talab wlla tasjil wlla met3allaqin b shi marka qdima khadma.",( 2 ) The similarity or dissimilarity and nature of the goods or services as described in an application or registration or in connection with which a prior mark is in use .,(2) أوجه التشابه أو الاختلاف وطبيعة السلع أو الخدمات كما هي موصوفة في طلب أو تسجيل أو فيما يتعلق بعلامة سابقة قيد الاستخدام.,VALIDATED,GOLD
data52026,DATA_5811,A,طعنّي ف دهري,t3enni f Dehri,He stabbed me in the back,طعنني في ظهري,VALIDATED,GOLD
data52027,WIKI_C_11312,C,نصب هاد لحجرة على ذكرى ولادو، رجال قواو وشجعان. سافرو ل لّيونان وقسمو دّهب.,"he raised this stone in memory of his sons, who were strong and brave men. they traveled to greece and divided the gold.","he raised this stone in memory of his sons, who were strong and brave men. they traveled to greece and divided the gold.","1958 . . ""علم الأحياء الجوي في كنساس الجزء الأول. مقارنة الأوساط."" Trans Kansas Acad 61: 155 – 162.",VALIDATED,GOLD
data52028,DATA_0034,A,قالت ليا مالكم؟,qalt lya malkum?,she asked me what's wrong with you guys?,سألتني ما بكم؟,VALIDATED,GOLD
data52029,DATA_4992,A,واش جمعتي شي فلوس؟,wach jme3ti chi flous?,did you save any money?,هل ادخرت بعض المال؟,VALIDATED,GOLD
data52030,DATA_16770,B,واينبيرغ، ڭيرهارد إل. عالم تحت سلاح (طبعة 2، 2013) : تاريخ عالمي ديال لحرب لعالمية تّانية بيد لخبير لأول ف دّيبلوماسية لألمانية، نّقيع وبحث ف نّص.,"weinberg, gerhard l. a world at arms (2nd ed 2013) : tarikh 3alami dyal l-7arb l-3alamiya t-tanya b-id l-khibir l-awwal f d-diplomasiya l-almaniya, n-naqti3 u ba7t f n-nass.","Weinberg , Gerhard L. A World at Arms ( 2nd ed 2013 ) global history of WW2 by leading expert on German diplomacy excerpt and text search",واينبيرغ، جيرهارد إل. 'عالم تحت السلاح' (الطبعة الثانية 2013) : تاريخ عالمي للحرب العالمية الثانية بقلم الخبير الأول في الدبلوماسية الألمانية، مع مراجعة وبحث في النص,VALIDATED,GOLD
data52031,WIKI_D_11003,D,إيلا لقات الدودة شي عقدة ما فيها تا شي طريف ماكول، من غير اللي يلاه كلات، يا إما دور دورة حادة يا إما دور دورة خفيفة. هادشي هو اللي مبيّن فالشكل اللي لفوق.,"ila la9at doda chi 3o9da ma fiha ta chi triif makoul, mn gheir lli yallah kalat, ya imma dour doura 7adda ya imma dour doura khafifa. hadchi howa lli mbayyen fal shkeel lli lefo9.","If the worm encounters a node with no eaten segments , other than the one it has just eaten , it can either make a sharp turn or a gentle one . This is the situation shown in the figure above .",إذا واجهت الدودة عقدة لا تحتوي على أي أجزاء مأكولة، بخلاف الجزء الذي أكلته للتو، فيمكنها إما الانعطاف بشكل حاد أو بشكل لطيف. هذا هو الوضع الموضح في الشكل أعلاه.,VALIDATED,GOLD
data52032,DATA_20085,B,ف دجنبر 1997، ميڭاديث لعبو أغنية مباشرة (ب كلمات مبدلة) ف لّحفلة ديالهم ف صينترو كولتورال ريكوليتا ف بوينس آيرس.,"f december 1997, megadeth l3bo ghonniya mubaashira (bkelmaat mbadla) f l-hefla dyalhum f Centro Cultural Recoleta f buenos aires.","In December 1997 , Megadeth played the song live ( with modified lyrics ) at their concert at the Centro Cultural Recoleta in Buenos Aires .",في ديسمبر 1997، قدمت فرقة ميغاديث أغنية مباشرة (بكلمات معدلة) خلال حفلهم في المركز الثقافي ريكوليتا في بوينس آيرس,VALIDATED,GOLD
data52033,DATA_10596,A,مانضنش غادي نبقى لعن حيت ماشي مزيان,mandench ghadi n-bqa n-l3en 7it machi mzyan,"i don't think i'll keep cursing anymore, because it's not a good thing to do",لا أعتقد أنني سأستمر في اللعن، لأن ذلك ليس أمراً جيداً,VALIDATED,GOLD
data64039,DATA_22331,B,"داك المشهد ديال المحكمة اللي كيجيبو فيه شكاير بزاف عامرين بريات ديال بابا نويل هو تقليد ساخر لفيلم ""ميريكل أون ت34 ستريت"" ديال 1947.","dak l-mashhad dyal l-ma7kama lli kayjibou fih shkayr bzzaf 3amrin briyat dyal baba noel huwa tqlid sakhir l-film ""miracle on 34th street"" dyal 1947.","The courtroom scene in which numerous sacks of letters to Santa Claus are delivered to court is a parody of the 1947 film ""Miracle on 34th Street"".","مشهد المحكمة الذي تُسلّم فيه أكياس عديدة من رسائل إلى بابا نويل إلى المحكمة هو محاكاة ساخرة لفيلم عام 1947 ""معجزة في الشارع 34"".",VALIDATED,GOLD
data64059,DATA_6989,A,يالله نتجمعو نتفرجو فكاع لأفلام القديمة لي كيعجبونا,yallah ntjm3ou ntfrjou f ga3 l aflam l9dam li ki3jbouna,let's have a movie night with all our favorite nostalgic films,دعونا نقضي ليلة لمشاهدة الأفلام مع كل أفلامنا المفضلة الحنينية,VALIDATED,GOLD
data64064,DATA_2283,A,ولكن قلتي ليا بللي مشيتي فشهر العسل!,walakin glti liya bli mchiti fchahr l3asal!,But you told me you went on a honeymoon!,ولكنك أخبرتني أنك ذهبت في شهر العسل!,VALIDATED,GOLD
