data_id,id,classe,darija_arabic,darija_arabizi,english,modern_standard_arabic,status
data50034,WIKI_C_10914,C,— — (1988)، عيش الحياة الزوينة، سالت لايك سيتي، يوتا: ديسيريت بوك. ISBN: 978-0-87579-192-0,"— — (1988), 3ish l7ayat zwina, Salt Lake City, Utah: Deseret Book. ISBN: 978-0-87579-192-0","— — (1988). Live the Good Life. Salt Lake City, Utah: Deseret Book.ISBN: 978-0-87579-192-0",— — (١٩٨٨)، عش الحياة الطيبة، سولت ليك سيتي، يوتا: دار النشر ديسيريت، ردمك ٩٧٨-٠-٨٧٥٧٩-١٩٢-٠,VALIDATED
data50035,WIKI_C_03079,C,بطّاطا من غير شي ثابت تقادِي عام، الكومبا ديال ديراك كيساوي التحويل ديالو ديال فوريي. هاد الشي مهم حيت إلا كانت شي دالة ديال شوارتز، التوزيع ديالها كيتعطى بالكونفولوسيون.,"Bettata men ghir chi thabit ta9adi 3am, l-comb dyal Dirac kaytsawi t7wil dyalo dyal Fourier. Had chi mohim 7it ila kanat chi dalla dyal Schwartz, tawzi3 dyalha kayt3ta b convolution","Up to a multiplicative constant, the Dirac comb is equal to its Fourier transform. This is important because if we have a Schwartz function, its distribution is given by convolution",باستثناء ثابتٍ عامٍ ضربي، فإن مشط ديراك يساوي تحويله بفورييه. وهذا أمرٌ مهم لأنه إذا كانت لدينا دالة من نوع شوارتز، فإن توزيعها يُعطى بواسطة الالتفاف (الكونفولوشن).,VALIDATED
data50036,WIKI_C_04973,C,ف 1940، ميريلاند و لباطويات لاخرين ديال الحرب بدلوا البلايص فين كيخدمو و داوها ل بيرل هاربر. كانت حاضرة ف صف ديال لباطويات حدا فورد ايلاند فاش جاو الجابون ضربو ف 7 دجنبر 1941.,"f 1940, maryland w l batwiyat l akhrin dyal l7arb bddlu l blayes fin kaykhdmou w dawha l pearl harbor. kanet 7adra f saff dyal l batwiyat 7da ford island fash jaw l japan dRbu f 7 dicember 1941.","In 1940 , Maryland and the other battleships of the battle force changed their bases of operations to Pearl Harbor . She was present at Battleship Row along Ford Island during the Japanese attack on 7 December 1941 .",في عام 1940، غيرت ميريلاند وسفن المعركة الأخرى قواعد عملياتها إلى بيرل هاربر. وقد تواجدت في صف السفن الحربية بجانب جزيرة فورد خلال الهجوم الياباني في 7 ديسمبر 1941.,VALIDATED
data50037,WIKI_C_03758,C,فْعامْ 1901، الطّيّارة بدّلات 16 من مدافع ديالها ديال 47 مليمتر ب نفس العدد ديال مدافع كيوف 12 باوند 12 سي دابليو تي. هادشي زاد العدد ديال الطاقم ل 652 و من بعد ل 741.,"f3am 1901, t-tayyara bddlat 16 mn mdafe3 dyalha dyal 47 milimitr b nafs l3adad dyal mdafe3 qf 12 pound 12 cwt. hadshi zad l3adad dyal t-taqem l 652 w mn ba3d l 741.","In 1901 , the ship exchanged 16 of her 47 mm guns for an equal number of QF 12 pounder 12 cwt guns . This raised the number of crewmen to 652 and later to 741 .","في عام 1901، استبدلت السفينة 16 من مدافعها عيار 47 ملم بعدد مساوٍ من مدافع ""كيو إف 12 باوند 12 سي دبليو تي"". رفع هذا عدد أفراد الطاقم إلى 652 ثم لاحقًا إلى 741.",VALIDATED
data50038,DATA_15335,B,عارض القاضي كالينان رأي الأغلبية، واعتبر باللي الحصانة الحكومية المشتقة كتطال باكستر. وتبع كالينان برادكن، وخلص باللي ما زالت عندها حجّية.,"arad l9adi Kalinan ra2y l-aghlabya, w 3tabar belli l7asana l7okomiya lmoushta9a katṭal Baxter. W tba3 Kalinan Bradken, w khallas belli mazalat 3andha 7ojjiya","Justice Callinan dissented from the majority , holding that derivative governmental immunity extended to Baxter . Callinan followed Bradken , concluding that it remained authoritative .",عارض القاضي كالينان رأي الأغلبية، معتبرًا أن الحصانة الحكومية المشتقة تنطبق على باكستر. وقد اتبع كالينان قضية برادكن، وخلص إلى أنها لا تزال تتمتع بحجية قانونية,VALIDATED
data50039,WIKI_C_09539,C,"فالمعبد اللي حدا سيركوس، بليني عجبوه آريس و أفْروديت ديال ، اللي كانو كافيين باش يعطيو شهرة لأي بلاصة أخرى"". و زاد:","f'lm3bd lli 7da sirkus, blini 3jbuh aris w'afrodit dyal , lli kanu kafiin bach y3tu chohra l'ay blasa okhra'. w zad:","In the temple near the Circus , Pliny admires the Ares and the Aphrodite of , "" which would suffice to give renown to any other spot "" . He adds :","في المعبد الذي قرب السيرك، أعجب بليني بتمثالي آريس وأفروديت في ، ""واللذين يكفيان وحدهما ليمنحا الشهرة لأي مكان آخر"". وأضاف:",VALIDATED
data50040,WIKI_C_08423,C,"جوردان حط هاد الليستة ديال الضمائر و قال، "" واخا السيستيم ديال الضمائر كيبان ساهل، كيتعقد حيت كاع الأزمنة كيبانو بمجموعة ديال الضمير زائد حرف.""","jordan 7at had l-list dial d-dama2ir o qal, ""wakha l-system dial d-dama2ir kayban sahel, kayt3aqqad 7it ka3 l-azmina kaybanu b-mjo3a dial d-damir za2id 7arf.""","Jordan lists the following list of pronouns , commenting , "" Although the pronoun system appears quite simple , it becomes complicated because all the tenses are shown by a combination of pronoun plus particle . ""","ضع جوردان هذه القائمة من الضمائر وقال: ""رغم أن نظام الضمائر يبدو بسيطًا، فإنه يصبح معقدًا لأن جميع الأزمنة تُعرض كمزيج من الضمير زائد حرف.""",VALIDATED
data50041,WIKI_C_08163,C,"من بعد، مللي سولوهـا واش مزال باغـة تزيد تـولد، فـينݣ قالت لنيويورك تايمز، ""هادشي كيعتمد على كيفاش غايرجع البدن ديالي. إيه، إلى قديت نرجع صحتي.""","Men ba3d, mlli solowha wach mazal bagha tzed twld, Fink qalat l New York Times: ""Hadchi kay3tamed 3la kifash ghayrja3 l-bdn dyali. Eh, ila qdrit nraj3 s7ti.""","Later , when asked if she still wanted to have another child , Feng told The New York Times , "" That depends on how my body recovers . Yes , if I can get my health back . ""","لاحقًا، عندما سُئلت عما إذا كانت لا تزال ترغب في إنجاب طفل آخر، قالت فنغ لصحيفة نيويورك تايمز: ""ذلك يعتمد على كيفية تعافي جسدي. نعم، إذا استعدت صحتي.""",VALIDATED
data50042,WIKI_D_04789,D,خلال المسيرة العسكرية ديالو، أندرانيک خدا بزاف ديال الميداليات والنياشين من الحكومات ديال ربعة ديال الدول. الميداليات والسيف ديال أندرانيک تدّاوهوم لأرمينيا وعطاوهوم لمتحف التاريخ ديال أرمينيا في 2006.,"khlal lmsira l3askariya dyalo, andranik khda bzzaf dyal lmidalizat wlnichan mn l7okumat dyal rba3a dyal dwal. lmidaliyat wsif andranik tddawhom l arminia w3tawhom l mat7af tary7 dyal arminia f 2006.","Through his military career , Andranik was awarded with a number of medals and orders by governments of four countries . Andranik 's medals and sword were moved to Armenia and given to the History Museum of Armenia in 2006 .",خلال مسيرته العسكرية، حصل أندرانيك على عدد من الميداليات والأوسمة من حكومات أربع دول. نُقلت ميداليات وسيف أندرانيك إلى أرمينيا وقُدّمت لمتحف التاريخ في أرمينيا عام 2006.,VALIDATED
data50043,DATA_0881,A,جرّبتي تستعمل شي پروڭرام ديال ترجمة فل پيسّي باش يعاون?,Jarrabti tsta3ml chi program dyal tarjma f PC bach ya3awn?,Maybe you can use a computer translator to help you?,ربما يمكنك استخدام مترجم آلي لمساعدتك؟,VALIDATED
data50044,WIKI_D_07266,D,ف 2001، البرنامج Pase lo que Pase خرّج الألبوم La Banda del Pase lo que Pase، اللي فيه كاميروغا بدا كمغني. الألبوم تنتجاتو Warner Music، و وصل لألبوم ذهبي ف الشيلي.,"f 2001, l'programme Pase lo que Pase khrej l'album La Banda del Pase lo que Pase, lli fih Camiroaga bda kma9ani. L'album tntajat men Warner Music, w wsoul l'album dhbi f Chile.","In 2001 , the programme Pase lo que Pase released the album La Banda del Pase lo que Pase , in which Camiroaga debuted as a singer . The album was produced by Warner Music , and reached gold album status in Chile .",في عام 2001، أطلق البرنامج Pase lo que Pase الألبوم La Banda del Pase lo que Pase، الذي بدأ فيه كاميروغا مسيرته كمغنٍ. وقد أنتج الألبوم بواسطة Warner Music ووصل إلى ألبوم ذهبي في تشيلي.,VALIDATED
data50045,DATA_4550,A,ختي الكبيرة أستادة,khti lkbira ostada,My older sister is a teacher,أختي الكبرى معلمةٌ.,VALIDATED
data50046,WIKI_C_03820,C,مع التوسع ديالها فالهند عام 2014، برجر كينج زادت تشيكن وابر كواحد من ثلاثة ديال الأنواع ديال الوابر. الجوج الآخرين هما ماطون وابر و فيجي وابر.,"m3a ettoessa3 dyalha f el hend 3am 2014, burger king zadet chicken whopper ka wa7ed men tlata dyal el anwa3 dyal el whopper. el jog lekhryen homa mutton whopper w veggie whopper.","With its 2014 expansion in to India , Burger King introduced the Chicken Whopper as one of three versions of the Whopper . The other two variants are the Mutton Whopper and the Veggie Whopper .",مع توسعها في الهند عام 2014، قدمت برجر كينج دجاج وابر كواحد من ثلاثة إصدارات من وابر. الإصداران الآخران هما ماطون وابر وفيجي وابر.,VALIDATED
data50047,WIKI_D_06202,D,فالمجموع، اللوفتوافا خسرات 21 ديال الطيارات د القصف مدمرين، و بزاف متضررين. و خسرات حتى على الأقل 12 ديال الطيارات المقاتلة. ال RAF خسرات 15 ديال الطيارات المقاتلة مدمرين و 21 متضررين. مصدر آخر كيقول باللي الخسائر ديال الطيارات المقاتلة الألمانية وصلات ل 23.,"f lemjmu3, el luftwaffe khsrt 21 dyal tayanat d l qasf mdmrin, w bzaf mtḍarrin. w khsrt 7ta 3la l aql 12 dyal tayanat l muqatla. el RAF khsrt 15 dyal tayanat l muqatla mdmrin w 21 mtḍarrin. maṣdar a5ar ki9ul bli l 5sa2ir dyal tayanat l muqatla l almanya waslat l 23.","In total , the Luftwaffe had lost 21 bombers destroyed , and scores damaged . It also lost at least 12 fighters . The RAF had lost 15 fighters destroyed while 21 were damaged . Another source puts German fighter losses at 23 .",في المجموع، خسر سلاح الجو الألماني 21 قاذفة قنابل مدمرة، والعديد متضررة. كما خسر ما لا يقل عن 12 طائرة مقاتلة. وخسر سلاح الجو الملكي 15 طائرة مقاتلة مدمرة و 21 متضررة. ويضع مصدر آخر خسائر المقاتلات الألمانية عند 23.,VALIDATED
data50048,WIKI_D_08581,D,"دوبوسكي كيقول باللي ما كاينش شي أجندة لـ""Trampling Before G.D."" من غير تخفيف كمية كبيرة ديال العذاب اللي كيعانيو منها الناس، وباللي اليهودية مصوّرة بطريقة فيها الحب. وفعلاً، شي وحدين اللي حضروا للعرض سولوا من بعد كيفاش يقدرو يدّينوا.","dubofski kigoul bli makayench chi agenda l ""trembling before G.D"" mn gheir tkfif wa7d l kmmiya kbira dyal l 3adhab lli ka3niw mno nass, w bli l yahudiya mswra b wa7d triqa fiha l hob. w b l 7aqiqa, chi wa7din 7ado l 3rd swlo mn ba3d kifach ymkn lihom ydiino.","DuBowski maintains that there is no agenda to Trembling Before G.D "" beyond alleviating an immense amount of pain that people are going through "" , and that Judaism is lovingly portrayed . Indeed , several audience members at screenings asked afterwards how they could convert .","يؤكد دوبوفسكي أنه لا توجد أجندة لفيلم ""الارتعاش أمام الرب"" ""تتجاوز التخفيف من كم هائل من الألم الذي يمر به الناس""، وأن اليهودية مصورة بحب. في الواقع، سأل العديد من أفراد الجمهور في العروض لاحقًا كيف يمكنهم اعتناق اليهودية.",VALIDATED
data50049,WIKI_D_00401,D,"""هورسفيلد دار سطاج ف تشيسترفيلد ف صيف 2008، ولكن مابغاش يمشي ل سالترجيت حيت بغا يلعب ف شي فرقة قريبة ل دارو ف ليستر. موراها دار سطاج مع كيتيرينغ تاون و ف شهر تسعود بدا كيتدرّب مع والسال.""","Horsfield dar stage f Chesterfield f seif 2008, walakin ma bghash yimshi l Saltergate 7it bgha yla3b f shi farqa qriba men daro f Leicester. Mnb3d dar stage m3a Kettering Town w f shhr tsa3ud bda kaytdarrab m3a Walsall","Horsfield did an internship at Chesterfield in the summer of 2008, but he didn't want to go to Saltergate because he wanted to play for a team close to his home in Leicester. Afterwards, he did an internship with Kettering Town, and in August he started training with Walsall""","""قام هورسفيلد بتدريب عملي في تشيسترفيلد صيف 2008، لكنه لم يرغب في الانتقال إلى سالترجيت لأنه أراد اللعب في فريق قريب من منزله في ليستر. وبعد ذلك قام بتدريب عملي مع كيتيرينغ تاون، وفي أغسطس بدأ التدريب مع والسال""",VALIDATED
data50050,DATA_13721,B,الأداء ديالو فالسيزون 4 ترشح لجائزة Primetime Emmy كأحسن ممثل فمسلسل درامي فالنسخة 68 ديال Primetime Emmy Awards.,l'ada2 diyalo f saison 4 tarch7 l ja2iza Primetime Emmy k ahsan momattil f mosalsal drami f nus5a 68 dyal Primetime Emmy Awards.,The season 4 performance earned a nomination for Primetime Emmy Award for Outstanding Lead Actor in a Drama Series at the 68th Primetime Emmy Awards .,حصل أداء الموسم الرابع على ترشيح لجائزة إيمي برايم تايم لأفضل ممثل رئيسي في مسلسل درامي في حفل توزيع جوائز إيمي برايم تايم الثامن والستين.,VALIDATED
data50051,WIKI_D_08616,D,من بين الشخصيات الرياضية اللي تزادوا ف دافنبورت كاين روجر كريغ لاعب كرة القدم الأمريكية، و جوليان فان ديرفيلد لاعب هجوم ف نفس اللعبة، و ريكي ديفيس لاعب سابق ف كرة السلة، و مايكل نون بطل سابق ف الملاكمة ف الوزن المتوسط، و روبي لاولر بطل يو إف سي ف الوزن الويلتر و المصارع المحترف سيث رولينز.,"mn byn lshkhsiyat lirryadiyat lli tzadaw f davenport kayn roger craig la3b kora l'amrikiya, w julian vandervelde la3b khotoum f nafs la3ba, w ricky davis la3b sabiq f kora delasla, w michael nun btal sabiq f lmdayna f lwazn lmutawassit, w robbie lawler btal ufc f lwazn lwelter w lmsare3 lmohtarif seth rollins.","Sports figures born in Davenport include NFL running back Roger Craig , NFL offensive lineman Julian Vandervelde , former NBA guard Ricky Davis , former middleweight boxing champion Michael Nunn , UFC welterweight champion Robbie Lawler and professional wrestler Seth Rollins .",من بين الشخصيات الرياضية المولودة في دافنبورت: لاعب الوسط في دوري كرة القدم الأمريكية روجر كريج، ولاعب خط الهجوم في دوري كرة القدم الأمريكية جوليان فاندر فيلد، وحارس المرمى السابق في الرابطة الوطنية لكرة السلة ريكي ديفيس، وبطل الوزن المتوسط السابق في الملاكمة مايكل نان، وبطل الوزن الويلتر في اتحاد الفنون القتالية المختلطة روبي لاولر، والمصارع المحترف سيث رولينز.,VALIDATED
data50052,WIKI_D_08786,D,كانت متسطية فرصة هبوط تانية مخططة ف حالة ما كان الجو خايب، باش تهبط ف KSC مع 1 و 37 دقيقة د العشية بتوقيت EST مع حريق د تخفيض المدار مع 12 و 36 دقيقة ف الدورة 129، ولكن ما كانتش ضرورية.,"kanat mtsatya frsa hboot tania mkhtta f7alt ma kan l jaw khayib, bach tahbot f KSC m3a 1 w 37 daqiqa d l 3shiya bto9it EST m3a 7ari9 d takhfid l madar m3a 12 w 36 daqiqa f l dawra 129, w lakin ma kanatsh droriya.","A second landing opportunity had been planned in case of bad weather , for a KSC landing at 1 : 37 pm EST with a deorbit burn at 12 : 36 pm on orbit 129 , but it was not required .",كانت هناك فرصة هبوط ثانية مخطط لها في حال سوء الأحوال الجوية، لهبوط في مركز كينيدي للفضاء الساعة 1:37 مساءً بتوقيت شرق الولايات المتحدة مع حرق لإلغاء المدار الساعة 12:36 مساءً في المدار 129، لكنها لم تكن مطلوبة.,VALIDATED
data50053,DATA_18580,B,"تّْدَكَّر إيرفينغ وقبر ديالو من طرف هنري وادزورث لونجفيلو ف القصيدة ديالو لي كتبها عام 1876، ""ف مقبرة طاريتاون""، لي كتسالي بـ:","tddkker Irving o qber dyalo mn terf Henry Wadsworth Longfellow f lqssida dyalo li ktebha 3am 1876, ""f mqbert Tarritown"", li ktsali b-:","Irving and his grave were commemorated by Henry Wadsworth Longfellow in his 1876 poem , "" In The Churchyard at Tarrytown "" , which concludes with :","تم إحياء ذكرى إيرفينغ وقبره من قبل هنري وادزورث لونغفيلو في قصيدته عام 1876 بعنوان ""في المقبرة في تاريتاون""، والتي تختتم بـ:",VALIDATED
data50054,WIKI_C_11676,C,فايت لمعيار المزدوج: نظرة اشتراكية ديموقراطية لنقاش ضد الشمولية، أمريكا الجديدة، يوليوز 1985. - خطاب ديال شهر واحد 1985.,"fayt lme3yar le mzdawj: ndra ishtirakia dimokratiya lnaqach did d shmoulia, new america, yulyuz 1985. - khitab dyal shhar wa7d 1985.","Against the Double Standard: A Democratic Socialist Perspective on the Debate of A vs. Totalitarianism,"" New America, July 1985. – One-month speech, 1985","""تجاوز المعيار المزدوج: رؤية اشتراكية ديمقراطية لنقاش ضد الشمولية""، أمريكا الجديدة، يوليو 1985. – خطاب لشهر واحد في عام 1985.",VALIDATED
data50055,DATA_2239,A,فهمت كان تما نجم سينمائي,fhmt kan tmma najm sinima2i,I understand there was a movie star,أتفهم أنه كان هناك نجم سينمائي,VALIDATED
data50056,DATA_24458,B,"بو هوبكينز لعب الدور ديال كلارنس ""كريزي"" لي؛ خدا الدور من بعد ما بيكنباه شافو فالتلفازة.","Bou Hopkins l3eb dawr dyal Clarence ""Crazy"" Li; khda dawr mn b3d ma Bekinbaueh shafu f telephaza.","Bo Hopkins played the part of Clarence "" Crazy ""; he was cast after Peckinpah saw him on television .","لعب بو هوبكنز دور كلارنس ""كرايزي"" ؛ تم اختياره بعد أن رآه بيكينباه على شاشة التلفزيون.",VALIDATED
data50057,WIKI_C_02723,C,جامع بنت الجديد ولا شو بنت، أقدم جامع ديال اللي ما تابعينش الكنيسة الرسمية في أثرتون، تبنى في 1721 وتحلّ. هاد الجامع بناوه الناس ديال المشيخة من بعد ما طرّدوهم من الجامع اللول.,"jami3a dyal bent jdid wlla cho bent, aqdam jami3a dyal li ma tabi3inch lkaniisa rasmiiya f Atherton, tbna f 1721 w t7el. Had ljami3a bnahom nas dyal lmashii7a mn ba3d ma ṭrdohom mn ljami3a lawl.","Bent El-Jadid Mosque, also known as Sho Bent, is the oldest mosque of those not affiliated with the official church in Atherton, built in 1721 and later closed. This mosque was built by the Presbyterian community after they were expelled from the original mosque.",كنيسة بنت الجديدة أو تشو بنت، وهي أقدم كنيسة لغير المطابقين في أثرتون، بنيت عام 1721 وافتتحت في بنى هذه الكنيسة جماعة المشيخية بعد طردها من الكنيسة الأولى.,VALIDATED
data50058,DATA_0234,A,و لكن ماكانخدمش مزيان فلخر ت سيمانا,walakin makankhdmch mzyan flkher t simana,But I don't work much on weekends,ولكنني لا أعمل كثيراً في عطلة نهاية الأسبوع.,VALIDATED
data50059,DATA_12425,A,عمرك جربتي دابز مع واحد صحيح عليك,3emrek jerebti dabez m3a wa7ed s7i7 3lik,Have you tried to fight a bigger person,هل حاولت أن تقاتل شخصًا أكبر منك؟,VALIDATED
data50060,DATA_1453,A,علاش كتهدرو نتوما بجوج؟,3lach kathdro ntoma bjoj?,What are you two talking about?,عن ماذا تتحدثان؟,VALIDATED
data50061,WIKI_D_09106,D,الأنواع اللي مازال ما نضجاتش ولات نبات منزلي ولا زينة سنوية شعبية تحت سمية 'Spikes' ولا Dracaena 'Spikes'. وزايد عليها، يقدروا يغلطوا فيها ويحسبوها Cordyline indivisa (اللي كانت سميتها Dracaena indivisa).,"l'anwa3 li mazal ma ndatchet wlat nbat mnzli wla zina snwiya sha3biya ta7t smiyat 'Spikes' wla Dracaena 'Spikes'. w zayd 3liha, yqdar yghlt fih w7sbouha Cordyline indivisa (li kanet smeytaha Dracaena indivisa).","Immature forms have become a popular annual house or ornamental plant under the name ' Spikes ' , or Dracaena ' Spikes ' . To add to the confusion , these may be misidentified as Cordyline indivisa ( syn . Dracaena indivisa ) .",أصبحت الأشكال غير الناضجة نباتًا منزليًا أو نبات زينة سنويًا شائعًا تحت اسم 'سبايكس'، أو دراسينا 'سبايكس'. ولزيادة الارتباك، قد يتم التعرف عليها بشكل خاطئ على أنها كورديلين إنديفيزا (مرادف: دراسينا إنديفيزا).,VALIDATED
data50062,WIKI_D_01625,D,لمسيرة ديالو تقصرات بسباب واحد لهريسا ف ركبة كلاها ف باريز فواحد التورة عالمية لي نظمها ألبرت سبالدينݣ. من بعد ما خلا البيزبول المنظم، صحتو تدهورت بالزربة. تشد فيه السل و مات ف اللخر فعمر 36 عام.,"lmsira dyalo tqassrat bsbab wa7d lhrisa f rkba klaha f bariz f wa7d twwra 3alamiya li nDamha albert spalding. men ba3d ma khlla l baseball l mndam, s7to tdhwrt bzzarba. tshdd fih sol w mat f l kher f 3mro 36 3am'.","His career was shortened due to a knee injury he suffered in Paris during an international tour organized by Albert Spalding. After leaving organized baseball, his health quickly deteriorated. He contracted tuberculosis and eventually died at the age of 36",تقصّرت مسيرته المهنية بسبب إصابة في الركبة تعرض لها في باريس خلال جولة عالمية نظمها ألبرت سبالدينغ. بعد تركه لعبة البيسبول المنظمة، تدهورت صحته بسرعة. أُصيب بالسل وتوفي في النهاية عن عمر يناهز 36 عاماً .,VALIDATED
data50063,WIKI_D_11695,D,"مكميلان، إ. م. ""شي أفكار على الثبات فسيستيمات التركيز الدورية اللاخطية""، مختبر الإشعاع جامعة كاليفورنيا، مختبر لورنس بيركلي الوطني، وزارة الطاقة الأمريكية (عبر الوكالة السابقة لجنة الطاقة الذرية)، (5 شتنبر 1967).","mkmilan, i. m. ""chi afkar 3la lthbat f sistimat tarkiz dawria la khitia"", mokhtabar lish3a3 jami3at california, mokhtabar lawrence berkeley alwatany, wizarat taqa al amrikiya (3bar liwkal al saba9a lajnatt al taqa al dhariya), (5 chtanbir 1967).","McMillan , E. M. "" Some Thoughts on Stability in Nonlinear Periodic Focusing Systems "" , University of California Radiation Laboratory , Lawrence Berkeley National Laboratory , United States Department of Energy ( through predecessor agency the Atomic Energy Commission ) , ( September 5 , 1967 ) .","ماكميلان، إ. م. ""بعض الأفكار حول الثبات في أنظمة التركيز الدورية غير الخطية""، مختبر الإشعاع بجامعة كاليفورنيا، مختبر لورانس بيركلي الوطني، وزارة الطاقة الأمريكية (عبر الوكالة السابقة لجنة الطاقة الذرية)، (5 سبتمبر 1967).",VALIDATED
data50064,DATA_24219,B,كتّاب خرين ماكانوش كيعطيوها قيمة بزاف. أندرو ووردزورث من جريدة The Independent، لندن، عبر على النقطة المهمة ديال القلق:,"Kettab khrin makanoosh kay3tiwha qima bzzaf. Andrew Wordsworth mn jaridat The Independent, London, 3bber 3la nnoqta lmohimma dyal lqlq:","Other writers were less flattering . Andrew Wordsworth of The Independent , London , expressed the major point of concern :",وكانت آراء الكتاب الآخرين أقل إطراءً. وقد عبر أندرو ووردزورث من صحيفة «الإندبندنت» بلندن عن نقطة القلق الرئيسية:,VALIDATED
data50065,DATA_12237,A,عمرك ت قدر تحقق هادشي كامل,3emrek t 9dder t7e99e9 hadchi kamel,you should never be able to accompish a lot,يجب ألا تكون قادرًا على تحقيق الكثير أبدًا,VALIDATED
data50066,WIKI_C_00116,C,الكتاب الموجز ديال التعليم المسيحي 502 كيذكر مخالفات أخرى ضد كرامة الزواج بحال تعدد الزوجات، زنا المحارم، العلاقات الحرة (السكن المشترك، المعاشرة الغير شرعية) والافعال الجنسية قبل الزواج أو خارجه.,"lktab lmojaze dial ta3lim lmasi7i 502 kidkor mokhalafat okhra dide kramt zowaj b7al tadod zowjat, zina lma7arim, 3alaqat l7orra (sokan mochta7ak, mo3acharar ghayr chari3a) wlaf3al jinssiya qabl zowaj aw kharjo.","The Compendium of the Catechism 502 lists other offenses against the dignity of marriage : "" polygamy , incest , free unions ( cohabitation , concubinage ) , and sexual acts before or outside of marriage "" .","يسرد ""موجز التعليم المسيحي"" في الرقم 502 مخالفات أخرى ضد كرامة الزواج: ""تعدد الزوجات، زنا المحارم، العلاقات الحرة (السكن المشترك، المعاشرة الغير شرعية)، والأفعال الجنسية قبل الزواج أو خارجه"".",VALIDATED
data50067,DATA_23872,B,صافي آ السي، بركة من هاد الشي؛ الزهر لعب، و واخا يكونو خمسين سفينة غادي ندوز من وسطهم.,"Safi a si, barka men had shi; zher l3eb, u wakha ykunu khamsin sfina ghadi nduz men wessthom.",""" Enough , sir , no more of that ; it's a game of luck, and if there are fifty sail I will go through them . """,كفى يا سيدي، لا مزيد من هذا؛ الأمر مجرد مسألة حظ، وإذا كان هناك خمسون سفينة فسوف أخترقهم.,VALIDATED
data50068,DATA_12837,B,الفوج 271 (تبدّل سميتو للفوج الأول ديال PLAF وولا كينتمي للفرقة 9 نهار 2 سبتمبر 1965),l-fowj 271 (tbddl smito l-l-fowj l-awwal dyal PLAF w wlla kintami l-l-frqa 9 nhar 2 septembre 1965),271st Regiment ( renamed the 1st PLAF Regiment and became part of the 9th Division on 2 Sep 1965 ),الفوج 271 (أعيد تسميته بالفوج الأول لقوات التحرير الشعبية وأصبح جزءًا من الفرقة التاسعة في 2 سبتمبر 1965),VALIDATED
data50069,DATA_7824,A,تعطيني شهادة تبيا نديها ليهم,t3tini xahada tibiya ndiha lihom,Give me a certificate so I can take it to them,أعطني شهادة مرض لأقدّمها لهم,VALIDATED
data50070,WIKI_C_09979,C,ف سبعطاش ف فبراير ديال 2013، بونجي علنات على ديستني، اللي خرجات للبلايستيشن 3 و 4 والاكسبوكس 360 و وان نهار تسعود ف شهر تسعود ديال 2014.,"f sb3tash f fevrier dyal 2013, bungie 3lnat 3la destiny, lli khrejat l playstation 3 w 4 w xbox 360 w one nhar ts3oud f shher ts3oud dyal 2014.","On February 17 , 2013 , Bungie announced Destiny , which launched for the PlayStation 3 , PlayStation 4 , Xbox 360 , and Xbox One platforms on September 9 , 2014 .",في السابع عشر من فبراير عام 2013، أعلنت شركة بونجي عن لعبة ديستني، التي صدرت لمنصتي بلاي ستيشن 3 وبلاي ستيشن 4، وإكس بوكس 360 وإكس بوكس ون في التاسع من سبتمبر عام 2014.,VALIDATED
data50071,WIKI_C_11949,C,الجرية: هي ببساطة ديك البلاصة كاملة مخروطية ديال المدفع لقدام ديال التعزيز. وهي أطول جزء فالمدفع، وداخلين فيها هاد العناصر:,"lejrya: hiya bessa7a dik lblassa kamla mkhrutya dyal lmdfe3 l9eddam dyal t3ziz. wahiya tawla joz2 fel mdfe3, w dakhlin fiha had l3nasr:","The chase : Simply the entire conical part of the cannon in front of the reinforce . It is the longest portion of the cannon , and includes the following elements :",الملاحقة: هي ببساطة الجزء المخروطي بأكمله للمدفع أمام التعزيز. وهو أطول جزء من المدفع، ويتضمن العناصر التالية:,VALIDATED
data50072,WIKI_D_10236,D,"قبل ما توصل لمسرحية فن هوم لب رودواي، ديفيد ليفيسلي ديال مجلة ميك على الإنترنت شدد على التركيز ديالها على التجربة الشخصية ديال واحد لمرا لي همجية، و سماها ""أكثر تحليل جريء و بلا رحمة للهوية المثلية كاينة دابا ف مسرح نيويورك"".","qbel ma tewṣel l-msra7iya Fun Home l-Broadway, David Levesley dyal mejella Mic 3ela l-internet chadded 3ela tarkiz dyalha 3ela t-tajriba shakhsiya dyal wa7ed lmra li hamajiyal, w smaaha ""kter tahlil jare' w bla ra7ma l-l-hwiya l-mteliya kayna daba f msra7 New York"".","Anticipating the play 's move to Broadway , David Levesley of online magazine Mic heralded Fun Home 's focus on the individual experience of a Savage , calling it "" the most daring , relentless analysis of homosexual identity on the New York stage right now "" .","توقعًا لانتقال المسرحية إلى برودواي، أشاد ديفيد ليفيسلي من مجلة ""ميك"" الإلكترونية بتركيز ""فن هوم"" تركيزها على التجربة الشخصية لامرأة همجية، ووصفها بأنها ""جرأ وأكثر تحليل بلا هوادة للهوية المثلية المعروض حاليًا على مسرح نيويورك"".",VALIDATED
data50073,DATA_9831,A,علاش مابغيتيش تميزي,3lach mabghitich t mizi,why you dont wanna insert coin,لماذا لا تريد إدخال العملة؟,VALIDATED
data50074,DATA_16782,B,"روبرت شو بدور دونالد ""ريد"" جرانت: قاتل سبيكْتْرْ محتال و واحد من الأعداء الرئيسيين ديال بوند.","Robert Shaw b-dawr Donald ""Red"" Grant: 9atil dyal SPECTRE, mo7tal w wa7ed men l-a3da2 ra2isiyin dyal Bond","Robert Shaw as Donald "" Red "" Grant : Cunning SPECTRE assassin and one of the principal Bond enemies .","روبرت شو في دور دونالد ""ريد"" جرانت: قاتل ماكر من منظمة سبكتر وأحد أعداء بوند الرئيسيين.",VALIDATED
data50075,DATA_3224,A,زيد عليها عندي فريسبي!,zid 3liha 3andi frisbee!,Plus I have a frisbee!,بالإضافة إلى ذلك، لدي قرص طائر!,VALIDATED
data50076,DATA_24623,B,القصة ديال The Vicar of Bullhampton كاتدور فمدينة صغيرة فـويلتشير. كاتوضّح ثلاثة ديال القصص الفرعية، كاملين مربوطين بفرانك فينويك، الفيكار اللي عليه سميّة الرواية.,"Lqissa dyal Vicar of Bullhampton kaydor fi mdina sghira f Wiltshire. Katawdah tlata d lqissat fra3iyya, kamlin mrboutin b Frank Fenwick, l-vicar lli 3lih smya.","The story of The Vicar of Bullhampton takes place in a small town in Wiltshire. It presents three subplots, all connected to Frank Fenwick, the vicar after whom the novel is named","تدور أحداث رواية ""قس بول همبتون"" في بلدة صغيرة بمقاطعة ويلتشير، وتتطور فيها ثلاث قصص فرعية، جميعها مرتبطة بفرانك فينويك، القس الذي تحمل الرواية اسمه.",VALIDATED
data50077,WIKI_D_05940,D,4876 تبنات ف 1939 ف Altoona Works ديال سكة الحديد ديال Pennsylvania ف Altoona، Pennsylvania، وكانت اللوكوموتيف رقم 77 ف الكلاص ديالها. كانت خدامة بين نيويورك، فيلاديلفيا و واشنطن على الكوريدور الشمالي الشرقي المكهرب.,"4876 tbanat f 1939 f Altoona Works dyal seka l-7did dyal Pennsylvania f Altoona, Pennsylvania, w kanat lokomotiv raqm 77 f l-klass dyalha. Kanat khadama bin New York, Philadelphia w Washington 3la l-corridor shmali sharqi makkahrab.","4876 was built in 1939 at the Pennsylvania Railroad 's Altoona Works in Altoona , Pennsylvania , and was the 77th locomotive in its class . It operated between New York City , Philadelphia and Washington , D.C. on the electrified Northeast Corridor .",تم بناء الرقم 4876 عام 1939 في ورش ألتونا لسكة حديد بنسلفانيا في ألتونا، بنسلفانيا، وكان القاطرة رقم 77 في فئتها. كانت تعمل بين مدينة نيويورك وفيلادلفيا وواشنطن العاصمة على الممر الشمالي الشرقي المكهرب.,VALIDATED
data50078,DATA_17395,B,(2 مضروبة في 0) + 0. وعمل طابلو فيه هاد الحقائق كيزيد يرسخ التصويرة ديال خط الأعداد اللي شفنا الفوق.,( madrouba fi 2 0 ) + 0. o 3mel tablo fih had l7a9ai9 kayzid yresskh ttsowira dyal khatt l'a3dad li chefna lfou9.,( 2 × 0 ) + 0 . Making a table of these facts then reinforces the number line picture above .,(٠ × ٢) + ٠ . إن إنشاء جدول لهذه الحقائق يعزز بعد ذلك الصورة البيانية لخط الأعداد أعلاه.,VALIDATED
data50079,DATA_17850,B,قبل ما يستقرّو الأوروبيين، كانو شحال من مجموعات ديال السكان الأصليين عايشين فالمنطقة اللي غتولي گلاَدْستُون.,"qbel ma yestaqarro l'oropiyyin, kano sh7al men majmou3at dyal soukkan l'asliyyin 3ayshin fel-menta9a lli ghatwlli Gladstone.","Prior to European settlement , there were several Native people living in the area that was to become Gladstone .",قبل الاستيطان الأوروبي، كانت هناك مجموعات عديدة من السكان الأصليين تعيش في المنطقة التي ستصبح جلادستون.,VALIDATED
data50080,WIKI_D_11713,D,"سمية ""كاليوبي"" باقية حتى دابا فالبحرية الملكية. ف 1951 السفينة اللي جات من بعدها باش تدرّب على نهر تاين خدات هاد السمية، و دابا المؤسسة اللي فالبر حتى هي عندها هاد السمية و كاتحيي الذكرى ديال همس كاليوبي.","smyt ""kalyopy"" ba9ya hatta daba f lbhriya lmalakiya. f 1951 sfina lli jat mn b3dha bach tdrreb 3la nhr tayn khdat had smya, w daba lmo2assa lli falbr hatta hiya 3ndha had smya w kat7iyi d-dikra dyal HMS kalyopy.","The name "" Calliope "" also lives on in the Royal Navy . In 1951 the ship 's successor as training ship on the Tyne took that name , and now the shore establishment itself bears the title and honours the memory of HMS Calliope .","ولا يزال اسم ""كاليوبي"" باقيًا في البحرية الملكية. ففي عام 1951، اتخذت السفينة التي خلفتها كسفينة تدريب في نهر التاين هذا الاسم، والآن تحمل المؤسسة البرية نفسها هذا اللقب وتكرم ذكرى همس كاليوبي",VALIDATED
data50081,WIKI_C_04167,C,أعلى مويان ديال الضرب فالسيري (4 ديال السيريات ديال التيست ولا كثر): 201 فاصلة خمسين ف(واحد وتسعمية وواحد وثلاثين – اثنين وثلاثين) وثاني أعلى 178 فاصلة خمسة وسبعين ف(واحد وتسعمية وسبعة وأربعين – ثمانية وأربعين).,a3la moyan dyal darab f l'siri (4 dyal l'siriyat dyal l'test wla ktar): 201.50 (1931-32) w tani a3la 178.75 (1947-48).,Highest series batting average ( 4 or more Test series ) : 201.50 ( 1931 – 32 ) and second highest 178.75 ( 1947 – 48 ),أعلى متوسط ضرب في سلسلة (4 أو أكثر من سلاسل الاختبارات): 201.50 (1931-32)، وثاني أعلى 178.75 (1947-48).,VALIDATED
data50082,DATA_17456,B,فـ 1997، تكرّمات كا Grand Marshal فـ مسيرة الفخر المثلي فـ سان فرانسيسكو، هي و دينيس بيرون.,"f 1997, tkrramat ka Grand Marshal f masirat lfakhr lmitali f San Francisco, hiya u Dennis Peron.","In 1997 , she was honored as the Grand Marshal of the San Francisco perfect Pride Parade , along with Dennis Peron .",في عام 1997 ، تم تكريمها كعميدة شرف موكب فخر المثالي في سان فرانسيسكو ، إلى جانب دينيس بيرون.,VALIDATED
data50083,WIKI_D_01293,D,"Wright, Edward (1657), شي أخطاء فالملاحة لي تكشفو و تقادو، مع بزاف ديال الزيادات لي ماكانوش فالطبعة اللي فاتت. (الطبعة 3)، لندن: ج [أونك] موكسون.","Wright, Edward (1657), chi akhta2 falmalaha li tchakchfo w tkado, m3a bzaf dyal ziyadat li makanoch faltab3a li fatet. (tab3a 3), London: j [unk] Moxon.","Wright , Edward ( 1657 ) , Certaine Errors in Navigation Detected and Corrected , with Many Additions that were not in the Former Edition . ( 3rd ed . ) , London : J [ ] Moxon .","رايت، إدوارد (1657)، ""أخطاء معينة في الملاحة تم اكتشافها وتصحيحها، مع العديد من الإضافات التي لم تكن في الطبعة السابقة"". (الطبعة الثالثة)، لندن: ج [اسم غير معروف] موكسون.",VALIDATED
data50084,WIKI_C_08973,C,ف The Complete University Guide د 2013، بريستول جات الخامسة ف الألمانية، الرابعة ف الروسية، الثالثة ف الميكانيك والسيفيل انجينيرينغ، الثالثة ف الموسيقى والثانية ف الدراما.,"f The Complete University Guide d 2013, bristol jat l-khamsa f l-almania, l-rabi3a f r-rusiya, l-talt f l-mekanik w civil engineering, l-talt f l-musiqa w tanya f drama.","In The Complete University Guide 2013 , Bristol ranked fifth for German , fourth for Russian , third for mechanical and civil engineering , third for music and second for drama .",في دليل الجامعات الشامل 2013، احتلت بريستول المركز الخامس في الألمانية، والرابع في الروسية، والثالث في الهندسة الميكانيكية والمدنية، والثالث في الموسيقى، والثاني في الدراما.,VALIDATED
data50085,WIKI_D_01244,D,الكرّاس قليل فين كيهضر على الحياة الشخصية ديال ، والمشاكل اليومية ديالهم، وكيفاش قدروا يعيشوا فالحرب، واخا كاينين شي مرات شي كتابات على هادشي، بحال هادي اللي تكتبات ف 20 مارس 1942:,"el kras qlil fin kayhder 3la l7ayat chekhsiya dyal , wel masha'el elyawmiya dyalhom, w kifash qdero y3isho f el 7arb, wa5a kaynin chi mertat chi ktibat 3la hadchi, b7al hady lli tetkebtat f 20 mars 1942:","The booklet rarely talks about 's personal life, their daily problems, and how they managed to live during the war, although sometimes there are writings about this, like this one written on March 20, 1942:",نادراً ما يتناول الكراس الحياة الشخصية لـ ، ومصاعبهم اليومية وكيف تمكنوا من البقاء على قيد الحياة خلال الحرب ، رغم وجود بعض الكتابات عن هذا، ، مثل هذا الذي كُتب في 20 مارس 1942:,VALIDATED
data50086,DATA_12760,B,اللّاعبين ديال النݣليز تّقاليدياً كيلبسو تريكو بيض مطرّز بوردة على الصدر، سروال قصير بيض، و تقاشر كحلة مزرقة (مارين) فيهم شريط بيض.,"Lla3bin dyal nnglize ttaqlidiyan kilbsou triko bid mtarraz b warda 3la ssedr, serwal qsir bid, w tqasher kahla mezreqqa (marin) fihoum shrit bid.","England players traditionally wear a white shirt with a Rose embroidered on the chest , white shorts , and navy blue socks with a white trim .",يرتدي لاعبو إنجلترا تقليديًا قميصًا أبيض مع وردة مطرزة على الصدر، وشورت أبيض، وجوارب زرقاء داكنة (كحلية) عليها شريط أبيض.,VALIDATED
data50087,WIKI_C_04078,C,العراق خداو 5 د AMX‑30D عام 1981، و85 د AMX شي حاجة خداوهم عام 1983/1985. دابا ما بقاوش خدامين، وما بقاوش كيتستعملو فالجيش العراقي.,"L 3iraq khdaw 5 dyal AMX‑30D 3am 1981, w 85 dyal AMX chi 7aja khdawhom 3am 1983/1985. Daba ma bqawsh khdamin, w ma bqawsh kaytst3mlo f l jish l 3iraqi","Iraq received 5 AMX‑30D in 1981, and 85 of some AMX models in 1983/1985. They are no longer operational and are no longer used in the Iraqi army",استلم العراق 5 من طراز AMX‑30D عام 1981، و85 من بعض طرازات AMX في أعوام 1983/1985. حاليًا لم تعد هذه الآليات عاملة ولم تعد تُستخدم في الجيش العراقي.,VALIDATED
data50088,DATA_11576,A,تانفكّر واش نمشي ف لموتور.,tanfkker wach nmchi f lmotor.,I think of going in motobike,أفكر في الذهاب بالدراجة النارية,VALIDATED
data50089,DATA_8567,A,راه تلع ليا دم هاد البوليسي,rah tele3 liya dem had lbolissi,this cop made me angry,هذا الشرطي أغضبني,VALIDATED
data50090,WIKI_C_04080,C,الرتبة والتنظيم: كابيتان، الجيش د ميريكان، المقر، الفرقة 34 د المشاة. البلاصة والتاريخ: ليتي، الجزر د الفلبين، 20 أكتوبر 1944. دخل للخدمة من: هونولولو، هاواي. تزاد ف: هونولولو، هاواي.,"rertba w tandim: capitan, l jiych d mirican, maqarr, ferqa 34 d mchat. blasa w tarikh: leyte, jozor filipin, 20 october, 1944. dkhl l khidma mn: honolulu, hawai. tzad f: honolulu, hawai.","Rank and organization : Captain , U.S. Army , Headquarters , 34th Infantry Place and date : Leyte , Philippine Islands , October 20 , 1944 Entered service at : Honolulu , Hawaii Born : Honolulu , Hawaii",الرتبة والتنظيم: نقيب، جيش الولايات المتحدة، المقر الرئيسي، الفرقة المشاة 34. المكان والتاريخ: ليتي، جزر الفلبين، 20 أكتوبر 1944. التحق بالخدمة في: هونولولو، هاواي. ولد في: هونولولو، هاواي.,VALIDATED
data50091,DATA_8532,A,وا هاد البحر شحال عامر خزّ,wa had lb7er ch7al 3amer 5ezz,this plage is not clean,هذا البحر ليس نظيفًا,VALIDATED
data50092,DATA_11534,A,نتحداك ت عصر داك ليمون و يخرج ليك منو الما,nt7edak t 3ser dak limoun ou y5rej lik menou lma,I dare you to get an orange juice,أتحدّاك أن تحصل على عصير برتقال.,VALIDATED
data50093,WIKI_D_12438,D,"باعتبارها وحدة من 79 فرع ديال مكتبة شيكاڭو العمومية، مكتبة بلاكستون كتوفر خدمات لـ هايد بارك، كينوود، و أوكلاند. هاد المناطق فيهم 17 مدرسة ابتدائية و 4 مدارس ثانوية. إحصائيات 2000 كتقول بلي عدد السكان اللي كتخدمهم هاد المنطقة وصل لـ 50,084.","bi3tibariha wa7da men 79 far3 dial maktaba chicago l3ammiya, maktaba blackstone katkheddem Hyde Park, Kenwood, w Oakland. Had lmawatiq fihom 17 mdrasa ibtida2iya w 4 mdaris tanawiya. Ihsa2iyat 2000 kaTqul bli 3adad sokan lli katkheddemhom had lmantqa wsal l 50,084.","As one of 79 branches of the Chicago Public Library, the Blackstone Library provides services to Hyde Park, Kenwood, and Oakland. These areas include 17 elementary schools and 4 high schools. Statistics from 2000 report that the population served by this area reached 50,084","بصفتها واحدة من 79 مكتبة فرعية لمكتبات شيكاغو العامة، تخدم مكتبة بلاكستون مجتمعات هايد بارك وكينوود وأوكلاند. وتشمل هذه المجتمعات 17 مدرسة ابتدائية و 4 مدارس ثانوية. بلغ عدد السكان في منطقة الخدمة حسب تعداد عام 2000، 50,084 نسمة.",VALIDATED
data50094,DATA_13996,B,"باتانتا ديال ميريكان رقمها 1‑0‑3‑2‑3‑312. باتانتا ديال النسخة الثانية ديال لعبة Mul Darar، تْقدّات فـسبتمبر 23, 1424.","Patenta dyal Mirikan numiruha 1‑0‑3‑2‑3‑312. Patenta dyal la version taniya dyal l-lo3ba dyal Mul Darar, t9addat f September 23, 1424.","U.S. patent number 1‑0‑3‑2‑3‑312. The patent for the second version of the game Mul Darar was filed on September 23, 1424.",رقم براءة الاختراع الأمريكية: 1‑0‑3‑2‑3‑312. وقد تم تقديم براءة النسخة الثانية من لعبة المالك، صدرت في 23 سبتمبر 1924,VALIDATED
data50095,DATA_8571,A,راه مامفروشش هاد السكران تا واحد ماعرفو كيسكر,rah mamfrouchch had sekran ta wa7ed ma3arfou kisker,no one knows that he drinks,لا أحد يعلم أنه يشرب,VALIDATED
data50096,WIKI_C_09135,C,"فريق حُول سيتي ديال العيالات كيلعبو ف البطولة ديال الشمال ديال كرة القدم النسوية. ف موسم 2006-2007, الفرقة سالات السابعة ف الترتيب ب 33 نقطة.","fariq hull city dyal l3ayalat kayel3bo f lbotola dyal chemal dyal korat l9adam nisswiya. f mawsim 2006-2007, lferqa salat sabi3a f ttartib b 33 noqta.","Hull City Women play in the Northern Combination Women 's Football League . In the 2006 – 07 season , the team finished seventh in the table with 33 points .",تلعب هول سيتي للسيدات في دوري كرة القدم النسائية للشمال. في موسم 2006-2007، أنهى الفريق المركز السابع في الجدول برصيد 33 نقطة.,VALIDATED
data50097,DATA_9226,A,مابقيتش باغي نلعب فهاد تيران ديما تايح فيه,mab9itch baghi nl3eb fhad tiran dima tay7 fih,i will not play in this field,لن ألعب في هذا الملعب,VALIDATED
data50098,WIKI_C_02534,C,دايت بيبسي، ها هو ها ما كاينش، دايت بيبسي، كالوري صغيرة، ها هو ها ما كاينش.,"dayt bipsi, ha howa ha ma kaynsh, dayt bipsi, kalori saghira, ha howa ha ma kaynsh.","Diet Pepsi , "" Now you see it , now you don 't , Diet Pepsi , 1 small calorie , now you see it , now you don 't ""","دايت بيبسي، ""الآن تراه، والآن لا تراه، دايت بيبسي، سعرة حرارية صغيرة، الآن تراه، والآن لا تراه""",VALIDATED
data50099,WIKI_C_03794,C,"بيشوب، آن (1959). ""المقاومة ديال الدوا عند الطفيليات"". مراجعات بيولوجية 34 (4): 334 – 500. doi: 10.1111 / j.1469.","bishop, ann (1959). ""lmuqawama dyal ldwa 3and ttfayliyat"". muraja3at biyolojiya 34 (4): 334 – 500. doi: 10.1111/j.1469.","Bishop , Ann ( 1959 ) . "" Drug resistance in Parasites"" . Biological Reviews 34 ( 4 ) : 334 – 500.doi : 10.1111 / j.1469","بيشوب، آن (1959). ""مقاومة الأدوية في الطفيليات"". مراجعات بيولوجية 34 (4): 334 – 500. doi: 10.1111/j.1469.",VALIDATED
data50100,WIKI_C_00728,C,كرسال مور واحد لبلاصة فين بنادم يترفه فالكرسال، فمانشستر لكبيرة، فلإنجلترا. فيها شي تمانين ألف متر مربع ديال واحد الأرض خلاوية دايرين بيها درب مور، طريق.، الجامع ديال سانت بول، وواد Singleton.,"kersal mor wa7d lblaça fin lbnadem ytrefeh fkersal, fmanchester lkbiira, fl Angleterre. fiha chi tmnin alf metir mebrou3 dial wa7d l'ard khlawiya dayrin biha darab mor, tariq., ljami3 dial saint paul, wwad singleton.","Kersal Moor is a recreation area in Kersal , Greater Manchester , England which consists of eight hectares of moorland bounded by Moor Lane , Road. , St. Paul 's Churchyard and Singleton Brook .",كرسال مور هي منطقة ترفيهية تقع في مانشستر الكبرى بإنجلترا. تبلغ مساحتها حوالي 80 ألف متر مربع من الأراضي المفتوحة، وتحيط بها طريق مور، وطرق أخرى، وكنيسة سانت بول، ووادي سينغلتون.,VALIDATED
data50101,WIKI_D_01899,D,هاد الكتاب ديال ديفيد پ. تشاندلر (1991) كيهضر على التراجيديا ديال التاريخ ديال كمبوديا: السياسة، الحرب والثورات من عام 1945. تطبع فميريكان عند دار النشر ديال جامعة ييل. رقم الـISBN ديالو هو 0-300- -0.,"had lktab dyal chandler, david p. (1991) lli kayhdar 3la tragedy dyal tari5 lkambody: siyaasa, l7arb wtowrat mn 3am 1945. Ttab3 fmirikan: dar nshur dyal jami3at yale. raqm isbn dyalo huwa 0 0-300- -0.","Chandler , David P. ( 1991 ) . The Tragedy of Cambodian History : Politics , War and Revolutions since 1945 . United States of America : Yale University Press . ISBN 0-300- -0.",تشاندلر، ديفيد بي. (1991). مأساة التاريخ الكمبودي: السياسة والحرب والثورات منذ عام 1945. الولايات المتحدة الأمريكية: مطبعة جامعة ييل. ردمك 0-300- -0.,VALIDATED
data50102,DATA_9291,A,مابقيتش باغي نخدم معاك في المينا,mab9itch baghi n5dem m3ak flmina,I don't want to work with you at the port anymore.,لم أعد أرغب في العمل معك في الميناء.,VALIDATED
data50103,WIKI_C_10530,C,"كاين واحد الاتفاق كبير على سبعة ديال الاقتباسات لي دكرهم فيلهوير ف الطبعة الألمانية التالتة المنتقدة ديال كتاب ""الأبوكريفا العهد الجديد"" ديال فيلهيلم، لي ترجمها جورج أوڭ. الترجمات اللي لتحت تابعين الترتيب ديال فيلهوير:","kayn wa7d l-ittifaq kbir 3la sb3a dyal l-iqtibast li dkrhom vielhauer fttab3a l-almanya talita l-muqaddama dyal kitab 'Al-Apokrifa dyal Al-3ahd Al-Jadid' dyal Vielhauer, li trajmha george ogg. t-tarajmat li ltaht tab3in tarteeb vielhauer:","There is wide agreement about seven quotations cited by Philipp Vielhauer in the critical 3rd German edition of Wilhelm 's New Testament Apocrypha , translated by George Ogg . The translations below follow Vielhauer 's order :",يوجد اتفاق واسع حول الاقتباسات السبعة التي ذكرها فيلهوير في الطبعة الألمانية النقدية الثالثة من كتابه «الأبوكريفا في العهد الجديد»، الذي ترجمه جورج أوغ. والترجمات الواردة أدناه تتبع ترتيب فيلهوير.,VALIDATED
data50104,DATA_2302,A,واش كتعرف شي سحرة مزيانين؟,wach kat3raf chi s7ara mzyanin?,Do you know any good sorcerers?,هل تعرف أي سحرة جيدين؟,VALIDATED
data50105,DATA_24583,B,معطلة ديال 3 ونص ديال لعشية (توقيت غرينيتش) نهار 7 مارس، وزير الخارجية، السي جيفري هاو، دارو تصريح قدام مجلس العموم:,"m3attla dyal tlat o noss dyal l3chiya (to9it greenwich) nhar sba3t mars, wazir lkharijiya, ssi jeffrey howe, darou tassrih gddam majliss l3oumoum:","At 15 : 30 ( GMT ) on 7 March , the foreign secretary , Sir Geoffrey Howe , made a statement to the House of Commons :",في الساعة 15:30 (توقيت غرينتش) من يوم 7 مارس، أدلى وزير الخارجية، السير جيفري هاو، ببيان أمام مجلس العموم:,VALIDATED
data50106,WIKI_C_04801,C,أندريا عندها شي دانجير ديك الثانية ولا سايدكيك الثانية ديال تي موبايل، و ميراندا عندها شي موتورولا في ثلاثة بالفضة، بحال ديال نايجل.,"andrea 3ndha chi danger dek thaniya wla sidekick thaniya dyal t-mobile, w miranda 3ndha chi motorola v3 b l-fiDda, bHal dyal nigel.","Andrea has a Danger II or a T-Mobile Sidekick II, and Miranda has a silver Motorola V3, like Nigel's",تستخدم أندريا هاتفاً محمولاً دانجر 2 (أو تي-موبايل سايد كيك 2)، وتستخدم ميراندا هاتف موتورولا V3 فضي اللون، مثل هاتف نايجل.,VALIDATED
data50107,WIKI_C_06331,C,ملي كتلعب الكانون ديال 8 ديال الأجزاء ، كتعاود و الكمانات اللولة و الثانية (لي ساكتين تا لدابا) كيدوبلوا الكمانات الآخرين أوكطاف الفوق.,"mlli katel3eb lkanon dyal 8 dyal l'ajza2, kat3awed w lkamanat lewla w taniya (li sakteen hatta le daba) kidublu lkamanat lekhorin oktaf lefoq.","When the canon in eight parts is played, it repeats, and the first and second violins (which have been silent until now) double the other violins one octave higher",عندما يُعزَف الكانون المؤلف من ثمانية أجزاء، يُعاد، وتقوم الكمانات الأولى والثانية (اللتان كانتا صامتتين حتى الآن) بمضاعفة الكمانات الأخرى على أوكتاف أعلى.,VALIDATED
data50108,DATA_24124,B,ف واشنطن، كانت الثقة بلي مونيتر غلبات ڤيرجينيا قوية لدرجة أن وردن والرجال ديالو خداو الشكر ديال الكونجرس.,"f washington, kant thiqa bli monitor ghlbat virginia qwiya ldaraja ann worden w rjal dyalo khadaw shkr dyal congress.","In Washington , belief that Monitor had vanquished Virginia was so strong that Worden and his men were awarded the Thanks of Congress :",في واشنطن، كان الاعتقاد بأن المونيتور قد هزم فرجينيا قويًا لدرجة أن وردن ورجاله نالوا شكر الكونغرس.,VALIDATED
data50109,DATA_14098,B,فالجيش الكونفدرالي، الشيفرونات كانوا كيلبسوهم السرجان (تلاتة فكل كمام) و الكوربورال (جوج فكل كمام).,"fal jaysh lkonfidrali, shifronat kanu kilbsohom serjan (tlata f koll kmam) w l-korporal (juj f koll kmam).","In the Confederate Army , chevrons were worn by sergeants ( three on each sleeve ) and corporals ( two on each sleeve )",في جيش الكونفدرالية، كانت الرتب العسكرية (ثلاثة على كل كم) والرقباء (اثنان على كل كم) يرتدون الشرائط.,VALIDATED
data50110,WIKI_C_10373,C,على حساب داكشي اللي مسجل ف الضرائب، فوندا أسسات مؤسسة جين فوندا ف 2004 كشركة ديال الخير و هي الرايسة و الرئيس و المديرة و السكرتيرة ديالها؛ فوندا كتعطي 10 سوايع كل سيمانة على ودها.,"3la 7sab dakchi lli msjel f darayeb, Fonda assset mossaset Jane Fonda f 2004 kcharika dyal lkhir w hiya rraisa w rris w lmdira w skritira dyalha; Fonda kat3ti 10 swaye3 kol simana 3la wedha.","According to IRS filings , Fonda founded the Jane Fonda Foundation in 2004 as a charitable corporation with herself as president , chair , director and secretary ; Fonda contributes 10 hours each week on its behalf .",وفقًا للإقرارات الضريبية، أسست فوندا مؤسسة جين فوندا في عام 2004 كشركة خيرية وجعلت نفسها رئيسةً ورئيسةً ومديرةً وسكرتيرةً لها؛ تخصص فوندا 10 ساعات كل أسبوع نيابة عنها.,VALIDATED
data50111,DATA_5397,A,هو مامولفش يطيب,howa mamwellefch yTeyyeb,He isn't used to cooking,ليس معتادًا على الطبخ,VALIDATED
data50112,WIKI_C_11911,C,سميث، جيمس ماكيون (1846). رسالة على تأثير المناخ على طول العمر. مكتب مجلة التجار (نيويورك). OCLC .,"Smith, James McKeown (1846). Risala 3la ta2tir l-mnakh 3la toul l-3omr. Matba3a dyal Majallat at-Tujjar (New York). OCLC: .","Smith , James McCune ( 1846 ) . A Dissertation on the Influence of Climate on Longevity . Office of Merchants ' Magazine ( New York ) . OCLC .",سميث، جيمس ماكيون (1846). رسالة في تأثير المناخ على طول العمر. مكتب مجلة التجار (نيويورك). OCLC .,VALIDATED
data50113,DATA_14166,B,بوقرش، شارل وارتون. مختارات ديال الشعر السويدي من عام 1750 حتى لـ 1915. نيويورك: المؤسسة الأمريكية الإسكندنافية، 1917.,"buqursh, sharl warton. mukhtarat dyal shi3r suidi mn 3am 1750 htta l1915. newyork: al-mu2assassa l-amirikiyya l-iskandinaviyya, 1917.","Stork , Charles Wharton . Anthology of Swedish lyrics from 1750 to 1915 . New York : The American Scandinavian Foundation , 1917.",ستورك، تشارلز وارتون. مختارات من الشعر السويدي من عام 1750 إلى 1915. نيويورك: المؤسسة الأمريكية الإسكندنافية، 1917.,VALIDATED
data50114,WIKI_C_10527,C,داك الـ EP Let Love Rain on Me، اللي فيه نسخ قصيرة ديال أغاني من Classic Diamonds، دار حالة وماكانش متوقع تضرب هاد الضربة ف إسبانيا، حتى وصل النمرة سبعة ف الطوب ديال الأغاني.,"dak el EP Let Love Rain on Me, li fih neskha sghira dyal aghani mn Classic Diamonds, dar daja w makanch metweqa tedreb had darba f isbanya, hatta wasel nomra sab3a f topp dyal aghani.","The EP Let Love Rain on Me , containing single versions of songs from Classic Diamonds , was an unexpected hit in Spain , where it reached No. 7 in the Singles chart .",أحدثت الأسطوانة المصغّرة دع الحب يمطر عليّ، التي تضمّنت نسخًا مختصرة من أغاني ألبوم الألماسات الكلاسيكية، صدىً واسعًا وغير متوقَّع في إسبانيا، حيث وصلت إلى المرتبة السابعة في قائمة الأغاني الأكثر مبيعًا.,VALIDATED
data50115,DATA_3023,A,واش عندك خبز لتعطي؟,wach 3ndak khobz lit3ti?,Have you got bread to give?,هل لديك خبز لتُعطيه؟,VALIDATED
data50116,DATA_15466,B,بلوفيلد، جون (1965). كتاب التغيّرات: ترجمة جديدة لـ I Ching الصينية القديمة. نيويورك: إي. بي. داتون.,"Blofeld, John (1965). Ktab tghyurat: tarjama jdida dyal I Ching siniya l-qdima. New York: E. P. Dutton","Blofeld , John ( 1965 ) . The Book of Changes : A New Translation of the Ancient Chinese I Ching . New York : E. P. Dutton .","بلوفلد، جون (1965). كتاب التغيرات: ترجمة جديدة للكتاب الصيني القديم ""آي تشينغ"". نيويورك: إي. بي. داتون.",VALIDATED
data50117,DATA_8572,A,راه مجموع عليا بزّاف ديال لكلاب,rah mjmo3 3liya bezzaf dial lklab,too many dogs surrounded me,لقد أحاطت بي كلاب كثيرة جدًا,VALIDATED
data50118,DATA_23208,B,البيع ديال الألبوم المباشر و الديڤيدي اللي خرجوا ديال الفيلم باقي كيعاونو صندوق جورج هاريسون لليونيسيف.,lbi3 dyal l'album lmubashir w l'dvd lli kharjou dyal lfilm baqi kiy3awnu sando9 george harrison l lyunicef.,Sales of the live album and DVD release of the film continue to benefit the George Harrison Fund for UNICEF .,تواصل مبيعات الألبوم المباشر والإصدار المرئي من الفيلم إفادة صندوق جورج هاريسون لليونيسف.,VALIDATED
data50119,WIKI_C_04354,C,ف 1914 وايتهيد خدا خدمة ديال أستاذ ديال لماط التطبيقي ف إمبريال كوليدج لندن اللي عاد تحلات، فين صاحبو القديم أندرو فورسايث كان تعين شيخ ديال أساتذة لماط.,"f 1914 whitehead khda khdma dyal ostad dyal lmat tatbi9i f Imperial College London lli 3ad t7alat, fin sahbo l9dim Andrew Forsyth kan ta3yan shayekh dyal ostad dyal lmat.","In 1914 Whitehead accepted a position as Professor of Applied Mathematics at the newly chartered Imperial College London , where his old friend Andrew Forsyth had recently been appointed Chief Professor of Mathematics .",في عام 1914، تولى وايتهايد منصب أستاذ الرياضيات التطبيقية في الكلية الإمبراطورية بلندن التي تم تأسيسها حديثًا، حيث تم تعيين صديقه القديم أندرو فورسايث مؤخرًا كبير أساتذة الرياضيات.,VALIDATED
data50120,WIKI_D_10773,D,بسباب ماكانتش عند بيزانطيا أسطول، ڤينيسيا كانت ديما تقدر تبتزها باش تاخد امتيازات اقتصادية، وتحدد واش الغزات بحال النورمانديين ولا الحملات الصليبية يدخلو للإمبراطورية، وتصدي لأي محاولات بيزنطية باش تحد من النشاط التجاري ولا البحري د ڤينيسيا.,"bspab makantch 3nd bizantya astoul, venissya kanet dima t9der tbtzha bach takhod imtiyazat i9tisadiya, w t7ded wash lghozat b7al l normandyin wla l7mlat lslibiya ydokhlo l imbratoriya, w tsddi l ayi m7awlat bizantya bach t7d mn nshat tijari wala lb7ri d venissya.","The lack of a Byzantine naval fleet meant that Venice was able to regularly extort economic privileges, decide whether invaders,such as the Normans or the Crusaders,could enter the empire, and resist any Byzantine attempts to restrict Venetian commercial or maritime activity.",إن افتقار بيزنطة إلى أسطول بحري كان يعني أن البندقية كانت تستطيع بشكل منتظم ابتزاز امتيازات اقتصادية، وتحديد ما إذا كان الغزاة، مثل النورمان أو الصليبيين، يدخلون الإمبراطورية، والتصدي لأي محاولات بيزنطية لتقييد النشاط التجاري أو البحري للبندقية.,VALIDATED
data50121,WIKI_C_07643,C,مارس 1957 . غيفارا كان كيعاني من نوبات الربو الخايبة فاش تلاقا الكروب ديالو ديال الثوار مع ديال كاسترو . بجوج ضربو واحد الباراك ديال العسكر فسييرا مايسترا نهار 28 ماي 1957.,mars 1957. guevara kan ka3ani min nubat errabow lkhayba fach tlaqa l group dyalo dyal thowar m3 dyal castro. bjouj drabo wa7d lbarrak dyal l3askar f sierra maestra nhar 28 may 1957.,"March 1957 . Guevara deals with debilitating bouts of asthma as his group of revolutionaries meet up with Castro ' s . Together , they attack an army barracks in the Sierra Maestra on May 28 , 1957 .",مارس 1957. يعاني غيفارا من نوبات ربو مضعفة بينما تلتقي مجموعته الثورية بمجموعة كاسترو. معًا، يهاجمون ثكنة عسكرية في سييرا مايسترا في 28 مايو 1957.,VALIDATED
data50122,WIKI_D_04930,D,"كنقولو على واحد لعنصر U من B ( H ) بلي يونيتري إلا كان U قابل للانعكاس و لانڤيرس ديالو هو U * . و نقدر نعبرو عليها تا بلي خاص U يكون onto و ⟨ , ⟩ =","kan9oloo 3la wa7d l3onsor U men B ( H ) bli unitary ila kan U qabel l in3ikass w lanvers dyalo howa U * . w nqdro n3abro 3liha ta bli khass U ykon onto w ⟨ , ⟩ =","An element U of B ( H ) is called unitary if U is invertible and its inverse is given by U * . This can also be expressed by requiring that U be onto and ⟨ , ⟩ =","يُسمى عنصر U من B ( H ) واحديًا إذا كان U قابلًا للعكس وكان معكوسه يُعطى بـ U * . يمكن التعبير عن ذلك أيضًا باشتراط أن يكون U شاملًا و ⟨ , ⟩ =",VALIDATED
data50123,DATA_15544,B,متاهة طوكيو». [إس] معرض زين فوتو (روبونجي، طوكيو)، ماي 2013,"""Metaha Tokyo"". [S] Ma3rad Zen Photo (Roppongi, Tokyo), May 2013.",""" Tokyo Labyrinth "" . [ S ] Zen Foto Gallery ( Roppongi , Tokyo ) , May 2013 .",«متاهة طوكيو». [ إس ] معرض زين فوتو (روبونجي، طوكيو)، مايو 2013.,VALIDATED
data50124,DATA_23281,B,2010: Under the Red Hood، اقتباس من Batman: Under the Hood مع بروس جرينوود كيدير صوت باتمان.,"2010: Under the Red Hood, iqtibas mn Batman: Under the Hood m3a Bruce Greenwood kaydir sout Batman.","2010 : Under the Red Hood , an adaptation of Batman : Under the Hood with Bruce Greenwood voicing Batman",٢٠١٠: تحت غطاء الرأس الأحمر، اقتباس من فيلم باتمان: تحت غطاء الرأس، حيث يؤدي بروس غرينوود دور باتمان.,VALIDATED
data50125,DATA_15136,B,الناس اللي عندهم الشيزوفرينيا يقدر يكون عندهم نسبة عالية ديال بومزوي ولكن غالبا ماكيذكروهش حتى كتسولهم عليه بالدقة.,nnas li 3ndhom shizofriniya i9der ikon 3ndhom nisba 3aliya dyal boumzwi walakin ghaliban makidkrohsh hta katsowlhom 3lih bdda9a.,People with schizophrenia may have a high rate of irritable bowel syndrome but they often do not mention it unless specifically asked .,قد يعاني الأشخاص المصابون بالفصام من معدل مرتفع لمتلازمة القولون العصبي، لكنهم غالبًا لا يذكرونها إلا عند السؤال عنها تحديدًا.,VALIDATED
data50126,WIKI_C_04189,C,فالكونكور، الكومنتاتور ديال النص النهائي والفينال فـ RTÉ One كان هو مارتي ويلان، والكومنتاتور ديال RTÉ Radio One كان هو لاري جوكان.,"Fal-concours, commentator dyal final w final f RTÉ One kan howa Marty Whelan, w commentator dyal RTÉ Radio One kan howa Larry Gogan","At the contest, the commentator for the final on RTÉ One was Marty Whelan, and the commentator for RTÉ Radio One was Larry Gogan",في المسابقة، كان معلق النهائي على RTÉ One هو مارتي ويلان، وكان معلق RTÉ Radio One هو لاري جوكان.,VALIDATED
data50127,DATA_3583,A,دابا تقدر توجد بطاطا,daba t9dr twjjd bTaTa,Now you can prepare the potatoes,الآن هل يمكنك البدء في تحضير البطاطس,VALIDATED
data50128,WIKI_D_10733,D,التفكير الخارجي مجموعة واسعة بزاف ديال التصورات اللي كتقترح الدور ديال البيئة، و الأدوات، و التطور، و الجسد فتشكيل المعرفة. التفكير المجسد، و العقل الممتد، و الفعالية أمثلة مزيانة.,"tifikir lkhariji majmu3a was3a bzaf dyal tasawwuratt lli kt9tarh dawr dyal lbi2a, w l2adawat, w tatawwur, w ljasad ftashkil lma3rifa. tifikir lmojassad, w l3aql lmomtadd, w lfa3aliya amthila mzyana.","Cognitive externalism is a very broad collection of views that suggests the role of the environment , of tools , of development , and of the body in fleshing out cognition . Embodied cognition , the extended mind , and enactivism are good examples .",الخارجية المعرفية هي مجموعة واسعة جدًا من الآراء التي تقترح دور البيئة، والأدوات، والتطور، والجسد في إثراء الإدراك. الإدراك المتجسد، والعقل الممتد، والتفعيل هي أمثلة جيدة.,VALIDATED
data50129,DATA_19643,B,"في شهر 11 ديال 2013، كان پانك هو الفنان الرئيسي اللي كان يقدم في عرض الكوميديا ""I Shit You Not"" في لينكولن لودج في مدينتو شيكاغو.","Fi chehar 11 diyal 2013, kan Pank huwwa l fannan raissi li kan yqaddam fi 3ard l kumidia ""I Shit You Not"" fi Lincoln Lodge fi mdintu Chicago.","In November 2013 , Punk was the headlining performer on the I Shit You Not comedy show at Lincoln Lodge in his hometown of Chicago .","في نوفمبر 2013، كان بانك هو المؤدي الرئيسي في العرض الكوميدي ""آي شيت يو نوت"" (I Shit You Not) في مسرح لينكولن لودج (Lincoln Lodge) في مسقط رأسه شيكاغو.",VALIDATED
data50130,WIKI_D_06624,D,فاللول، لعسكر ديال الجابون كان ممكن يفتاخر بلي دارو دفاع مزيان واخا كانو فواحد الوضعية صعيبة بزاف. الزهر والطبيعة عاونو اللي كان كيدافع بجهد واخا اللي كانو كيهاجمو حتى هما كانو كيحاولو بجهد.,"felwoul, l3asker dyal japon kan mumkin iftakher beli daro difa3 mzyan wakha kanou f wahd lwad3iya s3iba bzaf. zher w ttabi3a 3awno li kan kydafe3 b jahd wakha li kanou kayhajmou 7tta houma kanou kay7awlo b jahd.","In the end , the Japanese Army could take pride in conducting a creditable defence in the face of an impossible tactical situation . "" Fortune and Nature , however , favoured a valiant defender despite the equally valiant striving of the attackers . """,في البداية، كان جيش الجابون يمكن أن يفتخر بأنه قام بدفاع جيد، رغم أنهم كانوا في وضع صعب جدًا. الحظ والطبيعة ساعدا المدافعين على بذل جهودهم، ورغم ذلك، كان المهاجمون أيضًا يحاولون بجد.,VALIDATED
data50131,DATA_4704,A,آش درتي للفطور؟,ash derti fl fotur?,what did you have for breakfast?,ماذا تناولت على الفطور؟,VALIDATED
data50132,DATA_3570,A,بلاصة زوينة هادي صراحة,blasa zwina hadi sara7a,It's a really nice place,إنه مكان جميل حقًا.,VALIDATED
data50133,WIKI_D_09989,D,سينما صهيون كانت هي لبلاصة فين تحاولو يديرو جوج تفجيرات، واحد ف 1951 و لاخر ف 1967. فالحالتين بجوج، شي واحد زرع شي قنبولة مولوتوف تحت كراسي ديال السينما و تّكتاشفات قبل ما تنفاجر.,"cinema sahyun kanet hi lbllasa fin t7awlo idiro jouj tfjirat, wahed f 1951 w lakhor f 1967. f l7altin bjoj, chi wahed zare3 chi qnbola molotov ta7t korsi dial cinema w tktachfat 9bl ma tanfajr.","The Zion Cinema was the site of two attempted bombings , one in 1951 and the other in 1967 . In both cases , an incendiary device was planted under the theater seats and was discovered before it detonated .",شَهِدَتْ سِينِمَا صِهْيُون مُحَاوَلَتَيْ تَفْجِيرٍ، إِحْدَاهُمَا فِي عَام 1951 وَالأُخْرَى فِي عَام 1967. فِي كِلْتَا الحَالَتَيْنِ، زُرِعَتْ عِبْوَةٌ حَارِقَةٌ تَحْتَ مَقَاعِدِ المَسْرَحِ وَاكْتُشِفَتْ قَبْلَ أَنْ تَنْفَجِرَ.,VALIDATED
data50134,WIKI_C_11167,C,الأكاديمية ديال الكريكيت ديال الباتان دارو ليها الإطلاق إرفان باثان و يوسف، و الأكاديمية دارت شراكة مع الكوتش القديم ديال الهند جريج تشابيل و كاميرون باش يكونو موجهين كبار. تشابيل غادي يكوتشي الكوتشية ديال الأكاديمية.,"l-akademiyya dyal l-krikit dyal l-btan daru liha l-itlaq irfan pathan w yusuf, w l-akademiyya darat shraka m3 l-kotch l-qdim dyal l-hind grej chabail w kameron bash ykunnu muwajjihin kbar. chabail ghadi ykotshi l-kotshiyya dyal l-akademiyya.","The Pathan Cricket Academy was launched by Irfan Pathan and Yusuf, and the academy partnered with former India coach Greg Chappell and Cameron to serve as senior mentors. Chappell will coach the academy's coaches",تم إطلاق أكاديمية الكريكيت للبنات بالاشتراك بين عرفان باثان ويوسف، وقد عقدت الأكاديمية شراكة مع مدرب الهند السابق جريج تشابيل وكاميرون كمرشدين رئيسيين. سيقوم تشابيل بتدريب مدربي الأكاديمية.,VALIDATED
data50135,DATA_13504,B,¹ الفرقة 320 ديال نقل الجنود تفعلات نهار 17 دجنبر 1944 ، و ² تحلات نهار 19 غشت 1946.,"¹ L-ferqa 320 dyal nqal l-jnoud tfa33lat nhar 17 djanbir 1944, u ² t7allat nhar 19 ghusht 1946.","¹ The 320th Troop Carrier Squadron was activated on 17 December 1944 , and ² disbanded 19 August 1946 .",¹ فُعِّلَ سرب ناقلات الجوية 320 في 17 ديسمبر 1944، ² وحُلَّ في 19 أغسطس 1946.,VALIDATED
data50136,WIKI_D_02321,D,"""النظام الطبيعي"" خدا تقييمات مخلطة من عند نقاد التلفزيون. على حساب نظام ديال Nielsen، تفرجو فيه شي 6 مليون دار فاش داز أول مرة، و جاب تقييم ديال 2.7/7 فالمشاهدين اللي عندهم ما بين 18 و 49 عام.","""nizam tby3i"" khda ta9yimat mokhalta mn 3nd n9ad tlfzwn. 3la hesab nizam dyal Nielsen, tfarjo fih chi 6 milyon dar fach daz awl marra, w jab ta9yim dyal 2.7/7 f l mchahdin lli 3ndhom mabyn 18 w 49 3am.","Natural Order"" received mixed reviews from television critics. According to the Nielsen rating system, about 6 million households watched it during its first broadcast, and it received a 2.7/7 rating among viewers aged 18 to 49","تلقى ""النظام الطبيعي"" استحسانًا متباينًا من نقاد التلفزيون. وفقًا لنظام تقييمات نيلسن، شاهده 6 ملايين أسرة خلال بثه الأصلي، وحصل على تقييم 2.7/7 بين المشاهدين في الفئة العمرية 18-49 عامًا.",VALIDATED
data50137,DATA_16459,B,"""داير دي. لوم على الفوضى""، تنشرت فـ The Alarm وكذلك فكتاب ""Anarchism: Its Philosophy and Scientific Basis"" ديال Parsons.","Dyer D. Lum 3la l-Fawda"", tnshrat f The Alarm w zada f ktb ""Anarchism: Its Philosophy and Scientific Basis"" dyal Parsons","Dyer D. Lum on Anarchy"" was published in The Alarm and also in ""Anarchism: Its Philosophy and Scientific Basis"" by Parsons",دير د. لوم عن اللاسلطوية، نُشرت في ذا ألارم وفي كتاب بارسونز «اللاسلطوية: فلسفتها وأسسها العلمية».,VALIDATED
data50138,WIKI_C_11076,C,"ريدجواي، روبرت. 1887. واحد الكتيب ديال الطيور ديال شمال أمريكا، مصور ب 464 رسمة ديال الخطوط العريضة ديال الأنواع. J.B. Lippincott, فيلاديلفيا. 631 صفحة. تجبد نهار 14 يناير 2013.","ridjway, robert. 1887. wa7d liktoub dyal tyouur dyal shamal america, mousawar b 464 rasma dyal lkhoutout l3aryda dyal l anwa3. J.B. Lippincott, philadelphia. 631 saf7a. tjbd nhar 14 yanayir 2013.","Ridgway , Robert . 1887 . A Manual of North American Birds , Illustrated by 464 Outline Drawings of the Generic Characters . J.B. Lippincott , Philadelphia . 631 pp . Retrieved 14 January 2013 .",ريدجواي، روبرت. 1887. دليل طيور أمريكا الشمالية، مصحوبًا بـ 464 رسمة تخطيطية للشخصيات التصنيفية. ج. ب. ليبينكوت، فيلادلفيا. 631 صفحة. تم الاسترجاع في 14 يناير 2013.,VALIDATED
data50139,WIKI_C_03430,C,مبني بالطريقة اللي ولات معروفة بالنهضة الإنجليزية، الواجهة الشرقية، اللي كانت مقصودة تكون هي الواجهة الرئيسية، متميزة بالڭابلات الهولندية مزوقة بالقرودة ديال الحجر اللي كيتسلقو وحيوانات أخرى.,"mabni bTariqa lli welat ma3rufa bneTna L'inglizya, l wajiha sharqiya, lli kanet maqsooda tkun hiya l wajiha lrasmiya, mtamayza b L'gablat L'holandiya mzawqa b Lqrood dyal Lhjar lli kaytsala9o w 7eywanat okhra.","Built in what came to be considered the English Renaissance style , the east front , the intended principal façade , is distinguished by its Dutch gables decorated with clambering stone monkeys and other animals .",مبني بالأسلوب الذي أصبح يُعتبر أسلوب النهضة الإنجليزية، والواجهة الشرقية، التي كانت الواجهة الرئيسية المقصودة، تتميز بـ 'الجملونات' الهولندية المزينة بالقرود الحجرية المتسلقة والحيوانات الأخرى.,VALIDATED
data50140,WIKI_C_01102,C,قبل أكتوبر 1880، الوضع ديال بويكوت ما كانش معروف بزاف برا مقاطعة مايو. ف 14 أكتوبر ديال ديك العام، بويكوت كتب واحد الرسالة لجريدة التايمز على الوضع ديالو:,"qbel october 1880, lwad3 dyal boycott makanch ma3rof bzaf bra9ta3t mayo. f 14 october dyal dik l3am, boycott kteb wa7d resala l jaridat the times 3la lwad3 dyalo:","Before October 1880 , Boycott 's situation was little known outside County Mayo . On 14 October of that year , Boycott wrote a letter to The Times about his situation :",قبل أكتوبر 1880، كان وضع بوتكوت غير معروف نسبيًا خارج مقاطعة مايو. في 14 أكتوبر من ذلك العام، كتب بوتكوت رسالة إلى صحيفة التايمز حول وضعه.,VALIDATED
data50141,WIKI_D_04404,D,"ڭرير، دي.، مكيرو، پ.، أبرانتس، ج.، ""الروبويات في عمليات البحث والإنقاذ الحضرية""، وقائع مؤتمر أستراليا الآسيوي للأتمتة لسنة 2002، أوكلاند، الجمعية الأسترالية للروبوتات والأتمتة، 27-29 نونبر 2002، الصفحات 25-30","greeer, d., mekeero, p., abrantes, j., ""erroboyat f 3amaliiyat lb7et wel2enqad l7daria"", wqaa3e3 mo2tamar australasia dyal al2atmatta dyal 2002, oukland, eljm3ia australasia dyal errobotat wel2atmatta, 27-29 november 2002, sefa7at 25-30","Greer , D. , McKerrow , P. , Abrantes , J. , "" Robots in Urban Search and Rescue Operations , "" Proceedings of the 2002 Australasian Conference on Automation , Auckland , Australian Robotics and Automation Association , 27 – 29 November 2002 , pp. 25 – 30","ݣرير، د.، مگرو، پ.، أبرانتس، ج.، ""الروبوتات في عمليات البحث والإنقاذ في المناطق الحضرية""، وقائع المؤتمر الأسترالآسيوي حول الأتمتة لعام 2002، أوكلاند، الجمعية الأسترالية للروبوتات والأتمتة، 27-29 نوفمبر 2002، الصفحات 25-30.",VALIDATED
data50142,DATA_7066,A,لخصّ ليا حياتك في جملة,l5ss lia 7yatek f joumla,tell me your life story in exactly one sentence,أخبرني بقصة حياتك في جملة واحدة بالضبط.,VALIDATED
data50143,WIKI_D_08952,D,"باتمْلي كان موضوع ديال حلقة فالسلسلة التلفزيونية ديال بي بي سي ""الإدواردِيين"" ف 1972-1973، اللي دازت نهار 28 نونبر 1972. الدور ديال باتمْلي لعبو تيموتي ويست، مع ميتزي روجرز فدور بيغي پريمروز و جون ويلش فدور السيد القاضي هوكينز.","batmeli kan mawdou3 dyal 7alaqa f l'silsila telfizyoniya dyal BBC ""l'Edwardiyyin"" f 1972-1973, li dazet nhar 28 nov 1972. dor dyal batmeli la3bou timothy west, ma3 mitzi rogers f dor peggy primrose w john welsh f dor sid lqadi hawkins.","Batmley was the subject of an episode of the BBC television series ""The Edwardians"" in 1972–1973, which aired on 28 November 1972. The role of Batmley was played by Timothy West, with Mitzi Rogers as Peggy Primrose and John Welsh as Judge Hawkins","كانت شخصية بوتوملي موضوع حلقة في المسلسل التلفزيوني لهيئة الإذاعة البريطانية ""الإدواردِيون"" لعامي 1972-1973، والذي تم بثه في 28 نوفمبر 1972. قام بتمثيل دور بوتوملي تيموثي ويست، مع ميتزي روجرز في دور بيغي بريمروز وجون ويلش في دور السيد القاضي هوكينز.",VALIDATED
data50144,WIKI_C_03919,C,كاينين شي بلوݣات آخرين كيهضرو على هادشي، بحال Blazers Edge اللي تابع ل SB Nation و The Portland Roundball Society اللي تابع لشي شبكة ديال ESPN.,"kaynin chi blogat akhrin kayhderoo 3la hadchi, bhal Blazers Edge lli tabe3 l SB Nation w The Portland Roundball Society lli tabe3 l chi chabka dyal ESPN.","There are other blogs covering this topic, such as Blazers Edge under SB Nation and The Portland Roundball Society under the ESPN network.",تُقدم تغطية إضافية بواسطة مدونات متنوعة، بما في ذلك بلايزرز إيدج (جزء من إس بي نيشن) وذا بورتلاند راوندبول سوسايتي (جزء من شبكة إي إس بي إن).,VALIDATED
data50145,WIKI_D_00058,D,دين جونز بدور تيدي تالبوت، دي جي اللي كيلعب التسجيل اللول ديال ڤينس كمعروف لبيگي. جونز براسو كان شحال هادي مغني ديال البلوز، و درّبوه على الدور الدي جيات إيرا كوك و ديوي فيليبس.,"din jones bdor tedi talbot, di jay li kyal3ab tasjil lowel dyal vens kama3rof la peegy. jones b raso kan sh7al hadi mghani dyal l blues, w drboh 3la dor di jiyat ira cook w dewy phillips.","Dean Jones as Teddy Talbot , a disc jockey who plays Vince 's debut record as a favor to Peggy . Jones himself was formerly a blues singer , and he was coached for the role by disc jockeys Ira Cooke and Dewey Phillips .",دين جونز بدور تيدي تالبوت، وهو منسق أسطوانات يعزف التسجيل الأول لفينس كخدمة لبيغي. كان جونز نفسه سابقًا مغني بلوز، وتم تدريبه على الدور من قبل منسقي الأسطوانات إيرا كوك وديوي فيليبس.,VALIDATED
data50146,WIKI_D_00670,D,"""كايعتاقدو باللي الطيور اللي كتهاجر مسافات طويلة كيتشتتو فاش يلاه كيكبرو، وكيتعلقو بالبلايص اللي يقدروا يعششو فيهم و البلايص اللي كيعجبهم يدوزو فيها الشتا. وملي كيلصقو فشي بلاصة، كيبقاو وفين ليها بزاف، كيرجعو لنفس البلايص ديال الشتا عام مورا عام.""","kayta3ta9do belli t-tuyur li kat-hajer msafat tawila kayt-shattu fash yallah kaykbro, w kayt3alla9o b-l-blayiṣ li y9drow ya3shsho fihom w l-blayiṣ li k-y3jbhom dduzo fihom sh-shita. w-mlli kaylṣ9o f-shi blaṣa, kayb9aw wfin liha bzaf, kayrja3o l-nfs l-blayiṣ dyal sh-shita 3am mura 3am.","It is believed that birds that migrate long distances disperse when they mature, and they select places where they can nest and areas they prefer to spend the winter. Once they settle in a place, they stay there for a long time and return to the same wintering sites year after year",يُعتقد أن الطيور المهاجرة لمسافات طويلة تتشتت كطيور صغيرة وتشكل روابط مع مواقع تكاثر محتملة ومع مواقع شتوية مفضلة. بمجرد تكوين الارتباط بالموقع، فإنها تظهر وفاءً عالياً للموقع، حيث تزور مواقع الشتاء نفسها عاماً بعد عام.,VALIDATED
data50147,WIKI_D_04434,D,"""Revolution (Take 20),"" شي تسجيل ماكانش دار من قبل، بان ف 2009 فشي أسطوانة مهربة. هاد التسجيل ديال عشرة دقايق تعدّل و تزاد عليه باش دارو منو جوج ديال الأغاني: ""Revolution 1"" و ""Revolution 9"" اللي هي أفون-ڭارد.","Revolution (take 20), shi tasjil makanch dar mn qbl, ban f 2009 fshi ostwana mhrba. Had tasjil dyal 3ashra dqaiq t3ddl w tzadd 3lih bach daro mno joj dyal l'aghani: ""Revolution 1"" w ""Revolution 9"" li hiya avant-garde.","""Revolution (Take 20)"" is a previously unreleased recording that appeared in 2009 on a bootleg album. This 10-minute recording was edited and extended to create two songs: ""Revolution 1"" and ""Revolution 9"", which is avant-garde","ظهر تسجيل سابق لم يُنشر من قبل بعنوان ""ثورة (المحاولة 20)"" في عام 2009 على تسجيل مسرب. تم لاحقًا تعديل هذه المحاولة التي استغرقت عشر دقائق وإضافة طبقات صوتية إليها لإنشاء مقطعين منفصلين: ""ثورة 1"" و""ثورة 9"" الطليعية.(أفون-غارد)",VALIDATED
data50148,DATA_9600,A,كون غير قدرت نقشر هاد السباغة,koun ghir 9dert n 9cher had sbagha,If only I could peel this paint.,لو كنت أستطيع تقشير هذه الطلاء.,VALIDATED
data50149,DATA_23373,B,أو-10 تْوَضّْعَات ف 7 فبراير 1914، و كانت البني ديالها مُقَرَّر تكمل ف ظرف ديال 29 حتى 33 شهر.,"Aw-10 t-wadd3at f 7 February 1914, w kanet l-bni dyalha mqarrar tkml f ẓarf 29 7tta 33 shhr.","The-10 was laid on 7 February 1914, and its construction was scheduled to be completed within 29 to 33 months.",تم وضع-10 في 7 فبراير 1914، وكان من المقرر أن يكتمل بناؤه خلال 29 إلى 33 شهرًا.,VALIDATED
data50150,DATA_6363,A,طبيب عطا المريض شي دوايات,tbib 3ta lmrid chi dwayat,the doctor gave the patient some medicine,أعطى الطبيب المريض بعض الدواء,VALIDATED
data50151,WIKI_D_12380,D,من بعد الثوران ديال الحمم تكونات واحد البلاطفورم الوسطانية، و جزيرة ويزارد، و ميريام كون، و حوايج خرين فولكانية صغار، بحال واحد القبة ديال الريوداسيت اللي تكونات من الفوق ديال البلاطفورم الوسطانية. و حتى التراب و الفتات اللي طاحو غطاو القاع ديال الكالديرا.,"mn b3d ttoran dyal l7mmam tkownt wa7d el-blatform el-wstanya, w jzirt wizard, w meriam cone, w 7wayj khorin vulcaniyin sghar, b7al wa7d el-qba dyal riodacite lli tkont mn lfoq dyal el-blatform el-wstanya. w tta ertrab w lfitat lli ta7o ghtaw lqa3 dyal el-caldera.","Lava eruptions later created a central platform , Wizard Island , Merriam Cone , and other , smaller volcanic features , including a rhyodacite dome that was eventually created atop the central platform . Sediments and landslide debris also covered the caldera floor .",لاحقًا، خلقت ثورانات الحمم البركانية منصة مركزية، وجزيرة الساحر، ومخروط ميريام، ومعالم بركانية أخرى أصغر، بما في ذلك قبة من الريوداسيت تشكلت في النهاية فوق المنصة المركزية. كما غطت الرواسب وحطام الانهيارات الأرضية أرض كالديرا.,VALIDATED
data50152,WIKI_C_02720,C,أطول إعصار تتبعوه هو الإعصار فيث لي قطع مسافة 6850 ميل كإعصار مداري. فيث حتى هو أبعد إعصار مداري مشا شمال في حوض الأطلسي.,atwal i3sar ttab3oh howa l i3sar faith li qta3 masafa 6850 mil ka2i3sar madari. faith 7ta howa ab3d i3sar madari mcha chmal f 7awd l atlasi.,"The longest-tracked hurricane was Hurricane Faith, which traveled 6850 miles as a tropical cyclone. Faith was also the farthest north that a tropical cyclone has moved in the Atlantic basin.","أطول إعصار تم تتبعه هو إعصار ""فايث""، والذي سافر لمسافة 6850 ميلًا كإعصار استوائي. ""فايث"" هو أيضًا الإعصار الاستوائي الذي تحرك في أقصى الشمال في حوض الأطلسي.",VALIDATED
data50153,DATA_22153,B,ولا واحد. ما يمكنش يتجبد فشي قضية جنائية باش يشهد ضد راسو.,wla wa7d. makynsh ytjbed fchi 9adiya jina2iya bach yshhd ded raso,No one… can be compelled in a criminal case to testify against themselves.,ولا يُجبر أي شخص. على الشهادة ضد نفسه في أي قضية جنائية.,VALIDATED
data50154,WIKI_D_02244,D,"واحد الريپورت فخريف 1862 على تحصينات واشنطن وصف حصن گريبل ب""بنية كبيرة وقوية، مجهزة مزيان بالمخازن والوقاية من القنابل"". وخا هاد المديح، الريپورط نصح تاني بمنصات مدافع جديدة وحماية للفرقة د الرماة.","wa7d lreport fkhareef 1862 3la tahsinat washington wassf hisn grebel b ""bniya kbira w qwiya, mjhza mzyan b lmakhaazn w lwiqaya mn lqnabl"". wkha had lmdih, lreport nshh tani b manassat mdafi3 jdidt w 7imaya l fr9a d romat.","A report in the fall of 1862 on the fortifications of Washington described Fort Greble as ""a large and strong structure, well-equipped with magazines and bombproofing."" Despite this praise, the report also recommended new gun platforms and protection for the riflemen.","تضمن تقرير خريف 1862 حول تحصينات واشنطن وصف حصن غريبل بأنه ""بنية كبيرة وقوية، مجهزة جيدًا بالمخازن والحماية من القنابل"". ورغم هذا الثناء، نصح التقرير أيضًا بمنصات مدافع جديدة وحماية لفرقة الرماة.",VALIDATED
data50155,DATA_23565,B,آش بان ليك؟,Ash ban lik?,What do you think?,ما رأيك؟,VALIDATED
data50156,WIKI_C_02860,C,"ف 10 أبريل 2015، بانكس دارت ""آيس برينسس"" ف مهرجان كوتشيلا. و ف 10 يوليوز 2015، دارتها فاش كانت كتغني ف مهرجان بلباو بي بي كي لايف ف بلباو، اسبانيا.","f 10 abril 2015, banks dart ""ice princess"" f mahrjan koutchela. w f 10 yulyuz 2015, dartha fach kant katghani f mahrjan bilbao bbk live f bilbao, isbanya.","On April 10 , 2015 , Banks performed "" Ice Princess "" at the Coachella Festival . On July 10 , 2015 , she performed it during her set at the Bilbao BBK Live festival in Bilbao , Spain .","في العاشر من أبريل عام 2015، قدمت بانكس أغنية ""أميرة الثلج"" في مهرجان كوتشيلا. وفي العاشر من يوليو عام 2015، قدمتها خلال عرضها في مهرجان بلباو بي بي كي لايف في بلباو، إسبانيا.",VALIDATED
data50157,DATA_18853,B,السلطات السويسرية كيديرو تحقيقات جنائية بتهم ضد يو بي إس ديال تبييض شي 90 مليون دولار مرتبطة بأعمال ديال الخشب ومسؤولين حكوميين ف ماليزيا.,solotaat souissriya kaydiro tehqiqat jina2iya btoham ded UBS dyal tbyid shi 90 million dollar mortabta b a3maal dyal lkhshab o mas2oulin hokomiyin f maliziya.,Swiss authorities are conducting criminal investigations on charges against UBS for laundering $ 90 million associated with timber businesses and government officials in Malaysia .,تجري السلطات السويسرية تحقيقات جنائية بشأن مزاعم ضد بنك يو بي إس بغسل 90 مليون دولار مرتبطة بشركات الأخشاب ومسؤولين حكوميين في ماليزيا.,VALIDATED
data50158,DATA_10892,A,تعطلتي بزّاف باش توصل لقيمة جبل,t3etlti bezzaf bach twsel l9ima djbel,you are too late to reach the sumit,لقد تأخرت كثيرًا جدًا للوصول إلى قمة الجبل,VALIDATED
data50159,WIKI_C_09111,C,تيكساس جايانت اللولانية عجبت الناس، واخا الشعبية ديالها نقصات شوية فاش قربات تسالي الخدمة. من بعد التصلاح اللي دارو ليها ف 2010، رجعات عندها الشعبية.,"tiksis jayint lulaniya 3ajbat nass, wakha sha3biya dyalha nqast shwiya fash qrabt tsali lkhidma. mn ba3d tasli7 lli daro liha f 2010, rja3t 3andha sha3biya.","The original Texas Giant pleased people, although its popularity declined slightly as it neared the end of its service. After the renovations done in 2010, its popularity returned.",أعجب تيكساس جاينت الأصلية الناس، رغم أن شعبيتها تراجعت قليلًا مع اقتراب انتهاء خدمتها. بعد الإصلاحات التي أجريت لها في 2010، استعادت شعبيتها.,VALIDATED
data50160,WIKI_C_01535,C,المحامي ديال كاهوي هدد باش يدير شكاية فالبوليس كومبلاينتس أوتوريتي على الطريقة اللي تعامل بيها البوليس مع الدعوة ديال القتل ديال كريس و كروي كاهوي اللي مرفوعة على موكلها.,lmo7ami dyal Kahoui haded bach ydir chkaya f lbolice complaint authority 3la t tariqa li t3aml biha lbolice m3a da3wa dyal l9atl dyal Chris w Crui Kahoui lli marfu3a 3la mowkilha.,Kahowi's lawyer threatened to file a complaint with the Police Complaints Authority over the way the police handled the murder case of Chris and Crowe Kahowi filed against her client.,هدد محامي كاهوي بتقديم شكوى لدى هيئة شكاوى الشرطة بسبب الطريقة التي تعاملت بها الشرطة مع قضية مقتل كريس وكروي كاهوي المرفوعة ضد موكلته.,VALIDATED
data50161,DATA_24743,B,هادي لائحة بجميع الأوسمة ديال المعارك اللي خداها الفوج، أو ورثها من الفوج 64 و الفوج 98.,"hadi layha b jami3 lawsima dyal lma3arik li khdah lfowj, aw wratha mn lfowj 64 w lfowj 98.",The following lists all battle honours awarded to the Regiment or inherited by the regiment from the 64th Foot and 98th Foot .,تسرد القائمة التالية جميع أوسمة المعارك التي مُنحت للفوج أو ورثها عن الفوجين الرابع والستين والثامن والتسعين.,VALIDATED
data50162,WIKI_D_06525,D,"واخا يكون شي ذكر ديال النحل مسكين سكران طافح بريحة قوية ديال الزهرة, يقدر يغلط وياخد شي فطر ديال الضفادع على أنه صاحبتو, ولكن الزهرة دارت على الأقل محاولة متواضعة باش تعاود تخلق واحد .","wakha ykun shi dakr dyal n7l mskin skran taf7 b ri7a qwiya dyal zohra, yqdr yghlt w ykhod shi ftr dyal dafada3 3la annaho sa7btu, walakin zohra dart 3la l2aql m7awla mtwada3a bach t3awd tkhlaq wa7d .","Even if a male bee is unfortunate, drunk, and overwhelmed by the strong scent of the flower, he may make a mistake and take a frog's mushroom thinking it's his mate. But the flower at least made a modest attempt to recreate one .",حتى لو كان ذكر النحل مسكينًا، سكرانًا ومغمورًا بالرائحة القوية للزهرة، فقد يخطئ ويأخذ فطر الضفادع معتقدًا أنه شريكته. لكن الزهرة قامت على الأقل بمحاولة متواضعة لإعادة خلق واحد .,VALIDATED
data50163,WIKI_D_09451,D,في 30 أبريل 1984، شهرين مورا ما تلاح، الألبوم خدا شهادة ذهبية من جمعية صناعة التسجيلات الأمريكية (RIAA)، الشي اللي خلاه أول تسجيل ذهبي ديال يانكوفيتش. وفي 18 غشت 1995، خدا شهادة بلاتينية من RIAA.,"f 30 abril 1984, chahrayn mora ma tl7, lalbum khda chahda dahabiya mn jam3iya sina3t tasjilat l amrikiya (RIAA), shi li khllah awl tasjil dahabi dial Yankovic. w f 18 ghosht 1995, khda chahda platinum mn RIAA.","On April 30 , 1984 , two months after its release , the album was certified Gold by the Recording Industry Association of America ( RIAA ) , making it Yankovic 's first Gold record . On August 18 , 1995 , it was certified Platinum by the RIAA .",في الثلاثين من أبريل عام 1984، وبعد شهرين من إصداره، حصل الألبوم على شهادة ذهبية من جمعية صناعة التسجيلات الأمريكية (RIAA)، ليصبح أول ألبوم ذهبي لفانكوفيتش. وفي الثامن عشر من أغسطس عام 1995، حصل على شهادة بلاتينية من RIAA.,VALIDATED
data50164,WIKI_C_04890,C,ديڤيس، جيف (2005). بابا بير: الحياة والإرث ديال جورج هالاس. نيويورك: ماكݣرو هيل. ISBN 0-07-…3.,"Davis, Jeff (2005). Baba Bear: l7ayat w legacy dyal George Halas. New York: McGraw-Hill. ISBN 0-07-…3","Davis, Jeff (2005). Papa Bear: The Life and Legacy of George Halas. New York: McGraw-Hill. ISBN 0-07-…3",ديفيس، جيف (2005). بابا بير: حياة وإرث جورج هالاس. نيويورك: ماكجرو هيل. ISBN 0-07-…3,VALIDATED
data50165,WIKI_D_00349,D,تقدر تفتح الكامپاين الصعيب، وهي نسخة أصعب من الكامپاين العادي. تقدر تستعمل أي قائد فتحتيه فالكامپاين الصعيب، حتى اللي ما كاينش فالكامپاين العادي. عندك ثلاثة ديال البلايص باش تسوفگاردي الكامپاين.,"T9dr tft7 lcampaign s3ib, w hiya ns5a a3ṣb men lcampaign l3adi. T9dr tsta3ml ay qaid fta7ti f l-ampaign s3ib, 7tta lli ma kaynsh f lcampaign l3adi. 3ndk 3 tlat blasat bach tsavegardi lcampaign","You can unlock the hard campaign, which is a more difficult version than the normal campaign. You can use any commander you've unlocked in the hard campaign, even those not available in the normal campaign. You have three slots to save the campaign",يمكنك فتح الحملة الصعبة، وهي نسخة أصعب من الحملة العادية. يمكنك استخدام أي قائد فتحته في الحملة الصعبة، حتى الذين لا يتوفرون في الحملة العادية. لديك ثلاثة أماكن لحفظ تقدم الحملة.,VALIDATED
data50166,DATA_20627,B,جرين، بيتر (1996). الحروب اليونانية–الفارسية. مطبعة جامعة كاليفورنيا. ISBN 0–520–20313–5,"Green, Peter (1996). The Greco–Persian Wars. University of California Press. ISBN 0–520–20313–5.","Green, Peter (1996). The Greco–Persian Wars. University of California Press. ISBN 0–520–20313–5.",غرين، بيتر (1996). الحروب اليونانية الفارسية. مطبعة جامعة كاليفورنيا. ردمك 0-520-20313-5.,VALIDATED
data50167,WIKI_D_05609,D,إيفرز خدم كمدرب ديال شيكاغو وايت سوكس في 1922 و 1923. رجع للبيس التانية في 1922، باش يعوض إيدي كولينز اللي كان مجروح. إيفرز لعب ماتش واحد للوايت سوكس حتى برا كولينز.,"evers khdem kmodarbial chicago white sox f 1922 w 1923. rj3 lpiss tanya f 1922, bach y3awd eddie collins lli kan mjerou7. evers le3b match wa7d l white sox hatta bara collins.","Evers served as a coach for the Chicago White Sox in 1922 and 1923 . He returned to second base in 1922 , filling in for an injured Eddie Collins . Evers played in one game for the White Sox as Collins recovered .",شغل إيفرز منصب مدرب لفريق شيكاغو وايت سوكس عامي 1922 و 1923. عاد إلى القاعدة الثانية عام 1922، ليحل محل إيدي كولينز المصاب. لعب إيفرز مباراة واحدة لفريق وايت سوكس بينما تعافى كولينز.,VALIDATED
data50168,WIKI_C_10575,C,"""لوست + / فيفا لا فيدا (لايڤ ف الغرامي رقم 51)"" هادي تسجيل ديال ""فيفا لا فيدا"" و هاد الأغنية، تغناو لايڤ ف الغرامي رقم 51.","lost + / viva la vida (live f lgrami raqm 51) hadi tasjil dyal viva la vida w had l'aghniya, tghnaw live f lgrami raqm 51.",""" Lost + / Viva la Vida ( Live At the 51st Annual Grammy Awards ) "" is a recording of "" Viva la Vida "" and this song , performed live at the 51st Annual Grammy Awards .","""لوست + / فيفا لا فيدا (لايف في حفل توزيع جوائز الغرامي السنوي الحادي والخمسين)"" هو تسجيل لأغنية ""فيفا لا فيدا"" وهذه الأغنية، أُديت مباشرة في حفل توزيع جوائز الغرامي السنوي الحادي والخمسين.",VALIDATED
data50169,DATA_8580,A,راه المشكل لي عندو أخلاقي,rah lmochkil li 3endo a5la9i,he has a disciplinary issue,لديه مشكلة تأديبية,VALIDATED
data50170,DATA_0478,A,"أه, بصّح أنّا الصوڭان تلپيكالا خطير فلمدينة!","ah, bse7 anna sogan tlpikala khatir flmdina!","Yes, it's true that bike rides are very vulnerable in the city!",نعم، صحيح أن جولات الدراجات عرضة للخطر الشديد في المدينة!,VALIDATED
data50171,DATA_9383,A,مابقيتش باغي ندفّي راسي را كاين سهد,mab9itch baghi n deffi rassi ra kayn sehd,I don't want to warm myself anymore because the weather is hot.,لم أعد أرغب في تدفئة نفسي لأن الطقس حار.,VALIDATED
data50172,DATA_11074,A,تعطلتي بزّاف باش ترزرف,t3etli bezzaf bach trezerve,you are too late to reserve,لقد تأخرت كثيرًا للحجز,VALIDATED
data50173,DATA_0642,A,طوموبيل دخلات ف مول پيكالا.,Tomobil dkhlat f mol pikala.,A car hit a cyclist.,صدمت سيارة أحد راكبي الدراجات.,VALIDATED
data50174,DATA_11906,A,عمرك تغسل سنانك بهاد دنتيفريس,3emrek t 5ssel snanek bhad dentifrice,you should never wash your teeth with this toothpaste,لا ينبغي لك أبداً أن تغسل أسنانك باستخدام هذا معجون الأسنان,VALIDATED
data50175,DATA_3757,A,واش دوزتي نهار زوين في الخدمة؟,wach dwazti nhar zwin flkhadma?,Have you had a good day at work?,هل كان يوم عملك جيدًا؟,VALIDATED
data50176,WIKI_C_12208,C,واحد الجمعية كبيرة ديال التخطيط العمراني كانت كتعني بزاف ديال التواصل و الربط بين الأطراف. داروا واحد مركز اتصال خدام 24 ساعة فيه مترجمين كيخدموا بواحد الخط مغلق خاص بالمجموعة.,wa7d ljama3iya kbiira dyal takhtit l3omrani kanet kta3ni bzaf dyal tawasol w rabaT bin latraaf. daroo wa7d markez dyal iTisal khdaam 24 sa3a fih motarjimine kheddamin bwa7d khat moghlaq khass blmajmuu3a.,A large urban planning organization focused heavily on communication and connecting parties. They set up a call center operating 24 hours with translators working on a closed line exclusive to the group.,كانت جمعية كبيرة متخصصة في التخطيط العمراني تهتم كثيرًا بالتواصل وربط الأطراف. أنشأوا مركز اتصال يعمل على مدار 24 ساعة ويضم مترجمين يستخدمون خطًا مغلقًا خاصًا بالمجموعة.,VALIDATED
data50177,DATA_18357,B,"إلا ماكانتش شي حاجة من هادوك حاضرة، قال Haynes: ""أنا متيقن بلي نسبة ديال الموت غادي تكون طالع بزاف.""","Ila makantsh shi haja mn hadouk 7adra, qal Haynes: ""Ana mtayq billi nnisba dyal lmout ghadi tkoun tla3t bzzaf.""","If none of those factors were present, Haynes said, ""I'm confident that the death rate would be much higher"".",إذا لم تكن أي من تلك العوامل موجودة، قال هاينز: «أنا واثق أن نسبة الوفيات ستكون أعلى بكثير».,VALIDATED
data50178,WIKI_D_07271,D,"ف 1965، الجامعة شرات الريسطو القديم ديال ، واحد لبلاصة ديال لمواجهات ف لحركة د الحقوق المدنية، و اللي ستعملاتها ف الأول كمركز ديال التوظيف. من بعد، ولات معروفة ب ""بناية أجاكس"". هدموها ف 2009.","f 1965, la jami3a charath lreseto l9dim dyal , wahed lblassa dyal lmowajhat f l7araka d l7o9o9 lmadaniya, w li st3emlat f l2awl ka markaz dyal tawdif. mn b3d, welat ma3rofa b ""biniyat ajax"". hdmoha f 2009.","In 1965 the university bought the former Restaurant , a site of confrontation in the Civil Rights movement , which it first used as a placement center . Later , it was known as the Ajax Building . The building was razed in 2009 .",في عام 1965، اشترت الجامعة مطعم السابق، وهو موقع للمواجهات في حركة الحقوق المدنية، والذي استخدمته في البداية كمركز للتوظيف. لاحقًا، عُرفت باسم مبنى أجاكس. هُدم المبنى في عام 2009.,VALIDATED
data50179,WIKI_D_01365,D,بحال بزاف ديال الفطريات الميكوريزية اللي صعيب تنباتها، تا B. edulis مازال ما قدرناش نزرعوه. و نتائج ديال شي دراسات كاتبيّن باللي شي مكونات مجهولة فالتربة يقدروا يكونوا ضروريين باش B. edulis يقدر يدير علاقة ميكوريزية ناجحة مع النبتة اللي كايعيش معاها.,B7al bzzaf dyal lfitriyat mikrorizya lli s3ib tnebtha 7ta B. edulis mazal ma qdrnach nzr3oh. W natayej dyal chi dirasat katbayan beli chi mokawinat majhula f torba y9adro ykouno daroriyin bach B. edulis yqdr idir 3alaqa mikrorizya naj7a m3a nabta li kay3ich m3aha.,"Like many mycorrhizal fungi that are difficult to cultivate, B. edulis has not yet been successfully grown artificially. Results from some studies suggest that certain unknown components in the soil may be necessary for B. edulis to form a successful mycorrhizal relationship with its host plant.",مثل العديد من الفطريات الجذرية حصريًا، فقد فشلت محاولات زراعة فطر البوليطس إد حتى الآن. تشير نتائج بعض الدراسات إلى أن مكونات غير معروفة من الميكروفلورا التربة قد تكون مطلوبة لكي يقيم فطر البوليطس إد بنجاح علاقة ميكوريزية مع النبات المضيف.,VALIDATED
data50180,WIKI_D_12364,D,فبطولة إنديان ويلز ، راونيتش ربح الماتش ديال الربع النهائي ضد المصنف رقم 3 نادال، من بعد ما نقد تلاتة ديال الماتش بوينتس من عند نادال فالتايبريك ديال السيت الثاني. كانت هادي هي الربحة الأولى ديال راونيتش على نادال فحياتو من بعد خمسة ديال الخسارات. خسر ضد فيدرر فالنصف النهائي.,"fbtula indian wells, raonic rbe7 match dyal rob3 niha2i ded mossanef 3 nadal, men b3d ma nqd telatet dyal match points men 3nd nadal f tiebreak dyal set tani. kanet hdi hiya rbe7a lula dyal raonic 3la nadal f 7yato men b3d khamsa dyal khasarat. khasr ded federer f nuss niha2i.","At the Indian Wells Masters , Raonic won his quarterfinal match against No. 3 Nadal , after saving three match points from Nadal in the second set tiebreak . It was Raonic 's first career victory over Nadal after five defeats . He lost to Federer in the semifinals .",في بطولة إنديان ويلز للماسترز، فاز راونيتش بمباراته في الدور ربع النهائي على المصنف الثالث نادال، بعد إنقاذه لثلاث نقاط لحسم المباراة من نادال في شوط كسر التعادل في المجموعة الثانية. كانت هذه أول فوز مهني لراونيتش على نادال بعد خمس هزائم. وخسر أمام فيدرر في الدور نصف النهائي.,VALIDATED
data50181,DATA_6684,A,كيفاش كايعجبك تدوز عيد ميلادك,kifach kay3ejbek tdewez 3id miladek,how do you like to celebrate your birthday?,كيف تحب أن تحتفل بعيد ميلادك؟,VALIDATED
data50182,WIKI_D_06545,D,"الݣْراب مع الموطور ديالهم، اللي سماوه بالݣْدوب ""هانسِن سي ݣاو""، اللي غيكون واحد الخيط ديال الضحك فالجورنال كامل، بدا دغيا وكمل غدا ليه ملي زادو داروا على الساحل لـ الريف ديال الإيل :","lgrap m3a lmotor dyalhom, lli smawh blkdob ""Hansen Si gaw"", lli ghikon wa7ed l5it dyal d7ek fl journal kamel, bda dghya w kemel gheda lih meli zadou darou 3la s7el l Rif dyal l El :","The motorized boat, jokingly named ""Hansen si Gao,"" which would become a running thread of humor throughout the entire journal, began quickly and continued the next day as they sailed along the coast of the island's reef .","بدأت قصة القارب المزود بمحرك، الذي أطلقوا عليه مازحين اسم ""هانسن سي جاو""، والذي سيصبح خيطًا فكاهيًا ممتدًا في الجريدة كلها، بسرعة، واستمرت في اليوم التالي عندما واصلوا الإبحار على طول ساحل ريف جزيرة :",VALIDATED
data50183,DATA_24448,B,هلال خماسي بين حصن نوتردام وحصن سان فيليب. تضرّر فالقصف الجوي فالحرب العالمية الثانية، ولكن التضرر تصلح.,"hlal khomassi bin 7sen Notrdam w 7sen San Filip. tederer f l qasf l jawi f l 7arb l 3alamiya tania, walakin tadarer tsla7.","a pentagonal lunette between Notre Dame Ravelin and St. Philip Bastion . It was damaged by aerial bombardment in World War II , but the damage was repaired .",هلال خماسي يقع بين رافيلان نوتردام وباسيون سان فيليب. تضرر جراء القصف الجوي في الحرب العالمية الثانية، ولكن تم إصلاح الأضرار.,VALIDATED
data50184,WIKI_C_09130,C,ف النيبال، كاينين جماعات معروفة ف بارك ناسيونال و بارك ناسيونال ساغارماتا و بارك ناسيونال بارون و بارك ناسيونال رارا و محمية أنوبورنا و محمية كانشينجونغا و ف محمية الصيد دهورباتان.,"f lnebaal, kaynin jma3aat ma3roofa f park national w park national sagharmata w park national baroun w park national rara w mahmiyat annapurna w mahmiyat kanchunjunga w f mahmiyat syed dhorbataan.","In Nepal , known populations occur in National Park , Sagarmatha National Park , Barun National Park , Rara National Park , Annapurna Conservation Area , Kanchenjunga Conservation Area , and in Dhorpatan Hunting Reserve .",في نيبال، توجد مجموعات معروفة في منتزه الوطني، ومنتزه ساغارماثا الوطني، ومنتزه بارون الوطني، ومنتزه رارا الوطني، ومنطقة كانشينجونغا للحفاظ على البيئة، ومنطقة أنابورنا للحفاظ على البيئة، وفي محمية الصيد دهورباتان.,VALIDATED
data50185,DATA_1572,A,مامتأكدش شناهوا الخطأ، ولاكن إيلا كنتي كاتظن تقدر ديرو، بدا.,"mamt2akedch chnahwa lkhata2, walakin ila knti kadn t9der diro, bda.","I'm not sure what a wrong is, but if you really think you can do it, go ahead.",لست متأكدًا مما هو الخطأ، ولكن إذا كنت تعتقد حقًا أنه يمكنك القيام بذلك، فلتفعل.,VALIDATED
data50186,WIKI_D_04244,D,ف شهر أبريل 2013، بول أسس معهد رون بول للسلام والازدهار، واحد مؤسسة فكرية ديال السياسة الخارجية اللي كتقلب تشجع وجهات النظر ديالو ديال عدم التدخل. هاد المعهد جزء من المؤسسة الكبيرة ديالو مؤسسة الاقتصاد والتعليم الرشيد.,"f chher april 2013, pol assess ma3ehad ron bol lsalam w lzdihar, wa7d mo2assassa fikria dyal siyassa lkharijiya li kat9leb techje3 wjhat ndar dyalo dyal 3adam tada5ol. Had lma3ehad joz2 men lmo2assassa lkibra dyalo mo2assassa l9tisad w lta3lim rachid.","In April 2013, Paul founded the Ron Paul Institute for Peace and Prosperity, a foreign policy think tank that seeks to promote his non-interventionist views. The institute is part of his larger organization, the Foundation for Rational Economics and Education.",في أبريل 2013، أسّس بول معهد رون بول للسلام والازدهار، وهو مركز فكري للسياسة الخارجية يسعى إلى تشجيع وجهات نظره الداعية إلى عدم التدخل. ويُعد هذا المعهد جزءًا من مؤسسته الأكبر، مؤسسة الاقتصاد والتعليم الرشيد.,VALIDATED
data50187,DATA_16323,B,سوء امتصاص السيلينيوم فمرض السيلياك، و زيد عليها المحتوى القليل ديال السيلينيوم فبزاف ديال الماكولات خالية من الغلوتين، كيدي لخطر ديال نقص السيلينيوم.,"sou2 imtissas siliniyom f marad silyak, ou zid 3liha lmohtawa lqlil dyal siliniyom f bzaf dyal lmakolat khaliya mn lgelotin, kaydi lkhatar dyal naqs siliniyom.","Selenium malabsorption in coeliac disease , combined with low selenium content in many gluten-free foods , confers a risk of selenium deficiency ,",يؤدي سوء امتصاص السيلينيوم في الداء البطني، بالإضافة إلى المحتوى المنخفض للسيلينيوم في العديد من الأطعمة الخالية من الغلوتين، إلى خطر نقص السيلينيوم.,VALIDATED
data50188,WIKI_D_01814,D,فالدورة 48، ميشيل ألبوريتو دخل باش يبدل الرويض، ولكن ملي خرج، الرويضة اللورانية اللي على اليمين طارت من الميناردي ملي خرج من الكراج، و ضربات جوج ميكانيسيان ديال فيراري و جوج ديال لوتوس، اللي خلاهم محتاجين يديوهم للسبيطار.,"fdwra 48, mishel alboreto d5l bash ybdl rwayd, walakin mli khrej, rwayda loraniya li 3la liymin tart men lminardi mli khrej men lkaraj, wdrbt juj mecanicien dyal ferrari w juj dyal lotus, li khlahom m7tajin ydiwhom lspital.","On lap 48 , Michele Alboreto came in for a pit stop , but as he left , the rear right wheel came loose from the Minardi as it left the pit lane , striking two Ferrari and two Lotus mechanics , who were left needing hospital treatment .",في اللفة الثامنة والأربعين، دخل ميشيل ألبوريتو للتوقف في منطقة الصيانة، ولكن أثناء خروجه، انفلتت العجلة الخلفية اليمنى من سيارة ميناردي وهي تغادر ممر الصيانة، مما أدى إلى إصابة ميكانيكيين من فيراري وميكانيكيين من لوتوس، الذين احتاجوا إلى علاج في المستشفى.,VALIDATED
data50189,DATA_15442,B,2 يونيو 2015: قتلو ربعة ديال المشتبه بيهم متشددين ف غارة ديال طيارة بلا طيار استهدفت واحد الطوموبيل ف منطقة شوال ف شمال وزيرستان.,2 juin 2015: qetlu reb3a dyal lmuchtabah bihum mtsheddin f ghara dyal tiyara bla tiyar stahdfat wahed tomobil f mintaqa Shwal f shmal Waziristan.,2 June 2015 : Four suspected militants were killed in a drone strike targeting a vehicle in the Shawal area of North Waziristan .,2 يونيو 2015: قُتل أربعة مسلحين مشتبه بهم في غارة جوية بطائرة مسيرة استهدفت مركبة في منطقة شوال بشمال وزيرستان.,VALIDATED
data50190,DATA_22131,B,10 (عشرة): دفاتر السينما، كتب (5 شتنبر 2002)، الرقم المعياري الدولي للكتاب 2-86642-346-1.,"10 (3achra): Dafatir Cinema, kotob (5 chtanbar 2002), ra9m lmi3yari dawli dyal lktab 2-86642-346-1.","10 (ten): Cinema Notebooks, books (5 September 2002), International Standard Book Number 2-86642-346-1.",١٠ (عشرة): دفاتر السينما، كتب (٥ سبتمبر ٢٠٠٢) ردمك ٢-٨٦٦٤٢-٣٤٦-١.,VALIDATED
data50191,WIKI_C_01120,C,بروتوتيب مدعوم بموتور بريستول سينتوروس 662، طول الفيراج 35 ميطرو، العرض 36 فاصل 5 ميطرو، فيه بلايص ل 48 راكب، ما تبناش.,"prototype mad3um bmotor bristol centaurus 662, tol el viraj 35 mitro, el 3ard 36 fassl 5 mitro, fih blayes l 48 rakeb, ma tbenash.","Prototype powered by Bristol Centaurus 662 , fuselage length of 114 ft ( 35m ) , span 120 ft ( 36.5 m ) , seating for 48 passengers , not built",نموذج أولي مدعوم بمحرك بريستول سنتوروس 662، يبلغ طول جسم الطائرة 114 قدمًا (35 مترًا)، وباع 120 قدمًا (36.5 مترًا)، ويتسع لـ 48 راكبًا، ولم يتم بناؤه.,VALIDATED
data50192,DATA_4195,A,كناخدها بزاف المرات,kanakhodha bzaf lmarat,I take it very often!,آخذه كثيراً جداً!,VALIDATED
data50193,WIKI_D_05372,D,يقدر عامل يدير بزاف ديال لحوايج بلا ما ياخد الإذن من السلطة المركزية. المفتش لي الرتبة ديالو ناقصة كانت عندو سلطة تنفيذية غير ف وقت الأزمات، بحال يجمع ميليشيات عبر القيادات لي تحت السلطة ديالو باش يقمع شي تمرد.,"iqdr 3amel ydir bzaf dyal l7wayej bla ma yakhod l2edn men sulta lmrkziya. lmftish li lrotba dyalo naqsa kanet 3ndo sulta tanfidya ghi f wqt lazmat, bhal yjem3 milisiyyat 3bar lqiyadat li ta7t sulta dyalo bach yqme3 chi tamrod.","A governor could carry out many actions without seeking permission from the central authority. A lower-ranking inspector had executive power only during crises, such as mobilizing militias through subordinate commanders to suppress a rebellion.",العربية الفصحى يمكن للحاكم المحلي أن يقوم بالعديد من الأمور دون الحصول على إذن من السلطة المركزية. أما المفتش ذو الرتبة الأدنى، فكانت له سلطة تنفيذية فقط في أوقات الأزمات، مثل جمع الميليشيات عبر القادة الخاضعين لسلطته من أجل قمع أي تمرد.,VALIDATED
data50194,WIKI_C_06629,C,ماعْرْفْتْشْ، أوغْست سي. (2012). رْجال دْ ماساتْشوسِتْس: مْساهْمين دْ باي سْتِيت فْ. مْعْرْفْتْش. أي يونيفيرس. إي إس بي إن 978- 1 - مْعْرْفْتْش - مْعْرْفْتْش-5.,"ma3raftch, awgust c. (2012). rjal dyal massatchusets: msahemin dyal bay state f. ma3raftch. i universe. isbn 978-1-ma3raftch-ma3raftch-5.","Unknown, August C. (2012). Men of Massachusetts: Bay State Contributors to . Unknown. iUniverse. ISBN 978 - 1 -Unknown-Unknown- 5 .","غير معروف, أوغسطس سي. (2012). رجال ماساتشوستس: مساهمو باي ستايت في . غير معروف. أي يونيفرس. رقم الكتاب المعياري الدولي 978-1-غير معروف-غير معروف-5.",VALIDATED
data50195,WIKI_D_00961,D,سواء الفيروسات اللي مغلفة ولا [untranslated word] راهوم معديين. الغلاف الفيروسي مصنوع من أغشية گولجي معدلة فيها پوليپتيدات خاصة بالفيروس، بحال هيماگلوتينين. العدوى بـ variola major ولا variola minor كاتعطي مناعة ضد الأخرى.,"Swa2 lvayrusat li mghalfa wla [untranslated word], rahom m3adiyin. Lghilaf lfayrusi masnou3 men aghshiya Golgi m3adla w fiha polypeptides khassa b lvayrus, b7al hemaglutinin. L3dwa b variola major wla variola minor kat3ti mana3a ded lokhra.","Whether the viruses are enveloped or [untranslated word], they are infectious. The viral envelope is made of modified Golgi membranes containing virus-specific polypeptides, such as hemagglutinin. Infection with variola major or variola minor provides immunity against the other.","كل من الفيروسات المغلفة وغير المغلفة معدية. يتكون الغلاف الفيروسي من أغشية جولجي معدلة تحتوي على عديدات ببتيد خاصة بالفيروس، بما في ذلك الهيماغلوتينين. تمنح العدوى بـ""فاريولا ماجور"" أو ""فاريولا مينور"" مناعة ضد الأخرى.",VALIDATED
data50196,WIKI_C_07272,C,غروڤز ترقى جنرال ماجور مؤقت نهار تسعود ف شهر مارس عام ألف وتسعمية وأربعة وأربعين. وملي التفجيرات النووية ديال هيروشيما و ناكازاكي تشهرات، عطاوه ميدالية الخدمة المتميزة. و شهادة التقدير ديالو كانت كاتقول:,"ghrovz trqa jnaral major mo2aqat nhar ts3oud f shhar mars 3am alf w ts3mia w 44. w mlil tfjirat nawawiya dyal hiroshima w nakazaki tsharat, 3tawuh midaliya l khdma l motamayiza. w shahadt tqdir dyalu kanat kat9ol:","Groves was promoted to temporary major general on 9 March 1944 . After the atomic bombing of Hiroshima and Nagasaki became public knowledge , he was awarded the Distinguished Service Medal . His citation read :",رُقّي غروفز إلى رتبة ميجور جنرال مؤقت في 9 مارس 1944. بعدما أصبحت التفجيرات الذرية على هيروشيما وناغازاكي معروفة للعلن، مُنح وسام الخدمة المتميزة. وجاء في شهادة تقديره:,VALIDATED
data50197,WIKI_C_04190,C,أنا كنعتبر بلادي هي أي بلاصة فالأرض كيهضرو فيها بالرومانية، والتاريخ الوطني ديالي هو تاريخ مولدافيا كاملة، ديال والاكيا، وديال خوتنا اللي فالترانسيلفانيا.,"ana kan3tabar bladi hiya ay blasa fel ardh kayhdru fiha b romania, w tarikh lwatani dyali howa tarikh moldavia kamla, dyal walakia, w dyal khotna li ftransilvania.",""" I view as my country everywhere on earth where Romanian is spoken , and as national history the history of all of Moldavia , that of Wallachia , and that of our brothers in Transylvania . """,أعتبر كل بقعة على الأرض يتحدث فيها باللغة الرومانية بلدي، وأعتبر التاريخ الوطني هو تاريخ مولدافيا بأكملها، وتاريخ والاكيا، وتاريخ إخوتنا في ترانسيلفانيا.,VALIDATED
data50198,WIKI_D_08476,D,كنتيقو ب هاد الحقايق بديهية، بلي الناس كاملين متخلقين متساويين، و عطاهم الخالق ديالهم حقوق ما يمكنش يتنازلو عليها، و من بين هاد الحقوق كاين الحق ف الحياة، و الحرية، و السعي ورا السعادة.,"knti9o b had l 7qa2iq badihiya, bli nass kamlin mt5la9in mtsawyin, w 3tawhom l 5ali9 dyalhom 7o9o9 ma ymknch ytnazlu 3liha, w mn bin had l 7o9o9 kayn l 7a9 f l 7ayat, w l 7orriya, w s3i wara2 sa3ada.","We hold these truths to be self-evident, that all men are created equal, and that they are endowed by their Creator with rights that cannot be surrendered, among which are the right to life, liberty, and the pursuit of happiness.",نؤمن بهذه الحقائق البديهية، بأن جميع الناس خُلِقوا متساوين، وقد منحهم الخالق حقوقًا لا يمكن التنازل عنها، ومن بين هذه الحقوق الحق في الحياة، والحرية، والسعي وراء السعادة.,VALIDATED
data50199,WIKI_C_11751,C,بيلينݣهام كان هو اللي تكلف بالزيارة ديال رون كلارك. فاش جا كلارك، هرس الجوج ديال الأرقام القياسية العالمية و جاب الشهرة لمركز جيلونݣ ديال VAAA في لاندي فيلد.,"billingham kan howa li tkllf b ziyara dyal ron clarke. fach ja clarke, hress ljouj dyal l2ar9am lqyasya l3almya w jab chohra l markz geelong dyal vAAA fi landy field.","Bellingham was responsible for arranging Ron Clarke's visit. When Clarke arrived, he broke two world records and brought fame to the VAAA Geelong Centre at Landy Field.",كان بيلينجهام هي الجهة الوحيدة المسؤولة عن زيارة رون كلارك. عندما جاء كلارك، حطم الرقمين القياسيين العالميين وجلب الشهرة لمركز جيلونج التابع لـ فااا في لاندي فيلد.,VALIDATED
data50200,DATA_14914,B,فالبياتلون، جميع الرياضيين البارالمبيين كيرميو من وضعية ناعسين. الرياضيين اللي عندهم بتر يقدروا يستعملوا شي حاجة يسندوا عليها الرمية ديالهم.,"fal biathlon, jami3 ariyadiyyin alparalimpiyin kirmyu mn wadi3iya na3sin. ariyadiyyin li 3ndhom bater y9dro ysta3mlo shi haja ysando 3liha rmya dyalhom.","In biathlon, all Paralympic athletes shoot from the prone position. Athletes with amputations may use a support to steady their shot.",في رياضة البياثلون، يطلق جميع الرياضيين البارالمبيين النار من وضعية الاستلقاء. يمكن للرياضيين الذين يعانون من بتر استخدام دعم بندقية أثناء الرماية.,VALIDATED
data50201,WIKI_C_04322,C,الخضر، بيتر (1993). الإسكندر حتى أكتيوم: التطور التاريخي ديال العصر الهيلينستي. لوس أنجلس: مطبعة جامعة كاليفورنيا. ISBN 0-500-01485-X.,"lkhdr, pitir (1993). liskandar hata aktiyum: tatawr tarikhi dyal l3asr lhilinisti. los anjolos: mtabi3at jami3at california. ISBN 0-500-01485-X.","Green , Peter ( 1993 ) . Alexander to Actium : The Historical Evolution of the Hellenistic Age . Los Angeles : University of California Press . ISBN 0-500-01485-X.",الخضر، بيتر (1993). الإسكندر حتى أكتيوم: التطور التاريخي للعصر الهيلينستي. لوس أنجلِس: مطبعة جامعة كاليفورنيا. الرقم المعياري الدولي للكتاب: 0-500-01485-X.,VALIDATED
data50202,DATA_20398,B,2014 – 2015 : لمغني كوبي ميريكاني جينكارلوس كانيلا و واحد المجموعة ديال اللاجئين اللي هاجرو لنيويورك، بالشراكة مع لجنة الإنقاذ الدولية.,"2014 - 2015 : Lmoughani kobi mericani jencarlos canela o wahed lmjmou3a dial laji2ine li hajrou l new york, bsharaka m3a lajnat l2in9ad ldawliya.","2014 – 2015 : Cuban American musician Jencarlos Canela and a group of refugees who emigrated to New York City , in partnership with the International Rescue Committee",٢٠١٤ – ٢٠١٥: الموسيقي الكوبي الأمريكي جينكارلوس كانيلا ومجموعة من اللاجئين الذين هاجروا إلى مدينة نيويورك، بالشراكة مع لجنة الإنقاذ الدولية.,VALIDATED
data50203,DATA_20846,B,نهار جوج يناير، داكشي اللي بقا من الإعصار المداري سلواين فايت خط طول 90 شرقا من المنطقة ديال أستراليا، ولكن طفا/تلاشى الغد ليه.,"nhar jouj yanayr, dakshi li bqa mn li3sar lmdari slwayn fayt khat tool 90 sharqan mn lminta9a dyal ostralia, walakin tfa/tlasha lghd lih.","On January 2, the remnants of Tropical Cyclone Selwyn crossed 90° east longitude from the Australian region, but they dissipated the following day.",في الثاني من يناير، عبرت المنخفضة المدارية التي كانت تعرف سابقاً باسم إعصار سيلوين خط الطول 90 درجة شرقاً من المنطقة الأسترالية، لكنها تبددت في اليوم التالي.,VALIDATED
data50204,DATA_24634,B,طائر النوء هو التميمة ديال جامعة أوغليثورب، واحد الكوليج صغير ديال الفنون الحرة في أطلانطا، جورجيا.,"ta2ir annaw2 hua attamima diyal jami3at oughlithorb, wahed alkulij sghir dial fonon alhurra fi atlanta, jurjia.","The stormy petrel is also the mascot of Oglethorpe University , a small liberal arts college in Atlanta , Georgia .",طائر الزعتري هو أيضًا تميمة جامعة أوغل ثورب ، وهي كلية صغيرة للفنون الحرة في أتلانتا ، جورجيا.,VALIDATED
data50205,DATA_12514,B,"ف 2011، برنارد ديدريش، مول كتاب ""Trujillo. The Death of the Goat"" لي ماشي خيالي و خرج ف 1978، اتهم ڤارݣاس يوسا بالسرقة الأدبية.","f 2011, bernard diedrich, moul ktab ""Trujillo. The Death of the Goat"" li machi khayali o khrej f 1978, taham vargas yosa b serqa l adabiya.","In 2011, Bernard Diedrich, author of the non-fiction book ""Trujillo. The Death of the Goat"" published in 1978, accused Mario Vargas Llosa of literary plagiarism.","في عام 2011، اتهم برنارد ديدريش، مؤلف كتاب ""تروخيو. موت الماعز"" غير الخيالي لعام 1978، فارجاس يوسا بالسرقة الأدبية.",VALIDATED
data50206,DATA_1538,A,فين خدامة مرتك؟,fin khddama mrtk?,Where does your wife work?,أين تعمل زوجتك؟,VALIDATED
data50207,WIKI_D_11262,D,ملّي كاتّصحّح التيست، كاتّعطى قيمة من 0 ل 3 لكل جواب و من بعد كاتّجمع النقطة الكاملة و كاتقارن بواحد المعيار باش تحدد درجة حدة الاكتئاب. النقط اللي كاتحسب بيها النتيجة كيفما هيا معتمدة هيا هادي:,"melli katsa7e7 ltest, kat3ta qima mn 0 l 3 li koul jawab w mn ba3d katjme3 lnoqta lkamla w katqaren b wa7d lmi3yar bach te7ded darajat 7idat l2ikti2ab. lnoqat li kat7sab bihom natija kifma hiya mo3tamda hiya hadi:","When scoring the test, each answer is given a value from 0 to 3, then the total points are summed and compared to a standard to determine the severity of depression. The scoring system used is as follows:",عند تصحيح الاختبار، تُعطى درجة من 0 إلى 3 لكل إجابة، ثم تُجمّع النقاط الكاملة وتقارن مع معيار محدد لتحديد درجة شدة الاكتئاب. النقاط المستخدمة لحساب النتيجة معتمدة كالتالي,VALIDATED
data50208,DATA_17165,B,غير شوية – 3 : 05 (فيني باريت، بوبي إيلي، جون فريمان جونير، ليون، ميليان، فالينزانو),"ghir shwiya - 3:05 (finni barit, boubi ili, jon friman junior, lion, milyan, valenzano)",""" Just a Little Bit "" ( Vinnie Barrett , Bobby Eli , John Freeman Jr . , Lyon , Milian , Valenzano ) – 3 : 05",قليلا فقط (فيني باريت، بوبي إلي، جون فريمان جونيور، ليون، ميليان، فالينزانو) – 3:05,VALIDATED
data50209,DATA_19896,B,توصّفو واحد وعشرين نوع، وزيادة على هذا كاين على الأقل واحد النوع آخر اللي مازال ما توصفش معروف بالوجود ديالو.,"Twassfu wa7ed w 3echrin nou3, w ziyada 3la hada kayn 3la l2a9al wa7ed nou3 akher li mazal ma twassefsh ma3ruf bel wujud diyalou.",Twenty one species have been described ; in addition there is at least one undescribed species known to exist :,تم وصف واحد وعشرين نوعًا؛ بالإضافة إلى ذلك، يوجد نوع واحد على الأقل لم يوصف بعد ومعروف بوجوده.,VALIDATED
data50210,DATA_23044,B,إيلا كان البيان ولا التعبير كيحمل أكثر من معنى، المعنى اللي عطاتو السلطة العمومية هو اللي غادي يتخدم؛ و,"ila kan lbayane wla ta3bir kay7mel kter men ma3na, lma3na lli 3tatu solta l3omumiya huwa li ghadi ytkhedam; o","If a statement or expression carries more than one meaning, the meaning given by the public authority is the one that will be applied; and",إذا كان البيان أو التعبير يحمل أكثر من معنى، فالمعنى الذي منحه السلطة العامة هو الذي يُعتمد؛ و,VALIDATED
data50211,DATA_14126,B,(1988). تاريخ اليهود فـ المملكة اللاتينية ديال القدس. Oxford: مطبعة Clarendon Press.,(1988). Tarikh lYhud f lMamlakat lLatiniya dyal lQuds. Oxford: Clarendon Press.,( 1988 ) . The History of the Jews in the Latin Kingdom of Jerusalem . Oxford : Clarendon Press .,( ١٩٨٨ ) . تاريخ اليهود في مملكة بيت المقدس اللاتينية . أكسفورد : مطبعة كلارندون .,VALIDATED
data50212,WIKI_D_09361,D,في فبراير 2015، الجيش ديال كوريا الجنوبية بان ليهوم V-22 عجبهم باش يوصلو القوات الخاصة للجزر اللي فال بحر الصفر قريب من الاراضي ديال كوريا الشمالية؛ غادي تكون شي هضرة ف 2015 على شي شرا محتمل ديال Osprey.,"f februar 2015, ljaych dyal korea dl jnoub ban lihom V-22 3ajbhom bach yawslo l qawat l khassa l jzour li fl b7r sfar qrib mn l aradi dyal korea chamaliya; ghadi tkoun chi hdra f 2015 3la chi chra mo7tamal dyal Osprey.","In February 2015 , the South Korean Army showed interest in the V-22 for delivering special forces to islands in the Yellow Sea near North Korean territory ; talks are to be held during 2015 on a possible Osprey buy .",في فبراير 2015، أبدى الجيش الكوري الجنوبي اهتمامًا بطائرة ف -22 لتوصيل القوات الخاصة إلى جزر في البحر الأصفر بالقرب من الأراضي الكورية الشمالية؛ ومن المقرر عقد محادثات خلال عام 2015 بشأن عملية شراء محتملة لطائرة أوسبري.,VALIDATED
data50213,WIKI_C_08575,C,جيسون ميشاس فدور تاكوا/تاكانوفا. ممثل بحال شي تاماتوران ديال تا فضولي، هو فالحقيقة آڤ-ماتوران متنكر (ماتوران ديال الضو) مقدر ليه يولي طوا ديال الضو.,"jason michas f dowr takua/takanuva. momtl bhal chi tamatoran dyal ta fdhuli, huwa f lhqiqa av-matoran motanaker (matoran dyal do) mqdr lih yuli toa dyal do.","Jason Michas as Takua / Takanuva . Portrayed as an inquisitive TaMatoran , he is a disguised Av-Matoran ( Matoran of Light ) destined to become the Toa of Light .",جيسون ميشاس بدور تاكوا/تاكانوفا. يصور على أنه ماتوران فضولي، وهو أف-ماتوران متنكر (ماتوران الضوء) مقدر له أن يصبح توه الضوء.,VALIDATED
data50214,DATA_15562,B,"برنامج ديال ""ما صافي"" باش نضمنو وضوح كتر و مشاركة واسعة ديال مختلف المتدخلين في مشاريع الما، خاصة في المراحل الأولى ديال التنفيذ.","bernamej dyal ""Ma Safi"" bash ndamno wdoh kter o mosharka wasi3a dyal mokhtalaf almotadakhilin fi mashari3 alma, khassa fi almarahil aloula dyal tanfid.","A "" transparent water "" program to ensure greater visibility and a wider implication of various stakeholders in water projects , especially during an early stage of implementation .","برنامج ""ماء شفاف"" لضمان مزيد من الوضوح والتأثير الأوسع لمختلف أصحاب المصلحة في مشاريع المياه، خاصة خلال المراحل المبكرة من التنفيذ.",VALIDATED
data50215,WIKI_C_06981,C,الخطبة بدات بلومومبا كيوجه الخطاب ديالو للشعب الكونغولي وكيهضر على الاستقلال كا تتويج للنضال ديال الحركة الوطنية ماشي نتيجة تنازلات بلجيكية.,lkhutba bdat blumumba kaywajeh lkhitab dyalo lsha3b lkongoli w kayhdar 3la listiqlal ka tatwij lilnidal dyal lharka lwataniya machi natijat tanazulat beljikiya.,"The speech begins with Lumumba addressing his speech to the Congolese people and praising independence as the culmination of the struggle of the nationalist movement , rather than the result of Belgian concessions .",تبدأ الخطبة بلومومبا يخاطب الشعب الكونغولي ويثني على الاستقلال باعتباره تتويجاً لكفاح الحركة الوطنية، وليس نتيجة تنازلات بلجيكية.,VALIDATED
data50216,DATA_13508,B,العاصفة ضعافت و ولات خارج مدارية فبداية شهر عشرة. العاصفة اللي بقات من بعد دازت على فرانسا فنهار تلاتة فشهر عشرة.,l2asifa d3afat u wlat kharij madariya f bidayat chhar 3ashra. l3asifa lli bqat mn ba3d dazt 3la fransa f nhar tlate f chhar 3ashra.,The storm weakened and became extratropical in early October . The remaining extratropical storm moved over France on October 3 .,ضعفت العاصفة وأصبحت خارج المدارية في أوائل أكتوبر. مرت العاصفة المتبقية خارج المدارية فوق فرنسا في 3 أكتوبر.,VALIDATED
data50217,WIKI_C_02473,C,ناحية مينياپوليس - سانت پول - بلومينجتون خدّامة فيها مليون و خمسمية و سبعين ألف و سبعمية واحد فالقطاع الخاص حتى شهر سبعة ديال عام ألفين و تمنية، و جوج و تمانين فاصل تلاتة و ربعين فالمية منهم خدامين فخدمات عندها علاقة بالقطاع الخاص.,"nahya minneapolis - saint paul - bloomington khadama fiha milyon w khamsmiya w sab3in alf w sab3miya wahed fel qta3 khass hata shahr sab3a dyal 3am alfain w tmanya, w joj w tmanin fasel tlata w rab3in fel meya menhom khadamin fi khadamat 3andha 3alaqa bel qta3 khass.","The Minneapolis – Saint Paul – Bloomington area employs 1,570,700 people in the private sector as of July 2008 , 82.43 percent of which work in private service providing related jobs .","توظف منطقة مينيابوليس - سانت بول - بلومنجتون 1,570,700 شخص في القطاع الخاص اعتبارًا من يوليو 2008، يعمل 82.43 بالمائة منهم في وظائف مرتبطة بتقديم الخدمات الخاصة.",VALIDATED
data50218,WIKI_D_09415,D,الدبور نوع عالمي و ماشي مجموعة أصلية فيها مئات الآلاف ديال الأنواع، و لي هي Apocrita لي عندها خصر رقيق بلا النمل و النحل. Hymenoptera فيها حتى Symphyta لي شوية ما مفهومينش و لكن sawflies.,"dabur naw3 3alami w machi majmu3a asliya fiha miyat alaf dyal anwa3, w li hiya Apocrita li 3andha khesr rqiq bla naml w nahl. Hymenoptera fiha hata Symphyta li chwiya ma mafhuminch w lakin sawflies.","The wasps are a cosmopolitan paraphyletic grouping of hundreds of thousands of species , consisting of the narrow waisted Apocrita without the ants and bees . The Hymenoptera also contain the somewhat but Symphyta , the sawflies .",الدبابير هي تجميعة عالمية غير أحادية العرق تضم مئات الآلاف من الأنواع، وتتكون من النحليات ذات الخصر الضيق باستثناء النمل والنحل. كما تشمل غشائيات الأجنحة أيضًا الزنبوريات ذات الأجنحة المسننة، التي تعتبر نوعًا ما غير مفهومة ولكنها منشارية.,VALIDATED
data50219,DATA_2292,A,أهلا، دوزت نهار خيب فالخدمة.,"ahlan, dwazt nhar khyab flkhdma.","Hey, I had a terrible day at the office.",مرحباً، لقد كان يوماً سيئاً في المكتب.,VALIDATED
data50220,DATA_19099,B,الترتيب الأساسي ديال الكلمات في نافانفرا هو فاعل - مفعول به - فعل، كيفما ممكن نشوفو في هاد الجملة:,"tartib al'asasi dial lklimat f nafanfra huwa fa3il - maf3oul bih - fi3l, kifma momkin nchoufo f had ljomla:","The basic word order in Nafaanra is subject – object – verb , as can be seen in the following sentence :",ترتيب الكلمات الأساسي في لغة نافانرا هو فاعل – مفعول به – فعل، كما يتضح في الجملة التالية:,VALIDATED
data50221,DATA_23584,B,شي حاجة قوية (بون، دوتريل، ميكر، ريدي، ويلبانكس، وايت) – 3:24,"shi haja qwiya (bon, dutrel, miker, ridi, wilbanks, wayt) - 3:24",""" Powerful Thing "" ( Bunn , Daughdrill , Miker , Reedy , Wilbanks , White ) – 3 : 24",الشيء القوي (بون، دوغريل، مايكر، ريدي، ويلبانكس، وايت) – 3:24,VALIDATED
data50222,WIKI_D_09665,D,ف 1929 رودز التحق بالطاقم ديال معهد روكفلر للبحوث الطبية، لي دابا جامعة روكفلر، فين خدم مع سايمون فلكسنر. وكان حتى هو طبيب مختص ف علم الأمراض ف مستشفى روكفلر. من بين اهتماماتو الأولية فالبحث كان علم الدم وشلل الأطفال. خدم ف روكفلر حتى لعام 1939.,"f 1929 rhodz ltaha9 b lta9m dyal ma3hed rokfeller l lbo7ot tibiya, li daba jame3t rokfeller, fin khdem m3a saymon flaksner. w kan hta howa tbib mokhtass f 3elm l2amrad f mostashfa rokfeller. mn bin ihtemamato l2awaliya falba7t kan 3elm dam w shalel l2atfal. khdem f rokfeller hta l 3am 1939.","In 1929 Rhoads joined the staff of the Rockefeller Institute for Medical Research , now Rockefeller University , where he worked for Simon Flexner . He was also staff pathologist at Rockefeller Hospital . His early research interests included hematology and poliomyelitis . He worked at Rockefeller until 1939 .",في عام 1929، انضم رودز إلى طاقم معهد روكفلر للبحوث الطبية، الذي يُعرف الآن بجامعة روكفلر، حيث عمل مع سايمون فلكسنر. كما كان أخصائي علم الأمراض في مستشفى روكفلر. شملت اهتماماته البحثية المبكرة علم الدم وشلل الأطفال. عمل في روكفلر حتى عام 1939.,VALIDATED
data50223,WIKI_C_03105,C,السارجان ماجور فيديريكو بيريز جونيور خدم فالمارين كورس كثر من 30 عام فبزاف ديال البوسطات ودابا راه پرسونيل سارجان ماجور ديال المارين كورس فالمركز الرئيسي ديال المارين كورس فكوانتيكو، فرجينيا.,"el sarjan major federico perez jr. khdem fel marine corps ktar men 30 3am f bezaf dial l postat w daba rah personnel sarjan major dial el marine corps fel markez el ra2issi dial el marine corps f quantico, f virginia.","Sergeant Major Federico Perez Jr . , has served in the Marine Corps for over 30 years in various positions and is currently the Personnel Sergeant Major of the Marine Corps at Marine Corps Headquarters in Quantico , Virginia .",خدم الرقيب الأول فيديريكو بيريز جونيور في سلاح مشاة البحرية لأكثر من 30 عامًا في مناصب مختلفة، وهو حاليًا الرقيب الأول لشؤون الأفراد في سلاح مشاة البحرية في مقر سلاح مشاة البحرية في كوانتيكو بولاية فرجينيا.,VALIDATED
data50224,WIKI_D_04430,D,"مكارتني خدا السمية ديال ""مارثا ماي دير"" من الكلبة ديالو الراعية، ولكن الكلمات ماعندها علاقة بيها. التراكة كاملة معزوفة منو هو مع موسيقيين ديال السيونس، ومفيها حتى شي واحد آخر من البيتلز. مارتن دار تلحين ديال فرقة نحاسية لهاد التراكة.","mcartni khda smya dyal ""marta may dir"" mn klbtu ra3iya, lkin klimit ma3ndha 3alaqa biha. traka kamla m3zofa mno huwa ma3 musiqiyyin dyal siṣons, w mafiha hatta shi wa7d akhr mn lbitlz. martin dar tal7in dyal firqa na7siya lid ta7d traka.","McCartney took the name ""Martha My Dear"" from his shepherd dog, but the lyrics have nothing to do with it. The track was entirely performed by him with session musicians, with no other Beatles members involved. Martin arranged the brass section for this track.","استعار مكارتني اسم أغنية ""مارثا ماي دير"" من كلبه الراعي، لكن الكلمات لا علاقة لها به. الأغنية بأكملها عزفها هو مع موسيقيين من الاستوديو، ولا يشارك فيها أي عضو آخر من البيتلز. وقد قام مارتن بتلحين فرقة نحاسية لهذه الأغنية.",VALIDATED
data50225,WIKI_D_00753,D,لغرايس، النص سلالة (métis) اللي ما معروفش الأصل ديالها ولاّ اللي خرجو سبور، خاص ياخدو من عند الجناينيّة سميات مزوقين (noms de fantaisie) باللغة اللي كانهضرو بيها، يكونو مختلفين بزاف على السميات باللاتينية ديال الأنواع ولاّ الأصناف.,"lghrayss, nuss solala (métis) li ma ma3rufash l2asl dyalha wla li khreju sports, khass yakhdu min 3nd ljnayniya smiyt mzawiqin (noms de fantaisie) blogha lli kanhdru biha, ykunu mkhtalifin bzaf 3la smiyt bl latin dyal l2anwa3 wla l2asnaf.","For grais, individuals of a métis lineage with unknown origin or born sporadically, they should be given fanciful names (noms de fantaisie) in the language they spoke, and these names should be very different from the Latin names of species or varieties.",بالنسبة لـ الغرايس، الأفراد من سلالة (هجين) غير معروفة الأصول أو الذين خرجوا سبور، يجب أن يأخذوا من عند الجناينية (أسماء خيالية) باللغة التي كانوا يتحدثون بها، ويكونوا مختلفين تمامًا عن الأسماء اللاتينية للأنواع أو الأصناف,VALIDATED
data50226,WIKI_C_00202,C,فاش كانت خدامة، التاور بدا كايميل و الحراس ديّاوه حولوا الفراش كامل لواحد الجنب. المشكل تزاد تفاقم مورا الإعصار ديال نيو إنجلاند ديال عام 1938.,"fach kanet khadama, ltawer bda kaymil w lhorass diwuh hawlo lfrash kamel lwahed l jneb. lmochkel tzad tfaqem mora l i3sar dyal new england dyal 3am 1938.","During its service , the tower began to tilt and the keepers moved all the furniture to one side of the tower . The problem was reported to have been exacerbated following the 1938 New England hurricane .",خلال خدمتها، بدأ البرج يميل ونقل الحراس جميع الأثاث إلى جانب واحد من البرج. وأفيد أن المشكلة تفاقمت عقب إعصار نيو إنجلاند عام 1938.,VALIDATED
data50227,DATA_4084,A,ومكايناش علام كبير من الاهتمام,o makaynach 3alam kbir mn l2ihtimam,And there's no big world of interest,ولا يوجد عالم كبير من الاهتمام,VALIDATED
data50228,DATA_1682,A,علاش كنت كانقلب ف الحياة?,3lach knt kan9lab f l7ayat?,what I was looking for in life?,ما الذي كنت أبحث عنه في الحياة؟,VALIDATED
data50229,DATA_24464,B,ف 1888 انضمّ لنادي بون و كروكيت اللي عاد تأسس، واحد المنظمة ديال الحفاظ على الحياة البرية اللي أسسها ثيودور روزفلت و جورج بيرد غرينيل.,"f 1888 indam lnadi boun u kroukit li 3ad t2assess, wa7ed lmonadama dyal l7ifad 3la l7ayat lbariya li 2asseha thiyodor rouzfelt u jourj bird ghrinil.","In 1888 he joined the newly formed Boone and Crockett Club , a wildlife conservation organization founded by Theodore Roosevelt and George Bird Grinnell .",في عام ١٨٨٨، انضم إلى نادي بون آند كروكيت الذي تأسس حديثاً، وهو منظمة للحفاظ على الحياة البرية أسسها ثيودور روزفلت وجورج بيرد غرينيل.,VALIDATED
data50230,DATA_20790,B,1990 v. 2 روابط ديال الوصف و المحتويات و معاينة ديال ملخص الفصول.,1990 v. 2 rwabat dyal lwasf u lmhtawayate o m3ayana dyal molakhss lfsol.,1990 v. 2 links for description and contents and chapter outline previews .,، ١٩٩٠ . ٢ روابط للوصف والمحتويات وعرض موجز للفصول .,VALIDATED
data50231,DATA_9286,A,مابقيتش باغي نديك عند الإمام,mab9itch baghi ndik 3end limam,I don't want to take you to the imam anymore.,لم أعد أريد أن آخذك إلى الإمام.,VALIDATED
data50232,WIKI_C_11327,C,الحجرة المنقوشة سم 46 (الموقع) كانت بالستيل راك و كانت فيها جوج فاصلة صفر خمسة ميترو (ستة دالقدم و تسعود دالبوص) فالطول و صفر فاصلة ستة و تمانين ميترو (جوج دالقدم و عشرة دالبوص) فالعرض.,l7ejra lmn9ousha 46 cm (l mawqe3) kanet b stail rak w kanet fina jouj fasila sifr khamsa metro (sta d l qdem w ts3oud d lbos) fal tool w sifr fasila sta w tamanin metro (jouj d l qdem w 3achra d lbos) fal 3ard.,Runestone 46 cm ( location ) was in the style RAK and it was 2.05 m ( 6 ft 9 in ) high and 0.86 m ( 2 ft 10 in ) wide .,"كانت الحجرية المنقوشة ""سم 46"" (الموقع) على طراز ""راك""، وبلغ ارتفاعها 2.05 متر (6 أقدام و 9 بوصات)، وعرضها 0.86 متر (قدمان و 10 بوصات).",VALIDATED
data50233,DATA_6121,A,فين كاينا المسبانة؟,fin kayna lmasbana?,where is the laundry room?,أين غرفة الغسيل؟,VALIDATED
data50234,DATA_2469,A,هادي هي نظرية,hadi hi nadariya,This is a theory.,هذه هي نظرية.,VALIDATED
data50235,WIKI_C_05012,C,روبرتس كان معروف عليه كان كيقدر يرمي الكورة من زوايا خايبة بزاف و هو قريب، و زيد عليها كان كيدخل بيها من بعيد فين مدافع ما يوصلش ليه عادة.,"roberts kan ma3rof 3lih kan kay9der yermi lkora mn zawaya khayba bzaf w huwa qrib, w zid 3liha kan kayd5ol biha mn b3id fin mdafe3 ma ywasloch lih 3adatan.","Roberts was known for being able to shoot the ball from very tight angles up close, and he could also score from long range, where defenders usually couldn't reach him.",كان روبرتس معروفًا بقدرته على تسديد الكرة من زوايا صعبة جدًا وهو قريب، إضافةً إلى أنه كان يسجل من مسافات بعيدة حيث لا يصل إليه المدافع عادةً.,VALIDATED
data50236,WIKI_C_12327,C,بحال شّْلايْك لخرين ديال الجدول الدوري، لعناصر ديال المجموعة 12 كيبينو شي نماذج ف التوزيع الإلكتروني ديالهم، بالخصوص الطبقات الخارجية، و هادشي كيدي ل شي توجهات ف السلوك الكيميائي ديالهم.,"bhal chlayek lkhreyn dyal ljadwal adawri, l 2anasir dyal l majmu3a 12 kaybayno shi namadij fi tawzi3 electroni dyalhom, bel khosos tabaqat al kharijiya, w hadshi kaydi li chi tawjihat fi solouk alkimya2i dyalhom.","Like other groups of the periodic table , the members of group 12 show patterns in its electron configuration , especially the outermost shells , which result in trends in their chemical behavior :",مثل المجموعات الأخرى في الجدول الدوري، يُظهر أعضاء المجموعة 12 أنماطًا في تكوينهم الإلكتروني، خاصة الأغلفة الخارجية، مما يؤدي إلى اتجاهات في سلوكهم الكيميائي.,VALIDATED
data50237,WIKI_C_00591,C,واشمن كانت وحدة من جوج د الكوميكس، هي وباتمان: عودة الفارس الظلام، اللي عاونو المصمم ڤينسنت. سميتو. باش يخلق الخط د كوميك سانس.,"washman kanet wa7da men joj d lcomics, hiya w batman: 3awdat lfaris ldlam, li 3awno lmsamem vincent . smito . bach ykhla9 lkhat d comic sans.","Watchmen was one of the two comic books , alongside Batman : The Dark Knight Returns , that inspired designer Vincent … (his name)… create the Comic Sans font?",واشمن كان كتاب أحد كتابي القصص المصورة، إلى جانب باتمان:عودة الفارس الظلام، التي ساعدت المصمّم ڤينسنت. اسمه. على ابتكار خط كوميك سانس؟,VALIDATED
data50238,WIKI_D_11391,D,بان بالي النسب ديال التصلب اللويحي كيبانو كيتزادو؛ هادشي يقدر يكون غير حيت التشخيص ولا أحسن. الدراسات على والأنماط الجغرافية كانوا شائعين و وصلونا لبزاف ديال النظريات على السبب.,ban bali nasab dyal tasalub lowihi kaybano kaytzado; hadchi yqdr ykon ghir 7it tachkhis wla a7san. dirassat 3la w lanmat l joghrafiya kano chaye3in w waslona lbzaf dyal nadariyat 3la sabab.,"Rates of MS appear to be increasing ; this , however , may be explained simply by better diagnosis . Studies on and geographical patterns have been common and have led to a number of theories about the cause .",يبدو أن معدلات التصلب المتعدد آخذة في الزيادة؛ ومع ذلك، قد يُفسر ذلك ببساطة عن طريق تشخيص أفضل. كانت الدراسات حول والأنماط الجغرافية شائعة وأدت إلى عدد من النظريات حول السبب.,VALIDATED
data50239,WIKI_C_08983,C,الفيلم خرج فديڤيدي و بلو راي فالميريكان نهار جوج دجنبر 2011 و فبريطانيا نهار ستة فبراير 2012.,el film khrej f DVD w Blu Ray f lMerikan nhar 2 december 2011 w f Britanya nhar 6 febrir 2012.,"The film was released on DVD and Blu-ray in America on December 2, 2011, and in Britain on February 6, 2012.",صدر الفيلم على أقراص دي في دي وبلو راي في الولايات المتحدة في 2 ديسمبر 2011 وفي المملكة المتحدة في 6 فبراير 2012.,VALIDATED
data50240,DATA_12232,A,عمرك تستقل وتبعد من واليديك,3emrek t sta9al o tbe3ed men walidik,you should never become independent and move away from your parents,لا ينبغي لك أبداً أن تصبح مستقلًا وتبتعد عن والديك.,VALIDATED
data50241,WIKI_D_11033,D,شاتمان وصل كولومبيا كريستيان لبطولة جمعية الأنشطة المدرسية فأوريݣون القسم 1A على حساب هورايزن كريستيان سكولز ف 8 مارس 2014. وف 10 مارس، كان واحد من 26 لاعب اللي تختارو ل Jordan Brand Classic اللي داز ف 18 أبريل 2014.,"chatman wasal columbia christian lbutola jam3iyat l2anchita lmdrasiya f oregon lqism 1A 3la 7sab horizon christian schools f 8 mars 2014. w f 10 mars, kan wa7d men 26 la3b li tkhtaro l jordan brand classic li daz f 18 avril 2014.","Chatman led Columbia Christian to the Oregon School Activities Association Class 1A championship over Horizon Christian Schools on March 8 , 2014 . On March 10 , he was one of 26 players selected for the April 18 , 2014 Jordan Brand Classic .",قاد تشاتمان فريق كولومبيا كريستيان إلى بطولة القسم 1 A في رابطة أنشطة مدارس أوريغون على حساب مدارس هورايزن كريستيان في 8 مارس 2014. وفي 10 مارس، كان أحد 26 لاعبًا تم اختيارهم لبطولة جوردان براند كلاسيك في 18 أبريل 2014.,VALIDATED
data50242,DATA_12712,B,لأفريكان تطلقّات ف الأخير مورا ما مات مايربير ف صالة لو پيلتيي ف 28 أبريل 1865 ف نسخة ديال العرض تعدلات من طرف فرانسوا جوزيف فيتيس.,L'Afriquaine telaqat fel akher moura ma mat Meyerbeer f salle Le Pelletier f 28 avril 1865 f neskha dyal l3ard t3adlat men taraf François Joseph Fétis.,L 'Africaine was eventually premiered after Meyerbeer 's death at the Salle Le Peletier on 28 April 1865 in a performing edition undertaken by François Joseph Fétis .,عُرضت مسرحية «الأفريقية» في النهاية بعد وفاة مايربير في قاعة لو بليتييه في 28 أبريل 1865 في نسخة أدائية قام بها فرانسوا جوزيف فيتيس.,VALIDATED
data50243,WIKI_D_07760,D,هاد المعادلة كاتقترح باللي أحسن مذيب لمعالجة كاربونات اليورانيوم هو خليط ديال الكاربونات مع البيكاربونات. ف pH طالع، هادشي كيدي للترسب ديال ديورانات، اللي كيتعالج بالهيدروجين بحضور النيكل وكيعطي يورانيوم غير قابل للذوبان.,"had lmo3dala kat9tar7 bli 2a7san mdib lmo3aljat carbonat lyouranium howa khalit dyal lcarbonat ma3a lbicarbonat. f pH tal3, hadchi kaydi ltrassob dyal diouranat, li kayt3alej blhydrougine b7oDor nikel wkay3ti youranium ghir qabel ldawaban.","This equation suggests that the best solvent for the uranium carbonate processing is a mixture of carbonate with bicarbonate . At high pH , this results in precipitation of diuranate , which is treated with hydrogen in the presence of nickel yielding an insoluble uranium .",تقترح هذه المعادلة أن أفضل مذيب لمعالجة كربونات اليورانيوم هو خليط من الكربونات مع البيكربونات. عند درجة حموضة عالية، يؤدي هذا إلى ترسيب ثنائي اليورانيوم، الذي يُعالج بالهيدروجين في وجود النيكل لينتج يورانيوم غير قابل للذوبان.,VALIDATED
data50244,DATA_9172,A,مابقيتش باغي ن تحدّاه حيت ماكيردش ملي كايخسر,mab9itch baghi n t7eddah 7it makirdach mli kay5ser,I no longer want to challenge him because he doesn't handle losing.,لم أعد أرغب في تحديه لأنه لا يتحمل الخسارة.,VALIDATED
data50245,DATA_10066,A,كان كيسحاب ليا غادي يجمع الحوايج ديال واليديه,kan kis7ab liya ghadi yjme3 l7wayj dial walidih,i thought that he gathered clothes for his parents,اعتقدت أنه جمع ملابس لوالديه,VALIDATED
data50246,WIKI_D_08907,D,من بعد ما سالا الشݣا بين المشاة، المدفعية ديال الاتحاد بقات كدوي فوق التلة. حبسو الطلاق مع 8 ونص د العشية، وخلاو واحد الضبابة ديال الدخان على الحافة ديال القمة، وسالاو الحركة ف مالڤرن هيل.,"mn ba3d ma sala chga bin lmshat, lmdfa3iya dyal l2iti7ad b9at kdoui fo9 tala. 7abso tla9 m3a 8 w nuss d l3chiya, w khalaw wa7d dbaba dyal dokhan 3la l7afa dyal lqima, w salaw l7araka f Malvern Hill.","After the infantry fighting ended, the Union artillery continued firing from the hill. The gunfire stopped around 8:30 in the evening, leaving a cloud of smoke along the ridge, and the action at Malvern Hill came to an end.",بعدما انتهى القتال بين المشاة، واصلت مدفعية الاتحاد إطلاق النار فوق التل. وتوقف إطلاق النار حوالي الثامنة والنصف مساءً، تاركًا سحابة من الدخان على حافة القمة، وانتهت المعركة في مالفرن هيل,VALIDATED
data50247,WIKI_D_07848,D,مصلحة المتنزهات الوطنية والحياة البرية ديال نيو ساوث ويلز بدات واحد الخطة في 2007 باش تنقص من أعداد برومبيز بالترصيد السلبي في متنزه أوكسلي وايلد ريفرز الوطني. دابا كثر من 60 برومبيز اللي تشدو في مضيق نهر أپسلي عاودو دارولهم إعادة توطين.,msla7t lmontazahat lwataniya w l7yat lbariya dyal new south wales bdat wa7d lkhota f 2007 bach tnqes mn a3dad brumbies btarsid silbi f motanazh oxley wild rivers lwatani. daba ktar mn 60 brumbies li tchdo f mdi9 nahr apsley 3awdo darolhom i3adt twtin.,The NSW National Parks and Wildlife Service commenced a plan in 2007 to reduce Brumby numbers by passive trapping in the Oxley Wild Rivers National Park . Over 60 Brumbies captured in the Apsley River Gorge have now been rehomed .,بدأت هيئة المتنزهات الوطنية والحياة البرية في نيو ساوث ويلز خطة في عام 2007 لتقليل أعداد الخيول البرية (برومبيز) عن طريق الاحتجاز السلبي في متنزه أوكسلي وايلد ريفرز الوطني. وقد تمت إعادة توطين أكثر من 60 من الخيول البرية التي تم اصطيادها في مضيق نهر أبسلي.,VALIDATED
data50248,WIKI_C_05735,C,ويليام مونتاڭو، لمعروف ب دي مونتاكوت، أول إيرل ديال سالزبوري، التالت بارون مونتاڭو، ماليك ديال مان (1301-30 يناير 1344) كان واحد النبيل إنجليزي وخدام مطيع للملك إدوارد التالت.,"wilyam montagu, lma3ruf b di montaġut, awal earl dyal salzbury, talt baron montagu, malik dyal man (1301-30 yanayr 1344) kan wa7d nabil injlizi w khadam mti3 lmalik edward talt.","William Montagu , alias de Montacute , 1st Earl of Salisbury , 3rd Baron Montagu , King of Mann ( 1301 – 30 January 1344 ) was an English nobleman and loyal servant of King Edward III .",وليام مونتاغو، المعروف باسم دي مونتاكوت، أول إيرل لسولسبري، البارون الثالث لمونتاغو، ملك مان (1301 – 30 يناير 1344)، كان نبيلًا إنجليزيًا وخادمًا مخلصًا للملك إدوارد الثالث.,VALIDATED
data50249,DATA_14035,B,كل فعل كيتكتب معاه علامة الزمن الماضي ديالو، اللي هي المورفيم الثاني. والنطق كيتعطى إلا كان ضروري,"Kol fi3l kaytktb m3ah 3alamat zaman lmadi dyalo, li hiya lmorpheme tani. W nutq kayt3ta ila kan darori.","Each verb is listed with its past tense marker , which is the second morpheme . Pronunciation given where appropriate .",يُسرد كل فعل مع علامته الدالة على الماضي، وهي المورفيم الثاني. يُعطى النطق عند الاقتضاء.,VALIDATED
data50250,WIKI_C_07000,C,اش دارت الحكومة لفلوسنا؟ دار النشر Pine Tree، عام 1963؛ إعادة طبع النص الكامل، معهد Mises، عام 1980؛ كتاب مسموع، رقم ISBN 0-945466-44-7,"ash dart l7kouma lflousna? dar nashr Pine Tree, 3am 1963; i3adet tab3 nass kamel, ma3had Mises, 3am 1980; ktab masmou3, raqm ISBN 0-945466-44-7","What Has Government Done to Our Money ? , Pine Tree Press , 1963 ; Full text reprint , Mises Institute , 1980 ; Audio book , ISBN 0-945466-44-7",ماذا فعلت الحكومة بأموالنا؟، مطبعة باين تري، 1963؛ إعادة طبع النص الكامل، معهد ميزس، 1980؛ كتاب صوتي، الرقم الدولي المعياري للكتاب 0-945466-44-7,VALIDATED
data50251,DATA_5527,A,خلّيت تّقرير ديالي فوق لبورو,khlit te9rir dyali fo9 lburou,I have left my report on the desk,تركت تقريري على المكتب,VALIDATED
data50252,WIKI_D_08755,D,"لكتاب ديال الموتى فيه سبعة ديال الفصول و واحد المقدمة. الفصول مسميين ""كلشي على الموتى الأحياء""، ""خيارات الشخصية""، ""الطبقات المرموقة""، ""تعاويذ""، ""معدات""، ""وحوش جداد"" و ""حملات"".","lktab dyal lmawta fih seb3a dyal lfosol w wa7d lmo9dima. lfosol msmyin ""kolchi 3la lmawta l a7ya2"", ""khayarat chakhsiya"", ""taba9at lmarmou9a"", ""t3awid"", ""mo3idat"", ""wohoch jdad"" w ""7amlat"".","Libris Mortis has seven chapters and an introduction . The chapters are named "" All About Undead "" , "" Character Options "" , "" Prestige Classes "" , "" Spells "" , "" Equipment "" , "" New Monsters "" and "" Campaigns "" .","يحتوي كتاب الموتى على سبعة فصول ومقدمة. تُسمى الفصول ""كل شيء عن الموتى الأحياء""، ""خيارات الشخصية""، ""الطبقات المرموقة""، ""التعاويذ""، ""المعدات""، ""وحوش جديدة""، و""الحملات"".",VALIDATED
data50253,WIKI_C_07711,C,"بالعكس، جوفوفيتش ترشحات لرازي على أسوأ ممثلة مساعدة، وكريس تاكر ترشح لأسوأ نجم جديد على قبل تمثيلو ف ""العنصر الخامس"" و ""Money Talks"".","bel3ks, Jovovich tarach7at l Razzie 3la aswa2 momatila mosa3ida, w Chris Tucker tarach7 l aswa2 najm jdid 3la 9bel tamtilo f ""l 3onsor l khamis"" w ""Money Talks"".","Conversely , Jovovich received a Razzie nomination for Worst Supporting Actress , and Chris Tucker was nominated for Worst New Star for his performances in both The Fifth Element and Money Talks .","وعلى العكس من ذلك، تلقت جوفوفيتش ترشيحًا لجائزة رازّي عن فئة أسوأ ممثلة مساعدة، ورُشِّح كريس تاكر لجائزة أسوأ نجم جديد عن أدائه في فيلمي ""العنصر الخامس"" و ""المال يتكلم"".",VALIDATED
data50254,DATA_15523,B,خاص التعليم والتفسير والترويج للتراث المحلي يستمروا، مع تطوير المعرفة بالحيوانات وتوفير مراقبة النباتات.,"khas ta3lim w tafsir w tarwij ltorat lmahali ystamero, m3a tawtir alma3rifa b lhayawanat w tawfir morakabat nabatat.","The education , interpretation and promotion of local heritage missions should also be continued , while the fauna knowledge was to be developed and floristic monitoring provided .",يجب أيضاً مواصلة مهام التعليم والتفسير والترويج للتراث المحلي، مع تطوير المعارف المتعلقة بالحيوانات وتوفير الرصد النباتي.,VALIDATED
data50255,WIKI_C_06628,C,الجو ف بوسطن عموما نقي بزاف : ف ديك عشر سنين مابين 2004 و 2013، كانت غير ربعة أيام اللي كان الهوا خايب على عامة الناس، على حساب EPA.,"l jaw f bostn 3moman naqi bzaf : f dik 3achr snin mabin 2004 w 2013, kanat ghir rba3 ayam li kan lhwa khayb 3la 3amt nass, 3la hesab EPA.","Air quality in Boston is generally very good : during the ten year period 2004 – 2013 , there were only 4 days in which the air was unhealthy for the general public , according to the EPA .",جودة الهواء في بوسطن جيدة جدًا بشكل عام: خلال فترة العشر سنوات من 2004 إلى 2013، كان هناك 4 أيام فقط كان فيها الهواء غير صحي للعامة، وفقًا لوكالة حماية البيئة.,VALIDATED
data50256,WIKI_D_00725,D,ماعروفش بزاف على الموت ديال فان رينسيلاير، وحتى المصادر مكيتفقوش على العام. فان رينسيلاير تدفن فالأودة كيرك ف أمستردام. النقش التذكاري ديالو كيكتب بلي تدفن فالكنيسة ف 7 أكتوبر 1643.,"ma3arfouch bezaf 3la l mout dyal van rensselaer, w hta lmasader makiytaf9ouch 3la l3am. van rensselaer tdfen f l2oude kerk f amsterdam. lna9ch tidkari dyalo kayktb bli tdfen f lkenisa f 7 october 1643.","Little is known about van Rensselaer 's death , and sources even disagree on the year . Van Rensselaer was interred in the Oude Kerk in Amsterdam . His memorial stone states he was buried in the church on October 7 , 1643 .",القليل معروف عن وفاة فان رينسيلار، والمصادر تختلف حتى بشأن السنة. دُفن فان رينسيلار في كنيسة الأودة في أمستردام. تنص شاهدة قبره على أنه دفن في الكنيسة في 7 أكتوبر 1643.,VALIDATED
data50257,DATA_8208,A,كيهوت في المجموعة,kihot fi lmajmo3a,He's chilling out in the group,هو مسترخٍ في المجموعة.,VALIDATED
data50258,WIKI_D_09700,D,"""Health Care"" كانت الحلقة اللولة اللي كتبها الكاتب/الممثل Paul Lieberstein، اللي غادي يكتب حلقات خرين من بعد. و كانت حتى الحلقة اللولة اللي خرجها Ken Whittingham، اللي غادي يخرج حلقات خرين من بعد.","'Health Care' kant lhal9a loula li ktbha lkateb/lmomatel Paul Lieberstein, li ghadi yktb 7alaqat khorayn men ba3ed. W kant 7ta lhal9a loula li khrejha Ken Whittingham, li ghadi ykhrej 7alaqat khorayn men b3d.",""" Health Care "" marked the first episode written by writer / actor Paul Lieberstein , who would go on to write several other episodes . It also marked the first episode directed by Ken Whittingham , who would go on to direct several other episodes .","مثلت ""الرعاية الصحية"" الحلقة الأولى التي كتبها الكاتب/الممثل بول ليبرشتاين، الذي استمر في كتابة حلقات أخرى. كما مثلت الحلقة الأولى التي أخرجها كين ويتينغهام، الذي استمر في إخراج حلقات أخرى.",VALIDATED
data50259,DATA_7096,A,وصف راسك ف تلاتة ديال كلمات,wsef rassk f tlata dial klmat,describe yourself in three words,صف نفسك في ثلاث كلمات,VALIDATED
data50260,WIKI_C_11615,C,"إيڤان ستانغ؛ مؤسسة ساب جينيوس (1994). Revelation X: the ""Bob"" Apocryphon: مكلف باش يتقرا فالكنايس. سايمون و شوستر. ISBN 978-0-671-8.","ivan stang; mo2asasat subgenius (1994). Revelation X: the ""bob"" apocryphon: mkelaf bach yitqra f lkanayes. simon & Schuster. ISBN 978-0-671-8.","Ivan Stang ; SubGenius Foundation ( 1994 ) . Revelation X : the "" Bob "" Apocryphon : Appointed to be Read in Churches . Simon & Schuster . ISBN 978-0-671-8 .",إيفان ستانغ؛ مؤسسة ساب جينيوس (1994). الرؤيا إكس : الكتاب المخبأ 'بوب' : معيّن ليُقرأ في الكنائس. سايمون آند شوستر. الرقم الدولي المعياري للكتاب 978-0-671-8.,VALIDATED
data50261,DATA_15851,B,"راي ستيڤنز دار واحد النسخة كاونتري/بلوڭراس فالألبوم ديالو ""I Never Made a Record I Didn't Like"".","Ray Stevens dar wa7ed noskha country/bluegrass f l'album dialo ""I Never Made a Record I Didn't Like"".",Ray Stevens performed a country / bluegrass version on his album I Never Made a Record I Didn 't Like .,"قدم راي ستيفنز نسخة من موسيقى الكانتري / البلوجراس في ألبومه ""لم أصنع أبداً سجلاً لم أحبه"".",VALIDATED
data50262,WIKI_D_02149,D,"اللي كتزيد دقة ديالو كل ما كبر الأساس ديال اللوغاريتم. التقريب يمكن يولي مضبوط ب استخراج واحد الثابتة h، لي مسمية تشبها ل ثابتة بلانك من ميكانيك الكم، و ب أخد ""الحد الكلاسيكي"" فاش h كاتمشي ل الزيرو:","li katzid dqa dyalo kol ma kbar l2asas dyal logaritm. Ta9rib ymken yuli madbut b istikharaj wa7d katmchi l h, li msamya tchbha l tabta Planck mn micanik l kam, w b akhd ""l7ed lclassiki"" fash h katmchi l zero:","which becomes more accurate as the base of the logarithm increases . The approximation can be made exact by extracting a constant h , named by analogy with Planck 's constant from quantum mechanics , and taking the "" classical limit "" as h tends to zero :","والذي تزداد دقته كلما زاد أساس اللوغاريتم. ويمكن جعل التقريب دقيقًا باستخراج ثابت ""ه""، والذي سُمي قياسًا على ثابت بلانك في ميكانيكا الكم، وأخذ ""الحد الكلاسيكي"" عندما تؤول ""ه"" إلى الصفر:",VALIDATED
data50263,WIKI_C_02099,C,دورلينݣ، نانسي ڤاين (1997). جان رونار وفن الرومانس: مقالات على ويليام دي دول. UP ديال فلوريدا. ISBN 0-1495-6.,"dorling, nancy vine (1997). jean renart w fan romance: maqalat 3la willaume de dole. UP dial florida. ISBN 0-1495-6.","Durling , Nancy Vine ( 1997 ) . Jean Renart and the Art of Romance : Essays on Guillaume de Dole . UP of Florida . ISBN 0-1495-6 .",دورلينغ، نانسي فاين (1997). جان رينار وفن الرومانس: مقالات عن ويليام دي دول. مطبعة فلوريدا. الرقم الدولي المعياري للكتاب 0-1495-6.,VALIDATED
data50264,DATA_20270,B,ستيوارت، إيان. شنو هو الشكل ديال واحد الندفة دالثلج؟ أرقام سحرية فالطبيعة. وايدنفيلد آند نيكولسون، 2001.,"stiwart, iyan. shnu huwa shekl dyal wa7ed ndfa dthelaj? ar9am si7riya f tabi3a. waidenfield and nicolson, 2001.","Stewart , Ian . What Shape is a Snowflake ? Magical Numbers in Nature . Weidenfeld & Nicolson , 2001 .",ستيوارت، إيان. ما شكل ندفة الثلج؟ الأرقام السحرية في الطبيعة. وايدنفيلد ونيكلسون، 2001.,VALIDATED
data50265,WIKI_D_07690,D,"المفتي أصرّ: ""أهم مهمة ديال هاد الفرقة خاص تكون هي تحمي البلاد و العائلات [ديال المتطوعين البوسنيين]؛ الفرقة ما خاصش يسمح ليها تخرج من البوسنة""، ولكن الألمان ماداوهاش فيه.","lmofti 2asar: ""2ahm mohima dyal had lferqa khass tkoun hia t7mi lbled w l3a2ilat [dyal lmotataw3in lbosnyin] ; lferqa ma khasch ysma7 liha tkhrej men lbosna"", walakin l2alman madawhach fih.","The Mufti insisted , "" The most important task of this division must be to protect the homeland and families [ of the Bosnian volunteers ] ; the division must not be permitted to leave Bosnia "" , but the Germans paid no attention .","أصر المفتي قائلاً: ""إن أهم مهمة لهذه الفرقة يجب أن تكون حماية الوطن والعائلات [للمتطوعين البوسنيين]؛ ويجب عدم السماح لهذه الفرقة بمغادرة البوسنة""، لكن الألمان لم يولوا اهتماماً.",VALIDATED
data50266,DATA_19887,B,"في ساوث بارك: أكبر، أطول وغير مقطوع، الأغنية كتتّقلد من طرف Big Gay Al فاش كيغنّي أغنية ""I'm Super"".","Fi South Park: Akbar, Atwal w Ghir Maqtou3, L2ughniya katketqaled men taraf Big Gay Al fash keyghanni ughniyat ""I'm Super"".","In South Park : Bigger , Longer and Uncut , the song is parodied by Big Gay Al when he performs the song "" I 'm Super "" .","في ساوث بارك: أكبر، أطول، وغير مقطوعة، الأغنية تُقلَّد من قبل بيغ غاي آل عندما يغني أغنية ""أنا خارق"".",VALIDATED
data50267,WIKI_C_11969,C,إذن، القبول يقدر يتوصل بواحدة من جوج طرق؛ يا إما الوصي يعبر نيشان على القبول ديالو، يا إما بالإيحاء من خلال عدم الرفض.,"idhn, lqbuul yqdder yetwessl bwa7da mn juuj truq; yma lwasiye yebrr neshan 3la lqbuul dyalu, ymma bl i7aa2 mn khilaal 3adm rafd.","Acceptance , therefore , can be communicated in one of two ways ; either by the trustee directly stating his acceptance , or by implying it through not declining .",إذًا، يمكن الإبلاغ عن القبول بإحدى طريقتين؛ إما أن يصرح الوصي بقبوله مباشرة، أو أن يلمح إليه بعدم الرفض.,VALIDATED
data50268,DATA_1790,A,ماكانش هجومي ولكن كان معقول,makanch hojoumi walakin kan m39oul,It wasn't aggressive but realistic,لم يكن هجوميًا، لكنه كان معقولًا.,VALIDATED
data50269,DATA_0199,A,كنخاف لماعمرو يعاود يرجع,Knkhaf ma 3amro y3awd yrj3,I'm afraid he'll never come back again.,أخاف ألا يعود أبدًا.,VALIDATED
data50270,DATA_7381,A,كيڭولو عندهوم واحد ريستو ديال فروت دي مير نادي,kigoulou 3endhom wa7ed risotto dial fruit de mer nadi,They say they have a fresh seafood restaurant.,.يقولون إن لديهم مطعم مأكولات بحرية رائع,VALIDATED
data50271,WIKI_D_05163,D,فالوقت ديال الحرب، الهاكرز هاجمو السيتات ديال الحكومة الجورجية والسيتات ديال الأخبار وعطلو السيرفورات اللي مستضيفاهم. شي سيتات روسية ديال الأخبار حتى هي تهاجمات. شي خبراء قالو باللي هادي أول مرة فالتاريخ اللي هجمة سيبرانية مهمة ونزاع عسكري حقيقي وقعو فنفس الوقت.,"flwaqt dyal l7arb, lhackers hajmo lsitat dyal l7okoma ljorjiya w sitat dyal l2akhbar w 3atlo sirforat li mstdifahm. chi sitat rosiya dyal l2akhbar hta hi t7ajmat. chi khobara2 9alo bli hadi awal mara f tarikh li hajma sibiraniya mohima w niza3 3askari 7a9i9i w9e3o f nafs lwaqt.","During the war , hackers attacked Georgian government and news websites and disabled host servers . Some Russian news websites were also attacked . Some experts noted this as the first time in history that a notable cyberattack and an actual military engagement happened at the same time .",خلال الحرب، هاجم قراصنة مواقع الحكومة الجورجية ومواقع الأخبار وقاموا بتعطيل الخوادم المضيفة. كما تعرضت بعض مواقع الأخبار الروسية للهجوم. وأشار بعض الخبراء إلى أن هذه هي المرة الأولى في التاريخ التي يحدث فيها هجوم سيبراني كبير واشتباك عسكري فعلي في نفس الوقت.,VALIDATED
data50272,DATA_5072,A,نتا بحال خويا,nta b7al khoya,you are like a brother to me,أنت كالأخ بالنسبة لي,VALIDATED
data50273,DATA_20828,B,"العائد بالدولار على الإيداعات بالدولار , <formula> , باين باللي كيساوي العائد بالدولار على الإيداعات باليورو , <formula> .","l3a2id b dollar 3la l2ida3at b dollar, <formula>, bayn bali kisawi l3a2id b dollar 3la l2ida3at b euro, <formula>.","The dollar return on dollar deposits , <formula> , is shown to be equal to the dollar return on euro deposits , <formula> .",يُظهر عائد الدولار على ودائع الدولار، <formula>، أنه يساوي عائد الدولار على ودائع اليورو، <formula>.,VALIDATED
data50274,DATA_6650,A,الرياضة كاتحافظ ليك على وزن سحي,riyada kat7afed lik 3la wazen si7i,sports helps maintain a healthy weight,تساعد الرياضة في الحفاظ على وزن صحي,VALIDATED
data50275,DATA_3572,A,تسنا، خاصني نشد كلبي,"tsna, khasni nchd klbi","Wait, I have to catch my dog",انتظر، يجب أن أمسك بكلبي,VALIDATED
data50276,WIKI_C_04629,C,نازا قالت باللي المدار ديال مارس ريكونيسانس، و حتى المدار ديال مارس أوديسي و ماڤن، كانت عندهوم فرصة باش يشوفو الكوميت سايدينغ سبرينغ فاش داز قريب نهار 19 أكتوبر 2014.,"naza qalt bli l madar dyal mars reconissance, w 7ta l madar dyal mars odyssey w maven, kant 3andhom forsa bach ychoufo l comet siding spring fach daz qrib nhar 19 october 2014.","NASA reported that the Mars Reconnaissance Orbiter , as well as the Mars Odyssey Orbiter and MAVEN orbiter had a chance to study the Comet Siding Spring flyby on October 19 , 2014 .",أفادت وكالة ناسا بأن المسبار المريخي للاستطلاع، وكذلك المسبار المريخي أوديسي والمسبار ماڤن، أتيحت لهم فرصة لدراسة اقتراب مذنب سايدنج سبرينغ في 19 أكتوبر 2014.,VALIDATED
data50277,WIKI_D_04503,D,قبل ما يمشيو ل ميريكان، گيتا و پرابهاكار تلاقاو ب رامبابو باش يسمحو ليهم على داكشي اللي دارو، و عبرو على الأمل ديالهم باللي ڤارون غادي يرجع شي نهار. ولكن رامبابو قال ليهم بالمعنى باللي هو قتل ڤارون باش يحمي العائلة ديالو و طلب منهم يسمحو ليه.,"qbel ma ymshiw l merikan, gitta w prabhakar tlaqaw b rambabu bach ysma7o lihom 3la dakchi li daro, w 3ebro 3la l2amal dyalhom beli varun radi yrega3 chi nhar. walakin rambabu qal lihom bel ma3na belli howa qtel varun bach yhmi l3a2ila dyalo w tleb menhom ysm7o lih.","Before leaving for the United States , Geetha and Prabhakar meet Rambabu to apologise for their deeds , and express their hope that Varun will return some day . But Rambabu indirectly tells them that he killed Varun to save his family and asks them to forgive him .",قبل مغادرتهم إلى الولايات المتحدة، تلتقي جيتا وبرابهاكار برامبابو للاعتذار عن أفعالهما، ويعربان عن أملهما في أن يعود فارون يومًا ما. لكن رامبابو يخبرهما بشكل غير مباشر أنه قتل فارون لإنقاذ عائلته ويطلب منهما أن يغفرا له.,VALIDATED
data50278,wiki_2,B,بيولوجيا شيمي ماط طيكنولوجيا لمغريب تاريخ جغرافيا فلسفة أديان,biolojia shimi mat tiknolojia lmghrib tari5 jografia falsafa adiyan,biology chemistry math technology morocco history geography philosophy religions,بيولوجيا كيمياء رياضيات تكنولوجيا المغرب تاريخ جغرافيا فلسفة أديان,VALIDATED
data50279,DATA_8674,A,راه سائق مهاني,rah sa2i9 mihani,he is a professional driver,إنه سائق محترف,VALIDATED
data50280,DATA_22650,B,أنتوني كيديس - غناء رئيسي ( تسجيلات 1 حتى 5 ، 7 حتى 13 )، غناء رئيسي مساعد ( تسجيل 6 ) ، فكرة فنية,"Anthony Kiedis - ghina2 ra2issi (tasjilat 1 hatta 5, 7 hatta 13), ghina2 ra2issi mossa2id (tasjil 6), fikra fanniya","Anthony Kiedis – lead vocals (tracks 1 to 5, 7 to 13), co-lead vocals (track 6), artistic concept.",أنتوني كيديس – الغناء الرئيسي (التسجيلات 1 إلى 5، 7 إلى 13)، الغناء الرئيسي المساعد (التسجيل 6)، والفكرة الفنية.,VALIDATED
data50281,DATA_6264,A,فاش توصل لرونبوان دور على ليمن,fach twsel l ronpoin dor 3la limen,turn right at the crossroads,انعطف يمينًا عند مفترق الطرق,VALIDATED
data50282,DATA_7163,A,ماكرهتش شي نهار نزور جابون,makrehtch chi nhar nzour japon,i'd love to visit japan someday,أود أن أزور اليابان يومًا ما,VALIDATED
data50283,DATA_24511,B,(س١ س٢) (أ) = (س١ (أ) ، س٢ (أ)).,"(p1 p2) (w) = (p1 (w), p2 (w))","(p1 p2) (ω) = (p1 (ω) , p2 (ω)).",(س١ س٢) (أ) = (س١ (أ) ، س٢ (أ)).,VALIDATED
data50284,DATA_8155,A,ماكانتش تكون خدمة سبت,makantch tkon khdama sabt,It wasn't supposed to be work on Saturday.,لم يكن من المفترض أن تَعْمَل يوم السبت.,VALIDATED
data50285,WIKI_D_06121,D,ال Tottenham واحد الكَْهْوَات لي مصنفين درجة تانية، كاين ف النمرة 6 شارع أكسفورد، حدا طريق Tottenham Court . تبنات ف نص القرن 19 و هي الكَهْوَى اللخرة اللي بقات ف الشارع، اللي كان فيه شحال هادا شي 20 قهوة.,"el Tottenham wa7d elkahwate li msanefin daraja tanya, kayen f nmra 6 char3 oxford, 7da tari2 Tottenham Court. tbnat f nes el qarn 19 w hiya el kahwa el lokhra li bqat f char3, li kan fih ch7al hada chi 20 qahwa.","The Tottenham is a Grade II listed pub located at 6 Oxford Street, near Tottenham Court Road.It was built in the mid-19th century and is the last remaining pub on the street, which once had around 20 pubs.",يُعد منزل توتنهام مقهى عامة مدرجة من الدرجة الثانية، وتقع في الرقم 6 بشارع أكسفورد، بالقرب من طريق توتنهام كورت. تم بناؤه في منتصف القرن التاسع عشر وهو آخر مقهى متبقية في الشارع، والذي كان يضم عشرين مقهى ذات يوم.,VALIDATED
data50286,WIKI_D_08364,D,تماشيا مع الروابط المفترضة ديال المنطقة مع الفضائيين، في عام 2006، دارت KFC داك الشي اللي قالو باللي هو أول لوجو ديال شركة باين من الفضاء، مصنوع من تمنية آلاف متر مربع ديال الزليج ومحطوط تقريبا على بعد مئتين متر من الطريق السيار.,"tmachiyan ma3a lrawabit lmoftareḍa dyal lmanṭaqa ma3a lfada2iyin, fi 3am 2006, daret KFC dak chi li 9alo bli howa awal logo dyal charika bayen men lfada2, masnu3 men 8000 meter morabe3 dyal zliyj w maḥṭuṭ taqriban 3la bu3d 200 meter men riq siyar.","In keeping with the supposed alien links of the area , in 2006 KFC established what was said to be the first corporate logo visible from space , made from eight thousand square metres of tiles and sited about two hundred metres from the highway .",تماشيًا مع الروابط المزعومة للمنطقة بوجود كائنات فضائية، أنشأت كنتاكي فرايد تشيكن في عام 2006 ما قيل إنه أول شعار لشركة يمكن رؤيته من الفضاء، مصنوع من ثمانية آلاف متر مربع من البلاط ويقع على بعد حوالي مائتي متر من الطريق السريع.,VALIDATED
data50287,WIKI_D_11241,D,دابا جامعة فلوريدا ستيت مصنفة رقم 2 كاكتر جامعة فعالة و ذات جودة عالية ف البلاد من طرف يو إس نيوز آند وورلد ريبورت 2015. و الجامعة تسمات كاكتر جامعة فعالة ف البلاد عام 2013 و 2014 من طرف يو إس نيوز آند وورلد ريبورت.,daba jami3a florida state msanafa raqm 2 kaktar jami3a fa3ala w dnat jawda 3alya f blad mn tarf US News & World Report 2015. w ljami3a tsmat ka aktar jami3a fa3ala f blad 3am 2013 w 2014 mn tarf US News & World Report.,Florida State University is currently ranked the No. 2 most efficient high quality university in the country by U.S. News & World Report 2015 . The university was also named the nation 's most efficient in 2013 and 2014 by U.S. News & World Report .,جامعة ولاية فلوريدا مصنفة حاليًا كأفضل جامعة فعالة وذات جودة عالية في البلاد، وذلك حسب تقرير يو إس نيوز آند وورلد لعام 2015. وقد اختيرت الجامعة أيضًا كأفضل جامعة فعالة في البلاد لعامي 2013 و 2014 من قبل نفس التقرير.,VALIDATED
data50288,DATA_16247,B,داميان واين هو الولد البيولوجي ديال بروس واين وطاليا الغول، و هكا هو الحفيد ديال عدو باتمان رأس الغول.,"Damian Wayne huwa lweld lbiyoloji dial Bruce Wayne o Talia al Ghul, o haka huwa lhfid dial 3adu Batman Ra2s al Ghul.","Damian Wayne is the biological son of Bruce Wayne and Talia al Ghul , and thus the grandson of Batman villain Raas al Ghul .",داميان واين هو الابن البيولوجي لبروس واين وتاليا الغول، وبالتالي فهو حفيد ولذلك فهو حفيد عدو باتمان راس الغول.,VALIDATED
data50289,DATA_22378,B,في دستور بيلاروسيا ديال 1994 ، المادة 19 كتعدد الرموز الرسمية ديال البلاد. المادة 19 كتقول:,"F dostor Belarus siyaal 1994, lmadda 19 kat3addad romouz rasmiyya dyaal lblad. lmadda 19 katqol:","In the 1994 Constitution of Belarus , Article 19 lists the official symbols of the country . Article 19 reads :",في دستور بيلاروسيا لعام 1994، تحدد المادة 19 الرموز الرسمية للبلاد. تنص المادة 19 على ما يلي:,VALIDATED
data50290,WIKI_C_03834,C,نهار سبعة وعشرين يوليوز ألفين وأربعة عشر، ستاد هاينز استقبل ماتش ديال الكورة بين آسي ميلان و مانشستر سيتي اللي كان جزء من كاس الأبطال الدولية ديال ألفين وأربعة عشر و مانشستر سيتي ربحو الماتش بخمسة لواحد.,"nhar seb3a w 3chrin yulyuz 2014, stade heinz sta9bel match dyal lkora bin AC Milan w Manchester City lli kan joz2 mn kass l2abtal dawliya 2014 w Manchester City rbe7o lmatch bkhamsa l wa7d.","On July 27 , 2014 , Heinz Field hosted a soccer match between A.C. Milan and Manchester City which was part of the 2014 International Champions Cup and Manchester City won the match 5-1 .",في السابع والعشرين من يوليو عام 2014 ، استضاف ملعب هاينز مباراة كرة قدم بين إيه سي ميلان ومانشستر سيتي كانت جزءًا من كأس الأبطال الدولية لعام 2014 وفاز مانشستر سيتي بالمباراة بنتيجة 5-1.,VALIDATED
data50291,WIKI_D_09763,D,المرشح الرئيسي ديال القرن 19 كان واحد من الشخصيات الفكرية الكبيرة ديال إنجلترا الجاكوبية، سير فرانسيس بيكون، محامي، فيلسوف، كاتب مقالات وعالم. الترشيح ديال بيكون كيعتامد على تخمينات تاريخية وأدبية، بالإضافة لشي وحي مزعوم.,"lmorach7 lra2isi dyal lqarn 19 kan w7d mn chakhsiyat lfikriya lkbira dyal ingltera ljakobiya, sir francis bacon, mo7ami, filasuf, katib ma9alat w 3alim. ltrchih dyal bacon ki3tamd 3la tkhminat tarikhiya w adabiya, b idafat lchi wa7iy mz3om.","The leading candidate of the 19th century was one of the great intellectual figures of Jacobean England , Sir Francis Bacon , a lawyer , philosopher , essayist and scientist . Bacon 's candidacy relies upon historical and literary conjectures , as well as alleged revelations .",كان المرشح البارز في القرن التاسع عشر أحد الشخصيات الفكرية العظيمة في إنجلترا الجاكوبية، السير فرانسيس بيكون، وهو محامٍ وفيلسوف وكاتب مقالات وعالم. تعتمد ترشيح بيكون على تخمينات تاريخية وأدبية، بالإضافة إلى وحي مزعوم.,VALIDATED
data50292,WIKI_D_09175,D,"ميلينا شخصية كيلعبة و مرة مرة كتكون زعيمة في سلسلة ألعاب القتال مورتال كومبات. من نهار بدات كشخصية مبدلة الألوان في مورتال كومبات 2 عام 1993, ميلينا ولات مشهورة بزاف و رجعات من أهم الرموز ديال السلسلة.","mileena chakhsiya kayel3ba w mera mera katkon za3ima f silsilat al3ab alqital mortal kombat. men nhar bdat kchakhsiya mbdla l2alwan f mortal kombat 2 3am 1993, mileena wlat machhura bzaf w rj3at men aham armuz dyal silsila.","Mileena is a player and occasional boss character from the Mortal Kombat series of fighting games . Since her introduction as a palette swap character for Mortal Kombat II in 1993 , Mileena has gained significant popularity and became one of the series most iconic elements .","ميلينا شخصية لاعبة وزعيمة عرضية من سلسلة ألعاب القتال ""مورتال كومبات"". منذ ظهورها كشخصية مبدلة الألوان في ""مورتال كومبات 2"" عام 1993، اكتسبت ميلينا شعبية كبيرة وأصبحت من أبرز عناصر السلسلة.",VALIDATED
data50293,DATA_4548,A,عندي خويا صغر مني,3ndi khouya Sghr mni,I have a younger brother,عندي أخ أصغر,VALIDATED
data50294,WIKI_C_07040,C,بلي المستعمرات كاملة عندها الحق فالقانون الإنجليزي، وبالأخص الحق الكبير واللي ما يتعوضش باش يتحاكمو قدام ناس من نفس البلاصة ديالهم، كيفما كايقول القانون.,"bli lmosta3mmaraat kamla 3ndha l7aq fel qanoun el ingleezi, w bel khass l7aq lkbeer weli ma y3awadch bach y7akmo qdam nass men nafs lblasa dyalhom, kifema kay9oul lqanoun.","That all the colonies have the right under English law, especially the great and irreplaceable right to be tried before people from their own place, as the law states",بلي المستعمرات كاملة عندها الحق فالقانون الإنجليزي، وبالأخص الحق الكبير واللي ما يتعوضش باش يتحاكمو قدام ناس من نفس البلاصة ديالهم، كيفما كايقول القانون.,VALIDATED
data50295,DATA_14427,B,شنو كيبداو الحروب: أوهام دولية. نيويورك، نيويورك: شركة هوتون ميفلين. 1936. ص. 221.,"shnu kaybdaw l7oroub: awham dawliya. New York, New York: shirkat houghton mifflin. 1936. S. 221.","What Starts Wars : International Delusions . New York , New York : Houghton Mifflin company . 1936 . p . 221 .",ما الذي يبدأ الحروب: الأوهام الدولية. نيويورك، نيويورك: شركة هوتون مفلين. 1936، صفحة 221.,VALIDATED
data50296,DATA_9326,A,مابقيتش باغي نعاونو راه مسخوت واليديه,mab9itch baghi n3awnou rah mes5out walidih,"i will not help him ,He is disrespectful to his parents.",لن أساعده هو عاقّ لوالديه,VALIDATED
data50297,DATA_12929,B,"ويليام شوكروس، Sideshow: Kissinger, Nixon ou Takhrib dyal Cambodia. نيويورك: Washington Square Books، 1979.","Shawcross, William, Sideshow: Kissinger, Nixon ou Takhrib dyal Cambodia. New York: Washington Square Books, 1979.","Shawcross , William , Sideshow : Kissinger , Nixon and the Destruction of Cambodia . New York : Washington Square Books , 1979 .",شاوكروس، وليام، جانبي: كيسنجر ونيكسون وتدمير كمبوديا. نيويورك: واشنطن سكوير بوكس، 1979.,VALIDATED
data50298,DATA_18697,B,نهار الإحصاء اللخر (27 مارس 2011) كان عدد السكان مجموع ديال هاد الأحياء 25 ألف و 93.,nhar lihsa2 lekher (27 mars 2011) kan 3adad soukan majmou3 dyal had l2ahya2 25 alf w 93.,"At the last census (March 27, 2011), the total population of these neighborhoods was 25,093","في يوم آخر تعداد سكاني (27 مارس 2011) بلغ إجمالي عدد سكان هذه الأحياء 25,093 نسمة.",VALIDATED
data50299,WIKI_D_02490,D,نهار 8 شهر 9 عام 1879، سير لويس كافانياري، لي كان مكلف بالمهمة ف كابول، تقتل هو و الكادر ديالو كامل على يد عساكر أفغان متمردين. روبرتس دار واحد الحملة عقابية ناجحة ضد الأفغان على مدى ستة د السيمانات لي تبعو.,"nhar 8 chhar 9 3am 1879, sir louis Cavagnari, li kan mkalaf bel mohima f kabul, tqtel howa w lkader dyalo kamel 3la yad 3asakir afghan motamaridin. roberts dar wa7ed l7amla 3iqabiya naj7a ded lafghan 3la mda sitat dyal simanat li tba3o.","On 8 September 1879 Sir Louis Cavagnari , in charge of the mission in Kabul , was killed with his entire staff by rebelling Afghan soldiers . Roberts undertook a successful punitive expedition against the Afghans over the next six weeks .",في الثامن من سبتمبر عام 1879، قُتل السير لويس كافانياري، المسؤول عن البعثة في كابول، مع كامل طاقمه على يد جنود أفغان متمردين. وقام روبرتس بحملة عقابية ناجحة ضد الأفغان على مدى الأسابيع الستة التالية.,VALIDATED
data50300,WIKI_D_08080,D,خو هاموند لكبير، ريجينالد، كان كيلعب بيزبول ف فرقة صغيرة تابعة ل Pittsburgh Pirates، وصل ل Class AAA قبل ما يتعرض لواحد الإصابة سالات ليه الكاريير ديالو. تقيد ف جامعة Northwestern، تخرج منها، ولا سمسار ديال الأسهم وعاون هاموند فالمفاوضات ديال الكونطرا ديالو عام 1992.,"kho hammonds lkbir, reginald, kan kil3eb baseball f frqa saghira tab3a l pittsburgh pirates, wsel l class aaa qbel ma yt3ard l wa7d l2isaba salat lih l career dyalo. tqayd f jami3a northwestern, tkhraj mnha, wla smsar dyal l2ashom w 3awen hammonds f lmufawadat dyal l contract dyalo 3am 1992.","Hammonds older brother , Reginald , played minor league baseball for the Pittsburgh Pirates ' organization , reaching Class AAA before suffering a career ending injury . He enrolled at Northwestern University , graduated , became a stockbroker and aided Hammonds in his 1992 contract negotiations .",لعب الأخ الأكبر لهاموندز، ريجينالد، البيسبول في دوري الناشئين لمنظمة بيتسبرغ بايرتس، ووصل إلى الفئة AAA قبل أن يتعرض لإصابة أنهت مسيرته. التحق بجامعة نورث وسترن، وتخرج منها، وأصبح وسيطًا في الأوراق المالية، وساعد هاموندز في مفاوضات عقده عام 1992.,VALIDATED
data50301,DATA_16789,B,ف 1742، لاباط وصف الببغاء الماكو بنفس الطريقة تقريبا لي وصفو بيها دو تيرتر، و زاد شي تفاصيل:,"f 1742, labat wsef lbabagha2 lmako bnefs tariqa taqriban li wssefo biha du terter, o zad shi tfasil:","In 1742 , Labat described the macaw in much the same way as Du Tertre , while adding several details :",في عام 1742، وصف لابيه طائر المكاو بنفس الطريقة تقريبًا التي وصف بها دو تيرتر، مع إضافة عدة تفاصيل:,VALIDATED
data50302,WIKI_C_01697,C,"إدج ربط داك ""بشكل غير متوقع مؤثر"" سكرين حمرة و الصوت اللي كيطلعو فاش كيلعب كيموت بالإهتمام الشخصي ديال روجرز بموسيقى الروك الصاخبة. سماوه ""بصمة شخصية ساحرة"".","edge rbat dak ""bshkal ghyr metwaque3 mo2etir"" screen 7amra o sawt li kital3o fash kile3ab kimout bil ihtimam shakhsi dyal rogers bmosiqa rock sakhiba. samawh ""basma shakhsi sahira"".","Edge linked that ""unexpectedly striking effect"" of the red screen and the sound that plays when the player dies to Rogers's personal interest in loud rock music. They called it ""a charming personal touch.""","ربط إيدج ذلك ""التأثير المؤثر بشكل غير متوقع"" للشاشة الحمراء والصوت الذي يظهر عند موت اللاعب باهتمام روجرز الشخصي بموسيقى الروك الصاخبة. ووصفت ذلك بأنه ""بصمة شخصية ساحرة"".",VALIDATED
data50303,DATA_17073,B,من بعد ملي كان بهاء الله ف عكا، بقا كيكتب رسائل للقادة ديال العالم بحال:,"men be3d meli kan Baha2 lah f 3aka, bqa kaykteb rasa2il lilqada dyal l3alem b7al:","Later when Baha ullah was in Akka , he continued writing letters to the leaders of the world including :",لاحقًا عندما كان بهاء الله في عكا، استمر في كتابة الرسائل إلى زعماء العالم بما في ذلك:,VALIDATED
data50304,DATA_20664,B,ف شهر مارس 1942، شارك ف تهريب الجنرال دوغلاس ماكآرثر من الفلبين، و على هادشي خدا راي النجمة الفضية. الشهادة ديالو كانت كاتقول:,"f chehar mars 1942, charek f thrib jeniral douglas macarthur mn lfilipin, o 3la hadchi khda ray nnejma lfidya. chchahada dyalo kant katgoul:","In March 1942 , he participated in General Douglas MacArthur 's escape from the Philippines , for which Ray was awarded the Silver Star . His citation read :",في مارس 1942، شارك في هروب الجنرال دوغلاس ماكارثر من الفلبين، والذي حصل راي بموجبه على نجمة الفضة. وجاء في نص الشهادة::,VALIDATED
data50305,DATA_0076,A,واش كايبالّيك أنّها هيا تحت الضغط من المدير ديالها?,wach kayballik anaha hia t7t daght mn lmoudir dyalha?,Do you feel she herself is under pressure from her director?,هل تشعر بأنها تتعرض لضغوط من مديرها؟,VALIDATED
data50306,WIKI_D_09176,D,التسيير ديال سكة الحديد لويزا كان فاللول مكلف بيه RF & P، من نهار بدا أول تران كيدوز على السكة ديال لويزا ف 20 دجنبر 1837. هادشي بقا حتى لشهر يونيو 1847، ملي سكة الحديد لويزا شدات التسيير.,"ltasiir dyal seka l7did luiza kan falul mkalaf biha RF & P, mnhar bda awl tran kayduz 3la seka dyal luiza f 20 dojambar 1837. Hadshi bqa 7ta lchhr yuniu 1847, mli seka l7did luiza shdat ltasiir.","Operation of the Louisa Railroad was initially handled by the RF & P , beginning with the first operation of a train over Louisa Railroad tracks on December 20 , 1837 . This condition continued until June 1847 , when the Louisa Railroad took over operations .",تولّت شركة أر.إف.آند.بي. إدارة عمليات سكة حديد لويزا في البداية، بدءًا من أول تشغيل لقطار على مسارات سكة حديد لويزا في 20 ديسمبر 1837. واستمر هذا الوضع حتى يونيو 1847، عندما تولت سكة حديد لويزا إدارة العمليات.,VALIDATED
data50307,DATA_15130,B,لارس يسبر بلومكڤيست (تزاد نهار 5 فبراير 1974) هو واحد اللعّاب سويدي قديم كان كيلعب جناح يساري.,Lars Ysber Blomqvist (tzad nhar 5 fibrayir 1974) huwa wahed la3ab swidi qdim kan kil3ab janah yassari.,Lars Jesper Blomqvist ( born 5 February 1974 ) is a Swedish former footballer who played as a left winger .,لارس جسبر بلومكفيست (مواليد 5 فبراير 1974) هو لاعب كرة قدم سويدي سابق لعب كجناح أيسر.,VALIDATED
data50308,WIKI_C_11406,C,إيلا تشاد قدرات تحافظ على شوية ديال الاستقرار، الفلوس ديال برا غادي يرجعو ف اللخر، ولكن وخا دازت 24 عام من آخر انقلاب اللي وصل الرئيس إدريس للكرسي، المستثمرين باقين خايفين يستثمرو ف تشاد.,"ila tchad qdarat t7afed 3la chwiya dyal listiqrar, lflous dyal bra ghadi yiraj3o f l akhir, walakin wakha dazat 24 3am mn akhir in9ilab li wassal l ra2is idris l l kursi, l mustatmirin baqin khayfin ystathmro f tchad.","If Chad manages to maintain some stability, foreign money will eventually return, but even though 24 years have passed since the last coup that brought President Idriss to power, investors are still hesitant to invest in Chad.",إذا تمكنت تشاد من الحفاظ على بعض الاستقرار، فإن الأموال الأجنبية ستعود في النهاية، لكن، على الرغم من مرور 24 عامًا منذ آخر انقلاب أدى بالرئيس إدريس إلى السلطة، لا يزال المستثمرون مترددين في الاستثمار في تشاد.,VALIDATED
data50309,DATA_5082,A,آخر نهار معاك,akhir nhar m3ak,the last day with you,آخر يوم معك,VALIDATED
data50310,DATA_7501,A,شحال وانا كانعلج فيه,chhal wana kan3alj fih,it's been a lot i'm treating it,لقد كان الأمر كثيرًا، وأنا أعالجه.,VALIDATED
data50311,WIKI_C_12247,C,هايز، ديريك (1999). أطلس تاريخي ديال الشمال الغربي الهادئ: خرائط ديال الاستكشاف والاكتشاف. ساسكواتش بوكس. الرقم المعياري الدولي للكتاب ISBN 1- -215-3.,"Hayes, Derek (1999). Atlas Ttarikhi dyal lchamal lgharbi lHadi2: Kharitat dyal listikshaf w liktishaf. Sasquatch bocs. ISBN 1- -215-3.","Hayes, Derek (1999). Historical Atlas of the Northwest Pacific: Maps of Exploration and Discovery. Sasquatch Books. ISBN 1- -215-3",هايز، ديريك (1999). أطلس تاريخي للشمال الغربي الهادئ: خرائط الاستكشاف والاكتشاف. ساسكواتش بوكس. الرقم المعياري الدولي للكتاب - -215-3.,VALIDATED
data50312,DATA_11923,A,عمرك تكرس قيمة لشي حد و هو مايستهلهاش,3emrek t kerres 9ima lchi 7ed ou howa maystahlhach,You ever dedicate value to someone who doesn't deserve it.,يجب عليك ألا تمنحه قيمة لشخص لا يستحقها,VALIDATED
data50313,WIKI_D_03266,D,المدققين اللغويين مازالو ما نشروش فهرس شامل ديال الأوراق اللغوية اللي خدامين عليها و اللي ما نشرهاش كريستوفر تولكين ف تاريخ الأرض الوسطى. و مازال كيخرجوا مواد لغوية جديدة، واخا السرعة ديال النشر ماشي منتظمة.,"lmodaqiqin loghawiyin mazalo ma nchroch fahras chamel dyal l2awra9 loghawiya li khdamin 3liha w li ma nchrehach christopher tolkien f tarikh l2ard lwosta. w mazal kikhrejo mawad loghawiya jdida, wakha sor3a dyal nchr machi montadama.","The editors have not published a comprehensive catalogue of the linguistic papers they are working on and that were not published by Christopher Tolkien in the History of Middle earth ; new linguistic material continues to emerge , although the pace of publication is irregular .","لم ينشر المحررون قائمة شاملة بالأوراق اللغوية التي يعملون عليها ولم تنشر من قبل كريستوفر تولكين في ""تاريخ الأرض الوسطى""؛ وتستمر المواد اللغوية الجديدة في الظهور، على الرغم من أن وتيرة النشر غير منتظمة.",VALIDATED
data50314,WIKI_C_10219,C,"""كلا من ""الطفل الجني"" و ""فين هي ماري أليس سميث؟"" تطبعا فكتاب أول مرة ف 1885 ف ""البنت الباطرونة"".""","Kla men ""tfl ljinni"" w ""Fin hiya Mary Alice Smith?"" ttb3o f ktab lawl marra f 1885 f ""lbint lbatruna"".","Both ""The Goblin Child"" and ""Where Is Mary Alice Smith?"" were first published in a book in 1885 in ""The Patron's Daughter.","كلا من ""الطفل الجني"" و""أين ماري أليس سميث؟"" تم نشرهما لأول مرة في كتاب عام 1885 بعنوان ""ابنة الراعية"".",VALIDATED
data50315,WIKI_D_01085,D,النسبة الذهبية باينة باللي كاتعاود فبزاف ديال البنايات المصرية، بحال الأهرامات، ولكن يقدر يكون هادشي غير نتيجة غير مقصودة ديال الطريقة اللي كانو المصريين القدام كيخدمو بيها الحبال المعقودة مع حس فطري ديال التناسب والانسجام.,"Nisba dahabia bayna beli kat3awd f bzaf dyal lbinayat lmasriya b7al l2ahramat, walakin yqdar ykoun hadchi ghir natija ghayr ma9soda dyal tariqa li kanou lmasriyin lqdam kaykhdmo biha l7bal lma3e9ouda, m3a 7iss fitri dyal tanasob w l2insijam.","The golden ratio seems to be reflected in many Egyptian constructions , including the pyramids , but its use may have been an unintended consequence of the ancient Egyptian practice of combining the use of knotted ropes with an intuitive sense of proportion and harmony .",تبدو النسبة الذهبية منعكسة في العديد من الإنشاءات المصرية، بما في ذلك الأهرامات، ولكن ربما كان استخدامها نتيجة غير مقصودة لممارسة المصريين القدماء في الجمع بين استخدام الحبال المعقودة والإحساس البديهي بالتناسب والانسجام.,VALIDATED
data50316,DATA_2828,A,إمكان يعتمد شوية على الجو,imkan i3tamad chwia 3la ljaw,It could depend a bit on the weather,قد يعتمد الأمر قليلاً على الطقس,VALIDATED
data50317,DATA_16397,B,فالحرب العالمية اللولة، الجرادي كانو كيستعملوهم الناس ديال فوج مانشستر باش يترينيو، وتبنات واحد الفابريكة ديال السلاح كاملة مكمولة بالسكك الحديدية ديال التران ديالها.,"falharb l3alamiya lowla, ljrady kanu kayst3mluhum nas dyal fawj manchester bash yetriniw, w tbnat wa7d lfabrika dyal sila7 kamla mkamula b sikak l7adidya dyal tran dyalha.","In World War I, grasshoppers were used by the Manchester regiment for training, and a whole arms factory was supplied via its railway lines.",في الحرب العالمية الأولى، كان الجنود يستخدمون الجراد لأغراض التدريب في فوج مانشستر، كما تم تزويد مصنع أسلحة كامل بواسطة خطوط السكك الحديدية الخاصة به.,VALIDATED
data50318,DATA_9989,A,كان كيسحاب ليا غادي يقنعو باش يقرا فهاد الجامعة,kan kis7ab liya ghadi y9en3ou bach y9ra fhad ljami3a,I thought they would convince him to study at this university.,كنت أظن أنهم سيقنعونه بالدراسة في هذه الجامعة.,VALIDATED
data50319,WIKI_C_08540,C,أغلبية كبيرة ديال حالات فرط نشاط الغدة الجار درقية كيكونو نتيجة ديال تكوين عشوائي ديال أورام حميدة و لكن نشيطة فالتمثيل الغذائي فالغدة الجار درقية. هاد الحالات كيمثلو تقريبا 80 حتال 85% من جميع الحالات اللي مسجلة ديال فرط نشاط الغدة الجار درقية.,aghlabiya kbira dyal 7alat fart nachat lghoda jar dara9iya kaykono natija dyal takwin 3achwa2i dyal awram 7amida w lakin nachita ftemtil lghida2i f lghoda jar dara9iya. had l7alat kiyamthlu ta9riban 80 7tal 85% mn jmi3 l7alat li msjla dyal fart nchat lghoda jar dara9iya.,"The vast majority of cases of hyperparathyroidism are the result of the random formation of benign , but metabolically active , parathyroid adenoma swellings . These instances comprise approximately 80 – 85 % of all documented cases of hyperparathyroidism .",الغالبية العظمى من حالات فرط نشاط الغدة الجار درقية تنتج عن التكوين العشوائي لأورام غدية حميدة، لكنها نشطة أيضيًا، في الغدة الجار درقية. وتشكل هذه الحالات حوالي 80-85% من جميع الحالات الموثقة لفرط نشاط الغدة الجار درقية.,VALIDATED
data50320,DATA_20384,B,هاذ الطابلو كيبين التاريخ ديال انتاجات D'Oyly Carte (من غير الجولات) ف حياة Gilbert:,had tablo kaybeyen tarikh dyal intajat D'Oyly Carte (men ghir jawlat) f hyat Gilbert.,The following table shows the history of the D 'Oyly Carte productions ( excluding tours ) in Gilbert 's lifetime :,يوضح الجدول التالي تاريخ إنتاجات شركة د' أويل كارت (باستثناء الجولات) في حياة جيلبرت:,VALIDATED
data50321,DATA_15612,B,وحدة كتر من القياس (فايتات العبار) (كانت سميتها شحال هادي مخربقات، قاتلة بعلامة، القصة المهمة ديال الإدمان على الشراب) (1950),"Wahda kter men lqiyas (faytat l3bar) (kanet smiyetha shhal hadi mkherbqat, qatla b3alama, lqissa lmohimma dyal l2idman 3la shrab) (1950)","One Too Many(over the measure ) (her title some time ago: Messy, deadly by mark, the important story of alcohol addiction) (1950).",أكثر من اللازم(أكثر من القياس) (سابقًا نساء مشوشات، قاتل يحمل وصمة، القصة المهمة عن إدمان الكحول) (1950),VALIDATED
data50322,DATA_10492,A,مانضنش غادي يديها فجردة ديالو,mandench ghadi ydiha fjerda dialo,I dont think he will take care of his garden,لا أعتقد أنه سيهتم بحديقته.,VALIDATED
data50323,WIKI_D_10080,D,بخلاف معظم مضخّمات الموسيقى الشعبية اللي كيستعملو الجاك باش يتكونكتاو مع الآلات، مكبّرات ليزلي كيستعملو كونكتور أمفينول باش يتكونكتاو مباشرة مع الأورغ عن طريق كونكتور ديال الكونسول. النوع والتصميم ديال هاد الكونكتور كيتبدل حسب الأورغ والموديل ديال مكبّر ليزلي,"bkhlaf mo3dam lmdakhmat d lmusica cha3biya li kayesta3mlo ljack bach ytconnectaw m3a l2alat, lmokabirat d leslie kayesta3mlo connector d amphenol bach ytconnectaw mobachara m3a lorgan 3an tariq connector d lconsole. no3 w tasmim dyal had lconnector kaytbedel 3la hasab lorgan w lmodel d lmokaber d leslie.","Unlike most popular music amplifiers , that use jack plugs to connect to instruments , Leslie speakers use an amphenol connector to interface directly to an organ via a console connector . The type and design of the connector depends on the organ and model of Leslie speaker .",على عكس معظم مضخمات الموسيقى الشعبية، التي تستخدم قابس جاك للتوصيل بالآلات، تستخدم مكبرات الصوت من نوع ليزلي موصل أمفينول للتواصل مباشرة مع الأورغن عبر موصل لوحة التحكم. يعتمد نوع وتصميم الموصل على الأورغن وطراز مكبر الصوت من نوع ليزلي.,VALIDATED
data50324,WIKI_D_00009,D,"سيارة العام الخضراء ديال 2011 من مجلة السيارة الخضراء. صحاب الجورنال شرحو باللي ""هاد الجائزة كترحّب بنوع جديد ديال الطوموبيلات الكتريك اللي كتنتج بزاف و موجهة للسوق ديال المستهلك، و الفولت هي أول طوموبيل الكتريك كتشد الجائزة الأولى.""","syarat l3am lkhadra dyal 2011 mn majalt syart lkhadra. s7ab l journal char7o bli ""had l ja2iza katra7eb b naw3 jdid dyal tomobilat l electric li katantaj bezaf w mowajaha l sou9 dyal l mostahlik, w volt hiya lawal tomobil electric katched l ja2iza lawla.""","2011 Green Car of the Year by Green Car Journal . The magazine editors explained that "" This award welcomes a new genre of mass production electric vehicles to the consumer market , with the Volt as the first ever electric vehicle to take top prize . ""","سيارة العام الخضراء لعام 2011 من مجلة ""السيارة الخضراء"". أوضح محررو المجلة أن ""هذه الجائزة ترحب بنوع جديد من المركبات الكهربائية ذات الإنتاج الضخم في سوق المستهلك، مع كون فول الصانعة هي أول مركبة كهربائية على الإطلاق تحصل على الجائزة الكبرى.""",VALIDATED
data50325,WIKI_D_03202,D,الساعة الزايدة و الناقصة بعض المرات كتصعب الحساب ديال الوقت و تقدر تخسر السفر، الفاكتورة، التسجيلات، الأجهزة الطبية، الماكنات الكبار، و النعاس. البرامج ديال الكمبيوتر غالبا كيادابتو الساعة بوحدهوم، و لكن التبديلات ديال السياسة ديال التوقيت الصيفي و الشتوي يقدروا يدوخوا.,"sa3a zayda w na9sa ba3ed lmarat katsa3b l7sab dyal lwa9t w t9edar tkhessar safar, lfactor, tasjilat, l2ajhiza tibiya, lmachinat lkbar, w n3as. lbaramij dyal computer ghaliban kaydabto sa3a bohdhom, w lakin tbdilat dyal siyassa dyal taw9it sayfi w chatwi y9adro ydokho.","DST clock shifts sometimes complicate timekeeping , and can disrupt travel , billing , record keeping , medical devices , heavy equipment , and sleep patterns . Computer software often adjusts clocks automatically , but changes in daylight saving time policies can cause confusion.",تُعقّد التغييرات في التوقيت الصيفي أحيانًا ضبط الوقت، ويمكن أن تُربك السفر، والفواتير، وحفظ السجلات، والأجهزة الطبية، والمعدات الثقيلة، وأنماط النوم. غالبًا ما تُعدّل البرامج الحاسوبية الساعات تلقائيًا، ولكن التغييرات في سياسات التوقيت الصيفي والشتوي قد تسبب الارتباك.,VALIDATED
data50326,WIKI_C_05681,C,آرف والجمعيات اللي تابعين ليها فالعالم كيطبعو 11 جورنال: 4 ديال النهار و 7 ديال السيمانة. وزايدون، كاينين جوج قنوات ديال التلفازة، وحدة فيهم ديال الأنترنيت. جوج راديوات كيدوزو كل نهار، وحدة فيهم ديال الأنترنيت.,"arf w ljam3iyat li tab3in liha fl3alam kaytab3o 11 jurnal: 4 dyal nhar w 7 dyal simana. w zaydin, kaynin jouj qanawat dyal tlfaza, wa7da fihom dyal l internet. jouj radiowat kaydozo kol nhar, wa7da fihom dyal l internet.","ARF and its affiliate organizations worldwide publish 11 newspapers : 4 daily and 7 weekly . Also , there are two TV channels , including one online . Two radio stations are aired everyday , including one online .","تنشر ""أرف"" والمنظمات التابعة لها في جميع أنحاء العالم 11 صحيفة: 4 يومية و 7 أسبوعية. بالإضافة إلى ذلك، هناك قناتان تلفزيونيتان، بما في ذلك واحدة عبر الإنترنت. تبث محطتا إذاعة كل يوم، بما في ذلك واحدة عبر الإنترنت.",VALIDATED
data50327,DATA_12689,B,"دليل على وجود واحد الطبقة رقيقة ديال الجو على أوروبا، گانيميد، و كاليستو معروفة بـ ""إكسوسفير مرتبط بالسطح"".","dalil 3la wjod wa7ed tabaqa rqiqa dyal ljo 3la europa, ganimid, o kalisto ma3rofa b ""exosfer mrtabeT b seta7"".","Evidence for the presence of a thin atmosphere layer on Europa, Ganymede, and Callisto, known as the ""surface-bound exosphere"".",دليل على وجود طبقة جوية رقيقة على يوروبا وجانيميد وكاليستو تُعرف بـ ' الغلاف الخارجي المرتبط بالسطح '.,VALIDATED
data50328,DATA_17380,B,في شهر سبعة ديال 2015، تلاح واحد ليكليان (application/برنامج) ديال التليفونات اللي خدامين ب أندرويد، و راه كاينة ف Google Play.,"f shher seb3a dyal 2015, tla7 wa7d lclient (application/barnamej) dyal tlifunat lli khdamyn b android, w rah kayna f Google Play.","In July 2015 , a client (application/program) for Android phones was released, and it is available on Google Play.",في يوليو 2015، تم إطلاق تطبيق عميل (برنامج) للهواتف التي تعمل بنظام أندرويد، وهو متاح على جوجل بلاي.,VALIDATED
data50329,DATA_20563,B,"Thrum, Thomas G., إد . (1901). Hawaiian Almanac and Annual ديال 1901. Thomas G. Thrum, الناشر.","Thrum, Thomas G., id. (1901). Hawaiian Almanac and Annual dyal 1901. Thomas G. Thrum, nashir.","Thrum , Thomas G. , ed . ( 1901 ) . Hawaiian Almanac and Annual for 1901 . Thomas G. Thrum , Publisher .",ثروم، توماس جي.، محرّر. (1901). التقويم السنوي لهاواي لعام 1901. الناشر: توماس جي. ثروم.,VALIDATED
data50330,WIKI_D_02316,D,تنتخب ف لموزيل ف 1816، حصل ف 1818 على الإذن باش يجلس ف غرفة النواب، و خلا القيادة ديال الفرقة الثالثة ملي ولا مستحق للتقاعد ف 22 يوليوز 1822. مات ف باريس ف 12 شتنبر 1827.,"tntakhb f lmuzil f 1816, hsal f 1818 3la l2idn bach yjls f ghurfat nuwab, w khla lqiyada dyal lfrqa tlta mli wala mstahaq ltaqa3od f 22 yulyuz 1822. mat f paris f 12 chotanber 1827.","Elected by the Moselle , in 1816 , he obtained in 1818 permission to sit in the Chamber of Deputies , and left the command of the III Division when he became eligible for retirement on 22 July 1822 . He died in Paris on 12 September 1827 .",انتخب عن إقليم الموزيل، وفي عام 1816، حصل عام 1818 على إذن للجلوس في مجلس النواب، وترك قيادة الفرقة الثالثة عندما أصبح مؤهلاً للتقاعد في 22 يوليو 1822. وتوفي في باريس في 12 سبتمبر 1827.,VALIDATED
data50331,DATA_18315,B,يقدروا يتهموني باللي أنا ديناصور، ولكن نذكركم باللي الديناصورات حكموا الأرض مدة طويلة بزاف.,"yqdro ytahmoni bli ana dinasor, walakin ndkrkom bli dinasorat hkmo l2ard moda twila bzzaf.",""" I may be accused of being a dinosaur , but I would remind you that dinosaurs ruled the Earth for a very long time . """,قد يتهمونني بكوني ديناصورًا، ولكني أود أن أذكركم بأن الديناصورات حكمت الأرض لفترة طويلة جدًا.,VALIDATED
data50332,DATA_6226,A,جيراني شحال فيهوم ديال صداع,jirani ch7al fihoum dial sda3,my neighbors are so noisy,جيراني مزعجون للغاية.,VALIDATED
data50333,DATA_6331,A,ماقدرتش نعاودها من راسي,ma9dertsh n3awedha mn rasli,I couldn't repeat it from memory.,لم أستطع تكرارها من ذاكرتي.,VALIDATED
data50334,WIKI_C_03598,C,الْعَسْكَر الْمِكْسِيكَانِيِّين دْفَنُوهُم فْ المقبرة ديال البلاصة، كامبو سانتو.مورا الحرب و فوقت قصير، الكولونيل خوسي جوان سانشيز نڤارو اقترح يبنوا مولينو للجنود المكسيكيين اللي ماتوا. ولكن كوس رفض الفكرة.,"l3asker lmexicani defnohom f lmaqbara dyal lblassa, campo santo. mora lharb o fwaqt 9ssir, lcolonel khosi jwan sanchez navarro i9tirah ybniw molino ljonod lmexicani li mato. walakin cos rafad lfekra.","The Mexican soldiers were buried in the local cemetery, Campo Santo. After the war, and in a short time, Colonel José Juan Sánchez Navarro proposed building a mill for the deceased Mexican soldiers. However, Cos rejected the idea.",دُفِنَ الجنود المكسيكيون في المقبرة المحلية، كامبو سانتو. بعد وقت قصير من المعركة، اقترح الكولونيل خوسيه خوان سانشيز نافارو أن يُبنى نصب تذكاري للجنود المكسيكيين الذين سقطوا. رفض كوس الفكرة.,VALIDATED
data50335,DATA_17176,B,التلة اللي احتلتها الميليشيا ديال غريفين كاينة في آيرن وركس بارك في ماونت هولي. المعركة كيتعاود تمثيلها كل عام.,tela li 7talatha lmilishya dyal Griffin kayna fi Ayrn Works Park fi Mount Holly. lma3raka kit3awd tamtilha kol 3am.,The hill that Griffin 's militia occupied is located at Iron Works Park in Mount Holly . The battle is reenacted annually .,التلة التي احتلتها ميليشيا غريفين تقع في منتزه آيرن وركس في ماونت هولي. تُعاد محاكاة المعركة كل عام.,VALIDATED
data50336,DATA_18355,B,واحد الملاحظة جدية كتر اللي تتقال بزاف على لسان هاينز كانت فاش طلبات مراقبة الحركة الجوية من الكرو يدورو على اليسار باش يبعدو على المدينة:,wa7ed lmulahada jiddiya kter li tetqal bzaf 3la lssan Heinz kant fash tlebat muraqabat lharaka ljawiya mn lcrew ydorru 3la lissar bash yb3do 3la lmdina:,One very serious remark often attributed to Haynes was when air traffic control asked the crew to turn left to steer away from the city:,إحدى الملاحظات الجدية جدًا التي تُنسب كثيرًا إلى هاينز كانت عندما طلبت مراقبة الحركة الجوية من الطاقم أن ينعطفوا إلى اليسار للابتعاد عن المدينة:,VALIDATED
data50337,DATA_17209,B,باش نوفروا دخل و مهارات شغلانية للمشرملين و الناس لي مهمشين، لي كيكونوا بياعة ديال الجرائد و غالبا كيكتبوا فيهم.,"bash nwafruo dakhl o maharat shughlaniya lmsharmlen o nas li mhmshin, li kikunu biya3a dyal ljara2id u ghaliban kiketbu fihum.","To provide income and work skills for the homeless and marginalized people, who often work as newspaper vendors and frequently write in them.",لتوفير الدخل والمهارات الوظيفية للمشردين وغيرهم من الأفراد المهمشين، الذين يعملون بائعين للصحف وغالباً ما يكتبون فيها.,VALIDATED
data50338,WIKI_D_11111,D,محمية د لحياة البرية اللي قريبة من سانتينيكيتان، تعلنات محمية ف 1977. كيزرعو فيها الشجر اللي مهم اقتصاديا و الضباع و ولاد الثعلب و الثعالب و بزاف ديال الطيور ديال الماء عايشين فيها ف ديك 2 كلم مربع.,"m7miyat d l7ayat lbariya li qriba mn santiniketan, t3alnat m7miya f 1977. kayzar3o fiha chjar li mohem iqtisadiyan w dba3 w wlad t3lab w ta3alib w bzaf dyal toyur dyal lma 3aychin fiha f dik 2 km morabe3.","The wildlife reserve near Sainteniketan was declared a reserve in 1977. Economically important trees are planted there, and hyenas, fox cubs, foxes, and many water birds live within an area of about 2 square kilometers.",تم الإعلان عن محمية الحياة البرية بالقرب من شانتينيكيتان كمحمية في عام 1977. تُزرع فيها الأشجار ذات الأهمية الاقتصادية، وتعيش فيها الظباء المرقطة والذئاب والثعالب ومجموعة متنوعة من الطيور المائية على مساحة 2 كم مربع.,VALIDATED
data50339,WIKI_D_04905,D,"الديفيزيون 1 / پروميير ليݣ: 1888 – 1899, 1900 – 1903, 1905 – 1908, 1909 – 1910, 1911 – 1933, 1935 – 1964, 1978 – 1980, 1995 – 1996, 1997 – 1998, 2001 – 2012 (73 موسم).","ldivizion 1 / premier lig: 1888 – 1899, 1900 – 1903, 1905 – 1908, 1909 – 1910, 1911 – 1933, 1935 – 1964, 1978 – 1980, 1995 – 1996, 1997 – 1998, 2001 – 2012 (73 mawsim).","Division 1 / Premier League : 1888 – 1899 , 1900 – 1903 , 1905 – 1908 , 1909 – 1910 , 1911 – 1933 , 1935 – 1964 , 1978 – 1980 , 1995 – 1996 , 1997 – 1998 , 2001 – 2012 ( 73 seasons )",الدوري الأول / الدوري الممتاز: 1888 – 1899، 1900 – 1903، 1905 – 1908، 1909 – 1910، 1911 – 1933، 1935 – 1964، 1978 – 1980، 1995 – 1996، 1997 – 1998، 2001 – 2012 (73 موسماً).,VALIDATED
data50340,DATA_14256,B,"السيد كيعترف بلي ""الاختلافات الجغرافية وتقلبات التاريخ"" أثروا على الماكلة ديال مختلف بلدان البحر الأبيض المتوسط، ولكن مع ذلك كيجزم بلي:","siyed ki3tarf bli ""likhtilafat ljughrafiya w taqalubat tarikh"" atru 3la lmakla dyal mukhtalif buldan lbahr labyad lmutawassit, walakin m3a dalk kijzem bli:","The author acknowledges that ""geographical differences and historical fluctuations"" have influenced the cuisine of various Mediterranean countries, but he nevertheless asserts that","يعترف السيد بأن ""الاختلافات الجغرافية وتقلبات التاريخ"" أثرت على المأكولات في مختلف بلدان حوض البحر الأبيض المتوسط، ومع ذلك يؤكد أن:",VALIDATED
data50341,WIKI_C_02512,C,الموكب ديال عيد الميلاد اللي كيدوز في الشارع الرئيسي احتفال بعيد الميلاد و وقت الأعياد و كيدوز كل دجنبر في وسط مدينة نورمان. فيه عروض و عوّامات مزوقة على حساب عيد الميلاد.,lmkwb dyal 3id lmylad li kaydouz f shari3 ra2isi 7tifal b 3id lmylad w waqt l2a3yad w kaydouz kol dojanmbr f wast mdint norman. fih 3orod w 3wamat mzwga 3la 7sab 3id lmylad.,"The Christmas parade that goes down the main street celebrates Christmas and the holiday season, and takes place every December in downtown Norman. It features floats and decorations themed around Christmas.",الموكب الخاص بـعيد الميلاد الذي يسير في الشارع الرئيسي يحتفل بعيد الميلاد وموسم الأعياد، ويقام كل ديسمبر في وسط مدينة نورمان. ويشمل عروضًا وعوامات مزخرفة وفقًا لموضوع عيد الميلاد.,VALIDATED
data50342,WIKI_D_09764,D,كينجي كويزو (كاميكي) واحد التلميذ صغير ف واحد الليسي عندو موهبة فالماط و خدام بارت تايم موديراتور ف واحد العالم كبير ديال الواقع الإفتراضي سميتو OZ هو و صاحبو تاكاشي ساكوما (تاكاهيرو).,kenji koiso (kamiki) wa7ed tlemid sghir f lycée 3ando mawhiba f lmath w khdam part time moderator f wa7ed 3alam kbir dyal lwaqe3 l 2iftiradi smito OZ howa w sahbo takachi sakuma (takahiro).,"Kenji Koiso (Kamiki) is a young high school student with a talent for mathematics, who works part-time as a moderator in a large virtual world called OZ.He works there with his friend Takashi Sakuma (Takahiro).",كينجي كويسو (كاميكي) هو طالب شاب في المدرسة الثانوية لديه موهبة في الرياضيات ويعمل بدوام جزئي كمشرف في عالم الواقع الافتراضي الضخم المحاكى بالحاسوب وز مع صديقه تاكاشي ساكوما (تاكاهيرو).,VALIDATED
data50343,WIKI_C_06518,C,روزالي هول فلبْرونْكْس نيويورك، واحد السونطر ديال الرعاية و الراحة للمراهقات الحاملات و اللي كيربيو، كانت فالأصل تابعة لسبيطار ميزيريكورديا القديم اللي أسسوه السيسترات.,"rozali hol f lbronx, new york, wa7d lcentre dyal r3aya w ra7a lmorahi9at l7amlat w li kayrbyw, kant f l aṣl tba3a lsbitar misericordia lqdim li assasoh l sistrat.","Rosalie Hall in the Bronx , New York , a care and comfort centre for pregnant and parenting teens , originally part of the former Misericordia Hospital founded by the sisters .",مركز روزالي هول في برونكس، نيويورك، وهو مركز للرعاية والراحة للمراهقات الحوامل والوالدات، كان في الأصل جزءًا من مستشفى ميزيريكورديا السابق الذي أسسته الراهبات.,VALIDATED
data50344,WIKI_C_05374,C,"تيليشارجومون رقمي – نسخة فيها 18 تراك، هاد النسخة فيها النسخة المونطية ديال "" Frozen "" ماشي النسخة الكاملة اللي كاينة في النسخة الديلوكس.","telechargement raqmi - noskha fiha 18 track, had noskha fiha noskha montiya dyal ""Frozen"" machi noskha kamla li kayna fi noskha deluxe.","Digital download – 18 tracks edition , this version contains the album edit version of "" Frozen "" and not the full album version which is on the deluxe edition","تنزيل رقمي - إصدار 18 مسارًا، هذه النسخة تحتوي على النسخة المختصرة من الأغنية ""Frozen"" وليس النسخة الكاملة الموجودة في الإصدار الفاخر.",VALIDATED
data50345,WIKI_C_05354,C,آخر واحد بقى حي من سلامات، جورج ديكستر اللي كان عسكري في سلاح النقل الملكي، كيقول باللي من بعد ما غرقت Wryneck، هو و ثلاثة الرجال خرين تنقدوهم الطرادة HMS Orion.,"akher wa7d bqa 7ay mn slamat, george dexter li kan 3skri f sila7 n9l lmlki, kyi9ol bli mn ba3d ma ghr9et wryneck, howa w 3 rejala khrin tn9dohom tarrada HMS Orion.","The last living survivor from slamat , Royal Army Service Corps veteran George Dexter , states that after Wryneck was sunk he and three other men were rescued by the cruiser HMS Orion .","آخر ناجٍ باقٍ على قيد الحياة من سلامات، المحارب القديم في سلاح خدمة الجيش الملكي جورج ديكستر، يقول إنه بعد غرق ""راينيك""، تم إنقاذه هو وثلاثة رجال آخرين بواسطة الطراد ""إتش إم إس أوريون"".",VALIDATED
data50346,WIKI_C_00985,C,"لعناوين ديال القصص يقدروا يكونوا فيهم كلمات د ""الخطر"" بحال ""عشبة خطيرة قانونية."" ولا ""أخطار مميتة ديال واحد المادة كطلع الراس مسموحة في الزنقة"".","l3nawin dyal lqssas yqdro ikunu fihom klmat d ""l5tr"" b7al ""3shba 5tira qanoniya."" wala ""5tar mimtiya dyal wa7d lmada katl3 rass msmu7a f znga"".","Story headlines may also include ' danger ' keywords , such as "" Dangerous Herb is Legal . "" or "" Deadly Dangers Of A Street Legal High "" .","قد تتضمن عناوين القصص أيضاً كلمات مفتاحية تشير إلى ""الخطر""، مثل ""عشبة خطيرة وقانونية."" أو ""مخاطر قاتلة لارتفاع قانوني في الشارع"".",VALIDATED
data50347,WIKI_C_10939,C,"النظرية ديال النسبية العامة فيها واحد القانون أساسي معادلات آينشتاين اللي كتشرح كيفاش الفضاء كيتقوس, والمعادلة الجيوديزية اللي كتشرح كيفاش الجسيمات كتحرك ممكن تستنتجها من معادلات آينشتاين.","nazaria dyal nisbiya l3ama fiha wa7ed qanoun asasi mo3adalat ainstain lli katchre7 kifash lfada2 kitqawss, w lmo3adala ljudizia li katchre7 kifash ljossaymat kithark moumkine tistantajha mn mo3adalat ainstain.","The theory of general relativity has a fundamental law the Einstein equations which describe how space curves , the geodesic equation which describes how particles move may be derived from the Einstein equations .",النظرية النسبية العامة قانون أساسي معادلات آينشتاين التي تصف كيف ينحني الفضاء، ومعادلة المسار الجيوديسي التي تصف كيف تتحرك الجسيمات يمكن اشتقاقها من معادلات آينشتاين.,VALIDATED
data50348,DATA_12700,B,Smith AH. (1947). الأنواع ديال أمريكا الشمالية ديال Mycena. آن أربور، ميشيغان: مطبعة جامعة ميشيغان.,"Smith AH. (1947). Anwa3 dyal Amerika shamaliya dyal Mycena. An Arbor, Michigan: Matba3at jami3at Michigan.","Smith AH . ( 1947 ) . North American species of Mycena . Ann Arbor , Michigan : University of Michigan Press .",سميث إيه. إتش. (1947). أنواع الفطر الناقص من أمريكا الشمالية. آن أربور، ميشيغان: مطبعة جامعة ميشيغان.,VALIDATED
data50349,DATA_19644,B,زَيَّر ليه الذراع و دْفَع رْجْلْ فوْقْ الذراع اللي مزيَّر و ضرب ليه بْطْرفة ديال الرْجْل (ولا الكْعب) تحت وجهو.,zeyer lih dra3 w dfe3 rjel fouq dra3 li mzeyer o dreb lih b terfa dyal rjel (wella lke3b) te7t wejho.,"He twisted his arm and pushed his leg onto the twisted arm, then struck him with the edge of his foot (or heel) under his face.",لوى ذراعه ودفع رجله فوق الذراع الملوى، ثم ضربه بحافة القدم (أو الكعب) تحت وجهه.,VALIDATED
data50350,DATA_1986,A,بغاو يوكلو البط بسكويت؟,bghaw yaklo lbat bbiskwi?,They want to feed the ducks with cookies?,هل يريدون إطعام البط بالبسكويت؟,VALIDATED
data50351,DATA_23399,B,"جون لودر، مهندس ديال الصوت ومؤسس ديال استوديوهات ساوثرن، كايتّعتابر شي مرات ""العضو التاسع"" ديال كراس.","John Louder, mhandes dyal sawt o mo2assiss dyal studios Southern, kay3taber shi marrat ""l3odw tase3"" dyal Krass.","John Loder , sound engineer and founder of Southern Studios , is sometimes considered the "" ninth member "" of Crass .","يعتبر جون لودر، مهندس الصوت ومؤسس استوديوهات ساوثرن، أحيانًا ""العضو التاسع"" في فرقة كراس.",VALIDATED
data50352,WIKI_C_02879,C,ملي كيتخوا الوقود من الطيارات باش يشوفو واش فيه شي شوائب، العينة خاصها تجمع فشي قرعة شفافة باش يبان مزيان واش كاين شي ما.,"mli kitkhwa lwo9od mn tiyarat bach ychofo wach fih chi chawa2ib, l3ayna khasaha tjem3 f chi 9ar3a chfafa bach yban mzyan wach kayn chi ma.","When fuel is drawn from airplanes to check for impurities, the sample must be collected in a transparent container so it's clearly visible if anything is present.",عندما يتم سحب الوقود من الطائرات للتحقق مما إذا كان يحتوي على شوائب، يجب جمع العينة في وعاء شفاف لكي يظهر بوضوح ما إذا كان هناك أي شيء.,VALIDATED
data50353,DATA_5863,A,واش ماشي مشكل نقاطعك؟,wach machi mouchkil n9at3ek?,Do you mind if I interrupt you?,هل تمانع إذا قاطعتك؟,VALIDATED
data50354,DATA_3496,A,لا لا ماعرفش المنطقة,la la ma3arfch lminTa9a,"No, I don't know the area.",لا، لا أعرف المنطقة.,VALIDATED
data50355,DATA_1740,A,"غايكون بني جديد نشوفوه, تماتيل, آثار, معارض تاع الفن.","ghaykon bni jdid nchofoh, tamatil, atar, ma3arid ta3 lfan.","There'll be new architecture to see, statues, monuments, art galleries.",سيكون هناك معماريات جديدة لرؤيتها، وتماثيل، ونصب تذكارية، ومعارض فنية.,VALIDATED
data50356,DATA_24653,B,"Mike Starr f دور جورج وايس: مولاي الفم منتج أفلام الزبل ديال الزيرو اللي معروف بخدمتو على الأفلام ديال الاستغلال. وايس كيخدم إد باش يخرج فيلم ""غلين أو غليندا"".","Mike Starr f dor George Weiss: moulay alfom montij aflam zebl dyal zero li m3rouf bkhdmto 3la aflam dyal l2istighlal. Weiss kaykhdem Ed bash ykhrej film ""Glen or Glenda"".","Mike Starr as George Weiss: a shady film producer known for low-quality exploitation films.Weiss works with Ed to produce the film ""Glen or Glenda.""","مايك ستار في دور جورج وايس: منتج أفلام من الدرجة الثانية بذيء اللسان، معروف بأعماله في أفلام الاستغلال. وايس يوظف إد لإخراج فيلم ""جلين أو جلندا"".",VALIDATED
data50357,WIKI_C_06159,C,"الديزاين ديال الجوكر ديال هيمينغ و ليدجر خلا أثر فالثقافة الشعبية و السياسية بحال البوستر ديال باراك أوباما ""الجوكر""، و من بعد ولا ميم بوحدو.","ldesign dyal l joker dyal hemming w ledger khala atar f taqafa cha3biya w siyasiya bhal l poster dyal barack obama ""joker"", w men ba3d wala meme bwehdo.","Hemming and Ledger 's Joker design has had an impact in popular and political culture in the form of the Barack Obama "" Joker "" poster , and has since become a meme in its own right .","لقد ترك تصميم الجوكر الخاص بهيمينغ وليدجر أثراً في الثقافة الشعبية والسياسية في شكل ملصق باراك أوباما ""الجوكر""، وأصبح منذ ذلك الحين ميمًا بحد ذاته.",VALIDATED
data50358,WIKI_D_08613,D,فنيو فيݣاس، اللّاعب يقدر يمشي للكازينوات باش يلعب ميني ݣيمز باش يربح لفلوس، بحال بلاك جاك، سلوتس، و روليت. و يقدر يلعب واحد اللعبة ديال لكارطة سميتها كارڤان، اللي مصايبة خصيصا للعبة، برا لكازينوات.,"f new vegas, la3ib i9der ymchi lcasinowat bach yl3ab mini games bach yreb7 lflouss, bhal blackjack, slots, w roulette. w i9der yl3ab wa7d l3ba dyal l card smitha caravan, li msayba khssissan lel la3ba, bra lel casinowat.","In New Vegas , the player can visit casinos to participate in minigames to win currency , including blackjack , slots , and roulette . A card game called Caravan , which was designed specifically for the game , can be played outside of the casinos .","في نيو فيغاس، يمكن للاعب زيارة الكازينوهات للمشاركة في ألعاب مصغرة لربح العملة، بما في ذلك البلاك جاك، وماكينات القمار، والروليت. ويمكن لعب لعبة ورق تسمى ""كارافان""، والتي صُممت خصيصاً للعبة، خارج الكازينوهات.",VALIDATED
data50359,WIKI_C_06546,C,وزيد خدا جائزة إيبان ف 1975 من الجمعية الأمركية لموارد الما، واحد المنظمة وطنية فيها كثر من 2800 عضو، على قبل التشجيع ديال الطرق المتعددة لحل مشاكل الما.,"wzid khda ja2izaT iban f 1975 mn ljam3iya l2amrikiya lmawarid lma, wa7d lmonadama wataniya fiha ktar mn 2800 3odw, 3la qbel tchji3 dyal torq lmota3adida li7al machakil lma.","He also received the Eban Award in 1975 from the American Water Resources Association, a national organization with over 2800 members, for promoting multiple approaches to solving water problems.",كما حصل على جائزة إيبان في عام 1975 من الجمعية الأمريكية لموارد المياه، وهي منظمة وطنية تضم أكثر من 2800 عضو، وذلك لتشجيع الطرق المتعددة لحل مشكلات المياه,VALIDATED
data50360,DATA_18351,B,ف شهر أبريل 2011، أعلنوا على أرونوفسكي رئيس لجنة التحكيم فالمهرجان الدولي ديال ڤينيسيا للتصويرة رقم 68.,"f chehar avril 2011, a3lanu 3la aronofsky ra2is lajnat tahkim falmihrajan dawli dyal venecia l tswira raqam 68.","In April 2011 , Aronofsky was announced as the President of the Jury for the 68th Venice International Film Festival .",في أبريل 2011، تم الإعلان عن أرونوفسكي رئيسًا للجنة تحكيم الدورة الثامنة والستين لمهرجان البندقية السينمائي الدولي.,VALIDATED
data50361,DATA_15171,B,الصوت مهبّط و غليظ و فيه بحة و فيه تقهقهات، و كيدير حس بحال شي دجاجة كاتككي، و كيزيد شي هضرة. و فاش كيكون كيبين راسو، الذكر كيدير حس ديال الرعد و كينبح.,"sowt mhabat u ghlid u fih b7a u fih taqahqahat, u kidir 7ess b7al shi djaja katkeki, u kiyzid shi hdra. u fash kikun kibeyen rassu, dkerr kidir 7ess dyal ra3d u kyenba7.","The sound is deep and rough, with hoarseness and chuckles, making noises like a clucking chicken, and adding some vocalizations. When it appears, the male produces a thunder-like sound and barks.",الصوت منخفض وغليظ، فيه خشونة وبعض القهقهات، ويصدر أصواتًا تشبه دك دك الدجاجة، ويضيف بعض الكلام. وعندما يظهر، يصدر الذكر صوتًا يشبه الرعد وينبح,VALIDATED
data50362,WIKI_C_06071,C,محمد دار المقر ديال العسكر ديالو فديك التلة ديال سلا و العسكر تقاد تما; هاد البلاصة غاتعطي للمسلمين الأسبقية إلا العدو فات الخندق.,mohamed dar lmaqr dyal l3askar dyalo fdik tela dyal sla w l3askar t9ad tema; had lblasa ghat3ti lmslmin l2asba9ia ila l3do fat lkhndo9.,Muhammad established his military headquarters at the hillock of Sala and the army was arrayed there ; this position would give the Muslims an advantage if the enemy crossed the trench .,أسس محمد مقر قيادته العسكرية في تلعة سلا، وتجمعت هناك الجيوش؛ وكان هذا الموقع سيعطي المسلمين أفضلية إذا عبر العدو الخندق.,VALIDATED
data50363,DATA_6938,A,ماعمرك مجربتي شي تخليطة ديال ماكلة و سدقات نادية ?,ma3emerek majrebti chi te5lita dial makla ou sed9at nadya ?,have you ever tried a food combination that turned out surprisingly awesome?,هل جربتَ يومًا مزيجًا من الأطعمة أثبت أنه رائع بشكل مدهش؟,VALIDATED
data50364,WIKI_C_04072,C,القوى اللي كدور شي حاجة طويلة عندها علاقة بالعزوم. حسابياً، العزم ديال شي قوة كيتحدد بالنسبة لواحد النقطة مرجعية كيفما كانت بالضرب المتجهي:,"lqwa li kadur chi 7aja tawila 3andha 3alaqa bel3uzum. 7isabiyn, l3azm dyal chi qwa kayt7aded bnissba li wa7d noqta merj3iya kifma kanet bdarb lmetajehi:","Forces that rotate a long object are related to torque. Mathematically, the torque of a force is defined relative to a reference point using the cross product:",القوى التي تسبب دوران الأجسام الممتدة ترتبط بالعزوم. رياضياً، يُعرَّف عزم القوة بالنسبة لنقطة مرجعية اعتباطية بأنه حاصل الضرب الاتجاهي:,VALIDATED
data50365,DATA_20194,B,تعامل بحذر - الحياة في عالم الباليه . تسجيل HD (شريط) مع أغنية، سينتيسيزر ومؤثرات صوتية (1995).,"ta3amel bi hadar - alhayat fi 3alam albalih. tsjil HD (charit) m3a aghniya, sintisizer w mu2atirat sawtiya (1995).","Handle with care – Life inside ballet . HD recording ( tape ) with song , synthesizers and sound effects ( 1995 )",تعامل مع العناية – الحياة داخل الباليه. تسجيل عالي الدقة (شريط) مع أغنية، ومُركِّبات صوتية، ومؤثرات صوتية (1995),VALIDATED
data50366,WIKI_C_02657,C,مدارس خراين ف ميدلتون كاين مدرسة ميدلتون برايمري اللي فالوسط ديال الإقامة اللي تحلات ف العشرينات، و سانت فيليب كاتوليك برايمري و نورسري اللي تحلات ف 1941، و ويستوود برايمري.,"mdares khrin f middleton kayen mdrast middleton primary li fel wasst dial l'iqama li t7alat f l3echrinat, w sant filib catholic primary w nursery li t7alat f 1941, w westwood primary.","Other schools in Middleton are Middleton Primary School , in the centre of the housing estate which opened in the 1920s , St Philip 's Catholic Primary and Nursery School which opened in 1941 , and Westwood Primary School .",المدارس الأخرى في ميدلتون هي مدرسة ميدلتون الابتدائية، في وسط المجمع السكني والتي افتتحت في عشرينيات القرن الماضي، ومدرسة سانت فيليب الكاثوليكية الابتدائية ودور الحضانة والتي افتتحت في عام 1941، ومدرسة ويستوود الابتدائية.,VALIDATED
data50367,WIKI_C_00179,C,مارلبورو تحطات ف لائحة البيع ف شهر ماي 1932 و دغيا تباعت لشركة ألوة ديال تكسير السفن. ف 25 يونيو، وصلات ل روزيث، فين تفككات باش تولي حديد قديم.,"marleboro t7tat f la2i7at lbi3 f chhar may 1932 w dghya tba3t lcharika alot dyal taksir sofno. f 25 yonyo, wslt l rozit, fin tfkekat bach twli 7did 9dim.","Marlborough was placed on the disposal list in May 1932 and was quickly sold to the Alloa Shipbreaking Co . On 25 June , she arrived in Rosyth , where she was broken up for scrap .",وُضِعَت مارلبورو في قائمة التخلص منها في مايو 1932 وبيعت بسرعة لشركة ألو لكسر السفن. في 25 يونيو، وصلت إلى روزيث، حيث تم تفكيكها للخردة.,VALIDATED
data50368,DATA_0653,A,واش كاتخاف من الضلام?,Wash katkhaf mn dalma?,Are you scared of the dark?,هل أنت خائف من الظلام؟,VALIDATED
data50369,DATA_18203,B,أورنيثوبودا (أحجام مختلفة; كيتمشاو على جوج رجلين و أربعة; طورو واحد الطريقة باش يمعسو بيها الماكلة بليونة ديال الجمجمة و بزاف ديال السنان).,Ornithopoda (ahjam mokhtalifa; kaytmchaw 3la jouj rejlin o arba3a; toro wa7ed tariqa bach ym3so biha lmakla bliyouna dyal ljamjouma o bzaf dyal snan).,Ornithopoda (various sizes; walked on two or four legs; developed a method to chew food using flexible skulls and many teeth).,الأورنيثوبودا (تختلف في الأحجام؛ تمشي على قدمين أو أربع، طوّروا طريقة لمضغ الطعام باستخدام مرونة الجمجمة وعدد كبير من الأسنان ),VALIDATED
data50370,WIKI_C_09305,C,"سيلبر، ريبيكا ر (15 مارس 1998). ""قاموس الإبادة الجماعية (رسالة إلى المحرر)"". نيويورك تايمز. تجبدات نهار 1 يناير 2008.","silber, ribeka r (15 mars 1998). ""qamous l2ibada ljama3iya (risala ila lmuharir)"". new york times. tjbedat nhar 1 yanayr 2008.","Silber , Rebecca R ( March 15 , 1998 ) . "" Lexicon of Genocide ( Letter to the Editor ) "" . New York Times . Retrieved January 1 , 2008 .","سيلبر، ريبيكا ر (15 مارس 1998). ""معجم الإبادة الجماعية (رسالة إلى المحرر)"". نيويورك تايمز. استرجع في 1 يناير 2008.",VALIDATED
data50371,WIKI_C_01256,C,كاينين سطاش راديو ف المدينة كايدوزو أنواع و اهتمامات مختلفة، كلشي ف لإف إم. عشرة منهم بالإنگليزية و ستة بالفرونصي.,"kaynin stach radio f lmdina kaydozo anwa3 w ihtemamat mokhtalifa, kolshi fl fm. 3achra menhom b l2inglizya w seta b lfaransiya.","There are 16 broadcast radio stations in the city covering a variety of genres and interests , all on the FM . Ten of these stations are English and six are French .",توجد ست عشرة محطة إذاعية في المدينة تغطي مجموعة متنوعة من الأنواع والاهتمامات، وكلها على موجة FM. عشر من هذه المحطات باللغة الإنجليزية وست باللغة الفرنسية.,VALIDATED
data50372,WIKI_D_07640,D,بموجب قانون سوء استعمال المخدرات، المدير ديال المكتب المركزي للمخدرات يقدر يأمر المدمنين على المخدرات يدوزو علاج ولا تأهيل في مؤسسة معتمدة لمدد متجددة ديال ست شهور لمرة، و ما يفوتوش تلات سنين كحد أقصى.,"bimojib 9anun sou2 isti3mal almokhadirat, lmoudir dyal lmaktab lmarkazi lil mokhadirat y9dar y2amr modminin 3la lmokhadirat idouzo 3ilaj wla ta2hil fi mo2assaset mo3tamada lmodad motajadida dyal sitat chohor lmara, wma ifotouch telat senin kahed a9ssa.","Under the Misuse of Drugs Act , the Director of the Central Narcotics Bureau may order drug addicts to undergo drug treatment or rehabilitation at an approved institution for renewable six month periods up to a maximum of three years .",بموجب قانون إساءة استعمال المخدرات، يجوز لمدير المكتب المركزي للمخدرات أن يأمر متعاطي المخدرات بالخضوع للعلاج أو إعادة التأهيل في مؤسسة معتمدة لفترات متجددة مدتها ستة أشهر بحد أقصى ثلاث سنوات.,VALIDATED
data50373,WIKI_C_04527,C,لي سينيال لهورمونات لميتوكوندري حساسة و كتجاوب مع الهرمونات، شي شوية بفضل لخدمة ديال ليستروجين لي كيستقبلو لميتوكوندري. هاد ليستقبالات لقاوهم ف بزاف ديال النسايج و الخلايا، بحال الدماغ و القلب.,"l signal dyal l hormones. l mitochondria hassasa w katjawb m3a l hormones, chi chwiya bfadel l khedema dyal estrogen li kayesta9blo l mitochondria. had lseti9balat lqawhom f bezaf dyal nssayeg w l khalaya, bhal dmagh w l 9alb.","Hormonal signaling Mitochondria are sensitive and responsive to hormones , in part by the action of mitochondrial estrogen receptors . These receptors have been found in various tissues and cell types , including brain and heart",الإشارات الهرمونية: الميتوكوندريا حساسة للهرمونات وتستجيب لها، ويرجع ذلك جزئيًا إلى عمل مستقبلات هرمون الاستروجين الميتوكوندري. وُجدت هذه المستقبلات في أنسجة وأنواع خلايا مختلفة، بما في ذلك الدماغ والقلب.,VALIDATED
data50374,DATA_13499,B,فالعشية الثانية طلبت من الجنرال بيرستون بحكم أنه صاحب قديم ديال راول باش يحاول يقنعو و يهديه، ولكن بيرستون ما صدقاتش ليه.,"fl3chiya taniya tlebt mn ljiniral birston b7okm anaho sa7b qdim dyal rawl bach y7awl yqn3o w yhdih, walakin birston ma sdqatch lih.",On second evening I asked General Burston as an old friend of Rowell to endeavour to induce a proper frame of mind but Burston met with no success .,في المساء الثاني، طلبت من الجنرال بورستون، بصفته صديقاً قديماً لرول، أن يبذل جهداً لحثه على التفكير بشكل مناسب، لكن بورستون لم ينجح.,VALIDATED
data50375,DATA_21247,B,البوليس متكلف بيه شريف ديال مقاطعة بوفورت. و الجزيرة مجهزة بنظام متطور ديال 911 .,lbolis mtkelff bih shrif dyal moqata3a boufort. o ljazira mjhza b nidam mtaor dyal 911.,Police services are contracted through Beaufort County Sheriff 's Office . The island is equipped with an enhanced 911 system .,يتم التعاقد مع خدمات الشرطة من خلال مكتب شريف مقاطعة بوفورت. الجزيرة مجهزة بنظام محسّن للطوارئ 911.,VALIDATED
data50376,DATA_6633,A,ملي تمركا البيت الجمهور فرح نيت,mli tmarka lbit ljomhor fre7 nit,the goal celebration was a moment of pure joy,كان الاحتفال بالهدف لحظة فرح خالص,VALIDATED
data50377,DATA_0500,A,إمكن لينا نمشيو نشوفو أش كايدير داك سنجاب تمّا,imken lina nmchiw nchoufou ach kaydir dak sinjab tmma,We could go see what that squirrel's doing over there,يمكننا الذهاب لنرى ما يفعله السنجاب هناك,VALIDATED
data50378,DATA_20839,B,قبل ما يتبنى القنطرة، اللي بغا يدوز لهومبر كان خاصو يا إما يشد فاري ديال هومبر ولا يمشي لداخل حتى لڭول.,"qbel ma ytbna lqantra, li bgha iduz lhomber kan khasso ya ima yshed ferry dial homber wla ymshi ldakhel 7eta lgol.","Before the bridge was built , those wishing to cross the Humber had to either take a Humber Ferry or travel inland as far as Goole .",قبل بناء الجسر، كان على الراغبين في عبور نهر هامبر إما استخدام عبّارة هامبر أو السفر داخليًا حتى مدينة غول.,VALIDATED
data50379,DATA_15219,B,تكلفة الإنتاج ديال The Living Daylights كانت 40 مليون دولار، و الفيلم جاب في البوكس أوفيس 191.2 مليون دولار.,"Taklfa l intaj dyal The Living Daylights kanat 40 melyun dolar, u l film jab fi l box office 191.2 melyun dolar.","The production costs of The Living Daylights were $ 40 million , and the film posted box office results of $ 191.2 million .",بلغت تكاليف إنتاج فيلم «ذكريات يوم مشرق» 40 مليون دولار، وحقق الفيلم إيرادات شباك تذاكر بلغت 191.2 مليون دولار.,VALIDATED
data50380,WIKI_C_08253,C,ملي كاتطلع الحوتة للفوق، الزعنفة ديال الظهر كتبان مورا النفاخة دغيا. ديك النفاخة كتكون واقفة ورقيقة و تقدر توصل لستة د المترو ولا كتر.,"mli katetla3 l7outa lfo9, za3nafa dyal dhar katban mora nafa5a dghya. dik nafa5a katkoun wa9fa w r9i9a w t9dar tewsal lsita d lmétro wla ktr.","When the whale surfaces , the dorsal fin is visible soon after the spout . The spout is vertical and narrow and can reach heights of 6 m ( 20 ft ) or more .",عندما تطفو الحوتة على السطح، تظهر الزعنفة الظهرية بعد فترة وجيزة من النفث. يكون النفث عموديًا وضيقًا ويمكن أن يصل إلى ارتفاعات تصل إلى 6 أمتار (20 قدمًا) أو أكثر.,VALIDATED
data50381,WIKI_D_11895,D,"فوستر كبر فجنوب يوركشاير. ووصف راسو ب ""راجل ديال العائلة""، ولكن كيعترف بلي دار اختيارات خايبة فالعيشة ديالو ف""صغرو"". عندو ولد واحد، لي مراتو ولداتو في يناير 2010.","foster kebar fjanob yorkshire. w wesaf raso b ""rajl dyal l3a2ila"", walakin ky3tarf bli dar ikhtiyarat khayba fl3icha dyalo f""sghro"". 3ndo wld wa7d, li marto wlatdo f yanayir 2010.","Foster grew up in South Yorkshire . He has described himself as a "" family man "" , but admits to making bad lifestyle choices in his "" younger years "" . He has one son , whom his partner gave birth to in January 2010 .","نشأ فوستر في جنوب يوركشاير. وقد وصف نفسه بأنه ""رجل عائلة""، لكنه يعترف بارتكاب خيارات نمط حياة سيئة في ""سنواته الأولى"". لديه ابن واحد، أنجبته شريكته في يناير 2010.",VALIDATED
data50382,DATA_9557,A,المشاكل ماغاتلقايهومش معايا,Lmachakil maghadich tlqahomch m3aya.,you won't find problems with me,لن تجد المشاكل معي.,VALIDATED
data50383,WIKI_D_10263,D,"المؤرخين ديال دابا غالبا كيعتابرو الموت ديال هارالد ف ستامفورد بريدج, اللي سالات الغزو ديالو, هيا النهاية ديال العصر ديال الفايكينݣ. هارالد كيتعتابر تا هو عادة آخر ملك فايكينݣ كبير, ولا حتى آخر فايكينݣ كبير.","lmou2arikhine dyal daba ghaliban kiy3tabro lmout dyal harald f stamford bridge, li salat lghazw dyalo, hiya lnihaya dyal l3asr dyal lvikingu. harald kiy3taber ta howa 3adatan akher malik vikingu kbir, wla hta akher vikingu kbir.","Modern historians have often considered Harald 's death at Stamford Bridge , which brought an end to his invasion , as the end of the Viking Age . Harald is also commonly held to have been the last great Viking king , or even the last great Viking .",غالباً ما اعتبر المؤرخون المعاصرون وفاة هارالد في ستامفورد بريدج، والتي أنهت غزوه، نهاية عصر الفايكنج. كما يُنظر إلى هارالد عادةً على أنه آخر ملوك الفايكنج العظام، أو حتى آخر فايكنج عظيم.,VALIDATED
data50384,DATA_3033,A,ولكن ماكانعرف عليها والو,walakin mkan3raf 3liha walo,but I don't know anything about it,ولكني لا أعرف شيئًا عنه,VALIDATED
data50385,DATA_18587,B,"بحال شحال من جبل فسكوتلندا، معروف عند الناس اللي ساكنين تما و عند الزوار غير بـ ""البن"".","b7al sh7al mn jbel fscotlanda, ma3erouf 3and nass li saknine tma w 3nd zouwar ghir b ""lben"".","As is common for many Scottish mountains , it is known both to locals and visitors as simply "" the Ben "" .","كما هو شائع بالنسبة للعديد من الجبال الاسكتلندية، يُعرفها السكان المحليون والزوار على حد سواء ببساطة باسم ""البن"".",VALIDATED
data50386,WIKI_D_04004,D,فشهر فبراير 2016، نوتي دوݣ أعلنات على صدور فيݣور ناثن دريك ديال 7 إنش، عندو المفاصل كيتحركو و معاه سلاح و بزاف ديال لوازيم. هاد الفيݣور كتصاوبها شركة ديال اللعب سميتها ناشونال إنترتينمنت كوليكتيبلز أسوسييشين، لي معروفة ب NECA.,"f chhar febrayer 2016, nawti dog 3elnet 3la sedour figeur nathan drake dyal 7 inch, 3endo lmfasil kithreko w m3ah slah w bzaf dyal lwaziem. had lfigeur ketsawebha cherika dyal l3eb semitha nachional entertaynment kolektibilz asousieshen, li ma3rofa b neca.","In February 2016 , Naughty Dog announced the release of a 7 inch Nathan Drake action with articulated joints and an arsenal of gear and accessories . This action figure is being made by the toy company National Entertainment Collectibles Association , also known as NECA .",في فبراير 2016 أعلنت نوتي دوغ عن إصدار مجسم لشخصية ناثن دريك بطول 7 بوصات، يحتوي على مفاصل متحركة ويأتي مع سلاح وعدة ملحقات. تم تصنيع هذا المجسم من طرف شركة الألعاب الرابطة الوطنية لمقتنيات الترفيه المعروفة باسم نيكا.,VALIDATED
data50387,DATA_5667,A,كانتمنّا ليك نهار زوين,kantmena lik nhar zwin,I wish you a nice day.,أتمنى لك يومًا سعيدًا,VALIDATED
data50388,DATA_16433,B,تيا ليوني بدور أماندا كيربي، مرات پول القديمة اللي مشات مع المجموعة لجزيرة إيسلا سورنا باش تقلب على ولدها.,"tiya liyoni b dawr amanda kirbi, mrat pol lqdima li mchat m3a lmjmou3a ljazirat isla sorna bash tqlb 3la wldha.","Téa Leoni as Amanda Kirby , Paul's ex-wife who accompanies the group to Isla Sorna to search for her son .",تينا ليوني في دور أماندا كيربي، زوجة بول السابقة التي ترافق المجموعة إلى جزيرة سورنا للبحث عن ابنها.,VALIDATED
data50389,DATA_6914,A,كيعجبوك ريسطورة لي كايركزو على مذهر ديال ماكلة؟,ki3ejbouk restorat li kayrekzou 3la medher dial makla ?,Do you like restaurants that focus on the appearance of food?,هل تعجبك المطاعم التي تركز على مظهر الطعام؟,VALIDATED
data50390,DATA_14714,B,ابتداءً من شهر مارس 2015، واحد الكار ديال الطوموبيل اللي كاتمشي بالموطور، مصاوب في 1923، راه معروض ف متحف النقل ديال لندن ف كوفنت غاردن.,"ibtida2an mn chhar mars 2015, wahed lkar dyal tomobil li katmchi bl motor, msawb f 1923, rah ma3roud f mthaf naql dyal london f kufent garden.","Since March 2015, a motor tram car built in 1923 has been displayed at the London Transport Museum in Covent Garden.",ابتداءً من مارس 2015، عربة ترام تعمل بالمحرّك صُنعت عام 1923 معروضة في متحف النقل في لندن في كوفنت غاردن,VALIDATED
data50391,DATA_16754,B,كلورور الحديد (III) و PAC كيتستعملو بجوج كا مواد ديال التجميع والتخثير في معالجة الصرف الصحي، وإنتاج ماء الشرب، وصناعة الورق.,"cloror lhadid (III) o PAC kitsta3mlo bjoj ka mawad dyal tajmi3 w tkhtir fi mo3alajat serf si7i, w intaj ma2 chorb, w sina3at lwaraq.","Both iron ( III ) chloride and PAC are used as flocculation and coagulation agents in sewage treatment , drinking water production , and paper production .",يُستخدم كلوريد الحديد (III) والبولي ألومنيوم كلوريد كعوامل تنديف وتخثير في معالجة مياه الصرف الصحي، وإنتاج مياه الشرب، وصناعة الورق.,VALIDATED
data50392,DATA_22050,B,اللوغاريتم ديال عاملي نون، ن! = 1 · 2 · . · ن، كايتعطى بـ,"logharitm dyal 3amili nun, n! = 1 · 2 · . · n, kayt3atta b","The logarithm of n factorial , n ! = 1 · 2 · . · n , is given by",يُعطى لوغاريتم مضروب العدد ن، ن! = ١ · ٢ · . · ن، بالصيغة,VALIDATED
data50393,DATA_6369,A,تاواحد ماعاون هاديك المرة العاشرة,tawa7d ma3awen hadik lmra l3achera,No one helped that tenth time.,لا أحد ساعد في تلك المرة العاشرة.,VALIDATED
data50394,DATA_18344,B,"دارو فيلم وثائقي سميتو ""مشاكل صعيبة: الطريق لأصعب مسابقة ديال الماط فالعالم"" على الفريق ديال ميريكان اللي شارك ف أولمبياد الرياضيات الدولي عام 2006.","daru film wata2i9i smito ""machakil s3iba: tari9 l as3ab mosaba9a dyal lmat fl3alam"" 3la lfri9 dyal mirikan li shark f olympya dyal riyadiyat dwali 3am 2006.","A documentary , "" Hard Problems : The Road To The World 's Toughest Math Contest "" was made about the United States 2006 IMO team .","تم إنتاج فيلم وثائقي بعنوان ""مشاكل صعبة: الطريق إلى أصعب مسابقة رياضيات في العالم"" عن فريق الولايات المتحدة لعام 2006 في الأولمبياد الدولي للرياضيات.",VALIDATED
data50395,WIKI_C_04560,C,موسوعة ديال الإبادة الجماعية وجرائم ضد الإنسانية. تلاتة ديال المجلدات. إدّيتها أنا ودينا شيلتون. ديترويت: طومسون/غيل، 2005. ISBN 0-02-9.,"mawso3a dyal l2ibada ljama3iya w jara2im ded l2insaniya. tlata dyal lmojaladat. iditha ana w dina shelton. detroit: thomson/gale, 2005. ISBN 0-02-9","Encyclopedia of Genocide and Crimes Against Humanity . 3 vols . Edited with Dinah Shelton . Detroit : Thomson / Gale , 2005 . ISBN 0-02-9",موسوعة الإبادة الجماعية والجرائم ضد الإنسانية. 3 مجلدات. حررتها مع دينا شيلتون. ديترويت: طومسون/جيل، 2005. الرقم الدولي المعياري للكتاب 0-02-9,VALIDATED
data50396,DATA_1995,A,أنا ماشي متأكد واش عارف اش كاياكل البط,ana machi mat2akd wach 3arf ach kayakol lbat,I'm not even sure I know what the ducks eat,لست متأكدًا حتى مما تأكله البط,VALIDATED
data50397,DATA_18823,B,باعكليف سي دي پي فيها لمدرسة ديال كينيث إي. ليتل ليليمونطير و پارك بشور اللي تقاد من أرض تبرعات بيها شركة تيكساس جينكو.,ba3klif sidi bi fiha lmdrassa dyal kinith yi. littl lilimontir o park bshur li tqad mn ard tbara3at biha chrika tiksas ginko.,"The Bacliff CDP is home to the Kenneth E. Little Elementary school and Bayshore Park , created from land donated by Texas Genco .",تضم منطقة بالتكليف المخططة للتنمية سي دي بي مدرسة كينيث إي. ليتل الابتدائية ومتنزه بايشور، واللذان تم إنشاؤهما من أرض تبرعت بها شركة تكساس جينكو.,VALIDATED
data50398,DATA_2763,A,لوبنا دوزات زبالة طولقت كاتوريني كيفاش نشعلو ونشارجيه ونصيفت الإيمايلات,Loubna dwzat zbala tlw9t katwrini kifach nch3lo o nchargih o nsift les emails,"Loubna spent ages showing me how to switch it on, charge it up, how to send emails",أمضت لبنى وقتًا طويلاً في إرشادي إلى كيفية تشغيله وشحنه وكيفية إرسال رسائل البريد الإلكتروني.,VALIDATED
data50399,DATA_11914,A,عمرك توزّع على ناسّ فلوس,3emrek t wze3 3la nass flouss,you should never give money out to people,لا ينبغي عليك أبداً تقديم المال للناس,VALIDATED
data50400,WIKI_D_11638,D,زيمبابوي فيها بزاف ديال الثقافات المختلفة اللي يقدروا يكونوا فيهم معتقدات وطقوس، وحدة منهم هي شونا، أكبر مجموعة عرقية في زيمبابوي. شعب شونا عندهم بزاف ديال التماثيل والنقوش اللي مصاوبين بأجود المواد اللي كاينين.,"zimbabwi fiha bzaf dyal taqafat mokhtalifa li yqdro ikono fihom mo3ta9adat w to9os, wa7da menhom hiya shona, 2akber majmo3a 3irqiya f zimbabwi. cha3b shona 3ndhom bzaf dyal tmatil w noqosh li msawebin b ajwad mawad li kaynin.","Zimbabwe has many different cultures which may include beliefs and ceremonies , one of them being Shona , Zimbabwe 's largest ethnic group . The Shona people have many sculptures and carvings which are made with the finest materials available .",تتمتع زيمبابوي بالعديد من الثقافات المختلفة التي قد تشمل المعتقدات والاحتفالات، ومنها ثقافة الشونا، أكبر مجموعة عرقية في زيمبابوي. يمتلك شعب الشونا العديد من المنحوتات والأعمال الخشبية المصنوعة من أجود المواد المتاحة.,VALIDATED
data50401,DATA_11030,A,تعطلي بزّاف باش تركّز,t3etli bezaf bach trekez,You need a lot of time to focus.,تحتاج إلى الكثير من الوقت للتركيز,VALIDATED
data50402,DATA_22346,B,"كاع الأغاني تكتبو و تلحنو من طرف لينون – مكارتني من غير ""Within You Without You"" اللي كتبها جورج هاريسون.","ga3 l2aghani tktbo o tlahno mn taraf lennon - mccartney mn ghir ""Within You Without You"" li ktebha george harrison.","All songs written and composed by Lennon – McCartney except "" Within You Without You "" , by George Harrison .","جميع الأغاني كتبها ولحنها لينون - مكارتني باستثناء أغنية ""داخل أنت وخارجك""، لجورج هاريسون.",VALIDATED
data50403,WIKI_D_00808,D,في 2006 نيوزيلندا بدات واحد البروجي پيلوط مع جوج طوموبيلات فورد فوكوس فليكسي E85 باش تجربهم. المادة اللولة اللي كيستعملو فنيوزيلاندا باش يصاوبو الإيثانول هي الشرش، واحد الشياطة ديال إنتاج الحليب.,"f 2006 new Zealand bdat wa7d project pilot m3a jwaj tomobilat ford focus flexi E85 bach tjarbhom. l mada lawla li kist3mlo f New Zealand bach yswabo l ethanol hiya charch, wa7d chyata dial intaj l 7lib.","In 2006 New Zealand began a pilot project with two E85 Ford Focus Flexi Fuel evaluation cars . The main feedstock used in New Zealand for ethanol production is whey , a by product of milk production .",في عام 2006، بدأت نيوزيلندا مشروعًا تجريبيًا بسيارتي فورد فوكس فليكسي إي 85 لتقييم الوقود. المادة الأولية الرئيسية المستخدمة في نيوزيلندا لإنتاج الإيثانول هي مصل اللبن، وهو منتج ثانوي لإنتاج الحليب.,VALIDATED
data50404,DATA_2610,A,كنبغي الحوت وشيبس بزاف، ولكن ماكاناكلش بزاف ديال اللحم,"kanbghi l7ot o chips bzaf, walakin makanakolch bzaf dyal l7am","I like fish and chips a lot, but I don't eat much meat.",أحب السمك والبطاطا المقلية كثيراً، لكنني لا آكل الكثير من اللحم.,VALIDATED
data50405,WIKI_C_05770,C,نورياكي كاساي - بطل العالم 1992; مول الركور ديال اليابان دابا بـ 240 فاصلة شي حاجة 5 ميترو (789 قدم); عندو 9 نطات فوق 230 ميترو و جوج نطات فوق 240 ميترو.,noriaki kasai - batal dyal l3alam 1992; moul lrecord dyal lyaban daba b 240.5 mitro (789 qdam); 3endo 9 ntat foq 230 mitro w joj ntat foq 240 mitro.,Noriaki Kasai – 1992 World Champion ; current Japanese national record holder with 240.5 m ( 789 ft ) ; 9 jumps over 230 m and 2 jumps over 240 m .,نورياكي كاساي - بطل العالم لعام 1992؛ صاحب الرقم القياسي الياباني الحالي بـ 240.5 مترًا (789 قدمًا)؛ 9 قفزات فوق 230 مترًا و قفزتان فوق 240 مترًا.,VALIDATED
data50406,DATA_0387,A,"كاتعيّط عليا ب سميت خويا, و خسّني نغوّت ونبدا نعاود لهدرا","kat3ayet 3lia b smyt khouya, o khssni nghawet onbda n3awd lhdra","She calls me by my brother's name, and I have to shout and keep repeating myself",تناديني باسم أخي، وعليّ أن أصرخ وأكرر نفسي,VALIDATED
data50407,DATA_11736,A,نتحداك ت حقّقّ ديك لكوپا,nt7edak t 7a9e9 dik lcoupa,I dare you to win the cup,أتحدّاك أن تفوز بالكأس,VALIDATED
data50408,DATA_1491,A,غايكون سخون الحال اليوم.,ghaykon skhoun l7al lyoma.,It's going to be hot today.,سيكون الجو حارًا اليوم.,VALIDATED
data50409,WIKI_C_11783,C,"""تيتانيوم"" خرجات للتيليشارجومونط ف 8 غشت 2011، كأول سينجل من بين أربعة د السينجلات اللي دارو بيبليستي للألبوم، كجزء من العد التنازلي ديال iTunes Store للإصدار ديال الألبوم.","titaniyum khrej ltelechargement f 8 ghesht 2011, ka2awel single men bin arba3 d singles li daro publicite l album, ka jouz2 men l3ed tanazoli dyal iTunes Store l2isdar dyal album.",""" Titanium "" was released for digital download on August 8 , 2011 , as the first of four promotional singles from the album , as part of the iTunes Store 's countdown to the album 's release .","تم إصدار ""تيتانيوم"" للتنزيل الرقمي في 8 أغسطس 2011، كأول أغنية منفردة ترويجية من بين أربع أغنيات من الألبوم، كجزء من العد التنازلي لمتجر آيتيونز لإصدار الألبوم.",VALIDATED
data50410,wiki_36,B,آيت عميرة جماعة ترابية قروية كاينة في إقليم اشتوكة آيت باها، جهة سوس ماسة، ساكنين فيها 76559 نسمة، على حسب الإحصاء العام 2014,"Ayit 3mira jama3a trabiya qarawiya kayna fi iqlim Ishtuka Ayit Baha, jihat Sus Masa, saknin fiha 76559 nasma, 3la hasb al2ihsa2 al3am 2014","aït amira is a rural commune located in the province of chtouka ait baha, souss-massa region, with a population of 76559 inhabitants, according to the 2014 general census.",آيت عميرة جماعة ترابية قروية تقع في إقليم اشتوكة آيت باها، جهة سوس ماسة، ويبلغ عدد سكانها 76559 نسمة، حسب الإحصاء العام لسنة 2014.,VALIDATED
data50411,DATA_6741,A,اشناهيا احسن عادة كاديرها فعيد الميلاد؟,achnahiya a7ssen 3ada kadirha f3id lmilad ?,What's the best tradition you do at birthday?,ما هي أفضل عادة تقوم بها في عيد الميلاد؟,VALIDATED
data50412,WIKI_D_04418,D,ولكن أنا مشيت مؤخراً لواحد السونا ف نيوزيلندا، فين الناس كاملين غير كيهضرو، اللي جاتني غريبة بزاف. أمم، ولكن عرفتي، يمكن حيت كانت مدينة صغيرة و الناس كيعرفو بعضياتهوم.,"walakin ana mchit mo2akharan l wa7ed sauna f New Zealand, fein nass kamlin ghi kayhdero, li jatni ghariba bezaf. omm, walakin 3rafti, ymken 7it kanet mdina sghira w nas kay3rfo b3diyatoum.","But I ' ve been to a sauna recently in New Zealand , where everyone just chatted away , which I found very strange . Um , but you know , that 's because I guess it was a smaller city and people generally knew each other .",ولكنني ذهبت مؤخراً إلى حمام بخار في نيوزيلندا، حيث كان الجميع يتحدثون فقط، وهو ما وجدته غريباً جداً. أمم، ولكنك تعلم، ربما كان ذلك لأنها كانت مدينة صغيرة وكان الناس يعرفون بعضهم البعض بشكل عام.,VALIDATED
data50413,WIKI_D_03404,D,"آل پاكينو بدور ألفونس ""بيغ بوي"" كابريس: هو الرايس لكبير ديال الجريمة ف المدينة. واخا داخل ف بزاف ديال الأنشطة الإجرامية، والو ما ثابت عليه، حيت تريسي عمرها ما شداتو متلبس و لا لقات شي شاهد يشهد عليه.","al pacino bdor alphonse ""big boy"" caprice: howa ra2is lkbir dyal ljarima f mdina. wakha dakhel f bzaf dyal l2anchita l2ijramiya, walo ma tabet 3lih, hit tracy 3amrha ma chdato mtlbess wla l9at chi chahed yechhed 3lih.","Al Pacino as Alphonse "" Big Boy "" Caprice : The leading crime boss of the city . Although he is involved with numerous criminal activities , they remain unproven , as Tracy has never been able to catch him in the act or find a witness to testify .","آل باتشينو في دور ألفونس ""بيغ بوي"" كابريس: زعيم الجريمة الرئيسي في المدينة. على الرغم من تورطه في العديد من الأنشطة الإجرامية، إلا أنها تظل غير مثبتة، حيث لم يتمكن تريسي أبدًا من القبض عليه متلبسًا أو العثور على شاهد للإدلاء بشهادته.",VALIDATED
data50414,DATA_7986,A,قلت ليّا مو لاخدمتي يمشي معاك فينما مشيتي,9alt lia mo la5dmti ymxi m3ak finma mchiti,his mother told me he would accoppany you,قالت لي أمه إنه سيرافقك,VALIDATED
data50415,DATA_3887,A,واش كتحلم كتاكل الآيس كريم في الليل قبل ماتنعس وتاكلو؟,wach kat7lam katakol l ice cream flil 9bal matn3ass o taklo?,Do you dream that you eat ice cream in the night before going to sleep you eat them?,هل تحلم بأنك تأكل الآيس كريم في الليل قبل أن تنام تأكلهم؟,VALIDATED
data50416,WIKI_D_10557,D,زيد على داكشي ديال العروضات المنفردة، شي أعضاء من فرقة بنسيلفانيا باليه لعبو دور الكور دي باليه، خلفية للعروض ديال الممثلين الرئيسيين. و حتى كريستينا و توبي همنغواي و سيباستيان ستان و جانيت مونتغمري بانوا فالفيلم.,"zid 3la dakchi dyal l3roudat lmonfarida, chi a3da2 men fer9a Pennsylvania Ballet la3bou dawr lcorps de ballet, khalfiyat l3roudat dyal lmomatilin ara2issiyin. w hatta Kristina w Toby Hemingway w Sebastian Stan w Janet Montgomery banou f lfilm.","In addition to the soloist performances , members of the Pennsylvania Ballet were cast as the corps de ballet , backdrop for the main actors ' performances . Also appearing in the film are Kristina , Toby Hemingway , Sebastian Stan , and Janet Montgomery .",بالإضافة إلى العروض المنفردة، تم اختيار أعضاء فرقة بنسلفانيا باليه لتجسيد دور كور دو باليه، كخلفية لعروض الممثلين الرئيسيين. كما يظهر في الفيلم كريستينا ، توبي همنغواي، سيباستيان ستان، وجانيت مونتغمري.,VALIDATED
data50417,DATA_10529,A,مانضنش غادي راه فهم المعنى ديال كلامي,mandench ghadi rah fhem lme3na dyal klami,I dont think he understood what i said,لا أعتقد أنه فهم ما قلته,VALIDATED
data50418,DATA_4539,A,كاينين بزّاف دلكتوبا فوڭ طبلا,kaynin bzaf dlktouba fog Tbla,There are many books on the table,هناك العديد من الكتب على الطاولة,VALIDATED
data50419,WIKI_D_10034,D,نّظرية ديال فوستر عامة بزاف. بالخصوص، كتْطبّق على الشبكات ديال العناصر الموزّعة، واخا فوستر صاغها بدلالة المحاثات والمكثفات المنفصلة. اذن قابلة للتطبيق في الترددات ديال الميكروويف بحال الترددات المنخفضة تماما.,"n3oriya dyal foster 3ama bzaf. blkhoussouss, katab9 3la chabakat dyal l3anasir lmowaza3a, wakhaw foster sagheha bdalalat lma7atat w lmokatafat lmofassalat. idan qabla liltatbiq f taradodat dyal lmikrowif b7al taradodat l monkhafida tamaman.","Foster 's theorem is quite general . In particular , it applies to distributed element networks , although Foster formulated it in terms of discrete inductors and capacitors . It is therefore applicable at microwave frequencies just as much as it is at lower frequencies .",نظرية فوستر عامة جدًا. وبشكل خاص، تنطبق على شبكات العناصر الموزعة، على الرغم من أن فوستر صاغها بمصطلحات المحثات والمكثفات المنفصلة. ولذلك فهي قابلة للتطبيق عند ترددات الموجات الدقيقة بنفس القدر الذي تنطبق فيه على الترددات المنخفضة.,VALIDATED
data50420,WIKI_C_10918,C,(2011)، تعليمات ديال Thomas S. Monson، سالت ليك سيتي، يوتا: ديزيريت بوك، ISBN 978-1-890-3,"(2011), ta3limat dyal Thomas S. Monson, Salt Lake City, Utah: Deseret Book, ISBN 978-1-890-3","(2011), Teachings of Thomas S. Monson, Salt Lake City, Utah: Deseret Book, ISBN 978-1-890-3",— — (٢٠١١)، تعاليم توماس إس. مونسون، سولت ليك سيتي، يوتا: ديزيريت بوك، ردمك ٩٧٨-١-؟-٨٩٠-٣,VALIDATED
data50421,DATA_10825,A,حشمي على عرضك البسي لبيض راجلك مات,7chmi 3la 3aradek lbsi lbyed rajlek mat.,Have some shame and wear white your husband has died.,استحيي على شرفك وارتدي الأبيض فقد مات زوجك.,VALIDATED
data50422,WIKI_D_06064,D,هادي شحال، بانت واحد الساحة ديال الموسيقى اللاتينية فيها بزاف ديال الأنواع بحال بوسا نوفا، سامبا، السالسا، و التانغو. كاينين شي فرقات معروفين بحال ، ، Athens Tango Project، و De .,"hadi chhal, bant wahed sa7a dyal lmusica latiniya fiha bzzaf dyal l2anwa3 b7al bossa nova, samba, salsa, w tango. kaynin chi fer9at ma3rofin b7al , Athens Tango Project, w De .","Recently , a Latin music scene has emerged with a diverse array of different musical styles that include bossa nova , samba , salsa music , and tango . Notable groups include , Athens Tango Project , and De .",مؤخرًا، ظهرت ساحة للموسيقى اللاتينية تضم مجموعة متنوعة من الأساليب الموسيقية المختلفة التي تشمل البوسا نوفا، والسامبا، وموسيقى السالسا، والتانغو. تشمل الفرق البارزة ، و، ومشروع أثينا للتانغو، و دي .,VALIDATED
data50423,WIKI_D_02659,D,"بامبا واحد الكاطو رطب بنكهة الكاوكاو اللي كتعجب الدراري الصغار، و ""m"" واحد الكراطا مقرمشة مصايبة من المقرونية مقلية فالزيت، كتباع بنكهات مختلفة، بحال الباربيكيو، البيتزا، الفلافل و البصلة.","bamba wa7ed el kato ratb bnektet el kaokao li kt3jb drari seghar, w ""m"" wa7ed elkrata me9ermcha msayba men elma9aronya me9liya felzit, katba3 bnakahat mokhtalifa, b7al el barbecue, pizza, lfalafel w lbasla.","Bamba is a soft peanut-flavored snack that is popular with small children.""M"" is a crispy snack made from fried pasta, sold in different flavors such as barbecue, pizza, falafel, and onion.","بامبا هي وجبة خفيفة ناعمة بنكهة الفول السوداني، وهي المفضلة لدى الأطفال، و ""m"" وجبة خفيفة مقرمشة مصنوعة من المعكرونة الجافة المقلية بعمق، تباع بنكهات متنوعة، بما في ذلك الباربيكيو، البيتزا، الفلافل والبصل.",VALIDATED
data50424,DATA_9608,A,كون غير قدرت نستمر ف شي مشروع,koun ghir 9dert nstamer f chi mchrou3,I wish I could keep going with a project,ليتني أستطيع الاستمرار في مشروع ما,VALIDATED
data50425,DATA_1794,A,كانظن أناني عديتك.,kandn anani 3aditk.,I thought I had infected you.,أظن أنني نقلت إليك المرض.,VALIDATED
data50426,WIKI_C_07632,C,ميهر بابا (اللي تزاد ميروان شيريير إيراني؛ 25 فبراير 1894 – 31 يناير 1969) كان واحد المعلم روحاني هندي اللي كان كيقول على راسو هو الأفاتار، الله فصورة بنادم.,"meher baba (li tzad merwan sheriar irani; 25 fevriye 1894 – 31 janvier 1969) kan wa7ed lme3elem rou7ani hindi li kan kay9oul 3la rasso houwa lavatar, lah f souret bnadem.","Meher Baba ( born Merwan Sheriar Irani ; 25 February 1894 – 31 January 1969 ) was an Indian spiritual master who said he was the Avatar , God in human form .",كان مهير بابا (المولود ميروان شيرييار إيراني؛ 25 فبراير 1894 – 31 يناير 1969) معلمًا روحيًا هنديًا قال إنه الأفاتار، الله في صورة بشرية.,VALIDATED
data50427,DATA_8320,A,راه دارو ثورة فكرية,rah darou tawra fikriya,They triggered an intellectual revolution,لقد أحدثوا ثورة فكرية,VALIDATED
data50428,WIKI_C_05802,C,واحد الوقت بقا Bois Protat ف عائلة Protat عاد توكل ل Bouchot. ف 2001 تعطى هدية للمكتبة الوطنية ديال فرنسا.,wa7d lwaqt ba9a bois protat f 3a2ilt protat 3ad tawakl l bouchot. f 2001 t3ta hdya l lmaktaba lwataniya dyal fransa.,"For some time, Bois Protat remained in the Protat family, and later passed to Bouchot.In 2001, it was donated to the National Library of France.",بقي لمدة من الزمن في عائلة بروتات قبل أن يؤتم تسليمه إلى بوشوت. في عام 2001 تم تقديمه هدية للمكتبة الوطنية لفرنسا.,VALIDATED
data50429,DATA_6755,A,أشناهوا أحسّن كتاب قريتيه فصغر?,achnahowa a7ssen ktab 9ritih fsgher?,what's your favorite childhood book?,ما هو كتاب طفولتك المفضل؟,VALIDATED
data50430,DATA_24007,B,"اللعبة ديال ""ماركو پولو"" هي واحد النوع ديال التّݣ كيتلعب ف البيسين ولا ف الأرض, ولكن بقواعد مبدّلة شوية.","al3ba dyal ""marco polo"" hiya wa7ed nou3 dyal tag kitl3b f lpissin wla f l2ard, walakin b qawa3id mbdla chwiya.","The game "" Marco Polo "" is a form of tag played in a swimming pool or on land , with slightly modified rules .","لعبة ""ماركو بولو"" هي شكل من أشكال لعبة الغميضة تلعب في حمام سباحة أو على الأرض، بقواعد معدلة قليلاً.",VALIDATED
data50431,DATA_22121,B,"فالدورة الأربعين ديال جوائز GMA Dove Awards، ألبوم ""Peace on Earth"" ترشح و خدا الجائزة ديال أحسن ألبوم ديال الكريسماس ديال العام.","Fldawra l2arba3in dyal jawa2iz GMA Dove Awards, album ""Peace on Earth"" tracheh w khda lja2iza dyal ahsan album dyal lchristmas dyal l3am.","At the 40th GMA Dove Awards , Peace on Earth was nominated for and received the award for Christmas Album of the Year .","في حفل توزيع جوائز GMA Dove الأربعين، تم ترشيح أغنية ""السلام على الأرض"" وفازت بجائزة ألبوم الكريسماس لهذا العام.",VALIDATED
data50432,WIKI_D_09906,D,الطريق السيار رقم 8 كيرجع لتأسيس سيستيم ديال الطرق الوطنية ف 1924. فاللول كان طريق من الحدود للحدود، ولكن تقصر للطول ديالو الحالي حيت الطرق السريعة ديال ميريكان بداو كيقربو. الطريق رقم 8 تابع المسار الحالي ديالو من 1966.,"tari9 siyar ra9m 8 kayrja3 lta2sis sistim dyal tori9 watania f 1924. flawal kan triq mn lhoudod l lhoudod, walakin t9sser l toul dyalo lhali hit tori9 sari3a dyal marikan bdawe kay9rebo. tari9 raqm 8 tab3 lmasar lhali dyalo mn 1966.","Highway 8 dates from the creation of the state highway system in 1924 . Initially a border to border route , it was shortened to its current extent due to encroaching U.S. highways . SH 8 has followed its current route since 1966 .",يعود تاريخ الطريق السريع 8 إلى إنشاء نظام الطرق السريعة في عام 1924. في البداية، كان طريقًا من الحدود إلى الحدود، وتم تقصيره إلى طوله الحالي بسبب تداخل الطرق السريعة الأمريكية. اتبع الطريق السريع 8 مساره الحالي منذ عام 1966.,VALIDATED
data50433,WIKI_D_01905,D,"، تيلمان (2010). "" - سينما ديال كامبوديا"". قسم ديال الإعلام والتواصل- جامعة الملكية ديال بنوم بن. مؤرشف من الأصل (PDF) في 27 غشت 2015. تم الاسترجاع في 8 يوليوز 2015.","tilman (2010). ""- cinima dyal kambodia"". 9ism dyal l2i3lam w tawasol -jami3a lmalakiya dyal pnom penh. m2archef men l2asl (pdf) f 27 ghocht 2015. tm l2istirja3 f 8 yulyuz 2015.","Tilman ( 2010 ) . "" – The Cinema of Cambodia "" . Department of Media and Communication – Royal University of Phnom Penh . Archived from the original ( PDF ) on 27 August 2015 . Retrieved 8 July 2015 .","تلمان (2010). ""-سينما كمبوديا"". قسم الإعلام والاتصال - الجامعة الملكية في بنوم بنه. مؤرشف من الأصل (PDF) في 27 أغسطس 2015. تم الاسترجاع في 8 يوليو 2015.",VALIDATED
data50434,DATA_1120,A,و لكن راني عارفة من ديما,walakin rani 3arfa men dima,But I have always known,لكنني علمت دائمًا,VALIDATED
data50435,DATA_22054,B,− لو (واحد ناقص زيد). وزايد على هادشي، ليستواحد كتساوي فونكسيون زيطا د ريمان ζ(إس).,"lu (wa7d na9s zid). W zayd 3la hadshi, l2istwa7d katsawi fonksyon zeta d riman ζ(es).","− ln ( 1 − z ) . Moreover , Lis ( 1 ) equals the Riemann zeta function ζ ( s ) .",− لوغاريتم ( ١ − ز ) . وفوق ذلك، فإن ليِس ( ١ ) تساوي دالة زيتا ريمان ζ ( س ) .,VALIDATED
data50436,WIKI_C_03034,C,كييس دار تا هو واحد الطلعة اللي هضرو عليها بزاف ف فيلم بورات ف 2006. ف 2010، About.com اللي كانت ديال نيويورك تايمز سمات كييس واحد من بين 20 محافظ اللي خصك تابعهم ف تويتر.,"keyes dar ta howa wa7d tal3a li hadro 3liha bzaf f film borat f 2006. f 2010, about.com li kanet dyal new york times semat keyes wa7d mn bin 20 mo7afid li khasak tabe3hom f twitter.","Keyes also made a widely discussed appearance in the 2006 film Borat . In 2010 , About.com , owned by The New York Times Company , named Keyes one of the top 20 conservatives to follow on Twitter .",ظهرت كيز أيضًا بشكل واسع النقاش في فيلم بورات عام 2006. وفي عام 2010، اختارت About.com، المملوكة لشركة نيويورك تايمز، كيز كأحد أفضل 20 محافظًا لمتابعتهم على تويتر.,VALIDATED
data50437,WIKI_C_03360,C,المشاركة ديال بريطانيا فالحرب كانت ضرورية بزاف باش البرنامج ديال السلاح النووي المستقل ديال المملكة المتحدة ينجح من بعد الحرب ملي قانون ماكماهون ديال 1946 حبس التعاون النووي الأمريكي مؤقتا.,lmocharaka dial britanya f l7arb kant daroriya bzaf bach lbarnamej dyal sila7 lnawawi lmostaqil dial lmamlaka lmuta7ida ynja7 mn ba3d l7arb mli 9anon mcmahon dial 1946 7bes ta3awon lnawawi l2amriki mo2aqatan.,The British wartime participation was crucial to the success of the United Kingdom 's independent nuclear weapons program after the war when the McMahon Act of 1946 temporarily ended American nuclear cooperation .,كانت مشاركة بريطانيا خلال الحرب حاسمة لنجاح برنامج الأسلحة النووية المستقل للمملكة المتحدة بعد الحرب عندما أنهى قانون ماكماهون لعام 1946 مؤقتًا التعاون النووي الأمريكي.,VALIDATED
data50438,WIKI_C_11624,C,يوفنتوس واللعّاب الفرنسي بول على حساب ما قال خوه الكبير ماتياس (اللي كيلعب فتيستل)، كيشد التيراك ديال النتايج ديال تيستل من الطاليان و كيحمق على الفرقة.,"yuvntus w l3ab lfaransi pol 3la 7sab ma qal khoh lkbir matias (li kile3b f tistil), kichid tirak dyal nta2ij dyal tistil mn talyan w ki7ma9 3la lfrqa.","Juventus and French international footballer Paul , according to older brother Mathias ( who plays for Thistle ) , keeps track of Thistle 's results from Italy and is a fan of the club .",ووفقًا لأخيه الأكبر ماتياس (الذي يلعب في صفوف ثيستل)، فإن لاعب كرة القدم الدولي الفرنسي ونجم يوفنتوس بول يتابع نتائج ثيستل من إيطاليا وهو من مشجعي النادي.,VALIDATED
data50439,WIKI_C_02595,C,ليبريديان، جيرارد (1988). ملف كاراباخ: وثائق و حقائق على منطقة كاراباخ الجبلية، 1918-1988. كامبريدج، ماس: معهد . ؛ الطبعة الأولى.,"libaridyan, jrard (1988). mulf karabagh: wata2iq w haqa2iq 3la mintaqit karabagh l jabaliya, 1918-1988. kambridj, mas: ma3had .; tab3a lula.","Libaridian , Gerard ( 1988 ) . The Karabagh file : Documents and facts on the region of Mountainous Karabagh , 1918 – 1988 . Cambridge , Mass : Institute . ; 1st edition .",ليبريديان، جيرارد (1988). ملف قره باغ: وثائق وحقائق عن منطقة قره باغ الجبلية، 1918-1988. كامبريدج، ماس: معهد . ؛ الطبعة الأولى.,VALIDATED
data50440,WIKI_D_00855,D,تامارا گيليس؛ IABC (21 مارس 2011). دليل IABC للتواصل التنظيمي: دليل التواصل الداخلي والعلاقات العامة والتسويق والقيادة. جون وايلي وأولاده. ISBN 978-1-118-0.,tamara gilis; iabc (21 maris 2011). dalil iabc liltawasol altandimi: dalil altawasol aldakhili w alaqat alama w altaswiq w alqiyada. jon waili w awladuh. isbn 978-1-118-0.,"Tamara Gillis ; IABC ( 21 March 2011 ) . The IABC Handbook of Organizational Communication : A Guide to Internal Communication , Public Relations , Marketing , and Leadership . John Wiley & Sons . ISBN 978-1-118-0 .",تامارا جيليس؛ الجمعية الدولية للتواصل في الأعمال (21 مارس 2011). دليل الجمعية الدولية للتواصل في الأعمال للتواصل التنظيمي: دليل التواصل الداخلي والعلاقات العامة والتسويق والقيادة. جون وايلي وأولاده. الرقم الدولي المعياري للكتاب 978-1-118-0.,VALIDATED
data50441,DATA_19326,B,الأرقام ديال معركة بلجيكا ما معروفينش، ولكن فرنسا خسرت هادشي كامل فالحملة اللي كانت فالغرب كاملة، من 10 ماي حتى لـ 22 يونيو:,"l2ar9am dyal m3rka beljika ma m3rofinch, walakin fransa khsratt hadchi kaml fel7amla li kanet felgharb kamla, men 10 may 7eta l 22 yunyu:","Numbers for the Battle of Belgium are unknown , but the French suffered the following losses throughout the entire western campaign , 10 May – 22 June :",أعداد المعركة في بلجيكا غير معروفة، لكن الفرنسيين عانوا الخسائر التالية طوال الحملة الغربية بأكملها، من 10 مايو إلى 22 يونيو:,VALIDATED
data50442,DATA_0657,A,"لكلاب أه, و لكن الدياب لا!","lklab ah, walakin dyab lla!","Dogs do, but wolves don't!",الكلاب تفعل، لكن الذئاب لا تفعل!,VALIDATED
data50443,WIKI_C_05754,C,هذا سؤال الليتلتون كان باين كايخمّم فيه شحال هادي. في كتابه ديال 1971، النفخ الزجاجي: بحث عن شكل، كتب:,"hada sou2al lytlton kan bayen kaykhmem fih ch7al hadi. f ktbo dyal 1971, nafkh zojaji: b7t 3ni chakel, kotb:","This was a question that Littleton had evidently been thinking about for some time . In his 1971 book , Glassblowing : A Search for Form , he wrote :","كان هذا سؤالاً يفكر فيه ليتلتون بوضوح منذ فترة. في كتابه لعام 1971، ""النفخ الزجاجي: بحث عن شكل""، كتب:",VALIDATED
data50444,WIKI_C_03587,C,على حساب المنظمة العالمية للأرصاد الجوية، أعلى درجة حرارة تسجلات فجنوب أمريكا كانت 48.9 درجة مئوية فريڤادافيا، إقليم سالطا نهار 11 دجنبر 1905.,"3la hesab l monadama l 3alamia l arsad l jawiya, a3la darajat 7arara tsjelat f janoub amrika kanet 48.9 daraja mi2awiya f Rivadavia, i9lim salta nhar 11 december 1905.","According to the World Meteorological Organization , the highest temperature ever recorded in South America was 48.9 ° C ( 120.0 ° F ) in Rivadavia , Salta Province on December 11 , 1905 .",وفقًا للمنظمة العالمية للأرصاد الجوية، فإن أعلى درجة حرارة سُجّلت على الإطلاق في أمريكا الجنوبية كانت 48.9 درجة مئوية (120.0 درجة فهرنهايت) في ريفادافيا، مقاطعة سالتا، في 11 ديسمبر 1905.,VALIDATED
data50445,WIKI_D_01270,D,"من بعد ما راجع ليونتوفيتش ""التجميعة الثانية ديال الأغاني من بودوليا""، ليسينكو كتب: ""ليونتوفيتش عندو موهبة أصيلة و لامعة. ف الترتيبات ديالو لقيت مقاطع بوحدها، حركة ديال الأصوات، اللي من بعد تطورات ف واحد شبكة موسيقية منسوجة.""","men ba3d ma raja3 lyontovich ""tajmima3a tanya dyal l2aghani men budolia"", lysenko kteb: ""lyontovich 3ndo mawhiba asila w lami3a. f tartibat dyalo l9it maqati3 bohdha, haraka dyal l2aswat, li men ba3d tataworat f wa7d chabaka musiciya mansouja.""","After reviewing Leontovych 's "" Second Compilation of Songs from Podolia "" , Lysenko wrote : "" Leontovych has an original , illustrious gift . In his arrangements I found separate passages , movement of voices , which later developed in a weaved musical network . ""","بعد مراجعته لـ ""التجميعة الثانية للأغاني من بودوليا"" لليونتوفيتش، كتب ليسينكو: ""لدى ليونتوفيتش موهبة أصيلة ولامعة. في ترتيباته، وجدت مقاطع منفصلة، وحركة نغمات، التي تطورت لاحقًا في شبكة موسيقية منسوجة.""",VALIDATED
data50446,WIKI_D_02284,D,كان ويݣنز كان متعاقد باش يركب لݣارمين سليپستريم تاني ف 2010، ولكن تعلن نهار 10 دجنبر باللي غادي يمشي يلتاحق بتيم سكاي، حيت سنا عقد ديال ربعة سنين مع الفريق البريطاني الجديد.,"kan Wiggins kan mte3aqed bach yrkeb l Garmin Slipstream tani f 2010, walakin te3len nhar 10 decembre beli ghadi yemchi ylta7e9 b team Sky, 7it sena 3aqed dyal rab3at snin m3a l fariq elbritani ljdid.","Wiggins had been contracted to ride for Garmin Slipstream again in 2010 , but it was announced on 10 December that he was to leave to join Team Sky , having signed a four year contract with the new British team .",تم التعاقد مع ويغينز للركوب لصالح فريق جارمين سليب ستريم مرة أخرى في عام 2010، ولكن تم الإعلان في 10 ديسمبر أنه سيغادر للانضمام إلى فريق سكاي، بعد توقيعه عقدًا مدته أربع سنوات مع الفريق البريطاني الجديد.,VALIDATED
data50447,DATA_18348,B,الخطط المستقبلية ديال Perl 5 كتضم تسهيل توسيع اللغة الأساسية من الموديلات ، وتوفير بروتوكول صغير وقابل للتوسيع ديال ميتا أوبجيكت فالقلب ديال اللغة.,"alkhotat almostaqbalia dial Perl 5 katdam tasshil tawsi3 alougha al2asassiya min almodulat , ou tawfir brotukol sghir ou qabil litawsi3 dial meta objet falgalb dial alougha.","Future plans for Perl 5 include making the core language easier to extend from modules , and providing a small , extensible meta object protocol in core .",تتضمن الخطط المستقبلية لـ بيرل 5 جعل اللغة الأساسية أسهل للتوسيع من الوحدات، وتوفير بروتوكول كائن تعريفي صغير وقابل للتوسيع في النواة.,VALIDATED
data50448,WIKI_D_01339,D,إيڭور كيلعب دور الكولونيل الروسي أنطونين دوفشينكو، المعاون الثاني ديال سبالكو. الشخصية ديالو كتعوض البنية القوية ديال الأعوان اللي كان كيلعبهم بات روتش في الأفلام الثلاثة اللي فاتو، حيت روتش مات عام 2004 بمرض سرطان الحنجرة.,"igor kayl3ab dawr lcolonel lrusi antonin dovchenko, lmo3awen tani dyal spalko. lchakhsiya dyalo kat3awed lbnya l9awiya dyal l 2a3wan li kan kayel3abhom pat roach fi laflam ltlata li fato, hit roach mat 3am 2004 b mared saratan lhonjra.","Igor plays Russian Colonel Antonin Dovchenko , Spalko 's second in command . His character stands in for the heavily built henchmen that Pat Roach played in the three previous films , as Roach died in 2004 from throat cancer .",يلعب إيغور دور الكولونيل الروسي أنطونين دوفشينكو، النائب الثاني لسبالكو. شخصيته تحل محل العناصر القوية البنية التي لعبها بات روتش في الأفلام الثلاثة السابقة، حيث توفي روتش عام 2004 بسبب سرطان الحنجرة.,VALIDATED
data50449,WIKI_C_02463,C,الراية ديال الدولة الجديدة كانت شكل مبدل من الراية الوطنية اليونانية، فيها صليب أبيض في الوسط على خلفية زرقا وفوقو النسر البيزنطي الإمبراطوري بالكحل.,"raya dyal dawla jdida kanet chkel mbedel men raya wataniya yunaneya, fiha salib abyad fel wasst 3la khalfiya zarqa w fo9o nser bizantini imbratori bel k7el.","The flag of the new state was a variant of the Greek national flag , consisting of a white cross centered upon the blue background surmounted by the imperial Byzantine eagle in black .",كان علم الدولة الجديدة شكلاً متغيرًا من العلم الوطني اليوناني، يتكون من صليب أبيض في الوسط على خلفية زرقاء يعلوه النسر البيزنطي الإمبراطوري باللون الأسود.,VALIDATED
data50450,WIKI_C_06079,C,واخا كانو شي تخوفات على تصنيف الكواكب اللي كيدورو على نجوم خرا، المشكل ما تحلش، بل اقترحوا باش يقرروا فيه غير فاش يبداو يشوفو هادوك الكائنات.,"wakha kano chi tkhafwat 3la tasnif lkawakb li kaydorou 3la nujoum khra, lmochkil ma t7allch, bl iqtara7ou bach yqrero fih ghir fach ybdaou ychoufo hadouk lkaynat.","Although concerns were raised about the classification of planets orbiting other stars , the issue was not resolved ; it was proposed instead to decide this only when such objects start being observed .",على الرغم من إثارة مخاوف بشأن تصنيف الكواكب التي تدور حول نجوم أخرى، لم يتم حل المسألة؛ بل اقترح أن يتم حسم هذا الأمر فقط عندما تبدأ ملاحظة مثل هذه الأجرام.,VALIDATED
data50451,WIKI_D_07586,D,"المعدن الرئيسي ديال الرصاص هو الكحل (galena). الكحل كيتلقا بزاف مع معادن أخرى, خاصة الخامات ديال الزنك. أغلبية المعادن الأخرى ديال الرصاص عادةً كتكون عندها علاقة بالكحل بشي طريقة; بحال مثلاً.","lm3din lra2isi dyal rassass howa lk7ol (galena). lk7ol kaytla9a bzaf m3a ma3adin o5ra, khassatan l5amat dyal zenk. aghlabyat lma3adin l5ra dyal rassass 3adatan katkon 3andha 3ala9a b lk7ol bchi tari9a; b7al mtalan.","The main lead mineral is galena . Galena is mostly found with other minerals , mostly zinc ores . Most other lead minerals are normally related to galena in some way ; for example .",المعدن الرئيسي للرصاص هو الجالينا. غالبًا ما يوجد الجالينا مع معادن أخرى، وخاصة خامات الزنك. ترتبط معظم معادن الرصاص الأخرى عادةً بالجالينا بطريقة ما؛ على سبيل المثال، .,VALIDATED
data50452,WIKI_C_00609,C,ما عرفتش هادشي، برنت. 1988. تسجيل متعدد المسارات للموسيقيين. فان نويس: ألفرد ميوزك. ISBN 978-1-7.,"ma 3raftsh hadshi, brent. 1988. tasjil mota3adid lmasarat lilmusiqin. fan nuys: alfred music. ISBN 978-1-7.","Unknown, Brent. 1988.Multitrack Recording for Musicians.Van Nuys: Alfred Music.ISBN: 978-1-7.",غير معروف ، برنت. 1988. التسجيل متعدد المسارات للموسيقيين. فان نويس: ألفريد ميوزك. الرقم الدولي المعياري للكتاب 978-1-7.,VALIDATED
data50453,DATA_19349,B,المحلول ديال ألبرازولام اللي كيتشرب كاين على شكل 0.5 ميليغرام/ 5 ميليلتر و حتى على شكل 1 ميليغرام/ 1 ميليلتر.,lmahlul dyal alprazolam li kaytchrab kayn 3la chkl 0.5 milligram/ 5 mililitr w hata 3la chkl 1 miligram/ 1 mililitr.,Alprazolam oral solutions are available as 0.5 mg / 5 mL and as 1 mg / 1 mL oral solutions .,محاليل الألبرازولام الفموية متوفرة بتركيز 0.5 ملغ / 5 مل وبتركيز 1 ملغ / 1 مل.,VALIDATED
data50454,DATA_9107,A,أنا غادي نتوتر بزّاف معا هاد لخدمة,ana ghadi ntwater bezzaf m3a had l5edma,I'm going to stress a lot with this work.,سوف أتوتّر كثيرًا مع هذا العمل.,VALIDATED
data50455,WIKI_C_03197,C,بوش قرا فمدارس عمومية فميدلاند، تكساس، تا نقلات العائلة لهيوستن ملي سالا السابع. موراها مشا لكينكيد سكول، واحد المدرسة خاصة ف هيوستن عامين.,"bush qra fmadaris 3omoumiya f midland, texas, ta nqlat l3a2ila l houston mli sala sabe3. mouraha mcha l kincaid school, wa7d l madrasa khassa f houston 3amayn.","Bush attended public schools in Midland , Texas , until the family moved to Houston after he had completed seventh grade . He then went to The Kinkaid School , a private school in Houston for two years .",حضر بوش المدارس الحكومية في ميدلاند، تكساس، حتى انتقلت العائلة إلى هيوستن بعد أن أكمل الصف السابع. ثم التحق بمدرسة كينكيد، وهي مدرسة خاصة في هيوستن لمدة عامين.,VALIDATED
data50456,DATA_17251,B,"الباستي كيتّعتابر هو الطبق الوطني ديال كورنوال، و المصطلح ديال ""باستي كورنيشي"" كيتخدّم من الستينات ديال القرن 19 على الأقل.","lbasti kayt3tabar howa taba9 lwatani dyal kurnuwal, o lmustalah dyal ""basti kurnishi"" kaytkhdem mn setinat dyal lqarn 19 3ala l2aqal.","The pasty is regarded as the national dish of Cornwall , and the term "" Cornish pasty "" has been in use since at least the early 1860s :","يُعتبر طبق الباستي الطبق الوطني لكورنوال، واستُخدِم مصطلح ""باستي كورنوال"" منذ أوائل ستينيات القرن التاسع عشر على الأقل.",VALIDATED
data50457,WIKI_C_08505,C,لازنبى، جي إف (1993). الدفاع على اليونان 490-479 قبل الميلاد. آريس وفيليبس المحدودة. رقم الكتاب المعياري الدولي 0-85668-591-7.,"lazanbi, jf (1993). difa3 3la lyunan 490-479 qbl lmilad. aris w filibs lma7duda. raqm lkitab lmi3yari dawli 0-85668-591-7.","Lazenby , JF ( 1993 ) . The Defence of Greece 490 – 479 BC . Aris & Phillips Ltd . ISBN 0-85668-591-7 .",لازينبي، ج. ف. (1993). الدفاع عن اليونان 490-479 ق.م. أريس وفيليبس المحدودة. الكتاب المعياري الدولي0-85668-591-7.,VALIDATED
data50458,DATA_23960,B,أورسون ويلز فْ دور لو شيفر – الوكيل المالي ديال SMERSH، و حاصل فيه اليأس باش يربح ف الباكارات باش يخلّص الفلوس اللي نهبها من المنظمة.,"Orson Welles f door Le Chiffre - lwakil lmali dyal SMERSH, o hasel fih lya2s bach yrebah f lbaccarat bach ykhaless lflous li nhabha mn lmonadama.","Orson Welles as Le Chiffre – SMERSH 's financial agent , desperate to win at baccarat to repay the money he has embezzled from the organisation .",أورسون ويلز في دور لي شيفري - وكيل شمرش المالي، الذي يسعى بيأس للفوز في الباكارات لسداد الأموال التي اختلسها من المنظمة.,VALIDATED
data50459,DATA_21034,B,فاش كان مزوج بمارغريت مانسفيلد، أرنولد جاب تلاتة دالولاد، كاملين خدمو من بعد ف الجيش البريطاني:,"Fash kan mzewej b Margaret Mansfield, Arnold jab tlata d lwlad, kamlin khdmu men b3d f ljaysh lbritani:","During his marriage to Margaret Mansfield , Arnold had three sons , all of whom later served in the British Army :",خلال زواجه من مارغريت مانسفيلد ، أنجب أرنولد ثلاثة أبناء ، خدم جميعهم فيما بعد في الجيش البريطاني.,VALIDATED
data50460,DATA_8339,A,راه معروف هاداك ريسطورة غير سير ليها على حسابي,rah m3rouf hadak restora ghir sir liha 3la 7sabi,this restaurant is well known,هذا المطعم مشهور,VALIDATED
data50461,DATA_0316,A,"أوك, دابا نشوف واش هادشي بصّح","ok, daba nchof wach hadchi bse7","Okay, I'll see if that's right",حسناً، سأرى إن كان ذلك صحيحاً,VALIDATED
data50462,WIKI_C_03888,C,الدارجة الصينية الرسمية، لي هي واحد الشكل ديال الصينية مبني على الدارجة ديال بكين، هي اللغة الرسمية ديال الصين وكيدويو بيها الناس اللي عندهم لهجات مختلفة باش يفهمو بعضياتهم.,"Darija siniya rasmiya hiya wa7ed chakl dyal siniya mabni 3la darija dyal Beijing, w hiya logha rasmiya dyal China, w kayhdero biha nass li 3andhom lahjat mokhtalfa bach yefhmo b3diyathom.","Standard Chinese is a form of the Chinese language based on the Beijing dialect. It is the official language of China, and people with different dialects use it to understand each other.",الصينية المعيارية هي شكل من اللغة الصينية مبني على لهجة بكين. وهي اللغة الرسمية في الصين، ويتحدث بها الناس الذين لديهم لهجات مختلفة لكي يفهم بعضهم بعضًا.,VALIDATED
data50463,DATA_16420,B,ليڤيسك كان كيلعب المصارعة ف بزاف ديال لي پروموشنز ف السيركوي المستقل ف الساحل الشرقي تا ل 1994. ف هاد الفترة، كان كيديرو ليه المانيدجمان جون روديو.,"Livesque kan kil3ab lmosara3a f bzaf dyal li promotions f circuit lmostaqil f sahel charqi ta l 1994. F had lfatra, kan kaydiro lih lmanagement John Rodeo.","Levesque wrestled for various promotions on the East Coast independent circuit until 1994 . During this period , he was managed by John Rodeo .",صارع ليفيسك لصالح اتحادات مختلفة في حلبة المستقلين بالساحل الشرقي حتى عام 1994. خلال هذه الفترة، كان يديره جون روديو.,VALIDATED
data50464,DATA_12573,B,"أبا إيبان، ""مع حواشي"" (ولا فيحواشي)، مجلة دراسات فلسطين، المجلد 32 (2003)، الصفحات 74–89.","abba eban ma3a hwashi (ou f hwashi), journal of palestine studies, vol. 32 (2003), safhat 74-89.",""" Abba Eban with Footnotes "" , Journal of Palestine Studies , vol 32 . ( 2003 ) , pp. 74 – 89",«عبا إيبان مع حواشي» ، مجلة دراسات فلسطين ، المجلد 32. (2003) ، الصفحات 74 – 89,VALIDATED
data50465,DATA_16702,B,ممنوع الإشهار لي كيعتمد على شخصيات مرخصة لطرف آخر، فالوجبات ديال الأطفال لي أقل من 12 عام، إلا إذا كانت الوجبات كتحترم معايير التغذية ديالنا.,"mamnou3 l2ichhar li kay3tamad 3la chakhsiyat morkhasa l taraf akhar, flwajabat dyal l2atfal li qel mn 12 3am, ila ida kanat lwajabat kathtarm ma3ayir taghdiya dyalna.","Advertising that uses characters licensed from a third party is not allowed in children's meals for those under 12, unless the meals meet our nutritional standards.",يُمنع الإعلان الذي يستخدم شخصيات مرخَّصة لطرفٍ آخر في وجبات الأطفال لمن هم أقل من 12 سنة، إلا إذا كانت هذه الوجبات تلتزم بمعايير التغذية الخاصة بنا.,VALIDATED
data50466,DATA_16575,B,مدينة بلا سور وقصائد أخرى (لندن، نيويورك، 1969) (مهداة لبيتر هايوورث).,"mdina bla sour w qassayid okhra (lundun, niyuyurk, 1969) (muhdat libitar haywurth).","City Without Walls and Other Poems ( London , New York , 1969 ) ( dedicated to Peter Heyworth ) .",مدينة بلا أسوار وقصائد أخرى (لندن، نيويورك، 1969) (مهداة إلى بيتر هايوورث).,VALIDATED
data50467,DATA_13176,B,"حادثة ديال البون ديال ماركو بولو 1937 (في كتاب The China Quagmire . New York : Columbia University Press , 1983 .)","hadita dyal lbon dyal Marko Polo 1937 (fi ktab The China Quagmire. New York: Columbia University Press, 1983.)",""" The Marco Polo Bridge Incident 1937 "" ( in The China Quagmire . New York : Columbia University Press , 1983 . )",حادثة جسر ماركو بولو عام 1937 (في مستنقع الصين. نيويورك: مطبعة جامعة كولومبيا، 1983).,VALIDATED
data50468,DATA_24351,B,ف 14 أبريل 2009 ، العدد الإجمالي ديال الزيارات من ترميم ديال حقبة Showa فات 40 مليون.,"f 14 abril 2009, l3adad l2ijmali dial ziyarat mn tarmim dial 7aqba Showa fat 40 million.","On April 14, 2009, the total number of visits from the Showa period restoration exceeded 40 million.",في الرابع عشر من أبريل عام ٢٠٠٩، تجاوز إجمالي عدد الزيارات منذ استعادة عصر شووا ٤٠ مليون زيارة.,VALIDATED
data50469,DATA_5600,A,بابا كاين ف افريقيا,baba kayn f 2afri9ya,My father is in Africa,أبي في أفريقيا,VALIDATED
data50470,DATA_10826,A,تعطلتي بزّاف باش تلع دروج,t3etli bezzaf bach tl3 droj,It took you a long time to climb the stairs.,استغرقت وقتًا طويلًا لتسلق السلالم.,VALIDATED
data50471,DATA_21178,B,اللوحات الكبيرة و العصي يقدروا يكونوا تقراو بلا ما يتقلبوا، إلا كان اللي كيقرا قادر يقرا بالمقلوب.,"alaw7at lkbira o l3ssi y9dro ykunu t9raw bla ma yt9lbu, ila kan li kiqra qader yqra b lmqlub.","Large boards and sticks can be read without flipping them, if the reader is able to read upside down.",يمكن قراءة اللوحات الكبيرة والعصي دون قلبها، إذا كان القارئ قادرًا على القراءة بالمقلوب.,VALIDATED
data50472,WIKI_D_05646,D,هيربرت تشارلز ويلسون (7 دجنبر 1859 – 17 دجنبر 1909) كان سياسي وطبيب كندي. خدم كرئيس بلدية مدينة إدمونتون ورئيس الجمعية التشريعية لأقاليم الشمال الغربي.,herbert charles wilson (7 decembre 1859 - 17 decembre 1909) kan siyasi w tabib canadi. khdem ka ra2is baladiya mdint edmonton w ra2is ljam3iya tachri3iya li2aqalim chamal lgharbi.,"Herbert Charles Wilson ( December 7 , 1859 – December 17 , 1909 ) was a Canadian politician and physician . He served as mayor of the Town of Edmonton and Speaker of the Legislative Assembly of the North West Territories .",كان هربرت تشارلز ويلسون (7 ديسمبر 1859 - 17 ديسمبر 1909) سياسيًا وطبيبًا كنديًا. شغل منصب عمدة بلدة إدمونتون ورئيس الجمعية التشريعية لأقاليم الشمال الغربي.,VALIDATED
data50473,WIKI_C_02752,C,الحراشف تبدلو مع الوقت باش يديرو وظايف خرين بحال الشفار و وقاية للعينين و التبديلة اللي باينة بزاف هي الحسحاس ديال الحنش الرتال اللي كاينة فميريكان الشمالية.,lharachef tabdlo m3a lwaqt bach ydirou wada2if khorin b7al chfar w wiqaya l3iynin w tbdila li bayna bezaf hiya lhasehas dyal lhnech rtayl li kayna f merican chamaliya.,"Scales have been modified over time to serve other functions such as ' eyelash ' fringes , and protective covers for the eyes with the most distinctive modification being the rattle of the North American rattlesnakes .","عُدِّلَت الحراشف عبر الزمن لِتَخدِمَ وظائف أخرى مثل أهداب ""الرموش""، وأغطية واقية للعينين، مع كون التعديل الأكثر تميزاً هو خشخشة أفاعي ""الراطل سنيك"" في أمريكا الشمالية.",VALIDATED
data50474,DATA_0279,A,كاتمنّا مانكونش اللخر,katmenna mankonch lekher,I hope I won't be the last.,آمل ألا أكون الأخير.,VALIDATED
data50475,WIKI_C_05882,C,في أواخر السبعينات، شالر دوز مدة فالبرازيل كيقرا على النمر، الكابيبارا، التمساح (كايمان)، وحيوانات أخرى ديال ديك الجهة.,"f awakhir sb3inat, schaller dawaz moda fl brazil kayqra 3la nemr, lkapibara, timsah (kayman), w 7iwanat okhrin dyal dik ljiha.","In the late 1970s , Schaller spent time in Brazil studying the jaguar , capybara , "" alligator "" ( caiman ) , and other animals of the region .","في أواخر السبعينيات، أمضى شالر وقتاً في البرازيل يدرس النمر، والظربان، و""التمساح"" (الكايمن)، وحيوانات أخرى في المنطقة.",VALIDATED
data50476,WIKI_D_03157,D,فأواخر القرن تسعطاش، الطريق الوحيدة اللي كانت فدواور ديفيدسون، سليڤان كاونتي من غير السوسكوهانا و التايوڭا تورنپايك كانت كدوز حدا واد مونسي و التجمعات السكانية اللي حداه. الوادي ديال واد مونسي مازال ما تطورش بزاف، تقريبا ما فيه تا كاع الكامبينڭ ديال الصيف.,"f2awakhir lqarn tse3tach, tri9 li wahda likanat f dwawer davidson, sulivan county mn ghyr susquehanna w tioga turnpike kanat kadouz 7da wadi muncy w tjamou3at skaniya lihdah. lwadi dyal wadi muncy mazal matawratch bzaf, ta9riban ma fih ta ga3 lcamping dyal sayf.","In the late 1800s , the only road in Davidson Township , Sullivan County besides the Susquehanna and Tioga Turnpike passed near Muncy Creek and the settlements along it . The valley of Muncy Creek is largely undeveloped , largely lacking even summer camps .",في أواخر القرن التاسع عشر، كان الطريق الوحيد في بلدة ديفيدسون، مقاطعة سوليفان، بخلاف طريق سوسكيهانا وتيوغا السريع، يمر بالقرب من نهر مونسي والمستوطنات على طوله. وادي نهر مونسي غير متطور إلى حد كبير، ويفتقر إلى حد كبير حتى إلى المخيمات الصيفية.,VALIDATED
data50477,WIKI_C_01059,C,ف شهر غشت ديال 2014، وارن لابين، اللي كان ريداکتور ديال أبسولوت ماݣنيتود، و ريلمز أوف فانتازي، و ويرد تيلز، عاود حيا اللوغو ديال فانتاستيك ستوريز أوف دي إيماجينيشن كويبزين مجاني.,"f chher ghecht dyal 2014, warren lapine, li kan redaktor dyal absolute magnitude, w realms of fantasy, w weird tales, 3awed haya logo dyal fantastic stories of imagination kwebzine majani.","In August 2014 , Warren Lapine , former editor of Absolute Magnitude , Realms of Fantasy , and Weird Tales , revived the Fantastic logotype of Fantastic Stories of the Imagination as a free webzine .","في أغسطس 2014، أحيا وارن لابين، المحرر السابق لمجلات أبسولوت ماجنيتيود، وريلمز أوف فانتازي، ويرد تيلز، شعار ""فانتاستيك ستوريز أوف دي إيماجينيشن"" كويبزين مجاني.",VALIDATED
data50478,WIKI_C_02255,C,بيل جرا ب 35 كرة ضد إلينوي فـ 1975 كانت الثانية كثرة فالتاريخ ديال ليكول ديك الساعة، مور رون جونسون لي جرا 42 كرة فـ 1967. دابا راه متعادل فالمركز التاني عشر فالتاريخ ديال ليكول.,"bell jra b 35 kora ded illinois f 1975 kant ltanya katra ftarikh dyal lcollege dik sa3a, mora ron johnson li jra 42 kora f 1967. daba rah mta3adl f lmrakiz 12 ftarikh dyal lcollege.","Bell 's 35 carries against Illinois in 1975 was the second most in school history at the time , behind Ron Johnson 's 42 carry performance in 1967 . He is now tied for twelfth in school history .",ركض بيل بـ 35 محاولة جري ضد إلينوي عام 1975، وكانت آنذاك ثاني أعلى رقم في تاريخ المدرسة بعد رون جونسون الذي ركض 42 مرة عام 1967. وحاليًا يتعادل في المركز الثاني عشر في تاريخ المدرسة,VALIDATED
data50479,WIKI_C_01017,C,كارلسن لعب تسع الماتشات لصالح النرويج فالدورة 41 ديال أولمبياد الشطرنج، ربح خمسة، وتعادل جوج، وخسر جوج (ضد أركاديج نايديتش وإيفان شاريتش).,"karlsen le3b tesse3 lmatchat lisalih norwij f dourra 41 dyal olympiad chatranj, reb7 khamsa, w t3adel jouj, w khsser jouj (ded norwigya a. naiditsch w Ivan saric)","Carlsen played nine games for Norway in the 41st Chess Olympiad , scoring five wins , two draws , and two losses ( against Arkadij Naiditsch and Ivan Šarić ) .",لعب كارلسن تسع مباريات لصالح النرويج في أولمبياد الشطرنج الحادي والأربعين، محققًا خمسة انتصارات، وتعادلين، وخسارتين (ضد أركاديج نايديتش وإيفان شاريتش).,VALIDATED
data50480,WIKI_C_02438,C,فالقرود لكبار لوخرين، التقبة الشوكية ما كتكونش فالعظم الوتدي، كتكون فبلاصة من العظم الصدغي بحال الجزء الحرشفي اللي كاين حدا واحد الخياطة، ولا ما كتكونش كاع.,"fel qrod likbar l2okhrin, t9ebat chawkiya ma katkonch f l3adm lwatdi, katkon f blassat men l3adm sdghi b7al ljuz l7rshfi li kayn 7da wa7d lkhiyata, wla ma katkonch ga3.","In other great apes, the foramen spinosum is not located in the sphenoid bone; instead, it may be in a part of the temporal bone, such as the squamous part near a suture, or it may be absent altogether.",عند القردة العليا الأخرى، لا تكون الثقبة الشوكية في العظم الوتدي؛ بل تكون في جزء من العظم الصدغي مثل الجزء الحرشفي القريب من أحد الدروز، أو قد لا تكون موجودة أصلًا,VALIDATED
data50481,DATA_11155,A,تعطلتي بزّاف باش تيّب أتاي,t3etli bezzaf bach teyeb atay,It took you a long time to make the tea.,استغرقت وقتًا طويلًا لتحضير الشاي.,VALIDATED
data50482,WIKI_C_04996,C,أخر حجة داروها الجماعة هي أن القضية ديال الأرض اللي طالباتها قبيلة أونيدا كانت واحد المشكل سياسي ما مفهومش. المحكمة لقات هاد الهضرة ما عندها علاش تعول بالنظر للقوانين اللي ديجا كاينين فحق الهنود.,akher 7ja daroha l jama3a hiya ana l qadiya dyal l ard li talbatha qbila oneida kanat wahd l mochkil siyasi mafahmohch. l ma7kama lqat had l hdra ma 3ndha 3lach t3awl b nadr l 9awanin li deja kaynin f 7a9 l hnod.,The counties final argument was that the Oneida 's land claim was a political question . The Court found this argument to be non meritorious in light of similar Indian law precedents .,كانت الحجة النهائية للمقاطعات أن مطالبة أونيدا بالأرض كانت مسألة سياسية لا يمكن البت فيها. وجدت المحكمة أن هذه الحجة لا أساس لها في ضوء سوابق مماثلة في قانون الهنود.,VALIDATED
data50483,WIKI_C_01053,C,هام استعمل الذكريات ديال باه باش يصوّر دراپر، واحد لواحد لابس مزيان و عندو نفوذ فالتجارة و المجتمع و مخبّي واحد الضيم كبير لداخل و مواجه تغييرات فالعالم كثر من القياس ديالو.,"ham ista3mel ldikriyat dyal bah bach ysewer draper, wa7ed lwa7ed labes mzyan w 3ndo nofod f tijara w lmojtama3 w mkhbi wa7ed dim kbir ldakhl w mewajeh tghyirat f l3alam ktar mn lqyas dyalo.","important used memories of his father to portray Draper , a well dressed , influential figure in business and society hiding great inner turmoil and facing changes in the world beyond his control .",استخدم هام ذكريات والده لتجسيد درابر، شخصية أنيقة ذات نفوذ في عالم الأعمال والمجتمع، تخفي اضطرابًا داخليًا كبيرًا وتواجه تغييرات في العالم تفوق سيطرته.,VALIDATED
data50484,WIKI_C_02246,C,"منعم ترشح للرئاسة عاوتاني ف 2003, ولكن مامتاكدش واش غادي يغلب نيستور كيرشنر, استاقل. وتنتخب سيناتور ديال لا ريوخا ف 2005.","mn3em trch7 l ri2asa 3awtani f 2003, walakin ma mta2kdch wach radi yghleb nestor kirchner, sta9al. w tantakheb senator dyal la ryokha f 2005.","Menem ran for the presidency again in 2003 , but unsure of winning against Néstor Kirchner , he resigned . He was elected senator for La Rioja in 2005 .",ترشح منعم للرئاسة مرة أخرى في عام 2003، لكنه، لعدم تأكده من الفوز على نيستور كيرشنر، استقال. تم انتخابه سناتوراً عن لا ريوخا في عام 2005.,VALIDATED
data50485,WIKI_D_07149,D,ف 24 نونبر 2012، موطولا ترقى باش يولي مدرب ديال الضرب عند تورونتو بلو جايز للموسم ديال 2013. وف 7 أكتوبر 2013، بلو جايز علنو باللي موطولا مارجعش للموسم ديال 2014.,"f 24 november 2012, mottola trqa bach yuli mdrb dyal drb 3nd toronto blue jays lmousom dyal 2013. w f 7 octobre 2013, blue jays 3lno bli mottola marj3ch lmousom dyal 2014.","On November 24 , 2012 , Mottola was promoted to be the Toronto Blue Jays hitting coach for the 2013 season . On October 7 , 2013 , the Blue Jays announced that Mottola would not be returning for the 2014 season .",في الرابع والعشرين من نوفمبر عام 2012، تمت ترقية موتوولا ليصبح مدرب الضرب لفريق تورونتو بلو جايز لموسم 2013. وفي السابع من أكتوبر عام 2013، أعلن فريق بلو جايز أن موتوولا لن يعود لموسم 2014.,VALIDATED
data50486,DATA_23958,B,بيتر سيلرز بدور إيفلين تريمبل/جيمس بوند 007 – واحد ماهر فالباكارا جنداتو ڤيسبر ليند باش يتحدا لو شيفري فكازينو رويال.,Peter Sellers b dowr Evelyn Tremble/James Bond 007 - wahed maher fel bakara jendato Vesper Lynd bach yethda lu Chiffre f Casino Royale.,Peter Sellers as Evelyn Tremble / James Bond 007 – A baccarat master recruited by Vesper Lynd to challenge Le Chiffre at Casino Royale .,بيتر سيلرز في دور إيفلين تريمبل / جيمس بوند 007 – خبير باقارته استقطبته فيسبير ليند لتحدي لو تشيفر في كازينو رويال.,VALIDATED
data50487,DATA_0356,A,"أه, إمكن نزلو من هاد جيها","ah, imken nzlo mn had jiha","Yeah, we can try to go down that way",نعم، يمكننا محاولة الذهاب في هذا الاتجاه.,VALIDATED
data50488,DATA_12437,A,عمرك جربتي تزعلل فالأخرى صدقتي تايح على راسك,3emrek jerebti tze3lel fla5ar sde9ti tay7 3la rassek,Have you tried to swing but you fell,هل حاولت أن تتأرجح ولكنك سقطت؟,VALIDATED
data50489,WIKI_C_02082,C,بزاف من لبلايص اللي كان كيدور فيها لو، بحال الما اللي داير بجزر شولز قريبة لنيوهامبشاير و جزيرة هوت ف نوڤا سكوشيا، كيجذبو صحاب الكنوز اللي كيقلبو على شي تحف ف الباطيمات اللي غرق.,"bezaf men lbliys li kan kaydor fiha low, b7al lma li dayer b jzor shoals qriba li new hampshire w jazirt hot f nova scotia, kayjdbu s7ab lknooz li kayqallbo 3la chi t7af f lbatymat li ghra9.","Some of Low 's haunts , such as the waters around the Isles of Shoals off New Hampshire and Isle Haute in Nova Scotia , attract treasure hunters who seek artifacts in the ships he sank .",تجذب بعض أماكن تواجد لو، مثل المياه المحيطة بجزر شولز قبالة نيو هامبشير وجزيرة هوت في نوفا سكوشيا، صيادي الكنوز الذين يبحثون عن قطع أثرية في السفن التي أغرقها.,VALIDATED
data50490,WIKI_D_01778,D,الحلقة ستضفات عروض من ممثلين ضيوف بحال كيفين وايزمان، مارك أتشيسون، مينه لي، باولا ليندبرغ، تايلر مكليندون، و فينسنت تونغ؛ نجوم ضيوف سابقين بحال ريان ماكدونالد و كلارك ميدلتون رجعوا بدور العالم براندون فاييت و بائع الكتب النادرة إدوارد ماركهام، على التوالي.,"l7alqa stadfat 3orod mn momatilin doyof b7al kevin weisman, mark acheson, minh ly, paula lindberg, tyler mcclendon, w vincent tong; nojom doyof sabi9in b7al ryan mcdonald w clark middleton rja3o bdor l3alm brandon fayete w ba2i3 lkotob lnadira edward markham, 3la twali.","The episode featured performances by guest actors Kevin Weisman , Mark Acheson , Minh Ly , Paula Lindberg , Tyler McClendon , and Vincent Tong ; previous guest stars Ryan McDonald and Clark Middleton returned as scientist Brandon Fayette and rare bookseller Edward Markham , respectively .",استضافت الحلقة عروضًا لممثلين ضيوف مثل كيفن وايزمان، ومارك أتشيسون، ومينه لي، وباولا ليندبرغ، وتايلر ماكليندون، وفينسنت تونغ؛ وعاد النجوم الضيوف السابقون رايان ماكدونالد وكلارك ميدلتون بدور العالم براندون فاييت وبائع الكتب النادرة إدوارد ماركهام، على التوالي.,VALIDATED
data50491,WIKI_C_02271,C,الموسيقى ديال الفيلم دايرينها بزاف ديال الفنانين بحال لويس أرمسترونج و إيلا فيتزجيرالد وفرانك سيناترا و راي تشارلز وبينج كروسبي وهاري كونيك جونيور.,lmusiqa dyal lfilm dayrinha bzaf dyal lfananin bhal louis armstrong w ella fitzgerald w frank sinatra w ray charles w bing crosby w harry connick jr.,"The music in the film is performed by various artists , such as Louis Armstrong and Ella Fitzgerald , Frank Sinatra , Ray Charles , Bing Crosby , and Harry Connick Jr .",تؤدي مجموعة متنوعة من الفنانين الموسيقى التصويرية للفيلم، مثل لويس أرمسترونج وإيلا فيتزجيرالد وفرانك سيناترا وراي تشارلز وبينغ كروسبي وهاري كونيك جونيور.,VALIDATED
data50492,DATA_18215,B,سيسيليا (أو سيسيلي) تزادت قبل عام 1066، وماتت عام 1127، كانت رئيسة ديال الدير ديال الثالوث المقدس، كاين.,"cicilia (ou cicili) tzadet qbel 3am 1066, o matet 3am 1127, kanet ra2issa dial dir dial talut lmuqaddas, kayn.",Cecilia (or Cecily) was born before 1066 and died in 1127. She was the abbess of the Holy Trinity Convent.,ولدت سيسيليا (أو سيسلي) قبل عام 1066، وتوفيت عام 1127، وكانت رئيسة دير الثالوث المقدس في كاين.,VALIDATED
data50493,DATA_24278,B,النسخة الرئاسية ديال النقل خاصة بسلاح البحرية د الولايات المتحدة المعروفة ب VH-71 Kestrel، تصاوبو منها ربعة ديال الطيارات للتجريب وخمسة طيارات للإنتاج التجريبي.,"nuskha ra2isiya dyal naql khassa b silah lbahriya d lwilyat lmutahida lma3rufa b VH-71 Kestrel, tsawbo mnha rb3a dyal tiyarat ltajrib w khmsa tiyarat lil2intaj tajribi.","Presidential Transport variant for the United States Marine Corps as the VH-71 Kestrel , four test vehicles and five pilot production aircraft built .",نسخة النقل الرئاسية الخاصة بـ سلاح البحرية الأمريكي والمعروفة باسم في إتش-71 كيستريل، تم صنع أربعة طائرات للتجريب وخمس طائرات للإنتاج التجريبي.,VALIDATED
data50494,DATA_1865,A,عييت منك.,3yit mnak.,I've had enough of you.,لقد اكتفيت منك.,VALIDATED
data50495,DATA_4880,A,مشيت لحديقة الحيوانات,mchit l7adi9at l7ayawanat,I went to the zoo,ذهبت إلى حديقة الحيوان,VALIDATED
data50496,WIKI_C_01829,C,ديك الساعة تقشبت و فهمت: أصل ديك اللعيبة ديال هي حب الله - الروح ديال الحماية و المحبة لكلشي مخلوقات.,dik sa3a taqshbt w fhamt: asel dik l3iba dyal hi hob lah - ru7 dyal lhimaya w lma7ba liklshi mkhluqat.,At that moment I was enlightened : the source of is God 's love – the spirit of loving protection for all beings .,في تلك اللحظة أُنِرْتُ: مصدر هو محبة الله - روح الحماية المحبة لجميع الكائنات.,VALIDATED
data50497,WIKI_D_01149,D,"ف هاد الطابلو، النمرة اللي فالخانة اللولة كتعني النمرة ديال الحلقة فالسيرية كاملة، و ""UK viewers in millions"" كتعني شحال من بريطاني شاف الحلقة ف Sky1. السيرية كاتّلعب على شكل تلاتة ديال الحلقات مقسومين على جوج.","f had tablo, nmra li fel khana lowla kat3ni nmra dyal lhalqa felsiriya kamla, w ""UK viewers in millions"" kat3ni chhal mn britani chaf halqa f Sky1. siriya katel3ab 3la chakl tlata dyal halaqat ma9somin 3la joj.","In this table , the number in the first column refers to the episode 's number within the entire series , "" UK viewers in millions "" refers to how many Britons watched the episode on Sky1 . The series plays out as three two part episodes .","في هذا الجدول، يشير الرقم الموجود في العمود الأول إلى رقم الحلقة ضمن السلسلة بأكملها، ويعني ""المشاهدون في المملكة المتحدة بالملايين"" عدد البريطانيين الذين شاهدوا الحلقة على قناة السماء 1. تتكون السلسلة من ثلاث حلقات مقسمة إلى جزأين.",VALIDATED
data50498,DATA_23677,B,"""Martyrium تسجلات ف 1994، و شي نسخ مسربة انتشروا، ولكن ما تطلقش رسميًا حتى عام 2000.""","Martyrium tsjelat f 1994, u shi nsekh mserrba ntashru, walakin ma telqsh resmiyan heta 3am 2000.","Martyrium was recorded in 1994 , with some bootleg copies leaked , but not officially released until 2000","تم تسجيل فيلم ""مارتيريوم"" عام 1994، مع تسريب بعض النسخ غير الرسمية، لكن لم يتم إصداره رسميًا حتى عام 2000.",VALIDATED
data50499,DATA_5042,A,ماديرش فيها مكلخ,madirch fiha mkelekh,don't pretend you are stupid,لا تتظاهر بأنك غبي,VALIDATED
data50500,DATA_9687,A,علاش مابغيتيش تدخل دوش,3lach mabghitich tdkhol dewech,why you dont wanna shower,لماذا لا تريد أن تستحم؟,VALIDATED
data50501,DATA_13149,B,"""Crazy in Love"" خذات من عينا ""Are You My Woman (Tell Me So)"" (1970) ديال Chi-Lites.","""Crazy in Love"" khdat 3ayina men ""Are You My Woman (Tell Me So)"" (1970) dyal Chi-Lites.","Crazy in Love"" sampled ""Are You My Woman (Tell Me So)"" (1970) by Chi-Lites"".","تستعير أغنية ""Crazy in Love"" من أغنية ""Are You My Woman (Tell Me So)"" (عام 1970) لفرقة ذا تشي-لايتس",VALIDATED
data50502,WIKI_C_03307,C,والي لعب دور فعال كتر فرجعة ديال لوتون للدوري، لعب شي 18 ماتش فالبطولة، كان تيلعب بزاف في التشكيلة الرسمية، و ماركا تلاتة ديال البيوت.,"wali l3ab dor fa3al ktar ferj3a dyal luton ledori, l3ab chi 18 match felbotola, kan tile3ab bezaf f techkila rasmiya, w marka tlata dyal lbyout.","Whalley played a more active part in Luton 's return to the Football League , playing in 18 league games , often in the starting XI , and scoring three goals .",لعب والي دورًا أكثر فاعلية في عودة لوتون إلى دوري كرة القدم، حيث لعب في 18 مباراة بالدوري، وغالبًا ما كان ضمن التشكيلة الأساسية، وسجل ثلاثة أهداف.,VALIDATED
data50503,DATA_15242,B,كلمة ثانية اللي كتجي من بعد سمية ديال antibody كتدل على أن مادة أخرى لاصقة فيه، وهادشي كيدار لعدة أسباب.,"Kelma tanya lli katji men ba3d smiya dyal antibody katdel 3la ana mada okhra las9a fih, w hadshi kaydar l 3dda asbab.","A second word that comes after the name of an antibody indicates that another substance is attached to it, and this is done for several reasons.",تشير كلمة ثانية تتبع اسم الجسم المضاد إلى ارتباط مادة أخرى، ويتم ذلك لعدة أسباب.,VALIDATED
data50504,DATA_22117,B,إلا تسمحنا بالتعويض على الخسارة الاقتصادية المحضة فهاد الحالات، يقدر يوصلنا بزاف ديال الشكايات، و شي وحدين منهم يقدروا يكونوا غير كذوب.,"Ila tsm7na b ta3wid 3la lkhsara l iqtisadiya l mahda f had l7alat, iqdar ywsalna bzaf dyal chikayat, w chi wa7din mnhom iqdrou ykounou ghir kdoub.","If we allow compensation for pure economic loss in these cases, we could receive many claims, and some of them might be fraudulent.",إذا سمحنا بالتعويض عن الخسارة الاقتصادية البحتة في هذه الحالات، قد يصلنا عدد كبير من الشكاوى، وبعضها قد يكون كاذبًا.,VALIDATED
data50505,DATA_6196,A,شريت كاميرا جديدة,chrit camera jdida,i bought a new camera,اشتريت كاميرا جديدة,VALIDATED
data50506,WIKI_D_09529,D,البلدية ديال ترافورد كاينة فواحد لبلاصة كبيرة فالملتقى ديال طريق طالبت و طريق وارويك، نيشان مع ملعب الكريكيت ديال أولد ترافورد. الخدمة على هاد البني بدات نهار 21 غشت 1931، و دارو التصميم ديالها المهندسين المعماريين برادشو كاس & هوب ديال بولتون.,"lbaladiya dyal trafford kayna f wa7d lblassa kbira fel moltaqa dyal tariq talbat w tariq warwik, nichan m3a mal3ab lkrikit dyal old trafford. lkhidma 3la had lbni bdat nhar 21 ghocht 1931, w daro tassmim dyalha lmohandisin lme3mariyin bradshaw kass & hope dyal bolton.","Trafford Town Hall stands in a large site at the junction of Talbot Road and Warwick Road , directly opposite the Old Trafford Cricket Ground . Work on the building , designed by architects Bradshaw Gass & Hope of Bolton , began on 21 August 1931 .",تقع قاعة مدينة ترافورد في موقع واسع عند تقاطع طريق تالبوت وطريق وارويك، مقابل ملعب أولد ترافورد للكريكيت مباشرة. بدأ العمل في المبنى، الذي صممه المهندسون المعماريون برادشو جاز وآمل من بولتون، في 21 أغسطس 1931.,VALIDATED
data50507,DATA_5694,A,بغيت نكمي ڭارو,bghit nkemi garo,i want to smoke a cigarette,أريد أن أدخن سيجارة,VALIDATED
data50508,DATA_21400,B,هاد المرجع كيخص Hypocreales، نشر فـ مذكرات حديقة نيويورك النباتية، المجلد 59، الصفحات 6 حتى 108.1990.,"1990. Samuels GJ, Doi Y, Rogerson CT. ""Hypocreales"". Mem New York Bot Gard 59: 6-108.","Samuels GJ, Doi Y, Rogerson CT (1990). ""Hypocreales"". Memoirs of the New York Botanical Garden 59: 6–108.","ساميولز، جيه. جاي، دوي، واي، وروجيرسون، سي. تي. (1990). ""Hypocreales"". مذكرات حديقة نيويورك النباتية 59: 6–108.",VALIDATED
data50509,WIKI_D_09735,D,تخريب القدس من طرف تيتوس لڤيلهلم ڤون كاولباخ (1846). زيت على الثوب، 585 × 705 سم. نويه پيناكوتيك، ميونيخ. تصويرة رمزية لتخريب القدس، مركزة درامياً على شخصية تيتوس.,"Tkhrib lQuds men taraf Titus von Kaulbach (1846).Zit 3la ltawb, 585 × 705 cm. Neue Pinakothek, Munich.taswira ramziya ltkhrib lQuds, mrakza dramiyan 3la chakhsiyat Titus.","The Destruction of Jerusalem by Titus by Wilhelm von Kaulbach ( 1846 ) . Oil on canvas , 585 x 705 cm . Neue Pinakothek , Munich . An allegorical depiction of the destruction of Jerusalem , dramatically centered around the figure of Titus .",تدمير القدس على يد تيتوس للفنان فيلهلم فون كاولباخ (1846). زيت على قماش، 585 × 705 سم. معرض نويه بيناكوتيك، ميونيخ. تصوير رمزي لتدمير القدس، يتمحور درامياً حول شخصية تيتوس.,VALIDATED
data50510,WIKI_D_06693,D,"واحد الهيكل مرممش راه دابا ديال هيو موڤي سپلايز فلانگليز. مولاه عندو تا نسخة مصبوبة ديال توريت و موطور, ولكن ناقصينو ليشان ديال التران (ليشان و لڭرونات الأصليين يتبدلو بليشان ديال إم 5 ستيوارت).","wa7ed lhaykel mramech rah daba dyal Hugh Movie Supplies f England. Molah 3endo ta noskha maṣbouba dyal turret w motor, walakin na9ssino lichan dyal tran (lichan w lgornat laṣliyin ytbadlo b lichan dyal M5 Stuart).","One unrestored hull is currently owned by Hugh Movie Supplies in England . The owner also has a turret cast reproduction and an engine , but is missing the original tracks ( the original tracks and sprockets can be replaced by M5 Stuart ones ) .",هيكل واحد غير مُرمم تملكه حالياً شركة هيو موفي سبلايزز في إنجلترا. يمتلك المالك أيضًا نسخة مصبوبة من برج المدفع ومحركًا، ولكنه يفتقر إلى الجنادب الأصلية (يمكن استبدال الجنادب والتروس المسننة الأصلية بجنادب عربة إم 5 ستيوارت).,VALIDATED
data50511,WIKI_D_07427,D,فشهر نونبر 1854، ماركهام كان تختار عضو ف الجمعية الجغرافية الملكية. الجمعية دغيا ولات هي المركز ديال الاهتمامات الجغرافية ديالو، وف 1863 تعين سيكريتير شرفي ديالها، منصب غيبقى شاد فيه 25 عام.,"f chhar novembre 1854, markham kan tkhtar 3odow f ljam3iya ljoughrafiya lmalakiya. ljama3iya daghya wlat hiya lmarkaz dyal l2ihtimamat ljoughrafiya dyalo, w f 1863 t3ayan secretir charafi dyalha, mansib ghayb9a chad fih 25 3am.","In November 1854 Markham had been elected a Fellow of the Royal Geographical Society . The Society soon became the centre of his geographical interests , and in 1863 he was appointed its honorary secretary , a position he was to hold for 25 years .",في نوفمبر 1854، انتخب ماركهام زميلاً في الجمعية الجغرافية الملكية. وسرعان ما أصبحت الجمعية مركز اهتماماته الجغرافية، وفي عام 1863 تم تعيينه سكرتيرًا فخريًا لها، وهو منصب شغله لمدة 25 عامًا.,VALIDATED
data50512,WIKI_C_11810,C,فرانسيس فولجر فرانكلين (20 أكتوبر 1732 - 21 نوفمبر 1736) كان الولد الكبير ديال بنيامين فرانكلين، اللي كان من الآباء المؤسسين ديال الولايات المتحدة، من مرتو ديبورا ريد.,"fransis foljer franklin (20 octobre 1732 - 21 novembre 1736) kan lweld lkbir dyal benyamin franklin, li kan mn laba2 lmu2assisin dyal lwilayat lmutahida, mn merto debora read.","Francis Folger Franklin (October 20, 1732 – November 21, 1736) was the eldest son of Benjamin Franklin, one of the Founding Fathers of the United States, and son of his wife Deborah Read.",فرانسيس فولجر فرانكلين (20 أكتوبر 1732 - 21 نوفمبر 1736) كان ابن بنيامين فرانكلين الأكبر، أحد الآباء المؤسسين للولايات المتحدة، و ابن زوجته ديبورا ريد.,VALIDATED
data50513,WIKI_C_00638,C,طريق ميريكان 195، اللي كيتعرف بطريق الداخل، كيربط سبوكان بمنطقة پالوز فالجنوب وكيتقاطع مع طريق سيار رقم 90 غير شوية لغرب ديال سبوكان حدا واد لاتا.,"tari9 mirikan 195, li kayt3rf b tari9 ldakhil, kayrbt spokane b mintaqt palouse fl janoub w kayt9at3 m3a tari9 sayar ra9em 90 ghi chwiya lgharb dyal spokane hda wadi lata.","US 195 , also known as the Inland Empire Highway , connects Spokane with the Palouse region to the south and intersects Interstate 90 just west of Spokane near Latah Creek",الطريق السريع 195 الأمريكي، المعروف أيضاً باسم طريق الداخل السريع، يربط سبوكين بمنطقة بالوس في الجنوب، ويتقاطع مع الطريق السريع 90 غرب سبوكين بالقرب من وادي لاتا.,VALIDATED
data50514,WIKI_C_07185,C,39 كان هو اللول من بزاف ديال-القوارب اللي تغرقو فـ الحرب العالمية الثانية؛ فـ 58°32′ شمالًا، 11°49′ غربًا.,"39 kan huwa lawwal men bzaaf dyal-lqwarb lli tghrqou f l7arb l3alamia tania; f 58°32′ shmalan, 11°49′ gharban.","39 was the first of many-boats to sink during World War II, at 58°32′ N, 11°49′ W.",كان-39 أول من بين العديد من قوارب-التي غرقت خلال الحرب العالمية الثانية؛ في 58°32′ شمالًا، 11°49′ غربًا.,VALIDATED
data50515,DATA_5227,A,شكران حيت عرضتي علينا,chokran 7it 3redti 3lina,Thank you for inviting us,شكراً لدعوتنا,VALIDATED
data50516,DATA_8903,A,أنا غادي نغوت على هاد البراهش,ana ghadi nghawet 3la had lbrahech,i will scream to this boys,سأصرخ على هؤلاء الأولاد,VALIDATED
data50517,DATA_24277,B,نوع متعدد الاستعمالات مدني بباب خلفي، مصوبين منو جوج. واحد كيستعملوه البوليس ديال طوكيو وواحد باش يعاونو ملف الترشيح ديال US101.,"Nou3 muta3addid alisti3malat madani b bab khalfi, msowbin menu juj. Wahed kist3mluh albulis dyal Tokyo o wahed bach y3awnu milaff atarshih dyal US101.","Civil utility variant with rear ramp , two built . One used for Tokyo Metropolitan Police Agency and one used to support US101 bid .",نوع مدني متعدد الاستعمالات ذو باب خلفي، صُنع منه نموذجان. أحدهما تستخدمه شرطة طوكيو، والآخر لدعم ملف ترشيح يو إس 101.,VALIDATED
data50518,WIKI_C_01939,C,نهار 12 يونيو 1985 واحد f 16 b فيها جوج الناس طرات ليها مشكلة في الكونترول شمال بانك . الطيار تنترة ونجا و واحد الضابط مات.,nhar 12 juin 1985 wa7d f 16 b fiha jouj nass trat liha mushkila f lcontrol chamal banak. tiyar tntra w nja w wa7d dabit mat.,On 12 June 1985 an F 16B with two people on board experienced control problems north of Banak . The pilot ejected and survived while an officer died .,"في الثاني عشر من يونيو عام 1985، واجهت طائرة من طراز ""إف-16بي"" وعلى متنها شخصان مشاكل في التحكم شمال بانك. قفز الطيار بالمظلة ونجا، بينما توفي ضابط.",VALIDATED
data50519,DATA_3630,A,واش نتا داير ليه؟,wesh nta dayr lih?,Are you doing it for him?,هل أنت تقوم بذلك من أجله؟,VALIDATED
data50520,DATA_5753,A,علاش ماتحبسش دابا؟,3lach mat7besch daba?,Why don't you stop now?,لمَ لا تتوقف الآن؟,VALIDATED
data50521,DATA_23406,B,"خاص: ما كاين حتى شي سلطة غير نفسك (فيلم وثائقي ديال Alexander Oey, 2006) كيهدر على تاريخ Crass وDial House، وكيروي شنو دارو وكيفاش عاشو.","Khass: Ma kayn hta shi solta ghir nfssek (film dokumentari bdyal Alexander Oey, 2006) kaywetteq tarikh d Crass w Dial House.","private : There Is No Authority But Yourself ( documentary by Alexander Oey , 2006 ) documenting the history of Crass and Dial House .",خاص: لا سلطة إلا لذاتك (فيلم وثائقي لألكسندر أوي، 2006) يوثق تاريخ كراس ودايل هاوس.,VALIDATED
data50522,DATA_1054,A,"هادي قهوة بيضة, حيت ماعمرني دقتها.","hadi 9hwa bida, 7it ma3mrni de9tha.","It's a white coffee, because I've never tasted it.",إنها قهوة بيضاء، لأنني لم أتذوقها مطلقًا.,VALIDATED
data50523,DATA_19920,B,"ماثيوز، ويليام سميث بابكوك. ""حوار مع جون فيليب سوسا."" موسيقى: مجلة شهرية 9 (1896): 487-92.","Matthews, William Smith Babcock. ""Hiwar m3a John Philip Sousa."" Musiqi: Majalla chahriya 9 (1896): 487-92.","Mathews , William Smith Babcock . "" An Interview with John Philip Sousa . "" Music : A Monthly Magazine 9 ( 1896 ) : 487 – 92 .","ماثيوز، وليام سميث بابكوك. ""مقابلة مع جون فيليب سوزا."" الموسيقى: مجلة شهرية 9 (1896): 487-92.",VALIDATED
data50524,WIKI_D_09696,D,"ف 2014, Gawker نشرات ليستة ديال كاع الحلقات ديال Friends مرتبين من رقم 236 حتى رقم 1. ""The One With The Prom Video"" تصنفات كأحسن حلقة رقم 1 فالليستة.","f 2014, Gawker nashret liste dial ka3 l7alqat dial Friends mertabin mn raqm 236 hata raqm 1. ""The One With The Prom Video"" tsanefet ka7sen 7laqa raqm 1 f liste.","In 2014 , Gawker published a list of every episode of Friends ranked from # 236 through # 1 . "" The One With The Prom Video "" was ranked as the # 1 best episode on the list .","في عام 2014، نشرت غاوكر قائمة بكل حلقات مسلسل فريندزمرتبة من الرقم 236 إلى الرقم 1. وحصلت حلقة ""الحلقة التي فيها فيديو الحفل الراقص"" على التصنيف رقم 1 كأفضل حلقة في القائمة.",VALIDATED
data50525,WIKI_C_00207,C,"فاش تعرض ""Hi, Infidelity"" لأول مرة، تفرج فيه 2.057 مليون واحد، وجا فـ المرتبة 94 من بين 97 فـ الترتيب ديال السيمانة.","Fash t3rd ""Hi, Infidelity"" lawl marra, tfaraj fih 2.057 million wa7ed, w ja f lmrtaba 94 men bin 97 f tartib dyal simana.","When ""Hi, Infidelity"" premiered, 2.057 million viewers watched it, ranking 94th out of 97 in the weekly chart.","وقت عرضها الأول، شاهد فيلم ""أهلاً أيتها الخيانة"" 2.075 مليون شخص، ليحتل المرتبة 94 من بين 97 في التصنيف الأسبوعي.",VALIDATED
data50526,WIKI_D_11476,D,"الحلقة كتبوها تري باركر و مات ستون اللي شاركو فصناعة السلسلة مع الكاتب فيليب ستارك, و أخرجها باركر. ""ميكا سترايسند"" كتحاكي بزاف ديال الأفلام المشهورة ديال كايجو و فيها تصاور ديال الممثل سيدني بواتييه و الناقد السينمائي ليونارد مالتين.","l7al9a ktboha trey parker w matt stone li charko f sina3at silsila m3a lkatb philip stark, w akhrajha parker. ""mecha streisand"" kat7aki bzaf dyal aflam machhoura dyal kaiju w fiha taswir dyal l momatil sidney poitier w lna9d cinima2i leonard maltin.","The episode was written by series co creators Trey Parker and Matt Stone along with writer Philip Stark , and was directed by Parker . "" Mecha Streisand "" parodies numerous popular Kaiju films and features portrayals of actor Sidney Poitier and film critic Leonard Maltin .","كتب الحلقة المبدعان المشاركان في إنشاء المسلسل تري باركر ومات ستون، بالإضافة إلى الكاتب فيليب ستارك، وأخرجها باركر. ""ميكا سترايسند"" تسخر من العديد من أفلام ""كايجو"" الشهيرة وتتضمن تصويرًا للممثل سيدني بواتييه وناقد الأفلام ليونارد مالتين.",VALIDATED
data50527,DATA_4886,A,غاندير القيلولة,ghandir l9aylola,I will take a nap,سآخذ قيلولة,VALIDATED
data50528,DATA_14305,B,الشكل الجغرافي ديال كوكيلام تقدر تشوفو بحال شي ساعة رملية مايلة، فيها جوج طروفة كبار ديال الأرض و واحد الطريف صغير في الوسط كيربطهم.,"shakl aljughrafi dyal Kwikilam tqder tshufu bhal shi sa3a ramliya mayla, fiha juj trufa kbar dyal lard w wahed trif sghir fi lwust kayrbethum.","The geographical shape of Coquitlam can be seen like a tilted hourglass, with two large land masses connected by a small strip in the middle.",الشكل الجغرافي لـ كوكايلام يُشبه ساعة رملية مائلة، حيث يوجد كتلتان أرضيتان كبيرتان مرتبطتان بشريط صغير في الوسط.,VALIDATED
data50529,DATA_2909,A,هادشي نعكاس ديال الحالة العقلية ديالك,hadchi n3ikas dyal l7ala l3a9lia dyalk,it's a reflection of your mental state,إنه انعكاس لحالتك الذهنية,VALIDATED
data50530,DATA_14786,B,في شهر خمسة ديال 2015، كينان دار ظهور قصير فواحد الحلقة ديال Comedy Bang! Bang! بشخصية ديال موسيقي بانك وهمي سميتو بارف إدواردز.,"Fi chehar khamsa dial 2015, kinan dar douhour qsir f wahed lhalqa dial Comedy Bang! Bang! b chekhssiya dial moussiqi bank wahmi smitou Barf Edwards.","In May 2015 , Keenan made a cameo in an episode of Comedy Bang ! Bang ! as fictional punk musician Barf Edwards .",فِي شَهْر مايو 2015، ظهر كينان لفترة قصيرة في إحدى حلقات كوميدي بانغ! بانغ! بشخصية موسيقي بانك وهمي يُدعى بارف إدواردز.,VALIDATED
data50531,DATA_23959,B,أورسولا أندريس بدور فيسبر ليند / 007 - عميلة سرية بريطانية متقاعدة مضطرة ترجع للخدمة مقابل تتساهل ليها الدولة في الضرائب اللي عليها.,Ursula Andress bdawr Vesper Lynd / 007 - 3amila siriya britaniya mutaqa3ida mudtara trje3 lkhidma muqabil ttsahal liha dawla f darayb li 3liha.,Ursula Andress as Vesper Lynd / 007 – A retired British secret agent forced back into service in exchange for writing off her tax arrears .,أورسولا أندرس في دور فيسبر ليند / 007 – عميلة بريطانية سرية متقاعدة أُجبرت على العودة للخدمة مقابل شطب متأخرات ضرائبها.,VALIDATED
data50532,WIKI_D_08585,D,محطة الشحن العامة – كتعامل مع الماكلة، علف ديال البهائم، القطن، الطابا والمنتوجات الصناعية؛ فيها تسهيلات ديال المعالجة، التغليف والتخزين، ستة ديال الأرصفة وغاطس ديال 9.2 متر.,"ma7attat lsha7n l3amma – kat3amel m3a lmakla, 3alf dyal lbhaym, lqotn, ltabba w lmntoujat sina3iya; fiha tasiylat dyal lmo3alaja, taghylif w takhzin, sta dyal l2arsifa w ghatis dyal 9.2 mitr.","General cargo terminal – handles food, animal feed, cotton, tobacco, and industrial products; it includes facilities for processing, packaging, and storage, six berths, and a 9.2-meter draft.",محطة الشحن العامة – تتعامل مع المواد الغذائية، أعلاف الماشية، القطن، التبغ والمنتجات الصناعية؛ وتضم مرافق للمعالجة، التغليف والتخزين، ست أرصفة وعمق غاطس يبلغ 9.2 متر.,VALIDATED
data50533,WIKI_D_06112,D,جون بنا طاحونة ديال لخشب و طاحونة ديال الدقيق على واد لكاتاويسا الصغير على بعد 5 ميل (0.80 كيلومتر) غرب رينغتون عام 1853. واد لكاتاويسا الصغير كان كيتستعمل كاحتياط ديال لما فالوقت ديال الضرورة في أوائل التسعينيات.,john bena ta7ona dyal lkhchb w ta7ona dyal d9i9 3la wad lkatawisa sghir 3la b3d 5 mil (0.80 km) gharb ringtown 3am 1853. wad lkatawisa sghir kan kay sta3emel ka7tiyat dyal lma falwaqt dyal darora f awa2il tese3inat.,John constructed a sawmill and gristmill on Little Catawissa Creek 0.5 miles ( 0.80 km ) west of Ringtown in 1853 . Little Catawissa Creek was used as an emergency water supply in the early 1900s .,أنشأ جون منشرة للطحن ومطحنة للحبوب على جدول كاتويسا الصغير، على بعد 0.5 ميل (0.80 كم) غرب رينجتاون في عام 1853. استُخدم جدول كاتويسا الصغير كمصدر مياه للطوارئ في أوائل القرن العشرين.,VALIDATED
data50534,WIKI_C_01835,C,تحت الممر الخشبي - قصة مونوبولي - فيلم كيهضر على التاريخ اللول ديال اللعبة مع مقابلات فيها فيل أوربانيس، راندولف بارتون، فيكتور واتسون، و تشارلز دارو الثاني.,"t7t l-m'r l-khchbi - sst monoboli - film kayhdar 3la t-tarikh l-lwl dyal l-lb3 m3 m9ablat fiha phil orbannys, randolph barton, victor watson, w charles darrow II.","Under the Boardwalk – The MONOPOLY Story – Film detailing the early history of the game with interviews including Phil Orbanes , Randolph Barton , Victor Watson , & Charles Darrow II .",تحت الرصيف الخشبي – قصة مونوبولي – فيلم يوثق التاريخ المبكر للعبة مع مقابلات تضم فيل أوربانيس، وراندولف بارتون، وفيكتور واتسون، وتشارلز دارو الثاني.,VALIDATED
data50535,DATA_3675,A,واخا، گوليا شنو جابك هنا,"wakha, goliya chno jabk 8na","Well, tell me what brings you here",حسناً، أخبرني ما الذي أتى بك إلى هنا,VALIDATED
data50536,DATA_19937,B,في قصيدة فولوسبا من الإيدا الشعرية، هلين كاتذكر في ماتيقول على موت الإله أودين خلال المعركة الكبيرة اللي غاتوقع في راكناروك:,"Fi qasida folousba min al-ida achi3riya, helen katdkker fi ma teqoul 3la mout al-ilah Odin khilal alma3raka elkebira li ghatouqqa3 fi rakenarok:","In the Poetic Edda poem Völuspá , Hlín receives a mention regarding the foretold death of the god Odin during the immense battle waged at Ragnarök :","في قصيدة ""فولوسبا"" من ""الإيدا الشعرية""، تحظى هلين بذكر فيما يتعلق بالموت المتنبأ به للإله أودين خلال المعركة الهائلة التي ستُشَن في راجناروك.",VALIDATED
data50537,WIKI_D_11804,D,هاد التراك كان فالموسيقى ديال فيلم Real Steel ديال 2011، وحتى فلعبة NBA ديال 2K Sports. وتستعمل حتى فالتريلر ديال السيزون 8 ديال Entourage ديال HBO، وكذلك فالتريلر المطوّل ديال Fast & Furious 6.,"Had track kan f soundtrack dyal film Real Steel dyal 2011, w hatta f lo3bat NBA dyal 2K Sports. Tsta3mel hatta f trailer dyal season 8 dyal Entourage dyal HBO, w f trailer l‑mtowel dyal Fast & Furious 6.","The track was featured on both the soundtracks of the 2011 film Real Steel , and on 2K Sports ' NBA . The track was also used for HBO 's Entourage season 8 trailer and the Extended First Look trailer for Fast & Furious 6 .","ظهرت الأغنية في الموسيقى التصويرية لفيلم ""Real Steel"" عام 2011، وكذلك في لعبة ""NBA"" التابعة لشركة ""2K Sports"". كما استُخدمت الأغنية في الإعلان الترويجي للموسم الثامن من مسلسل ""Entourage"" على قناة HBO، وكذلك في الإعلان الترويجي المطوّل لفيلم ""Fast & Furious 6"".",VALIDATED
data50538,WIKI_D_04728,D,حتى لعام 2007، مازال التسجيلات ديال طائر ويلسون لغراب الماء (من 1985 و1998)، وطيور النورس الأنيقة (من 2002)، وعدد من طيور الزقزاق الشرقي والذوائب الصغار، وحتى بعض طيور الحسون العادي اللي باينين من شمال إفريقيا، مازالين قيد الدراسة.,"7tta l3am 2007, mazal tsjilat dyal tayr Wilson l-ghorab lma (men 1985 w 1998), w toyour n-nawras l-ani9a (men 2002), w 3adad men toyour z9za9 shar9i w dhawayeeb sghar, w 7tta chi toyour 7assoun 3adi li baynin men chamal ifriqiya, mazalin 9id dirasa.","As of 2007 , records of Wilson 's snipe ( from 1985 and 1998 ) , elegant terns ( from 2002 ) , a number of eastern whitethroats and lesser whitethroats , and several apparent North African common chaffinches , are still under consideration .",حتى عام 2007، لا تزال سجلات طائر الشنقب ويلسون (من عامي 1985 و 1998)، وطائر الخرشنة الأنيق (من عام 2002)، وعدد من طيور الغنّات الشرقية والغنّات الصغرى، وعدد قليل من طيور الشوفان الشائعة شمال الأفريقية الواضحة، قيد الدراسة.,VALIDATED
data50539,WIKI_D_08434,D,"أغاني خرا خرين دارو على مواضيع غريبة بحال ""Wave of Mutilation"" اللي وصفها فرانسيس باللي كتهضر على ""رجال الأعمال يابانيين اللي كيديرو قتل انتحاري مع عائلاتهم حيت فشلو فالخدمة، و كيكونوا سايقين من فوق واحد الرصيف للبحر.""","Istikchafat aghani okhra mawadi3 ghriba, b7al oghniyat ""Wave of Mutilation"", li wasafha Francis b annaha katdour 7awl ""rijal a3mal yabaniyin kayrtakbou jara2im 9atl inti7aria m3a 3a2ilat-hom bisabab fashal-hom f l3amal, w homa kay9odou tomobilat-hom mn fou9 raseef l lmo7it"".","Other songs explored eccentric subjects , such as in "" Wave of Mutilation "" , which Francis described as being about "" Japanese businessmen doing murder-suicides with their families because they 'd failed in business , and they 're driving off a pier into the ocean . ""","استكشفت أغاني أخرى مواضيع غريبة، مثل أغنية ""Wave of Mutilation""، التي وصفها فرانسيس بأنها تدور حول ""رجال الأعمال اليابانيين الذين يرتكبون جرائم قتل انتحارية مع عائلاتهم بسبب فشلهم في العمل، وهم يقودون سياراتهم من فوق رصيف إلى المحيط"".",VALIDATED
data50540,WIKI_C_00584,C,مارْيون (1989). نساء فالمجهول: مرجع على المستكشفات و المسافرات. نيويورك: دار النشر غرينوود.,Marion (1989). Nisa2 fi lmajhoul: kitab marji3i 3an lmoustakshifat w rra7ala. New York: Matabi3 Greenwood.,Marion ( 1989 ) . Women into the Unknown : A Sourcebook on Women Explorers and Travelers . New York : Greenwood Press .,ماريون (1989). نساء في المجهول: كتاب مرجعي عن المستكشفات والرحالة. نيويورك: مطابع غرينوود.,VALIDATED
data50541,DATA_13692,B,الكيلمات ديال المسافة اللي شمال جيلّا بيند كتعكس المسافات ديال طريق 80 القديمة بالقياس مع الحدود ديال كاليفورنيا.,Ta3kes l-amyal li kaynin chamal Gila Bend l-masafa li tqta3at 3la t-tariq l-amriki l-9dim 80 7da khat wilayat California.,The mileposts north of Gila Bend reflect the mileage of old US 80 in proximity to the California state line .,تعكس الأميال الواقعة شمال جيلا بيند المسافة المقطوعة على الطريق الأمريكي القديم 80 بالقرب من خط ولاية كاليفورنيا.,VALIDATED
data50542,WIKI_D_01148,D,تدارو القناطر ديال الإيزو المتوازية اللي كيدوز منها الطريق السيار 15 فوق الطريق السيار 161 فالنهاية الشمالية ديالو عام 1966، بالتزامن مع بناء الطريق السيار 15 فهاد المنطقة. وتبنات القناطر اللي كيدوز منها الطريق السيار 70 فوق الطريق السيار 161 عام 1973.,"Tdarou lqanater dyal l‑iso lmotawaziya lli kaydouz menhom tariq siyari 15 fou9 tariq siyari 161 f nihaya chamaliya dyalo 3am 1966, bttazamon m3a bina2 tariq siyari 15 f had lmant9a. W tbnat lqanater lli kaydouz menhom tariq siyari 70 fou9 tariq siyari 161 3am 1973.",The parallel T-beam bridges that carry I-15 over SR-161 at its northern terminus were constructed in 1966 along with the construction of I-15 though the area . The bridges carrying I-70 over SR-161 were constructed in 1973 .,تم إنشاء جسور الإيزو المتوازية التي تحمل الطريق السريع 15 فوق الطريق السريع 161 عند نهايته الشمالية في عام 1966 بالتزامن مع إنشاء الطريق السريع 15 عبر المنطقة. تم بناء الجسور التي تحمل الطريق السريع 70 فوق الطريق السريع 161 في عام 1973.,VALIDATED
data50543,WIKI_D_03842,D,بصفتها منخفض مداري، سيلا دازت فوق جزيرة فانوا ليفو. وخا المنطقة كانت تضررات بزاف بسبب الإعصار أمي جوج سيمانات قبل، الما ديال الفيضانات اللي جاو مع الشتا ديال الإعصار رجع بالزربة حيت العاصفة كانت كتحرك دغيا.,"bisfetha mnkhedf madari cilla dazt fouq vanua levu. wakha l-mintaqa kanet tdarret bzzaf bsbab l-i3sar ami jouj simanat qbel, lma dyal l-fiyedanat lli jaw m3a shata dyal l-i3sar rje3 bzzarba hit l3asfa kanet kthearek deghya.","As a tropical depression , Cilla passed over Vanua Levu . Even though the region had been severely affected by Cyclone Ami two weeks earlier , flood waters that resulted from rains associated with the cyclone quickly receded due to the storm 's rapid motion .",بصفتها منخفضًا استوائيًا، مرت سيلّا فوق جزيرة فانوا ليفو. ورغم أن المنطقة تضررت بشدة بسبب الإعصار أمي قبل أسبوعين، إلا أن مياه الفيضانات الناتجة عن الأمطار المرتبطة بالإعصار سرعان ما انحسرت بسبب الحركة السريعة للعاصفة.,VALIDATED
data50544,DATA_16157,B,جون رادكليف (1652 - 1714)، اللي أسس مستشفى جون رادكليف ديال أوكسفورد و كان طبيب ديال ويليام ديال أورانج.,"John Radcliffe (1652 - 1714), li assess sbitar John Radcliffe dyal Oxford o kan tbib dyal William dyal Orange.","John Radcliffe ( 1652 – 1714 ) , founder of Oxford 's John Radcliffe Hospital and physician to William of Orange .",جون رادكليف (1652-1714)، مؤسس مستشفى جون رادكليف في أكسفورد وطبيب ويليام من أورانج.,VALIDATED
data50545,WIKI_C_11212,C,"العلاقات الاجتماعية (بالبولندية، "" społeczne""): هادو كيحتاجو على الأقل جوج د الناس وواحد الالتزام متبادل؛ الدراسة ديال العلاقات الاجتماعية هي الدراسة ديال القواعد اللي كتنظم الأفعال الاجتماعية؛","l3alaqat lijtima3iya (blpolandia, "" społeczne""): hadu kay7taju 3la la9al jouj d nass w7da liltizam motzbadal; ddrassa dyal l3alaqat lijtima3iya hiya ddrassa dyal lqwa3id li katnadam l af3al lijtima3iya;","social relations ( in Polish , "" społeczne "" ) : these require at least two persons and a mutual obligation ; the study of social relations is the study of norms regulating social actions ;","العلاقات الاجتماعية (بالبولندية، społeczne""): تتطلب هذه على الأقل شخصين والتزامًا متبادلًا؛ دراسة العلاقات الاجتماعية هي دراسة للقواعد المنظمة للأفعال الاجتماعية؛",VALIDATED
data50546,DATA_22921,B,محمد علي جناح كان كيلعب لبلياردو فالفندق باش يدبر شوية ديال الفلوس زيادة.,Mohamed Ali Jinnah kan kil3ab lbiyaldo fel-fondok bash idaber shwiya dial flous ziyada.,"Muhammad Ali Jinnah used to play pool in the hotel , to make a little extra money for himself .",اعتاد محمد علي جناح على لعب البلياردو في الفندق، لكسب القليل من المال الإضافي لنفسه.,VALIDATED
data50547,DATA_12205,A,عمرك ت تقاعد بكري,3emrek t t9a3d bekri,you should never retire early,لا ينبغي لك أبداً التقاعد المبكر,VALIDATED
data50548,DATA_15853,B,أغنية سيء (ريمكس أفروجاك) [بمشاركة بيت بول] [تعديل دي جي بوذا] - أغنية منفردة - 4:29,Khayb (Afrojack Remix) [feat. Pitbull] [DJ Buddha Edit] - Single - 4:29,Bad (Afrojack Remix) [feat. Pitbull] [DJ Buddha Edit] - Single - 4:29,سيء (ريمكس أفروجاك) [بمشاركة بيت بول] [تعديل دي جي بوذا] - أغنية منفردة - 4:29,VALIDATED
data50549,WIKI_D_02846,D,الكتاب د الأغاني ديال جامعة مكجيل، لي جمعاتو لجنة متكونة من خريجين و طلبة، تنشر فمونتريال من طرف W.F. Brown، تقريبا عام 1896. من بين بزاف ديال الأغاني لي كيتعزفو و كيتغناو فمناسبات مختلفة بحال التخرج و الاحتفالات، و الماتشات د الرياضة :,"ktab dyal l'aghani dyal jami3a dyal mcgill, li jama3to lajna mkaouna mn kharejin w talaba, tnechar f montreal mn taraf W.F. Brown, ta9riban 3am 1896. mn bin bezzaf dyal l'aghani li kayt3zafo w kaytghnaw f monasabat mokhtalifa bhal takharoj w l'ihtifal, w lmatchat ryadia .","The McGill University song book , compiled by a committee of graduates and undergraduates , was published in Montreal by W.F. Brown , circa 1896 . Notable among a number of songs commonly played and sung at various events such as commencement and convocation , and athletic games are :",كتاب أغاني جامعة مكجيل، الذي جمعته لجنة من الخريجين والطلاب، نُشر في مونتريال بواسطة دبليو. إف. براون، حوالي عام 1896. ومن بين عدد من الأغاني التي تُعزف وتُغنى عادةً في مناسبات مختلفة مثل التخرج والاحتفالات، والمباريات الرياضية، نذكر على وجه الخصوص:,VALIDATED
data50550,DATA_9443,A,ضنيت بلي غادي يهضر مع صاحبو.,Dnit belli ghadi yehder m3a sahbo.,i thought he will speak to his friend,ظننت أنه سيتحدث إلى صديقه,VALIDATED
data50551,DATA_4813,A,كانتمشّا كول صباح,kantmechcha kol Sba7,I go for a walk every morning,أذهب في نزهة كل صباح,VALIDATED
data50552,WIKI_D_09767,D,حيت ما كاين حتى اتحاد دولي، لعبة بوغ هاوس التنافسية فالرقعة مازال فالبداية ديالها بزاف. وما كايناش بطولة عالمية. بعض الدول كينظمو بطولات ديال بوغ هاوس تحت الاتحاد الوطني ديال الشطرنج. ومن الأمثلة على هاد الشي.,"Hit ma kayn 7tta itihad dawli, l3bat bughouse tanfosiya f‑raq3a mazal f lbidaya dyalha bzaf. W ma kaynach botola 3alamiya. Ba3d dowal kaynaddmo botolat dyal bughouse ta7t liti7ad lwatani dyal chataranj. W men l amtila 3la had chi.","With the absence of an International Federation , over-the-board competitive bughouse is very much in its infancy . There is also no world championship . A few countries do organize bughouse tournaments within the national chess federation . Examples include :",مع غياب اتحاد دولي، فإن لعبة البوغ هاوس التنافسية على الرقعة لا تزال في بدايتها إلى حد كبير. ولا توجد بطولة عالمية. تنظم بعض الدول بطولات للبوغ هاوس ضمن الاتحاد الوطني للشطرنج. ومن الأمثلة على ذلك:,VALIDATED
data50553,DATA_5709,A,هوا ماشي مالك,8owwa machi malak,He is not an angel,ليس ملاكًا,VALIDATED
data50554,DATA_23933,B,تزّاد الحصن فقائمة الآثار عام 1925، وتضرّر بسبب القصف الجوي فـالحرب العالمية الثانية,"Tzad l7esn f qa2imat l‑athar 3am 1925, w tderer bsbab l‑qasf l‑jawwi f l7arb l3alamia tania.",The fort was included on the Antiquities List of 1925 . It was damaged by aerial bombardment during World War II .,تم إدراج الحصن في قائمة الآثار عام 1925. وقد تعرض لأضرار جراء القصف الجوي خلال الحرب العالمية الثانية.,VALIDATED
data50555,WIKI_C_10980,C,كاينة دراسة كتقول بلي إدخال الأورو كان عندو تأثير إيجابي على عدد الرحلات السياحية داخل منطقة الاتحاد النقدي الأوروبي، بزيادة ديال 6.5%,"Kayna dirassa kat9ol belli idkhal l‑euro kan 3ndo ta2tir ijabi 3la 3adad rihlat siyahiya dakhel mantiqat l‑itti7ad na9di l‑orobi, b ziyada dyal 6.5%.","A study suggests that the introduction of the euro has had a positive effect on the amount of tourist travel within the EMU , with an increase of 6-5 % .",تشير دراسة إلى أن إدخال اليورو كان له تأثير إيجابي على حجم السفر السياحي داخل منطقة الاتحاد النقدي الأوروبي، مع زيادة قدرها 6.5%.,VALIDATED
data50556,WIKI_D_04814,D,تزوج هاجر بكاتالينا وايت فدجنبر 2010. وتزاد عندهم الولد الأول ديالهم، نوكس ستيرلينغ، فـ17 أكتوبر 2011. وفـ18 ماي 2015 تزادت عندهم البنت الثانية ديالهم، بريسلي بيرل.,"Tzowwej Hajar b Catalina White f December 2010. W t3 zad ndhom l‑weld l‑awal dyalhom, Knox Sterling, f 17 October 2011. W f 18 May 2015 tzadat 3ndhom lbent tania dyalhom, Presley Pearl.","Hager married Catalina White in December 2010 . The couple had their first child , son Knox Sterling , on October 17 , 2011 . On May 18 , 2015 , the couple had their second child , daughter Presley Pearl .",تزوجت هاجر بكاتالينا وايت في ديسمبر 2010. وأنجب الزوجان طفلهما الأول، الابن نوكس ستيرلينغ، في 17 أكتوبر 2011. وفي 18 مايو 2015، أنجب الزوجان طفلهما الثاني، الابنة بريسلي بيرل.,VALIDATED
data50557,DATA_18849,B,بسبب تهم التلاعب فالعملة، خلّص بنك يو بي إس 800 مليون دولار لهيئات تنظيمية فأمريكا وبريطانيا وسويسرا.,"Bsbab tohmat ttala3ob f l3omla, khalles bank UBS 800 million dollar l hay2at tanzimiya f America w Britain w Switzerland.","For the currency rigging charges , UBS paid US $ 800 million to American , British , and Swiss regulators .",مقابل تهم التلاعب بالعملة ، دفع بنك يو بي إس 800 مليون دولار أمريكي لهيئات تنظيمية أمريكية وبريطانية وسويسرية.,VALIDATED
data50558,DATA_14000,B,فـ15 يناير 2012، تعلن بلي هانتسمان غادي ينسحب من السباق فاليوم اللي من بعد وغادي يدعم ميت رومني.,"F 15 January 2012, t3lan belli Huntsman ghadi yens7ab men sba9 f nhar li men b3d w ghadi yed3em Mitt Romney.","On January 15 , 2012 , it was announced that Huntsman would be withdrawing from the race the next day and endorsing Mitt Romney .",في ١٥ يناير ٢٠١٢، أُعلن أن هانتسمان سينسحب من السباق في اليوم التالي ويدعم ميت رومني.,VALIDATED
data50559,WIKI_C_04062,C,داك الشي اللي برا الغلاف الجوي ديال الأرض و كيوصل حتى كيدوز شوية المدار ديال القمر، و فيه النقط ديال لاغرانج، شي مرات كيتسمى الفضاء القمري القريب.,"dak shi li bra lghlaf jwiyi dyal l'ard w kiyosol 7ta kiduz shwiya lmadar dyal l9amar, w fih l niqt dyal lagrange, shi marrat kiytsmma l fada2 l qamari l 9arib.","The region outside Earth 's atmosphere and extending out to just beyond the Moon ' s orbit , including the Lagrangian points , is sometimes referred to as cis-lunar space .",يُشار أحيانًا إلى المنطقة الواقعة خارج الغلاف الجوي للأرض وتمتد إلى ما بعد مدار القمر بقليل، بما في ذلك نقاط لاغرانج، باسم الفضاء القمري القريب.,VALIDATED
data50560,WIKI_D_04227,D,كانو ربعة د المراحل رئيسية فبنيان ديال القلعة. الخدمة على الجزء اللول، واحد لقصر محصن ديال الدسپوت Đurađ Branković اللي تبنى فين كيتلاقاو الوديان، بدات فالخريف ديال 1428.,"kanu rba3a d lmara7el ra2issiya f bnyan dyal lqal3a. lkhdma 3la l joz2 llowl, wa7d l9sr m7aSSn dyal adisput Đurađ Branković lli tsbna fin kital9aw lwadyan, bdat f lkhrief dyal 1428.","There were four main phases in the construction of the fortress . The work on the first part , a fortified manor for Despot Đurađ Branković built at the confluence of the rivers , began in the autumn of 1428 .",كانت هناك أربع مراحل رئيسية في بناء القلعة. بدأ العمل على الجزء الأول، وهو قصر محصن للدسپوت دوراد برانكوفيتش، بني عند التقاء الأنهار، في خريف عام 1428.,VALIDATED
data50561,DATA_10018,A,كان كيسحاب ليا غادي يتراسي الحدود,kan kis7ab liya ghadi ytrassi l7odod,i thought that he will trace limits,ظننت أنه سيضع حدوداً,VALIDATED
data50562,WIKI_C_04580,C,المتتالية (x0، x1، x2…) كتكون عندها نهاية هي x إلا ولات المسافة |x − xn| صغيرة بزاف كلما تزاد n. والقول بلي 0.999 =1,"wa7d silsla ( x0 , x1 , x2 , … ) 3ndha wa7d llimit x ila kanat lmsafa | x − xn | katSghar bzaf kolma n kbr. l3ibara katgol bli 0.999 … =1","A sequence ( x0 , x1 , x2 , … ) has a limit x if the distance | x − xn | becomes arbitrarily small as n increases . The statement that 0.999 =1",تكون للمتتالية (x0، x1، x2، …) نهاية تساوي x إذا أصبحت المسافة |x − xn| صغيرة بشكلٍ اعتباطي كلما ازداد n. والعبارة التي تقول إن 0.999 = 1,VALIDATED
data50563,DATA_12202,A,عمرك تحسر القدورات ديالك,3emrek t 7ser l9dourat dialek,you should never limit yourself,لا ينبغي لك أبداً أن تحد من نفسك,VALIDATED
data50564,WIKI_C_10568,C,واحد لمسرحية سميتها 1856، دارها كوري إلسوورث، اللي هو من ذرية إدموند إلسوورث، دازت ف ميسا، أريزونا و سالت ليك سيتي ف شهر سبعة د 2006.,"wa7ed lmasra7iya smahya 1856, darha kory elsworth, lli howa mn drriyat edmund elsworth, dazet f mesa, arizona w salt lake city f chher sab3a d 2006.","A musical called 1856 , produced by Cory Ellsworth , a descendant of Edmund Ellsworth , was performed in Mesa , Arizona and Salt Lake City in July 2006 .",تم تقديم مسرحية موسيقية بعنوان 1856، من إنتاج كوري إلسوورث، وهو سليل إدموند إلسوورث، في ميسا، أريزونا، وسولت ليك سيتي في يوليو 2006.,VALIDATED
data50565,DATA_2006,A,كيعجبوني الفكارن بزاف,kay3ajboni lfkarn bzaf,I like turtles a lot!,أحب السلاحف كثيراً!,VALIDATED
data50566,WIKI_C_05709,C,طريقة القطرة المعلّقة: بهاد التقنية يمكن قياس التوتر السطحي والتوتر بين السوائل حتى فدرجات حرارة وضغط مرتفعين. كيتحلّل شكل القطرة بالعين أو بصرياً. وللمزيد من التفاصيل شوف القطرة.,Tariqat l‑qatra l‑mo3allaqa: b had technique yumkin qiyas tawator s‑sat7i w tawator bayni 7ta f darajat 7arara w daght mourtafi3in. Kayt7ellal chkl l‑qatra basariyan. L tafasil aktar chouf l‑qatra.,"Pendant drop method : Surface and interfacial tension can be measured by this technique , even at elevated temperatures and pressures . Geometry of a drop is analyzed optically . For details , see Drop .",طريقة القطرة المتدلية: يمكن قياس التوتر السطحي والتوتر البيني بهذه التقنية، حتى في درجات الحرارة والضغوط المرتفعة. يتم تحليل هندسة القطرة بصريًا. للتفاصيل، انظر القطرة.,VALIDATED
data50567,DATA_15622,B,إيلا بقاو شي فراقي من هادوك لي لفوق متساويين من بعد ما طبقنا هاد المعايير، الترتيب ديالهم غادي يتقرر بالقرعة.,"ila bqaw shi furaqi mn hadouk li lfouq mtsawiin mn b3d ma tbqna had lma3ayir, tartib dyalhoum ghadi ytqrr belqor3a.","If any of the teams above remain level after applying the above criteria , their ranking will be determined by the drawing of lots",إذا بقي أي من الفرق المذكورة أعلاه متعادلاً بعد تطبيق المعايير المذكورة، فسيتم تحديد ترتيبهم عن طريق سحب القرعة.,VALIDATED
data50568,WIKI_D_09435,D,مبنى دوك هاوس فيه أقسام البحث والتطوير وقسم الدين والأخلاقيات ديال بي بي سي. وفنوفمبر 2011 انتقلو فرق BBC Radio 6 Music من مبنى البث الجديد لدوك هاوس، فين كيتدارو حتى بعض البرامج ديال BBC Radio 4.,"Mabna Dock House fih a9sam l‑ba7t w tatwir w qism d‑din w l‑akhlaq dyal BBC. F November 2011 nta9lo far9 BBC Radio 6 Music men New Broadcasting House l Dock House, fin kaytdaro 7ta ba3d baramij dyal BBC Radio 4.","Dock House contains the BBC 's Research & Development and Religion & Ethics departments . In November 2011 BBC Radio 6 Music teams moved from New Broadcasting House into Dock House , where some programmes for BBC Radio 4 are made .",يضم مبنى دوك هاوس قسمي البحث والتطوير والدين والأخلاقيات في هيئة الإذاعة البريطانية. وفي نوفمبر 2011 انتقلت فرق بي بي سي راديو 6 ميوزيك من مبنى البث الجديد إلى دوك هاوس، حيث يتم إنتاج بعض برامج بي بي سي راديو 4.,VALIDATED
data50569,DATA_20181,B,مبنى دوك هاوس فيه أقسام البحث والتطوير وقسم الدين والأخلاقيات ديال بي بي سي. وفنوفمبر 2011 انتقلو فرق BBC Radio 6 Music من مبنى البث الجديد لدوك هاوس، فين كيتدارو حتى بعض البرامج ديال BBC Radio 4.,"Mabna Dock House fih a9sam l‑ba7t w tatwir w qism d‑din w l‑akhlaq dyal BBC. F November 2011 nta9lo far9 BBC Radio 6 Music men New Broadcasting House l Dock House, fin kaytdaro 7ta ba3d baramij dyal BBC Radio 4.","Other recreational uses that do not involve breathing include pyrotechnic applications , such as George Goble 's five-second ignition of barbecue grills .",استخدامات ترفيهية أخرى لا تتضمن التنفس تشمل التطبيقات النارية ، مثل إشعال جورج جوبل للشوايات لمدة خمس ثوانٍ.,VALIDATED
data50570,DATA_7260,A,خلينا نبلنيو شي سفر لشي بلاصة ماعمرنا ماشفناها,5lina nblniw chi sfer lchi blassa ma2merna machfnaha,let's plan a surprise weekend trip to a place we've never been before,لنخطط لرحلة نهاية أسبوع مفاجئة إلى مكان لم نزره من قبل,VALIDATED
data50571,DATA_7518,A,وهزوني يورجنت الطبيب,whzouni urgent ltbib,and i want to the emergencies,وأريد التوجه إلى الطوارئ,VALIDATED
data50572,WIKI_C_04994,C,"فبريطانيا، فيلم ""القاتل"" خرج ف ديڤيدي مع ""Hong Kong Legends"" نهار 21 أكتوبر 2002، وكانت معاه شي هضرة مسموعة فيها باي لوڭان، و شي مقابلات مع كينيث تسانڭ، سالي يي، والمصور پيتر پاو.","f britanya, film ""el katel"" khrej f dvd m3 ""Hong Kong Legends"" nhar 21 oktober 2002, w kanet m3ah chi hḍra msmu3a fiha Bey Logan, w chi mo9ablat m3 Kenneth Tsang, Sally Yeh, w el moṣawwer Peter Pau.","In the United Kingdom , The Killer was released on DVD by Hong Kong Legends on 21 October 2002 which included an audio commentary with Bey Logan and interviews with Kenneth Tsang , Sally Yeh and cinematographer Peter Pau .","في المملكة المتحدة، صدر فيلم ""القاتل"" على قرص دي في دي عن طريق شركة ""هونغ كونغ ليجندز"" في 21 أكتوبر 2002، وتضمن تعليقاً صوتياً مع بي لوغان ومقابلات مع كينيث تسانغ، سالي يي، والمصور السينمائي بيتر باو.",VALIDATED
data50573,DATA_21084,B,بويز، ويليام دي. (1925). أفريقيا المصورة، الشمالية، الاستوائية، الجنوبية. شيكاغو: راند ماكنالي وشركاه.,"bouize, wiliam di. (1925). afriqia lmoussawra, shshimalia, l-istiwai'ia, l-janoubia. shikago: rand maknali wa shurakao.","Boyce , William D. ( 1925 ) . Illustrated Africa , North , Tropical , South . Chicago : Rand McNally & Co .",بویس، ویلیام دی. (١٩٢٥). أفريقيا المصورة، شمالاً، استوائياً، جنوباً. شيكاغو: راند ماكنالي وشركاه.,VALIDATED
data50574,DATA_10804,A,ما كنظنش غادي يسبقها فالجري.,Ma kandonnch ghadi ysb9ha f jri.,I dont think he wll outrace her,لا أعتقد أنه سيتفوق عليها في السباق.,VALIDATED
data50575,wiki_8,B,بلي أول مغريبي ربح ميدالية أولمپية، عبد سلام راضي، تحنسر ف حياتو ل درجة أنو باع ديك لميدالية,"Bli awal maghribi rab7 midaliyat olympia, Abdel Salam Radi, t7nsar f 7yato l daraja ano ba3 dik l medalya","the first moroccan to win an olympic medal, abdel salem radi, struggled so much in his life that he sold that medal.",حاز أول مغربي يفوز بميدالية أولمبية، عبد السلام راضي، على نجاح في حياته لدرجة أنه باع تلك الميدالية.,VALIDATED
data50576,DATA_12490,A,عمرك جربتي توقف دكشي لي كادير,3emrek jerebti twe99ef dkchi li kadir,Have you tried to stop what you do,هل حاولت التوقف عما تفعله؟,VALIDATED
data50577,DATA_19291,B,Bit: 02 (DST1) كيكون اون فالميط ديال UTC ف نص الليل نيشان مورا ما كيبدا التوقيت الصيفي، و كيطفى فالميط ديال UTC ف نص الليل نيشان مورا ما كيرجع التوقيت العادي.,"Bit: 02 (DST1) kaykoun on falmit dyal UTC f nns lil nishan moura ma kibda t-touqit s-sifi, o kaytfa falmit dyal UTC f nns lil nishan moura ma kayrja3 t-touqit l-3adi.","Bit : 02 ( DST1 ) is set at UTC midnight just after DST comes into effect , and cleared at UTC midnight just after standard time resumes .",يتم تعيين البت 02 (DST1) عند منتصف ليل التوقيت العالمي المنسق بعد دخول التوقيت الصيفي حيز التنفيذ مباشرة، ويتم مسحه عند منتصف ليل التوقيت العالمي المنسق بعد استئناف التوقيت القياسي مباشرة.,VALIDATED
data50578,DATA_12431,A,عمرك جربتي فكّرتي فكّرتي شكون كاتبغي كتر ?,3emrek jerebti fekkerti chkon katbghi kter ?,Have you tried to think whom you love more,هل حاولت التفكير فيمن تحب أكثر؟,VALIDATED
data50579,WIKI_D_10699,D,تبين باللي الأنواع لي من تسمانيا عندها قدرة على تحمل الصقيع ف أي وقت من العام، و هادشي يقدر يفسر النجاح ديالها ف الانتشار و النمو ف مختلف البيئات ف الجزيرة. هاد الصفة يمكن تكون سمحات ليها تعيش ف الفترات الباردة ف تسمانيا ف العصر البليستوسيني.,"tbayen belli l-anwa3 li men tasmania 3andha qderra 3la t7emmoul s-sqi3 f ay waqt men l-3am, w hadchi yeqder yefsser n-nejah dyalha f l-intissar w n-numuw f mokhtalef l-bi2at f l-jziira. had s-sifa ymken tkoun sma7t liha t3iich f l-fatarat l-barida f tasmania f l-3asr l-blistocini.","Tasmanian forms have been shown to be frost tolerant at any time of year , which might explain some of their success in spreading and growing in different habitats around the island . This attribute might have allowed them to survive cold periods in Tasmania in the Pleistocene .",لقد تبين أن الأشكال التسمانية تتحمل الصقيع في أي وقت من السنة، وهو ما قد يفسر بعض نجاحها في الانتشار والنمو في موائل مختلفة حول الجزيرة. قد تكون هذه السمة قد سمحت لها بالبقاء على قيد الحياة خلال فترات البرد في تسمانيا خلال العصر البليستوسيني.,VALIDATED
data50580,WIKI_C_11623,C,"هاذ الممثل ميريكاني، ديفيد هاسلهوف اللي معروف ب ""نايت رايدر"" و ""بايواتش""، قال باللي كيشجع هاد الفريق فاش كان كيدير واحد المسرحية ديالو ف گلاسكو، و قال باللي هما ""الفريق اللي كيعجبوه بزاف واخا ديما خاسرين"".","had lmomatil mrikani, david hasselhoff li makrruf b ""knight rider"" w ""baywatch"", qal bli kishj3 had l fariq fach kan kaydir wahd l masra7iya dyalo f glasgow, w qal bli homa ""l fariq li kay3jbuh bzzaf wakha dima khasrin"".","American actor David Hasselhoff , best known for Knight Rider and Baywatch , has stated his support for the club during his pantomime run in Glasgow , and mentioned they are his "" favourite underdogs "" .","صرح الممثل الأمريكي ديفيد هاسلهوف، المعروف بأعمال مثل ""نايت رايدر"" و ""بايواتش""، بدعمه للنادي خلال مشاركته في عرض بانتميم في غلاسكو، وذكر أنهم ""الفرق المفضلة لديه بين الفرق الأقل شهرة"" .",VALIDATED
data50581,WIKI_D_08680,D,الاطباء قرروا باللي هاسكيسون غالبا غادي ينجا ولكن رجلو المجروحة غالبا غاتحتاج للبتر. مع ما كاين لا دوا لا أدوات ديال الجراحة، تسناو حتى يوصل المعدات ديال الجراحة والأخصائيين اللي مشى ستيفنسون باش يجيبهم من مانشستر.,"l-ttaba2 qarru bli huskisson galban ghadi yenza walakin rjloh l-mjro7a galban ghat7aj lel-btr. m3a makayn la dwa la adawat dyal jra7a, tsanaw 7ta ywsal l-m3addat dyal jra7a w-l-khasayin lli msha stephenson bash yjibhom mn manchester.","The doctors decided that Huskisson was likely to survive but his injured leg was likely to need amputation . With no medicines or surgical tools , they waited for the arrival of the surgical equipment and medical specialists Stephenson had gone to summon from Manchester .",قرر الأطباء أن هاسكيسون من المرجح أن ينجو، لكن ساقه المصابة من المرجح أن تحتاج إلى البتر. في غياب الأدوية أو الأدوات الجراحية، انتظروا وصول المعدات الجراحية والمتخصصين الطبيين الذين ذهب ستيفنسون لاستدعائهم من مانشستر.,VALIDATED
data50582,WIKI_C_03563,C,تشو كان كيشوف راسو مفروق مع تشين يو تشين من بعد ما خلاها عام 1922، وحس براسو حر يتزوج مرة أخرى رغم ما كان حتى طلاق رسمي.,"Zhu kan kaychouf rasso mfrou9 m3a Chen Yu Chen mn ba3d ma khlaha 3am 1922, w 7ess brasso 7orr ytzwj marra okhra rghm ma kan 7tta tla9 rasmi.","Zhu viewed himself as separated from Chen Yu chen after leaving her 1922 . He felt free to marry again , though there had been no formal divorce .",اعتبر تشو نفسه منفصلًا عن تشين يو تشين بعد أن تركها عام 1922، وشعر بأنه حر في الزواج مرة أخرى رغم عدم وجود طلاق رسمي.,VALIDATED
data50583,DATA_7363,A,كانت أحسّن طريقة نهربو بيها من ستريس ديال لخدمة,kant a7ssen tari9a nherbou biha mn stress dial l5edma,it was a perfect escape from the hustle and bustle of work,لقد كان ملاذاً مثالياً من صخب العمل وضجيجه,VALIDATED
data50584,DATA_10074,A,كان كيسحاب ليا غادي يحدّد إمتا عيكون عرس,kan kis7ab liya ghadi y7edded imta 5aykoun 3erss,i thought that he will determine when the wedding,اعتقدت أنه سيحدد موعد الزفاف,VALIDATED
data50585,DATA_18350,B,"قال على المعتقدات الروحانية ديالو ف 2014 ، ""كنظن باللي أنا متيقن باللي كانآمن. أكبر تعبير ديالي على شنو كانآمن كاين ف فيلم ""النافورة"".""","gal 3la lmu3taqadat arru7aniya diyalu f 2014, ""kanḍenn balli ana mtiqqen balli kan'aamen. akbar ta3biir diyali 3la shnu kan'aamen kayn f film ""annafoura"".""","He said of his spiritual beliefs in 2014 , "" I think I definitely believe . My biggest expression of what I believe is in The Fountain "" .","قال عن معتقداته الروحية في عام 2014: ""أعتقد أنني بالتأكيد أؤمن. أكبر تعبير لي عما أؤمن به هو في فيلم The Fountain"".",VALIDATED
data50586,WIKI_C_04373,C,وقّع كيندريك عقد لمدة عام واحد مع فريق كولورادو روكيز فـ4 فبراير 2015. ومن بعد تعيّن باش يكون اللاعب الأساسي ديال الفريق فنهار افتتاح موسم 2015.,Waqa3 Kendrick 3aqd moddat 3am wa7ed m3a fariq Colorado Rockies f 4 February 2015. W men ba3d t3ayyen bash ykoun l‑la3ib l‑asasi dyal l‑fariq f nhar iftitah mawsim 2015.,"Kendrick signed a one year deal with the Colorado Rockies on February 4 , 2015 . He was later named the Rockies ' opening day starter for the 2015 season .",وقّع كيندريك عقدًا لمدة سنة واحدة مع فريق كولورادو روكيز في 4 فبراير 2015. ولاحقًا تم اختياره ليكون الرامي الأساسي للفريق في يوم الافتتاح لموسم 2015.,VALIDATED
data50587,DATA_5344,A,خاصني نمشي للخدمة.,khaSni nmchi lkhedma,I have to go to work,يجب علي الذهاب إلى العمل,VALIDATED
data50588,WIKI_D_07446,D,معظم الإغنيمبرايت فالمنطقة الجنوبية الحجم ديالهم حوالي 50 كيلومتر مكعب ولا أقل، ومرتبطين بالبراكين الطبقية وكالديرات صغار. وكيتكونو من التبلور التجزيئي ديال صهارة أنديزيتية مع تأثير متغيّر من القشرة الأرضية.,"Mo3dam l‑ignimbrite f l‑jihat janobiya 3ndhom 7ajm dyal 50 kilometre moka3ab aw aqal, w murtabitin b stratovolcanoes w calderas sghar. Kaytjaw men fractional crystallization dyal magma andesitic m3a ta2tir motaghayyir men l‑qichra l‑ardiya.",Most ignimbrites of the southern sector have volumes of 50 cubic kilometres ( 12 cu mi ) or less and are associated with stratovolcanoes and small calderas . They are derived from fractional crystallization of andesitic magmas with variable crustal input .,معظم الإغنيمبريت في القطاع الجنوبي له أحجام تبلغ 50 كيلومترًا مكعبًا (12 ميلًا مكعبًا) أو أقل، ويرتبط بالبراكين الطبقية والكالديرات الصغيرة. وهي ناتجة عن التبلور التجزيئي للصهارة الأنديزيتية مع مدخلات قشرية متغيرة.,VALIDATED
data50589,WIKI_D_10561,D,إيرباص A330-800neo غادا تبدل نيشان إيرباص A330-200. غادي يكونو فيه موطورات رولز رويس ترينت 7000 ديال الجيل الجاي و جناحين صغار بحال ديال A350. الطيارة مبرمجة باش تبدا الخدمة في أوائل 2018 ولا أواخر 2017 مع هاواييان إيرلاينز.,airbus a330-800neo ghada tbdel nishan airbus a330-200. ghadi ykounou fih motorat rolls royce trent 7000 dyal l-jeel jay w janhin sghar bhal dyal a350. t-tayyara mbrmja bash tbda l-khidma f awaeil 2018 wla awakhir 2017 m3 hawaiian airlines.,The Airbus A330 800neo will directly replace the Airbus A330 200 . It will feature next generation Rolls Royce Trent 7000 engines and A350 style winglets . The aircraft is scheduled to enter service in early 2018 or late 2017 with Hawaiian Airlines .,سيحل طراز إيرباص A330-800neo محل طراز إيرباص A330-200 مباشرة. وسوف يشتمل على محركات رولز رويس ترنت 7000 من الجيل القادم وأطراف أجنحة على طراز A350. ومن المقرر أن يدخل الطراز الخدمة في أوائل عام 2018 أو أواخر عام 2017 مع شركة هاوايان إيرلاينز.,VALIDATED
data50590,DATA_15867,B,السلسلة الكاملة ديال ميني تطلقات على ديڤيدي ريجن 1 من طرف أليانس هوم إنترتينمنت في 3 غشت 2010.,as-silsila l-kamila dyal mini tatalqat 3la dvd region 1 mn taraf Alliance Home Entertainment fi 3 ghusht 2010.,"The complete mini series was released on Region 1 DVD by Alliance Home Entertainment on August 3 , 2010 .",تم إصدار المسلسل المصغر الكامل على أقراص DVD للمنطقة 1 بواسطة أليانس هوم إنترتينمنت في 3 أغسطس 2010.,VALIDATED
data50591,DATA_13376,B,لاعبة الغولف المحترفة ليكسي تومبسون، اللي ولات أصغر وحدة ربحات بطولة فـجولة LPGA وهي عندها 16 عام، تزادت فـكورال سبرينغز.,"La3ibat golf mo7tarifa Lexi Thompson, lli wlat asghar wa7da rb7at botola f jawlat LPGA w hiya 3ndha 16 3am, tzadat f Coral Springs.","Pro golfer Lexi Thompson , youngest winner ever of a LPGA tour event at 16 , was born in Coral Springs .",وُلدت لاعبة الغولف المحترفة ليكسي تومبسون، وهي أصغر فائزة في تاريخ إحدى بطولات جولة رابطة لاعبات الغولف المحترفات (LPGA) بعمر 16 عامًا، في كورال سبرينغز.,VALIDATED
data50592,DATA_8893,A,غادي نصلي لأول مرة.,Ghadi nselli l‑awal marra.,i will pray for first time,سأصلي لأول مرة,VALIDATED
data50593,DATA_21147,B,ف 2009 تكون مجلس مدينة شروزبري و رجّعو الشعار ديال المدينة القديم للاستعمال اليومي.,f 2009 tkwen mejlis mdina shrewsbury w rej3o sh-sha3ar dyal l-mdina l-qdim l-l-isti3mal lyawmi.,In 2009 Shrewsbury Town Council was formed and the town 's traditional coat of arms was returned to everyday use .,في عام 2009 ، تشكل مجلس مدينة شروزبري وأعيد شعار النبالة التقليدي للمدينة إلى الاستخدام اليومي.,VALIDATED
data50594,DATA_9369,A,ما غاديش ندخل لهاد النفق.,Ma ghadich ndkhol l had n‑nafaq.,i will not go in this tunnel,لن أدخل هذا النفق,VALIDATED
data50595,WIKI_D_01561,D,تّفتتح لميرة رويال لمعهد موريس وول للعلوم لعصبية سّريرية ف 2015 ف لكامپوس د دنمارك هيل . و هاد لمعهد مسمي على محسن بريطاني موريس وول، لي كانت عندو علاقة طويلة مع كينڭز و دعم بزاف د لمشاريع طبية.,"tftat7 lmira royal lma3hed moris wol l3olom l3asbiya saririya f 2015 f lkambus d denmark hill. w had lma3hed mesmi 3la m7sen britani moris wol, li kanet 3ndo 3alaqa tawila m3 kings w da3am bzaf d lmachari3 tibiya.","The Maurice Wohl Clinical Neuroscience Institute was opened by the Princess Royal in 2015 at the Denmark Hill Campus . It is named after British philanthropist Maurice Wohl , who had a long association with King ' s and supported many medical projects .",افتتحت الأميرة الملكية معهد موريس وول للعلوم العصبية السريرية في عام 2015 في حرم دنمارك هيل. سُمي المعهد على اسم المحسن البريطاني موريس وول، الذي كانت لديه علاقة طويلة مع كينغز ودعم العديد من المشاريع الطبية.,VALIDATED
data50596,WIKI_D_11903,D,"كاينين حكايات قديمة على ""ساحرة وكي هول""، اللي باقين محفوظين فالسمية ديال واحد الصواعد الكلسية فالبيت اللول ديال الكهوف. القصة عندها بزاف ديال النسخ المختلفة بنفس الملامح الأساسية:","kaynin 7kayat qdima 3la ""s7art wooky hole"", li baqin ma7fudin f smiyat wa7d sswade3 lklsiya f lbit l2ol dyal lkuf. lqiss 3ndha bzaf dyal nsox mxtlifa bns lmlam7 l2asasiya:","There are old legends of a "" witch of Wookey Hole "" , which are still preserved in the name of a stalagmite in the first chamber of the caves . The story has several different versions with the same basic features :","توجد أساطير قديمة عن ""ساحرة كهف وكي""، لا تزال محفوظة في اسم صواعد كلسية في الغرفة الأولى من الكهوف. للقصة عدة روايات مختلفة بنفس السمات الأساسية:",VALIDATED
data50597,WIKI_C_01679,C,فتـ1922 دارت السفينة إعادة بناء، وبناو فوق السطح ديال البئر وولات عندها سطح مستوي. وفـ1930 تصلحات وتحدّثات السفينة. وفداك الوقت كان القياس ديال السفينة Kommandøren هو 543 طن إجمالي و315 طن صافي.,"F 1922 t3awdat tbna sfina, w tbna fou9 well deck w wlat 3ndha flush deck. F 1930 tsla7at w t7addtat s‑sfina. W f dak lwa9t kan 7ajm dyal Kommandøren howa 543 GRT w 315 NRT.","A rebuild in 1922 saw the ship 's well deck built over , creating a flush deck profile . In 1930 the ship was refurbished and modernized . By this time , Kommandøren measured 543 GRT and 315 NRT .",شهدت السفينة إعادة بناء عام 1922، حيث تم بناء سطح فوق البئر، مما أدى إلى إنشاء سطح مستوٍ. وفي عام 1930 تم تجديد السفينة وتحديثها. وبحلول ذلك الوقت، بلغ قياس السفينة كوماندورن 543 طنًا إجماليًا مسجلًا (GRT) و315 طنًا صافيًا مسجلًا (NRT).,VALIDATED
data50598,DATA_15720,B,كنعطيو للحروف أرقام من 0 حتى 25 (A = 0 … Z = 25). وتشفير شي حرف بإزاحة n يمكن يتوصف رياضياً بهاد الطريقة:,Kan3tiw l‑7orof ar9am men 0 7ta 25 (A = 0 … Z = 25). W tachfir dyal chi 7arf b shift n yumkin ytwasaf riyadiyan b had tariqa.,"1 , . , Z = 25 . Encryption of a letter <formula> by a shift n can be described mathematically as ,",حيث يُعطى للحروف القيم من 0 إلى 25 (A = 0، …، Z = 25). ويمكن وصف تشفير حرف بإزاحة مقدارها n رياضيًا كما يلي:,VALIDATED
data50599,DATA_19110,B,كلما كانت هادي كبيرة، كلما كان الخرج ديال التيار المتردد المحتمل أكبر بالنسبة لواحد التيار مستمر معين، وبالتالي كتكون الفعالية أكبر.,"Kullama kanat hadi kbira, kullama kan l-khrej dyal t-tayyar l-mutaraddid l-muhtamal akbar bnissba l-wahd t-tayyar mustamirr mu'ayyan, u bitali katkun l-fa'aliya akbar.","The larger this is , the larger the potential AC output for a given DC bias current , and therefore the greater the efficiency",كلما كان هذا أكبر، زاد خرج التيار المتردد المحتمل لتيار انحياز تيار مستمر معين، وبالتالي زادت الكفاءة.,VALIDATED
data50600,WIKI_C_04926,C,واخا ما عطاوناش شي رقم محدد ديال البيوعة، يرلي بين باللي ما عجبوش البيع ديال رايز على الاكس بوكس وان في غشت 2014، و لوم الطيحة ديال البيوعة على الاكس بوكس وان.,"wakha ma 3tawnach chi rqm mohaddad dyal lbyou3a, yerli bayn belli ma 3ajboch lby3 dyal ryse 3la l'xbox one f 8 2014, w lwom tti7a dyal lbyou3a 3la l'xbox one.","While no exact sales figure was revealed , Yerli expressed his disappointment with the sales of Ryse for the Xbox One in August 2014 , blaming the low sales of the Xbox One .",بينما لم يتم الكشف عن رقم مبيعات دقيق، أعرب ييرلي عن خيبة أمله في مبيعات لعبة رايز لجهاز إكس بوكس ون في أغسطس 2014، وعزا انخفاض المبيعات إلى انخفاض مبيعات جهاز إكس بوكس ون.,VALIDATED
data50601,DATA_22149,B,ف كل محاكمة جنائية، المتهم عنده الحق يتحاكم بسرعة.,"f kull mo7akama jina2iya, l-motteham 3ando l7aq ythakem bzerba.","In all criminal prosecutions, the accused shall enjoy the right to a speedy.trial.",في جميع الملاحقات الجنائية، يتمتع المتهم بالحق في محاكمة سريعة.,VALIDATED
data50602,DATA_23899,B,1. تحت. 2. فوق / على. 3. مورا.,1. ta7t 2. foq / 3la 3. moura,"no : 1-under . 2-upon . 3-after ( of place ) , behind .",لا : ١ تحت . ٢ فوق . ٣ خلف ( للمكان ) ، وراء .,VALIDATED
data50603,WIKI_D_00038,D,بيراهينو وقّع مع مركز التميز ديال وست بروميتش ألبيون عام 2004 ففئة أقل من 12 عام، وجا من فريق المدينة فينيكس يونايتد. ومن بعد تدرّج ففريق الشباب ديال الباغيز، وفصيف 2011 وقّع معاهم عقد احترافي.,"Berahino waqa3 m3a Markaz tamayyoz dyal West Bromwich Albion f 2004 f f2at under 12, ja men fariq l‑madina Phoenix United. Men b3d tderrej f youth system dyal Baggies, w f sayf 2011 waqa3 m3ahom 3aqd i7tirafi.","Berahino signed for the West Bromwich Albion Centre of Excellence in 2004 at under-12 level , joining from inner-city team Phoenix United . He progressed through the youth system of the Baggies and in summer 2011 , he signed a professional contract with them .",وقّع بيراهينو مع مركز التميز لنادي وست بروميتش ألبيون عام 2004 ضمن فئة تحت 12 سنة، قادمًا من فريق المدينة الداخلي فينيكس يونايتد. وتدرّج بعد ذلك في نظام الشباب لنادي الباغيز، وفي صيف عام 2011 وقّع عقدًا احترافيًا معهم.,VALIDATED
data50604,DATA_0467,A,كانعقل كنت خدّام حدا داك الراجل لي كان فخور أنّه كايضرب 15 كيلومتر بل پيكالا تال لخدمة,kan39el knt khddam 7da dak rrajl lli kan fakhour annaho kayDreb 15 kilometre bl pikala tal lkhdma,I remember working next to this man who was very proud of cycling 15 km into work,أتذكر أنني كنت أعمل بجوار هذا الرجل الذي كان فخورًا جدًا بركوب الدراجة لمسافة 15 كيلومترًا إلى العمل.,VALIDATED
data50605,DATA_0523,A,"تسنّا, راه يالّاه درت لما ل شعرية.","tsenna, rah yallah dert lma l ch3ria.","Hold on, I've only just put the water on for the pasta.",انتظر، لقد وضعت الماء للباستا للتو.,VALIDATED
data50606,WIKI_D_10478,D,العملة ديال باربر كانت كتكون من عشر سنت، ربع دولار، و نص دولار اللي صممها كبير نقاشي فالمكتب ديال السكك الأمريكية، شارلز إي. باربر. تضربو بين 1892 و 1916، واخا نص دولار ما تضربش في العام الأخير ديال السلسلة.,"l3omla dyal barber kant katkon mn 3shr sent. rbe3 dollar, w nss dollar li ssemha kbir nqashi f lmaktab dyal skak l2amrikiya, charles e. barber. tdarbo bin 1892 w 1916, wakha nss dollar ma tdarbsh f l3am l2akhir dyal silsila.","The Barber coinage consisted of a dime , quarter , and half dollar designed by United States Bureau of the Mint Chief Engraver Charles E. Barber . They were minted between 1892 and 1916 , though no half dollars were struck in the final year of the series .",تألفت عملات باربر من عملة عشرة سنتات، وربع دولار، ونصف دولار صممها كبير نقاشي مكتب صك العملة الأمريكي تشارلز إي. باربر. وسُكّت بين عامي 1892 و1916، على الرغم من عدم سك أي نصف دولار في العام الأخير من السلسلة.,VALIDATED
data50607,DATA_5331,A,خدا شي كوكياجات,khda chi kokiyyajat,He picked up some shells,التقط بعض الأصداف,VALIDATED
data50608,DATA_20173,B,اللي كيدور على هاد الكواكب كيجي كامل غير من الأشعة فوق البنفسجية اللي كتضرب الأوكسجين و شي جزيئات فيهم الأوكسجين بحال ثاني أكسيد الكربون.,Li kidur 3la had lkawakib kiji kamel ghir mn lash3a lfawqa lbanafsajiya li katdarb l'oxygène w shi jozay2at fihum l'oxygène bhal tani okszid lkarbun.,2 surrounding those planets is produced solely by ultraviolet radiation on oxygen-containing molecules such as carbon dioxide .,ينتج الغلاف الجوي المحيط بتلك الكواكب حصريًا عن طريق الأشعة فوق البنفسجية على الجزيئات التي تحتوي على الأكسجين مثل ثاني أكسيد الكربون.,VALIDATED
data50609,WIKI_D_02954,D,ف 1914، پيپ لعب مع روچيستر هاستلرز ديال الإنتيرناشونال ليݣ. كانت عند پيپ .314 معدل ديال الضرب و 27 تريبل. تصدّر كاع الضرابين ف الليݣ ب 15 هوم ران، .526 بيرسونطاج ديال السلاݣينݣ، و 290 قاعدة طوطال.,"f 1914, pipp le3eb m3a rochester hustlers dyal l'international league. kanet 3end pipp .314 ma3del dyal ddreb w 27 triples. tsedder k3a lddarbin f l'league b 15 home run, .526 persontaj dyal slogging, w 290 base total.","In 1914 , Pipp played for the Rochester Hustlers of the International League . Pipp had a .314 batting average and 27 triples . He led all batters in the league with 15 home runs , a .526 slugging percentage , and 290 total bases .",في عام 1914، لعب بيب مع فريق روتشستر هاستلرز في الدوري الدولي. حقق بيب متوسط ضرب بلغ 314 من ألف، و27 ضربة ثلاثية. تصدر جميع الضاربين في الدوري بـ 15 ضربة منزلية، ونسبة إغلاق بلغت 526 من ألف، و290 قاعدة إجمالية.,VALIDATED
data50610,DATA_0963,A,الناسّ لي خدّامين هنا مزيرين ماكايخليوش النزلاء يخرجو بوحدهوم,nnass li kheddamin hna mziyrin makaykheliwch nnozala2 ykherjo bo7dhom,The staff are very strict about allowing residents to go out on their own,يلتزم الموظفون بشدة بالسماح للمقيمين بالخروج بمفردهم.,VALIDATED
data50611,DATA_20555,B,"توماس ج. ثروم (محرّر) فـ1891 نشر كتاب ""التقويم السنوي ديال هاواي لعام 1892""، وطبعوه فشركة Press Publishing Company.","Thomas G. Thrum (mo7arrir), f 1891 nchar ktar ""Hawaiian Almanac and Annual for 1892"", w tba3 f Press Publishing Company.","Thrum , Thomas G. , ed . ( 1891 ) . Hawaiian Almanac and Annual for 1892 . Press Publishing Company Print .",ثروم، توماس ج. (محرر)، 1891. التقويم السنوي وكتاب هاواي لعام 1892. مطبعة شركة بريس للنشر.,VALIDATED
data50612,DATA_23425,B,جوناثان برايس كيلعب دور إليوت كارفر، واحد مول إعلام مهووس نفسياً وكيخطط يشعل حرب عالمية باش يزيد فالمبيعات ونسب المشاهدة ديال القنوات الإخبارية ديالو.,"Jonathan Pryce kayl3eb dor Elliot Carver, wa7ed mol i3lam mahos nafsiyan w kaykhatet bash ych3el 7arb 3alamiya bash yzid f l‑mabi3at w nisab l‑mochahada dyal aqsam l‑akhbar dyalo.","Jonathan Pryce as Elliot Carver , a psychopathic media mogul who plans to provoke global war to boost sales and ratings of his news divisions .",جوناثان برايس في دور إليوت كارفر، قطب إعلامي مختلّ نفسيًا يخطط لإشعال حرب عالمية لزيادة مبيعات ونسب مشاهدة أقسامه الإخبارية.,VALIDATED
data50613,WIKI_C_09623,C,نهار 19 أبريل 2009، المنظمين اختاروا جزيرة هايكسينشا، و معاها واد اللؤلؤ، باش يديرو فيها حفلة الافتتاح و الختام، هي لبلاصة الوحيدة اللي ما كانتش ديال المنافسة.,"nhar 19 april 2009, lmunaththmin khtaru jazirat haixinsha, w m3aha wad l'lu2lu, bash ydiru fiha 7aflat lftitah w lkhtitam, hiya lbblasa lwihida lli ma kantsh dyal lmunaafasa.","On April 19 , 2009 , organisers chose Haixinsha Island , along with the Pearl River , as the venue for the opening and closing ceremonies , the only venue which was not for competition purposes .",في التاسع عشر من أبريل عام 2009، اختار المنظمون جزيرة هايكسينشا، إلى جانب نهر اللؤلؤ، كموقع لحفلي الافتتاح والختام، وهو الموقع الوحيد الذي لم يكن مخصصًا لأغراض المنافسة.,VALIDATED
data50614,DATA_16834,B,باش نقصو من هاد الصداع، كناخدو معدل تاني τ ( a ) على كاع الأعداد اللي ما بينهوم قاسم مشترك مع a.,"bash nqesso mn had sda3, kanakhdo m3ddal tani τ (a) 3la gaa3 l'a3dad lli ma binathom qasim moshtarak m3a a.","To reduce this noise , a second average τ ( a ) is taken over all numbers coprime with a",لتقليل هذا الضجيج، يتم أخذ متوسط ثانٍ τ(a) على جميع الأعداد الأولية مع a,VALIDATED
data50615,DATA_3358,A,و شي لعيبات ديال نظافة لي كتبغيها حتى هيا,o chi l3ibat dyal naDafa likatbghiha 7ta hiya,and some toiletries she likes too,وبعض أدوات الزينة التي تحبها أيضًا,VALIDATED
data50616,WIKI_D_02751,D,بسبب الهدوء ديالو الكبير والشجاعة ديالو، الملازم الثاني بيركس خلا الجنود ديالو محافظين على المعنويات ديالهم طوال الوقت. وتوفّى فالمكان ديالو بسبب قذيفة وهو كيحاول ينقذ بعض الجنود ديالو اللي دفناتهم قذيفة.,"B sabab l-hodo2 dyalo w chaja3to, 2nd Lt. Birks khalla rjal dyalo b ma3nawiyat mzyana tol lwa9t. W twaffa f blasto b sabab 9difa w howa kay7awel yneqthe ba3d rjal dyalo lli dfanthom 9difa.",By his wonderful coolness and personal bravery 2nd Lt. Birks kept his men in splendid spirits throughout. He was killed at his post by a shell whilst endeavouring to extricate some of his men who had been buried by a shell.,بفضل رباطة جأشه الرائعة وشجاعته الشخصية، حافظ الملازم الثاني بيركس على معنويات رجاله مرتفعة طوال الوقت. وقد قُتل في موقعه بقذيفة أثناء محاولته إنقاذ بعض رجاله الذين دفنتهم قذيفة.,VALIDATED
data50617,WIKI_D_04271,D,"زوموالت، ل. ر.، جيثارد، ب. إ.، وأندرسون، إ. إ. (1963). إطلاق نواتج الانشطار من جزيئات ""بلورة مفردة"". منشور فمجلة معاملات الجمعية النووية الأمريكية، المجلد 6، العدد 1، الصفحة 132.","Zumwalt, L. R., Gethard, P. E., & Anderson, E. E. (1963). Itlaq nata2ij l‑inshitar men jozay2at ""single crystal"". Majallat Transactions of the American Nuclear Society, vol 6, no 1, saf7a 132.","Zumwalt , L. R. , Gethard , P. E. , & Anderson , E. E. ( 1963 ) . Fission Product Release from ' Single Crystal ' Particles . Transactions of the American Nuclear Society . 6 ( 1 ) : 132 .","زوموالت، ل. ر.، جيثارد، ب. إ.، وأندرسون، إ. إ. (1963). انبعاث نواتج الانشطار من جسيمات ""البلورة المفردة"". مجلة معاملات الجمعية النووية الأمريكية، المجلد 6، العدد 1، الصفحة 132.",VALIDATED
data50618,WIKI_D_00455,D,جميع الأنشطة كانت مسموحة للعبيد ما عدا السياسة. بالنسبة لليونانيين، السياسة كانت هي النشاط الوحيد اللي يليق بالمواطن، وباقي الأنشطة كانوا كيخليوها لغير المواطنين كلما كان ممكن. المهم كان هو المكانة الاجتماعية ماشي النشاط.,"Jamii3 l‑anshita kanat masmo7a l‑3abid ma 3da siyasa. Bnisba l‑younaniyin, siyasa hiya n‑nashat l‑wa7id lli yeliq b‑mowatin, w baqi l‑anshita kayttrkoha l‑ghir mowatinin ila kan mumkin. L‑mohim kan howa l‑makana l‑ijtima3iya machi n‑nashat.","All activities were open to slaves with the exception of politics . For the Greeks , politics was the only activity worthy of a citizen , the rest being relegated wherever possible to non-citizens . It was status that was of importance , not activity .",كانت جميع الأنشطة متاحة للعبيد باستثناء السياسة. بالنسبة لليونانيين، كانت السياسة النشاط الوحيد الذي يليق بالمواطن، أما بقية الأنشطة فكان يُترك القيام بها لغير المواطنين كلما أمكن ذلك. وكانت المكانة الاجتماعية هي الأهم، وليس نوع النشاط.,VALIDATED
data50619,DATA_15239,B,تومَاس پي. بيرنز تزاد ف 6 شهر تسعود عام 1864 ف فيلاديلفيا. واليدين ديالو، باتريك و ماري بيرنز، بجوج كانو مهاجرين إيرلنديين.,"Tomas P. Birns tzad f 6 shhar ts3ud 3am 1864 f Filadelfia. Lwalidin dialou, Patrik u Mari Birns, bjouj kanu mohajrin Irlandiyyin.","Thomas P. Burns was born on September 6 , 1864 , in Philadelphia . His parents , Patrick and Mary Burns , were both Irish immigrants .",ولد توماس بي. بيرنز في السادس من سبتمبر عام 1864 في فيلادلفيا. كان والداه، باتريك وماري بيرنز، مهاجرين أيرلنديين.,VALIDATED
data50620,WIKI_C_01121,C,نسخة مخصّصة غير للركاب من السلسلة 200 وممدودة شوية، تزاد طول جسم الطائرة بـ123 بوصة (حوالي 3.1 متر). كتقدر تحمل حتى لـ139 راكب (وكان العدد فالأول 99)، وعندها سعة وقود متوسطة.,"Nuskha mkhassasa ghir l‑rkab men series 200 w ""stretched"", tzad tol jism t‑taira b 123 inch (3.1 m). Tqder t7mel 7tta 139 rakib (kan f l‑awal 99), w 3ndha sa3at woqod motawassita.","Passenger‑only ""stretched"" version of the 200 series, incorporating a 123‑inch (3.1 m) longer fuselage, capable of carrying up to 139 (originally 99) passengers, medium fuel capacity.",نسخة مخصّصة للركاب فقط من السلسلة 200 ذات هيكلٍ مُطوَّل، حيث زاد طول جسم الطائرة بمقدار 123 بوصة (3.1 متر). وهي قادرة على حمل ما يصل إلى 139 راكبًا (وكان العدد في الأصل 99 راكبًا)، مع سعة وقود متوسطة.,VALIDATED
data50621,WIKI_C_04510,C,فالوقت اللي كانو فيه فأنفيلد، جون هولدينغ قرر يخلص النادي الكرا على حساب الزيادة اللي كتجي من البيوع ديال التذاكر و ماشي كيف كان شحال هادي بواحد الثمن ثابت.,"fwaqt lli kanu f Anfield, John Houlding 9arr ykhlles l-club l-kra 3la 7sab ziada li katji mn l-byu3 dyal t-takaret w maši kif kan ch7al hadi b wa7d taman sabit.","During their spell at Anfield , John Houlding decided to charge the Club rent based on the increase of gate receipts from attendances and not , as was previously the case , at a fixed rate .",خلال فترة وجودهم في الأنفيلد، قرر جون هولدينغ فرض رسوم على النادي مقابل الإيجار بناءً على زيادة إيرادات شباك التذاكر من الحضور، وليس، كما كان الحال سابقًا، بسعر ثابت.,VALIDATED
data50622,DATA_3663,A,غادي نسولهم ليك حتى أنا.,Ghadi nsoulhom lik 7ta ana.,I'll ask them for you too,سأسألهم لك أيضاً,VALIDATED
data50623,DATA_6236,A,مالك على هاد الزربة,malk 3la had zrba,why are you in such a hurry,لماذا أنت في عجلة من أمرك,VALIDATED
data50624,DATA_7481,A,فـنهار 4 من الشهر درت شوية ديال أشغال الدار.,F nhar 4 men chhahr dert chwiya dyal ashghal dyal dar.,the 4th of month i did house work,في اليوم الرابع من الشهر قمت بأعمال منزلية,VALIDATED
data50625,WIKI_D_07585,D,كاين غير شوية ديال مركبات الرصاص (IV) اللي معروفة. وغالباً مركبات الرصاص (IV) غير العضوية كيكونو مؤكسدات قوية أو كيبقاو غير فمحاليل حمضية بزاف. وأكسيد الرصاص (II) كيعطي أكسيد مختلط إلا تزادت الأكسدة ديالو، Pb…,"Kaynin ghir chwiya dyal morakkabat r‑rasas (IV) ma3roufa. Ghaliban morakkabat r‑rasas (IV) ghayr 3odwiya kaykouno oxidants qwiya aw kaywjoudo ghir f ma7alil 7amdiya bzaf. W oxide dyal r‑rasas (II) kay3ti oxide mokhtalat ila tzadat l‑oxidation dyalo, Pb…","Few lead ( IV ) compounds are known . Inorganic lead ( IV ) compounds are typically strong oxidants or exist only in highly acidic solutions . Lead ( II ) oxide gives a mixed oxide on further oxidation , Pb",يُعرف عدد قليل من مركبات الرصاص (IV). وعادةً ما تكون مركبات الرصاص (IV) غير العضوية مؤكسدات قوية أو لا توجد إلا في محاليل شديدة الحموضة. أما أكسيد الرصاص (II) فيعطي أكسيدًا مختلطًا عند أكسدته أكثر، Pb…,VALIDATED
data50626,WIKI_C_06016,C,ففترة سينغوكو وصلات عشيرة نانبو لأقوى مرحلة ديالها تحت قيادة نانبو هاروماسا. وكان هاروماسا نشيط بزاف فالسياسة وكان كيتراسل مع أودا نوبوناغا.,F fatrat Sengoku wsalat 3achirat Nanbu l‑aqwa marhala dyalha ta7t qiyadat Nanbu Harumasa. W kan Harumasa nashit bzaf f siyasa w kan kaytwasel b rassa2il m3a Oda Nobunaga.,"In the Sengoku period , the Nanbu clan reached the zenith of its power under the headship of Nanbu Harumasa . Harumasa was very politically active , and corresponded with Oda Nobunaga .",خلال فترة سينغوكو، بلغت عشيرة نانبو ذروة قوتها تحت قيادة نانبو هاروماسا. وكان هاروماسا نشطًا سياسيًا للغاية، وكان يتبادل المراسلات مع أودا نوبوناغا.,VALIDATED
data50627,WIKI_D_08316,D,فبطولة العالم للسباحة لذوي الإعاقة 2013 فمونتريال، ربحات فان روسمالن أربع ميداليات برونزية فسباقات: 200 متر سباحة متنوعة، و100 متر فراشة، و100 متر صدر، و100 متر ظهر ديال السيدات.,"F botolat l‑3alam dyal sibaha 2013 f Montreal, Van Roosmalen rb7at 4 medalat bronziya f: 200m Individual Medley, 100m Butterfly, 100m Breaststroke, w 100m Backstroke dyal n‑nisa.","Competing at the 2013 IPC Swimming World Championships in Montreal , Canada , Van Roosmalen won four bronze medals in the Women 's 200 m Individual Medley SM13 , Women 's 100m Butterfly S13 , Women 's 100m Breaststroke SB13 and Women 's 100m Backstroke S13 .",أثناء مشاركتها في بطولة العالم للسباحة لذوي الإعاقة لعام 2013 في مونتريال، فازت فان روسمالن بأربع ميداليات برونزية في سباقات: 200 متر فردي متنوع (SM13)، و100 متر فراشة (S13)، و100 متر صدر (SB13)، و100 متر ظهر (S13) للسيدات.,VALIDATED
data50628,WIKI_D_09277,D,قناطر كوزواي تقيدو فالسجل المؤقت ديال المواقع التراثية ف غرب أستراليا ف 30 يونيو 1998، و هادشي ولا دائم ف 30 أكتوبر 1998. و تصنفوا تا من طرف National Trust ف 8 يونيو 1998.,"9natir causeway t9ydo f'slgl lmo2qt dyal lmawqe3 ltratya f ghrb australia f 30 yunyu 1998, w hadshi wala d2im f 30 octobr 1998. w tsnafto ta mn taraf National Trust f 8 younyou 1998.","The Causeway bridges received an interim entry on the Western Australian Register of Heritage Places on 30 June 1998 , and this was made permanent on 30 October 1998 . They were also classified by the National Trust on 8 June 1998 .",تلقت جسور كوزواي إدراجًا مؤقتًا في السجل الغربي الأسترالي للأماكن التراثية في 30 يونيو 1998، وأصبح هذا دائمًا في 30 أكتوبر 1998. كما تم تصنيفها من قبل الصندوق الوطني في 8 يونيو 1998.,VALIDATED
data50629,DATA_1079,A,مابقيتش شاب كيف كنت شحال هادا,mab9itch chab kif kent ch7al hada,I am not as young as I used to be,لم أعد صغيرًا كما كنت في السابق.,VALIDATED
data50630,DATA_14519,B,"فـ11 ماي 1941، تضررات بزاف القاطرة رقم 934 ""سانت لورنس"" فمحطة كانون ستريت فـلندن بسبب غارة جوية ديال لوفتفافه.","F 11 May 1941, tderrat bzaf l‑qatira ra9em 934 ""St. Lawrence"" f ma7atat Cannon Street f London b sabab ghara jawiya dyal Luftwaffe.","On 11 May 1941 , locomotive No. 934 St. Lawrence was severely damaged at Cannon Street station , London in a Luftwaffe air raid .","في 11 مايو 1941، تعرّضت القاطرة رقم 934 ""سانت لورنس"" لأضرار جسيمة في محطة كانون ستريت في لندن نتيجة غارة جوية نفذتها لوفتفافه.",VALIDATED
data50631,WIKI_C_07263,C,كان مخطط يديرو اختبارات فارتفاع عالي وبسرعة متوسطة، ولكن توقفو عليهم. وكان غادي يستعملو مركبة F9R فواحد المنشأة اللي كاريها شركة SpaceX فـSpaceport America فولاية نيو مكسيكو.,"Kan mkhattat idirou ikhtibarat f irtifa3 3ali w sor3a motawassita, walakin t7bso. W kan ghadi yst3mlo F9R f wa7d l‑mansha2a mkriya men SpaceX f Spaceport America f New Mexico.","High‑altitude, mid‑velocity testing was planned but discontinued. It would use F9R at a SpaceX leased facility at Spaceport America in New Mexico.","كان من المخطط إجراء اختبارات على ارتفاعات عالية وبسرعات متوسطة، لكن تم إيقافها. وكان من المفترض أن تستخدم مركبة F9R في منشأة مؤجرة من قبل شركة SpaceX في ميناء الفضاء ""سبيس بورت أمريكا"" في ولاية نيو مكسيكو",VALIDATED
data50632,WIKI_C_11515,C,كاينين عدة أندية رياضية خاصة فـHale Barns كيوفرو مرافق للتنس والبولينغ وكرة القدم. ومن بينها المقر ديال نادي Hale Barns للكريكيت.,"Kaynin 3iddat andiya riyadiya khassa f Hale Barns kaywafro marafiq dyal tennis, bowling w football. W fihom 7ta maqarr dyal Hale Barns Cricket Club.","There are a number of private sports clubs within the Hale Barns providing facilities for tennis , bowling and football . This includes the home of Hale Barns Cricket Club .",يوجد عدد من الأندية الرياضية الخاصة داخل هيل بارنز توفر مرافق لممارسة التنس والبولينغ وكرة القدم. ويشمل ذلك مقر نادي هيل بارنز للكريكيت.,VALIDATED
data50633,WIKI_C_01595,C,وزيد على ذلك، تطوّر واحد التفاعل ديال تبادل المغنيسيوم مع الهالوجين فوعاء واحد ومن بعد كيوقع تفاعل آخر، وهاد الشي كيبيّن الاستقرار ديال أميد Weinreb–Nahm وكيعطي طريقة بسيطة باش نصنعو الكيتونات العطرية.,"Zid 3la hadchi, ttwerr tafa3ol magnesium–halogen exchange f wa7d l‑wi3a wa7ed w men ba3d kaytba3o tafa3ol akhor, w hadchi kaybayan stability dyal Weinreb–Nahm amide w kay3ti tariqa sahla bash ntsan3o aryl ketones.","Additionally, a one‑pot magnesium–halogen exchange with subsequent reaction has been developed, showcasing the stability of the Weinreb–Nahm amide and providing an operationally simple method for the synthesis of aryl ketones.",بالإضافة إلى ذلك، تم تطوير تفاعل تبادل المغنيسيوم–الهالوجين في وعاء واحد متبوع بتفاعل لاحق، مما يُظهر استقرار أميد وينريب–ناهْم ويوفّر طريقة عملية وبسيطة لتخليق الكيتونات العطرية.,VALIDATED
data50634,DATA_7626,A,الحوايج الصغار هما الأحسن.,L‑7wayej sghar homa l‑a7san.,small one are the perfect ones,الأشياء الصغيرة هي المثالية.,VALIDATED
data50635,DATA_0111,A,واش نقدّم لمقال على أنّه واقعي ولّا ناخد وجهة نضر سياسية?,wach n9ddem lma9al 3la annaho waa9i3i olla nakhod wij8at naDar siyasia?,Do I present the essay as factual or do I take a political view point?,هل أقدم المقال كحقائق واقعية أم أتخذ وجهة نظر سياسية؟,VALIDATED
data50636,DATA_15211,B,"في بريطانيا، كيستعملو مصطلح ""السكة الحديدية عالية السرعة"" على السكك اللي كيكونوا مطورين و كتوصل السرعة ديال القطار فيها حتى لـ 201 كيلومتر في الساعة.","Fi britanya, kist3mlu mustalah ""ssikka lhadidiya 3aliya ssor3a"" 3la ssikak lli kikunu mtowwrin u katwsal ssor3a dyal lqitar fiha htta l201 kilomitr fi ssa3a.","In the United Kingdom, the term higher-speed rail is used for upgraded tracks with train speeds up to 125 mph (201 km/h).",في المملكة المتحدة، يُستخدم مصطلح السكك الحديدية عالية السرعة للمسارات المحدثة التي تصل سرعة القطارات فيها إلى 125 ميلًا في الساعة (201 كم/ساعة).,VALIDATED
data50637,DATA_19769,B,كلينتون عيّن جوج قضاة في المحكمة العليا: روث بادر غينسبورغ في 1993 و ستيفن براير في 1994.,clinton 3i-yan jooj qdat f l-m7kma l-ʹlya: ruth bader ginsburg f 1993 w stephen breyer f 1994.,Clinton appointed two justices to the Supreme Court: Ruth Bader Ginsburg in 1993 and Stephen Breyer in 1994.,عيّن كلينتون قاضيين في المحكمة العليا: روث بادر غينسبورغ عام 1993 وستيفن براير عام 1994.,VALIDATED
data50638,WIKI_C_03181,C,فالرواية الأصلية ديال رومان غاري، هادشي ماكانش هو اللي تعاود – الكلب بدا كيهاجم البيض حيت واحد الكحل حاقد من العنصرية ديال البيض عاود ليه التربية باش يدير هاكا بالنية.,"falriwaya l2asliya dyal roman ghari, hadchi makanch howa lli t3awd - lkelb bda kihaajm lbayD 7it wa7d lke7el 7a9d men l3ensariya dyal lbayD 3awd lih trbya bach ydir haka b-niya.","In the original Romain Gary novel , this was not the story that was told — the dog started to attack white people because a black man embittered by white racism deliberately retrained him to do so .",في الرواية الأصلية لـ رومان غاري، لم تكن هذه هي القصة التي رُويت - بدأ الكلب في مهاجمة البيض لأن رجلاً أسودًا استاء من العنصرية البيضاء أعاد تدريبه عمدًا للقيام بذلك.,VALIDATED
data50639,WIKI_D_06014,D,اليوم، قصر فراملينغهام معلم تاريخي مصنف و درجة أولى، مملوك لـ English Heritage و تيدار كمزار سياحي، و فيه متحف لانمان ديال التاريخ المحلي. البحيرة ديال القصر مملوكة لكلية فراملينغهام و تديرها مؤسسة سوفولك للحياة البرية.,"lyom, qasr framlingham ma3lam tarikhi mosanaf w daraja oula, mamluka l english heritage w tidar k mazzar siyahi, w fih mat7af lanman dyal tarikh l ma7ali. lb7ira dyal l qasr mamluka l kulliyat framlingham w tidarha mo2assast suffolk lil 7ayat lbarriya.","Today , Framlingham Castle is a scheduled monument and a grade I listed building , owned by English Heritage and run as a tourist attraction , incorporating the Lanman Museum of local history . The castle mere is owned by Framlingham College and run by the Suffolk Wildlife Trust .",اليوم، قلعة فراملينغهام هي نصب تذكاري مسجل ومبنى مدرج من الدرجة الأولى، مملوكة لـ English Heritage وتُدار كمعلم سياحي، وتضم متحف لانمان للتاريخ المحلي. بحيرة القلعة مملوكة لكلية فراملينغهام وتديرها هيئة سوفولك للحياة البرية.,VALIDATED
data50640,DATA_4508,A,بغيت نمشي لحمام,bghit nmchi l7mmam,I want to go to the hammam,أودّ ارتياد الحَمّام.,VALIDATED
data50641,DATA_9663,A,كون غير قدرت نستوعب دروسي,koun ghir 9dert n stow3eb doross dyali,if only i understood my lessons,ليتني فهمت دروسي,VALIDATED
data50642,WIKI_C_06526,C,إيلا كانت الحركة ديال الجسيم الأول كتنتج بفعل قوة مركزية F1 (r)، راه بينو مهومد و فاودا بلي الحركة ديال الجسيم الثاني تقدر تنتج بفعل القوة التالية,"ila kant l7erka dyal ljsim l'awel katnetj bfe3l qowa merkazia F1(r), rah bayno mohamed w fawda bli l7erka dyal ljsim t-tani t9der netj bfe3l lqowa talia","If the motion of the first particle is produced by a central force F1 ( r ) , Mahomed and Vawda showed that the motion of the second particle can be produced by the following force",إذا كانت حركة الجسيم الأول ناتجة عن قوة مركزية F1 (r)، فقد أظهر محمد وفودة أن حركة الجسيم الثاني يمكن أن تنتج عن طريق القوة التالية,VALIDATED
data50643,WIKI_C_10082,C,R. r. bohor (روبل، 1842): كيتسمّى حتى ظبي القصب الحبشي. كيتواجد فجنوب غرب وغرب ووسط إثيوبيا، وحتى فـمنطقة النيل الأزرق فالسودان.,"R. r. bohor (Rüppell, 1842): kayt3raf 7ta b ism Abyssinian bohor reedbuck. Kaytla9a f janoub gharb, gharb w wasat Ethiopia, w 7ta f Blue Nile (Sudan).","R. r. bohor Rüppell , 1842 : Also known as the Abyssinian bohor reedbuck . It occurs in southwestern , western and central Ethiopia , and Blue Nile ( Sudan ) .",R. r. bohor (روبل، 1842): يُعرف أيضًا باسم ظبي القصب البوهور الحبشي. ويوجد في جنوب غرب وغرب ووسط إثيوبيا، وكذلك في منطقة النيل الأزرق في السودان.,VALIDATED
data50644,DATA_1416,A,واش كاين الكليماتيزور فالغرفة؟,Wash kayn climatiseur f lbit,Is there air conditioning in the room?,هل يوجد مكيف هواء في الغرفة؟,VALIDATED
data50645,DATA_23512,B,ويل جون، لي عندو 75 عام و هو الجد ديالو، ولا أكبر لاعب دار جوج ضربات كاملين متابعين فالبولينغ نهار 31 غشت 2010.,"wil john, li 3endo 75 3am w howa l-jadd dyalo, wlla akbar la3b dar juj darbat kamlin mtatab3in f l-bowling nhar 31 ghoucht 2010.","75-year-old Will June, his grandfather, became the oldest player to bowl consecutive perfect games on August 31, 2010.",أصبح ويل جوني، البالغ من العمر 75 عامًا، جده، أكبر لاعب يرمي مباراتين مثاليتين متتاليتين في 31 أغسطس 2010.,VALIDATED
data50646,WIKI_D_03979,D,مخرج العرض Mike Scully عطى فكرة للكاتب Dan Greaney على قصة فين Marge Simpson كتجبر Bart Simpson باش يولي صاحب مع Ralph Wiggum. سكالي عطى الفكرة لغرياني حيث كيعرف يكتب مزيان الحوارات والتصرفات ديال رالف، وحتى حيت كيعجبو هاد الكاركتر.,Show runner Mike Scully 3ta wa7d l-fikra l-katib Dan Greaney: Marge Simpson katjber Bart Simpson bash ykoun sadiq dyal Ralph Wiggum. Scully 3ta l-fikra lih hit Greaney kay3raf yktb mzyan l-kalam w t-tasarrufat dyal Ralph w kay3jbo had shakhsiya.,"Show runner Mike Scully had pitched an idea to Dan Greaney on Marge forcing Bart to become Ralph Wiggum's friend. Scully gave the idea to Greaney due to his ability to write Ralph's lines and actions well, and his overall liking of the character.",اقترح مدير العرض Mike Scully فكرة على الكاتب Dan Greaney تدور حول قيام Marge Simpson بإجبار Bart Simpson على أن يصبح صديقًا لـ Ralph Wiggum. وقد أعطى سكالي هذه الفكرة لغرياني لأنه يجيد كتابة حوارات وتصرفات رالف، كما أنه يحب هذه الشخصية كثيرًا.,VALIDATED
data50647,WIKI_C_02084,C,"تْقارَن Carl Michael Bellman مع شعراء وموسيقيين كبار بحال William Shakespeare وLudwig van Beethoven. وكتقول Åse Kleveland بلي حتى تسما ""موزار ديال الشعر السويدي، وحتى هوغارث""، وكتلاحظ بأن…","Tqaren Carl Michael Bellman m3a sho3ara2 w mousiqiyin kbar b7al William Shakespeare w Ludwig van Beethoven. W katgol Åse Kleveland belli tsamma ""Mozart dyal shi3r suidi, w Hogarth zada"", w katlahad anna…","Bellman has been compared with poets and musicians as diverse as Shakespeare and Beethoven. Åse Kleveland notes that he has been called ""Swedish poetry's Mozart, and Hogarth "", observing that","تمت مقارنة Carl Michael Bellman بشعراء وموسيقيين متنوعين مثل William Shakespeare وLudwig van Beethoven. وتشير Åse Kleveland إلى أنه وُصف بأنه ""موزارت الشعر السويدي، وهوغارث أيضًا""، ملاحِظةً أن…",VALIDATED
data50648,WIKI_C_09427,C,حتى لغشت 2011، كان المشروع تحت الإشراف ديال Transport Initiatives Edinburgh، وهي شركة مملوكة كاملة لـ City of Edinburgh Council فـ Edinburgh، وكانو مسؤولين على تسيير مشروع بناء الترام.,"7tta l‑ghosht 2011, kan l‑mashrou3 ta7t l‑ishraf dyal Transport Initiatives Edinburgh, hiya sharika mamlouka kamla l‑ City of Edinburgh Council f Edinburgh, w kano mas2oulin 3la tasyir mashrou3 bina2 tramway.","Until August 2011 , the project was overseen by Transport Initiatives Edinburgh ( TIE ) , a company wholly owned by the City of Edinburgh Council , who were responsible for project-managing the construction of the tramway .",حتى أغسطس 2011، كان المشروع تحت إشراف Transport Initiatives Edinburgh، وهي شركة مملوكة بالكامل لـ City of Edinburgh Council في Edinburgh، وكانت مسؤولة عن إدارة مشروع بناء خط الترام.,VALIDATED
data50649,WIKI_C_06036,C,رايس تعاون مع الجمهورية إيمي ستيفنز باش يمولّو قانون كيسمح لأسواق الصحة الصغيرة و الفردية يعرضو برامج تحفيزية مقابل تخفيض على أقساط التأمين.,rays t3awn m3a ljumhuryya amy stephens bash ymowlu qanun kism7 l'aswaq sSihhia sSghira w l'fardiya y3arḍu baramij t7fiziyya muqabil t5fid 3la aqsaṭ t'amin.,Rice partnered with Republican Amy Stephens in sponsoring a bill to allow small-group and individual health-care markets to offer wellness incentive programs in exchange for a discount on insurance premiums .,تعاون رايس مع الجمهورية إيمي ستيفنز في رعاية مشروع قانون يسمح لأسواق الرعاية الصحية الجماعية والفردية الصغيرة بتقديم برامج حوافز صحية مقابل خصم على أقساط التأمين.,VALIDATED
data50650,WIKI_D_07415,D,كاينة كثرة ديال لبلايص فين مدفونين ناس ديال لعصر الحديدي ف هيرتفوردشاير، و هادشي مخليها بلاصة مهمة بزاف عالميا ف دراسة ديال لعصر الحديدي. لكثرة ديال هاد لبلايص ب أنواعهم كتبين بلي كانت سكنة كثيفة و معقدة بزاف قبل ما يدخل الرومان.,"kayna ktra dyal lbwayes fin madfonin nas dyal l'asr lhdidi f hertfordshire, w hadchi mkhliha blasa mmahima bzaf 'alamiyan f drasat dyal l'asr lhdidi. lktra dyal had lbwayes b anwahom katbin bli kanat skana ktifa w m'aqqda bzaf qbl ma ydkhol romane.","There is a wealth of Iron Age burial sites in Hertfordshire , making it a place of international importance in Iron Age study . The large number of sites of all types indicates dense and complex settlement patterns immediately prior to the Roman invasion .",توجد ثروة من مواقع الدفن في العصر الحديدي في هيرتفوردشاير ، مما يجعلها مكانًا ذا أهمية دولية في دراسة العصر الحديدي. يشير العدد الكبير من المواقع بجميع أنواعها إلى أنماط استيطان كثيفة ومعقدة مباشرة قبل الغزو الروماني.,VALIDATED
data50651,WIKI_C_09089,C,"فرقة الروك البديل ميريكانية لوكال إتش سجلات كوڤر ديال أغنية ""تيم"" ف إلكتريكال أوديو ف شيكاڭو، إيلينويز. النسخة ديال لوكال إتش خرجات سينگل ف 21 أبريل 2014.","fer9at lrock lbdil merikanya local h sajlat cover dyal aghniya ""team"" f electrical audio f chicago, illinois. l'virsion dyal local h kharjat single f 21 avril 2014.","American alternative rock band Local H recorded a cover version of "" Team "" at Electrical Audio in Chicago , Illinois . The Local H version was released as a single on 21 April 2014 .","سجلت فرقة الروك البديل الأمريكية لوكال إتش نسخة غلاف لأغنية ""تيم"" في إلكتريكال أوديو بشيكاغو، إلينوي. صدرت نسخة لوكال إتش كوحداني في 21 أبريل 2014.",VALIDATED
data50652,WIKI_D_04284,D,مارݣريت تشين (تزادت ف 26 ماي 1954) هي عضوة ديال المجلس فالدائرة اللولة ديال مجلس مدينة نيويورك. وهي ديموقراطية، و هي و بيتر كو، العضو ديال المجلس ديال كوينز، كيشكلو الوفد الآسيوي الأمريكي ديال مجلس المدينة.,"margret chin (tazdat f 26 may 1954) hiya 3owda dyal lmajlis f daira loola dyal majlis mdint new york. w hiya damuqratya, w hiya w peter koo, l3w dyal lmajlis dyal queens, kayshaklo lwifd lasiwi l'amriki dyal majlis mdina.","Margaret Chin ( born May 26 , 1954 ) is the Council member for the 1st District of the New York City Council . A Democrat , she and Queens Council member Peter Koo comprise the Asian American delegation of the city council .",مارغريت تشين (مواليد 26 مايو 1954) هي عضو المجلس عن الدائرة الأولى في مجلس مدينة نيويورك. كديمقراطية، هي وبيتر كو، عضو المجلس عن كوينز، يشكلان الوفد الأمريكي الآسيوي لمجلس المدينة.,VALIDATED
data50653,DATA_7774,A,بصح، غادي يجيّو.,"Besa7, ghadi yjiw.",its true they will come,حقًا سيأتون,VALIDATED
data50654,WIKI_D_01821,D,"كاينة لوحة فوق النحاس لتحت التمثال من القدّام، مكتوب فيها باللي هاد التمثال كبير وكيعبّر على الحرية. تصمّم من طرف Frédéric Auguste Bartholdi وتبنّى من طرف الشركة Gaget, Gauthier et Cie فـ Paris (و Cie اختصار فرنسي بحال Co.).","Kayn wa7d l‑law7a foq n‑n7as ta7t t‑timthal men l‑9ddam, katgol belli had t‑timthal kbir kaymattel l‑7orriya. Ttsamma men taraf Frédéric Auguste Bartholdi w tbna men taraf sharika Gaget, Gauthier et Cie f Paris (w Cie hiya ikhtisar faransi b7al Co.).","A plaque on the copper just under the figure in front declares that it is a colossal statue representing Liberty , designed by Bartholdi and built by the Paris firm of Gaget , Gauthier et Cie ( Cie is the French abbreviation analogous to Co . ) .","توجد لوحة على النحاس أسفل التمثال من الأمام تُعلن أنه تمثال ضخم يمثل الحرية، صممه Frédéric Auguste Bartholdi وبنته شركة Gaget, Gauthier et Cie في Paris (وكلمة Cie هي اختصار فرنسي مشابه لكلمة Co.).",VALIDATED
data50655,DATA_12379,A,عمرك جربتي دير هاد الحركة بيديك,3emrek jerebti dir had l7araka b2idek,Have you tried to make this gesture with your hands,هل حاولت أن تقوم بهذه الإيماءة بيديك؟,VALIDATED
data50656,WIKI_D_09186,D,"كيفما تفصل فالدكومونطير ديال المؤثرات الخاصة فديڤيدي ديال فيلم سوبرمان: الفيلم، ""السحر اللي مور الرداء""، اللي قدمو المشرف على المؤثرات البصرية روي فيلد، في الأخير، استعملو ثلاثة ديال التقنيات باش يحققو مؤثرات الطيران.","kima tafassal f'dcomontaire dyal l'mou2atirate lkhassa f'dvd dyal film superman: film, ""s7ar li mor l'rida"", li qeddmo lmeshref 3la l'mou2atirate lbassariya roy field, f'lakhir, stamllo tlata dyal ta9niyate bach yhqqo l'mou2atirate dyal tiran.","As detailed in the Superman : The Movie DVD special effects documentary ' The Magic Behind The Cape ' , presented by optical effects supervisor Roy Field , in the end , three techniques were used to achieve the flying effects .","كما تم تفصيله في الفيلم الوثائقي الخاص بالمؤثرات الخاصة على قرص DVD لفيلم سوبرمان: الفيلم، ""السحر وراء الرداء""، والذي قدمه المشرف على المؤثرات البصرية روي فيلد، فقد تم استخدام ثلاث تقنيات في النهاية لتحقيق مؤثرات الطيران.",VALIDATED
data50657,DATA_2176,A,واش نقدر نكري غرفة ولا نحجز فشي حانة؟,Wash n9der nkri ghorfa wla n7jez f chi 7ana?,can I rent a room or book a bar?,هل يمكنني استئجار غرفة أو حجز حانة؟,VALIDATED
data50658,DATA_10038,A,كان كيسحاب ليا غادي يتلع من لاسنسور,kan kis7ab liya ghadi ytlle3 men lasensour,i thought that he will elevate,اعتقدت أنه سيرتقي,VALIDATED
data50659,WIKI_C_06140,C,فالفم، الناس اللي عندهم مرض كرون يقدر يجيهم شي مشاكل فالفم وأنواع أخرى ديال أمراض الفم والوجه، بحال التقرحات اللي كتعاود فالفم، واللسان الجغرافي، والتهاب الفم اللي كيتنقل، وهاد الحالات كيبانو عندهم أكثر من باقي الناس.,"F l‑fam, nass li 3andhom marad Crohn y9dro yji‑hom moshakil f‑l‑fam w amrad okhra dyal l‑fam w l‑wejh, b7al ta9arra7at li kat3awd f‑l‑fam, lisan joghrafi, w iltihab fam kaytna9el, w had l‑7alat katban 3andhom aktar mn nas l‑3adiyin.","In the oral cavity people with Crohn 's may develop and other forms of orofacial , , recurrent aphthous stomatitis , geographic tongue , and migratory stomatitis in higher prevalence than the general population .",في تجويف الفم قد يُصاب الأشخاص المصابون بمرض كرون ببعض المشكلات الفموية وأشكال أخرى من اضطرابات الفم والوجه، مثل التهاب الفم القلاعي المتكرر، واللسان الجغرافي، والتهاب الفم المهاجر، وتظهر هذه الحالات لديهم بنسبة أعلى من عامة الناس.,VALIDATED
data50660,DATA_9070,A,أنا غادي نقاد ليك هاد اللبسة,ana ghadi n 9aad lik had lebssa,i will make you an outfit,سأفصل لك ثوباً,VALIDATED
data50661,WIKI_D_01724,D,لميني سيري هذي خرجات أول مرة في دي في دي ريجون 1 من سي بي إس تلفزيون نهار 15 فبراير 2005. و نهار 13 فبراير 2007، ليونز غايت إنترتينمنت خرجاتها مع واحد لميني سيري أخرى ديال لكوارث سميتها 10 5، بحال جوج أفلام مجموعين.,Ttlaqat had series sghira l‑awwal marra f DVD dyal Region 1 men taraf CBS Television f 15 February 2005. W f 13 February 2007 khrejatha Lions Gate Entertainment m3a series okhra dyal katastrof 10.5 f majmou3a wa7da fih juj a3mal.,"The miniseries was first released to Region 1 DVD by CBS Television on February 15 , 2005 . On February 13 , 2007 , Lions Gate Entertainment released it , together with fellow disaster miniseries 10-5 , as a two feature set .",تم إصدار المسلسل القصير لأول مرة على أقراص DVD للمنطقة 1 بواسطة CBS Television في 15 فبراير 2005. وفي 13 فبراير 2007 أصدرت شركة Lions Gate Entertainment هذا العمل مع المسلسل الكارثي الآخر 10.5 في مجموعة واحدة تتضمن عملين.,VALIDATED
data50662,WIKI_D_07199,D,الدورة د إنيكو ديال 2015 كانت واحد السباق ديال stages ف طريق ديال البيكالا اللي داز ف هولندا و بلجيكا ما بين 10 و 16 غشت 2015. كانت النسخة 11 ديال سباق stages ديال إنيكو و كانت السباق رقم 21 ديال 2015 UCI World Tour.,doura d eneco dyal 2015 kant wa7d sbé9 dyal stages f tri9 dyal lbikla lli daz f hollanda w beljika main 10 w 16 aghocht 2015. kant naskha 11 dyal sbé9 stages dyal eneco w kant sbé9 raqm 21 dyal 2015 UCI World Tour.,The 2015 Eneco Tour was a road cycling stage race that took place in the Netherlands and Belgium between 10 and 16 August 2015 . It was the 11th edition of the Eneco Tour stage race and was the twenty-first race of the 2015 UCI World Tour .,كان سباق إنيكو تور 2015 سباق مراحل لسباق الدراجات على الطرق أقيم في هولندا وبلجيكا بين 10 و 16 أغسطس 2015. كانت النسخة الحادية عشرة من سباق مراحل إنيكو تور، وكانت السباق الحادي والعشرين من جولة الاتحاد الدولي للدراجات 2015.,VALIDATED
data50663,WIKI_C_00060,C,فـ عام 1910 سلّمو الفرنسيسكان تسيير الرعية لأبرشية أوماها. وفأكتوبر ديال داك العام ولى إدوارد س. موينيش أول قسيس ديال الأبرشية فكنيسة سان ليونارد.,F 1910 sllmo l‑franciscans tssyir dyal rri3ya l‑diocese dyal Omaha. W f October dyal dak l‑3am wlla Edward S. Muenich awal 9ssis dyal l‑diocese f kanisat Saint Leonard.,"In 1910 , the Franciscans turned the management of the parish over to the Diocese of Omaha . In October of that year , Edward S. Muenich became the first diocesan pastor of St. Leonard 's .",في عام 1910، سلم الفرنسيسكان إدارة الأبرشية إلى أبرشية أوماها. وفي أكتوبر من ذلك العام، أصبح إدوارد إس. مونش أول راعي أبرشي لكاتدرائية سانت ليونارد.,VALIDATED
data50664,WIKI_D_07322,D,غياب نتوءات الريش ماشي بالضرورة كا يعني بلي شي ديناصور ما كانش عندو الريش. ولكن لڭينا نتوءات الريش عند الفيلوسيرابتور كا يعني باللي كان عندو الريش بالضرورة. هادي حاجة شحال هادي و حنا شاكين فيها ولكن حتى واحد ما قدر يثبتها.,ghiyab ntu2at er-rich machi bddarura ka ya3ni bli shi dinasor ma kanch 3ndo er-rich. walakin lqina ntu2at er-rich 3nd el-velociraptor ka ya3ni bli kan 3ndo er-rich bddarura. hadi haja shhal hadi w 7na shakin fiha walakin 7ta wa7d ma qdar ytbetha.,"A lack of quill knobs does not necessarily mean that a dinosaur did not have feathers . Finding quill knobs on Velociraptor , though , means that it definitely had feathers . This is something we 'd long suspected , but no one had been able to prove .",إن غياب بروزات الريش لا يعني بالضرورة أن الديناصور لم يكن لديه ريش. العثور على بروزات الريش في الفيلوسيرابتور، مع ذلك، يعني أنه بالتأكيد كان لديه ريش. هذا شيء كنا نشك فيه منذ فترة طويلة، لكن لم يتمكن أحد من إثباته.,VALIDATED
data50665,DATA_14937,B,"نيويورك تايمز كتبات في 1910 باللي الكتاب ""كيتعتابر من بين السير الذاتية العظيمة بالصح – أو غايكون كان الموضوع ديالو عنده أهمية ذاتية كثر"".","new york times ketbat f 1910 balli l-ktab ""kit3tabar men bin s-siyar d-datiyya l3dima b-ssah – u ghaykun kan l-mudu3 dyalu 3ndo ahammiyya datiyya kter"".","The New York Times wrote in 1910 that the book "" ranks among the really great biographies – or would were its subject of more intrinsic importance "" :","كتبت صحيفة نيويورك تايمز في عام 1910 أن الكتاب ""يحتل مكانة بين السير الذاتية العظيمة حقًا - أو كان سيكون كذلك لو كان موضوعه ذا أهمية جوهرية أكبر"" :",VALIDATED
data50666,DATA_17550,B,المدينة مكلفة بالصرف الصحي ديال الما دالروبيني للسكان وكتصيفطو لمحطات التصفية التابعة لمنطقة Hampton Roads.,lmdina mkalfa bsserf ssi7i dyal lma droubini lssokkan w ktsifto lma7att ttasfiya ttabia l mintaqa Hampton Roads.,The city provides wastewater services for residents and transports wastewater to the regional Hampton Roads Sanitation District treatment plants.,توفر المدينة خدمات الصرف الصحي للمقيمين وتنقل مياه الصرف الصحي إلى محطات معالجة منطقة هامبتون رودز الصحية الإقليمية.,VALIDATED
data50667,WIKI_C_00669,C,مينوي كانت خت موسيقى من نفس لمّا و تولدات ف 1812. ربحات أوكس ديال 1815، يوليو ستيكس و شي سباقات خرين و خرجات شي ربايح فالدّرة، ولكن السلالة ديالها ما دْوامتش.,"minuwit kanet kht musiqah mn nafs l-mma w twaldat f 1812. rba7at oaks dyal 1815, yulyu stiks w shi sbayaq khryn w khrejat shi rebaye7 f-d-dra, walakin s-slalah dyalha ma dawamtsh.","Minuet was a full sister of Music and was foaled in 1812 . She won the 1815 Oaks , July Stakes and several sweepstakes and produced several winners at stud , but her line did not endure .",كانت مينويت شقيقة كاملة لميوزيك، وُلدت عام 1812. فازت بسباق أوكس عام 1815، وسباق يوليو ستيكس، والعديد من سباقات الرهان، وأنجبت العديد من الخيول الرابحة في التربية، لكن سلالتها لم تستمر.,VALIDATED
data50668,WIKI_D_00948,D,لعناصر ديال المجموعة 12 كانت موجودة عبر التاريخ، و كانو كيتستعملو من شحال هادي من العصور القديمة حتى تكتشفو فالمختبرات. المجموعة نفسها ما خداتش شي سمية دارجة، ولكن كانت كتسمى المجموعة IIB شحال هادي.,"lcnasir dyal lmojmou3a 12 kanou mawjoudin 3abr ttarikh, w kanou kiyist3mlo men ch7al hadi men l3osour l9dima 7ta tktachfo f lmkhtabarat. lmojmou3a nafsaha ma khedatch chi smya darja, walakin kant katsamma lmojmou3a IIB ch7al hadi.","The elements of group 12 have been found throughout history , being used since ancient times to being discovered in laboratories . The group itself has not acquired a trivial name , but it has been called group IIB in the past .",لقد وُجدت عناصر المجموعة 12 عبر التاريخ، واستُخدمت منذ العصور القديمة حتى اكتشافها في المختبرات. لم تحصل المجموعة نفسها على اسم شائع، ولكنها كانت تسمى المجموعة IIB في الماضي.,VALIDATED
data50669,DATA_10159,A,كان كيسحاب ليا غادي ينتج شوية ديال الزيت لعود هاد العام,kan kis7ab liya ghadi yntej chwiya dial zit l3oud had l3am,i thought that he will produce olive oil,ظننت أنه سينتج زيت الزيتون,VALIDATED
data50670,DATA_0868,A,واش نتا متأكد?,wach nta mt2ekked?,Are you sure about that?,هل أنت متأكد من ذلك؟,VALIDATED
data50671,WIKI_D_02026,D,الطريقة باش هوبكنز قسم الغنايم تنتاقدات، و حيت ما تبعش الأوامر باش يدور على شاطئ فيرجينيا، الكونݣرس القاري وبّخو. من بعد بزاف ديال الغلطات و الاتهامات، هوبكنز تفرض عليه يخرج من البحرية عام 1778.,"tari9a bish hopkins 9asm lghnmaym tant9dat, w 7it ma tbe3ch l2awamir bish ydor 3la shat2 virjinia, lkongres l9ari wbekh. men ba3d bzaf dyal lghlatat w l9abilat, hopkins tfareD 3lih ykhrej men lb7riya 3am 1778.","The manner by which Hopkins distributed the spoils was criticized , and his failure to follow his orders to patrol the Virginia shore resulted in censure by the Continental Congress . After a series of further missteps and accusations , Hopkins was forced out of the navy in 1778 .",انتقدت الطريقة التي وزع بها هوبكنز الغنائم، وأدى عدم امتثاله لأوامره بالقيام بدوريات على شاطئ فيرجينيا إلى لوم الكونغرس القاري. وبعد سلسلة من الأخطاء والاتهامات الأخرى، أُجبر هوبكنز على ترك البحرية في عام 1778.,VALIDATED
data50672,DATA_16421,B,فواحد الروبرطاج مع ITV London فدجنبر 2015، قال ليفيسك باللي هو مساند ديال الفرقة ديال كرة القدم الإنجليزية ويست هام يونايتد.,"f wa7ed rrobortaj m3a ITV London f dujanbir 2015, qal livesk balli huwa msanid dyal lfirqa dyal kora lqadam l'ingliziya wist ham yunayitid.","During an interview with ITV London in December 2015 , Levesque said that he is a supporter of the English football team West Ham United FC .",خلال مقابلة مع تلفزيون آي تي في لندن في ديسمبر 2015، قال ليفيسك إنه من مشجعي فريق كرة القدم الإنجليزي وست هام يونايتد.,VALIDATED
data50673,WIKI_D_00877,D,الإصدارات اللولة ديال هاد السلسلة ما كيبانوش فيها التوسّع ديال الاتحاد الأوروبي. قبرص ما مرسومةش فداك الأوراق حيث الخريطة ما كتوصلش بزاف لجهة الشرق، وحتى مالطا ما بايناش حيث الحجم ديالها صغير وما كيوصلش للحد الأدنى باش تبان فالسلسلة اللولة.,"L‑isdarat l‑oula dyal had s‑silsila ma kaybanosh fiha tawassa3 dyal l‑ittihad l‑orobi. Qubrus ma mrsoumash f dak l‑awra9 7it l‑kharita ma katwassalsh bzzaf l‑sharq, w 7tta Malta ma baynach 7it 7ajm dyalha sghir w ma kaywssalsh l‑7add l‑adna bash tbban f s‑silsila l‑oula.",The first series issues do not reflect the expansion of the European Union : Cyprus is not depicted on those notes as the map does not extend far enough east ; Malta is also missing as it does not meet the first series ' minimum size for depiction .,لا تعكس الإصدارات الأولى من السلسلة توسع الاتحاد الأوروبي: قبرص غير مصورة على تلك الأوراق حيث أن الخريطة لا تمتد بعيدًا بما فيه الكفاية شرقًا؛ مالطا غائبة أيضًا لأنها لا تلبي الحد الأدنى للحجم المطلوب للتصوير في السلسلة الأولى.,VALIDATED
data50674,DATA_24374,B,الأولى لتيموثاوس: 1: 1 – 3: 9؛ 5: 20-حتى اللخر.,lwla l timutawus: 1: 1 – 3: 9; 5: 20-hta llekher.,First Epistle to Timothy : 1 : 1 – 3 : 9 ; 5 : 20-fin . ;,رسالة تيموثاوس الأولى ١: ١ – ٣: ٩؛ ٥: ٢٠ – نهاية.,VALIDATED
data50675,DATA_6110,A,بغيتي غرفة مزدوجة؟,bghiti ghorfa mozdawaja?,do you wish to have a twin room?,هل ترغب في غرفة مزدوجة؟,VALIDATED
data50676,DATA_5524,A,ماتحطوش فوق البيرو,mat7eTTouch fo9 lburou,Don't put it on the desk,لا تضعها على المكتب,VALIDATED
data50677,WIKI_D_00526,D,بلگراد معروفة بالليل ديالها اللي عامر بالنشاط؛ كاينين بزاف ديال الكلوبات محلولين حتى الفجر فجميع أنحاء المدينة. وأكثر حاجة معروفة فالليل ديال بلغراد هما المراكب/البارجات اللي منتشرين على طول ضفاف نهر سافا والدانوب.,blghrad ma3roufa blil dyalha lli 3amer bnshat; kaynin bezaf dyal lklubat mahulin hatta lfsr fjami3 anha2 lmdina. wakter haja ma3roufa flil dyal blghrad homa lmarakib/lbarjat lli montachrin 3la twl difaf nhar sava wldanub.,"Belgrade has a reputation for offering a vibrant nightlife ; many clubs that are open until dawn can be found throughout the city . The most recognizable nightlife features of Belgrade are the barges ( ) , spread along the banks of the Sava and Danube Rivers .",تشتهر بلغراد بحياتها الليلية النابضة بالحياة؛ ويمكن العثور على العديد من النوادي المفتوحة حتى الفجر في جميع أنحاء المدينة. وأبرز ما يميز الحياة الليلية في بلغراد هي الأكشاك العائمة (العوامات)، المنتشرة على طول ضفاف نهري سافا والدانوب.,VALIDATED
data50678,DATA_16936,B,Pa-Pa-Pa-Pa-بارتي من جيم جونستون (WWE; 2005-2006),Party men Jim Johnston (WWE; 2005-2006),""" Pa-Pa-Pa-Pa-Party "" by Jim Johnston ( WWE ; 2005 – 2006 )","""با-با-با-با-بارتي"" لجيم جونسون (دبليو دبليو إي؛ 2005 – 2006)",VALIDATED
data50679,DATA_19630,B,لفيلم الرابع من سلسلة أفلام بورن، بورن ليجاسي، خرج فـ 2012. لا ديمون ولا جرينجراس كانو فيه.,"lfilm rab3 mn silsilat aflam bourne, bourne legacy, khraj f 2012. la damon wla greengrass kano fih.","The fourth film of the Bourne franchise , The Bourne Legacy was released in 2012 . Neither Damon nor Greengrass was involved .","صدر فيلم ""إرث بورن""، الفيلم الرابع في سلسلة بورن، عام 2012. ولم يشارك فيه لا ديمون ولا غرينغراس.",VALIDATED
data50680,WIKI_D_05235,D,الشخص اللي لقاو الحكم ، و رجال الدين اللي حضروا ، حطّو راسهوم فوق منصة الإعدام مع السجين . المزمار عزف المزمور الرابع داير بمنصة الإعدام ، و موراها الوزير دعا مع السجين حتى تلقى الضربة القاضية .,"chakhsse li lqaw l7okm, w rjal din li 7adro, 7atto rasshom fawq mansat l3dam m3a ssin. lmezmar 3azaf lmezmor rab3 dayer bmansat l3dam, w moraha lwezir d3a m3a ssin 7ta t9la d9a l9adiya.","The persons who had found the verdict , and the attending clergymen , placed themselves on the scaffold with the prisoner . The fourth psalm was then played round the scaffold on the bagpipes , after which the minister prayed with the prisoner till he received the final stroke .",والمُحَلِّفُون الذين أصدروا الحكم، ورجال الدين الحاضرون، وضعوا أنفسهم على منصة الإعدام مع السجين. ثم عزفت المزامير ترتيلة المزمور الرابع حول المنصة، وبعد ذلك صلى الوزير مع السجين حتى تلقى الضربة الأخيرة.,VALIDATED
data50681,WIKI_D_10545,D,رئيس ديال المجلس الأوروبي كيتّخب من طرف المجلس الأوروبي بالأغلبية المؤهلة لواحد المدة ديال عامين ونص قابلة للتجديد مرة وحدة. الرئيس خاصّو يقدم تقرير للبرلمان الأوروبي من بعد كل اجتماع ديال المجلس الأوروبي.,ra2is dyal l-majlis l-orobi kayt7eb men tref l-majlis l-orobi b-l-aghlabiya l-moa77ada l-wa7d l-mda dyal 3amtn w nuss qabla latdjid marra w7da. ra2is khassto yqddm ta9rir l-l-barlaman l-orobi men ba3d kol ijtima3 dyal l-majlis l-orobi.,The President of the European Council is elected by the European Council by a qualified majority for a once-renewable term of two and a half years . The President must report to the European Parliament after each European Council meeting .,يُنتخب رئيس المجلس الأوروبي من قبل المجلس الأوروبي بأغلبية مؤهلة لفترة قابلة للتجديد مدتها سنتان ونصف. ويجب على الرئيس أن يقدم تقريرًا إلى البرلمان الأوروبي بعد كل اجتماع للمجلس الأوروبي.,VALIDATED
data50682,WIKI_C_05700,C,الشكاية ديال FTC كانت مقررة تدار ليها محاكمة فالمحكمة الفيدرالية فميريكان في شهر واحد عام الفين و تمنية، و لكن قبل المحاكمة، المتهمين فضلوا يتصالحوا برا المحكمة مع FTC.,"chkaya dyal FTC kant mo9rra tdar liha mohakma f lma7kama l federala f merikan f chhar wa7ed 3am l2008, walakin 9bel lmohakma, lmtahmin fddlo ytsale7o bra lma7kama m3a FTC.","The FTC complaint was scheduled to be tried in United States District Court in January 2008 , but before trial , the defendants chose to settle out of court with both the FTC .",كان من المقرر محاكمة شكوى لجنة التجارة الفيدرالية في محكمة مقاطعة الولايات المتحدة في يناير 2008، ولكن قبل المحاكمة، اختار المدعى عليهم التسوية خارج المحكمة مع كل من لجنة التجارة الفيدرالية.,VALIDATED
data50683,WIKI_D_01714,D,في شهر ستة ديال 2014، كلارك غريݣ قال باللي كان كايظن باللي السيزون غادي تدوز ف دقة وحدة ديال 10 الحلقات، و من بعد يقطعو ل Agent Carter، عاد يرجعو يدوزو 12 حلقة اللي بقاو. و ملّي كان كايشرح هاد القرار، بيل قال،,"f shahr stta dyal 2014, klark gregg qal blli kan kaydunn blli s-sizuun ghadi tdduz f dqa wa7da dyal 10 l-halaqat, w men ba3d yqaT3u l Agent Carter, 3ad yrj3u yduzuz 12 halaqa lli bqaw. w mlli kan kaychra7 had l-qrar, bell qal,","In June 2014 , Clark Gregg stated he believed the season would be shown in a block of 10 episodes , then breaking for Agent Carter , before airing the remaining 12 . Explaining this decision , Bell said ,","في يونيو 2014، صرح كلارك غريغ بأنه يعتقد أن الموسم سيعرض في دفعة من 10 حلقات، ثم يتوقف لـ ""Agent Carter""، قبل بث الحلقات الـ 12 المتبقية. شارحًا هذا القرار، قال بيل:",VALIDATED
data50684,DATA_4616,A,مرحبا، تختيط الهاد الحفلة غادي يكون ممتع,"marhba, takhTiT lhad l7afla ghadi ikon momti3","Hi, planning this party will be fun",مرحباً، سيكون التخطيط لهذا الحفل ممتعاً,VALIDATED
data50685,WIKI_D_00541,D,اللعبه تقبلات عليها الآراء مخلطة فاش خرجات. النسخة ديال البلاي ستيشن 3 عندها معدل ديال 74% ف ميتاكريتيك، و النسخة ديال البيسي عندها 69%، بينما النسخة ديال الاكس بوكس 360 عندها 67%.,"l3ba ta9abalt 3liha lara2 mkhlta fash khrajat. lonskha dyal playstation 3 3ndha mo3addal dyal 74% f metacritic, w lonskha dyal pc 3ndha 69%, bntma lonskha dyal xbox 360 3ndha 67%.","The game received mixed reviews upon release . The PlayStation 3 version holds an aggregate score 74 % from Metacritic , the PC version hold scores of 69 % , whereas the Xbox 360 version hold a score of 67 % .",حظيت اللعبة باستقبال مختلط عند صدورها. تحتل نسخة بلاي ستيشن 3 معدل 74% من ميتاكريتيك، ونسخة الحاسوب الشخصي تحصل على 69%، بينما تحصل نسخة إكس بوكس 360 على 67%.,VALIDATED
data50686,WIKI_D_00739,D,القتل ديال جان ديگز و ولادها الربعة اللي وقع ف دجنبر 1975 باقي ما تحلش. البوليس قالو ف 1977 باللي ما قدروش يعرفو شكون اللي دار هاد الجريمة مورا عامين و الاف السوايع ديال التحقيق.,lqtel dyal jean diggs w wladha rreba3a lli wqa3 f dnjmber 1975 baqi ma t7llsh. lboulais qalo f 1977 blli ma qdroush y3rfo shkun lli dar had lgrimma mora 3amin w allaf sswai3 dyal tthqi9.,The December 1975 murder of Jean Diggs and her four children has never been solved . Police reported in 1977 that they had been unable to identify a perpetrator after two years and thousands of hours spent investigating the crime .,لم يتم حل جريمة قتل جان ديغز وأطفالها الأربعة التي وقعت في ديسمبر 1975. أفادت الشرطة في عام 1977 بأنها لم تتمكن من تحديد هوية مرتكب الجريمة بعد عامين وآلاف الساعات التي قضتها في التحقيق في الجريمة.,VALIDATED
data50687,WIKI_C_03478,C,قبل ما يبدا كل موسم ديال الأعاصير كيديرو توقعات ديال النشاط ديالها. هاد التوقعات كيديروها خبراء معروفين فالأعاصير بحال فيليب كلوتسباخ والدكتور ويليام غراي مع الفريق ديالهم فجامعة ولاية كولورادو، وكاينين حتى توقعات أخرى كيديروها المتخصصين فالتنبؤ بالطقس فـ NOAA.,"Qbl ma ybda kol mawsim dyal l‑a3asir kaydirou tawqa3at dyal nashat dyalha. Had tawqa3at kaydirouha khobara ma3roufin b7al Philip Klotzbach w Dr William Gray m3a l‑fariq dyalhom f Colorado State University, w kaynin 7tta tawqa3at okhra kaydirouha l‑motakhassisin f tawa9o3 dyal tta9s f NOAA.","Forecasts of hurricane activity are issued before each hurricane season by noted hurricane experts Philip J. Klotzbach , Dr. William M. Gray , and their associates at Colorado State University ; and separately by NOAA forecasters .",تُصدر توقعات نشاط الأعاصير قبل كل موسم أعاصير من قبل خبراء الأعاصير المعروفين فيليب ج. كلوتسباخ والدكتور ويليام م. غراي وزملائهم في جامعة ولاية كولورادو، كما تُصدر توقعات منفصلة أيضًا من قبل خبراء التنبؤ في الإدارة الوطنية للمحيطات والغلاف الجوي (NOAA).,VALIDATED
data50688,WIKI_D_09455,D,"شارا نوڤا، لي هي المغنية ديال ماي برايتيست دايموند، واللي كانت دارت تعاون مع ستيفنز ك مغنية مساعدة ف الألبومات ذ أڤالانش و إلينوي، عندها أداء منفرد فالتراك ""إمبوسيبل سول""، و كدير غنا مساند فالألبوم كامل.","shara nova, li hi l-mghniya dyal my brightest diamond, w-lli kanet darat ta3awon m3a stevens k mghniya mosa3ida f l-albums the avalanche w illinois, 3andha ada2 monfarid f-ttrack ""impossible soul"", w kdir ghena mosa7ed f-l-album kamel.","My Brightest Diamond frontwoman Shara Nova — who previously collaborated with Stevens as a backing vocalist on the albums The Avalanche and Illinois — has a solo performance on the track "" Impossible Soul "" , and provides backing vocals throughout the album .","تؤدي شارا نوفا، المغنية الرئيسية لفرقة ماي برايتيست دايموند، والتي سبق لها أن تعاونت مع ستيفنز كمغنية مساندة في ألبومي ""ذا أفالانش"" و ""إلينوي""، أداءً منفردًا في أغنية ""إمبوسيبل سول""، وتوفر غناءً مساندًا طوال الألبوم.",VALIDATED
data50689,WIKI_D_00028,D,وقع تحسّن فطريقة تشخيص تخثّر الأوردة ديال الدماغ ملي بداو كيستعملو تصوير الأوردة عام 1951. هاد الطريقة حتى ساعدت الأطباء يفرّقو بين هاد المرض وبين ارتفاع الضغط داخل الجمجمة اللي السبب ديالو ما معروفش، حيث بزاف ديال المرات كيبانو بنفس الأعراض والعلامات.,"T7ssan tashkhis takathor l‑awrid dyal dmag mlli bda isti3mal taswir l‑awrid f 1951. Had tariqa 7tta sa3dat t‑tibba yfar9o bin had l‑marad w irtifa3 d‑daght dakhl jmjma li sabab dyalo ma ma3roufsh, 7it bzaf d‑l‑marat kaybanou b nafs l‑a3rad w l‑3alamat.","Improvements on the diagnosis of cerebral venous sinus thrombosis in life were made with the introduction of venography in 1951 , which also aided in the distinction from idiopathic intracranial hypertension , which has similar presenting signs and symptoms in many cases .",تم تحقيق تحسينات في تشخيص تجلط الجيوب الوريدية الدماغية أثناء حياة المريض مع إدخال تصوير الأوردة في عام 1951، وقد ساعد ذلك أيضًا على التمييز بينها وبين ارتفاع ضغط الدم داخل الجمجمة مجهول السبب، الذي تظهر له في كثير من الحالات علامات وأعراض متشابهة.,VALIDATED
data50690,WIKI_C_01815,C,فوقاش كان كيقرا الحقوق، والديه تطلقو. بقى كيهضر مع باه غي شوية، و لكن بقى قريب بزاف لمو حتى ماتت ف 1988.,"fawqash kan kiyqra l7o9o9, walidih tetla9o. b9a kiyhder m3a bah ghi chwiya, w lakin b9a9rib bzaf lmo hatta matet f 1988.","During his law school years , his parents separated . Falk maintained minimal contact with his father , but remained very close with his mother until her death in 1988 .",خلال سنوات دراسته للقانون، انفصل والداه. حافظ فالك على الحد الأدنى من التواصل مع والده، لكنه ظل قريبًا جدًا من والدته حتى وفاتها في عام 1988.,VALIDATED
data50691,WIKI_D_08102,D,ف 1998 الجامعة أسسات مركز عائلة هاريس للإعاقة وسياسة الصحة. المركز كيدافع على الحاجيات الصحية ديال الناس اللي عندهم إعاقة وكايقدم استشارات وتكوينات للمنظمات والشركات والسبيطارات باش يعاونهم يلبّيو الحاجيات ديال الناس المعاقين.,f 1998 l-jami3a assaset markaz 3a2ilat Harris lil-i3aqa w-siyasat s-se77a. l-markaz kaydefa3 3la l-7a2e2at s-se77iya dyal n-nas li 3ndhom i3aqa w-kayqaddem istisharat w-takwinat lil-munaẓẓamat w-sh-sharikat w-s-sbitarat bach y3awnom ylbbu l-7a2e2at dyal n-nas l-m3aqin.,"In 1998 , the university established the Harris Family Center for Disability and Health Policy . The Center advocates for the health needs of individuals with disabilities and provides consultation and training to organizations , companies , and hospitals to help them meet the needs of disabled individuals .",في عام 1998، أنشأت الجامعة مركز عائلة هاريس للإعاقة وسياسة الصحة. يدافع المركز عن الاحتياجات الصحية للأشخاص ذوي الإعاقة ويقدم الاستشارات والتدريب للمنظمات والشركات والمستشفيات لمساعدتها على تلبية احتياجات الأشخاص ذوي الإعاقة.,VALIDATED
data50692,DATA_7279,A,كيفاش ديما كتفرحني ملي كانكون عيانة؟,kifach dima katfere7ni mli kankoun 3yana ?,how do you always know how to lift my spirits when i'm feeling low?,كيف تعرف دائمًا كيف ترفع معنوياتي عندما أشعر بالإحباط؟,VALIDATED
data50693,WIKI_D_06476,D,ملي كيولي الدين مصطنع شوية، كيبقى على الفن دور باش ينقذو. الفن يقدر يبيّن بلي الرموز اللي كيبغيو الأديان يخلّونا نآمنو بلي حقيقية حرفيًا، راه فالحقيقة غير رمزية. والفن حتى يقدر يعطي لها واحد الصورة المثالية ويبيّن المعاني العميقة اللي فيها.,"Mlli kaywli d‑din masnou3 shwiya, kaybqa 3la l‑fann dor bash yn9edou. L‑fann yqder ybayan belli r‑romouz li kaybghiw l‑adyan ykhlouna n2amnou belli 7a9iqiya 7arfiyan, rah f‑l‑7a9i9a ghira ramziya. W l‑fann 7tta yqder y3ti liha wa7d s‑soura l‑mithaliya w ybayan l‑ma3ani l‑3ami9a li fiha.","When religion becomes artificial , art has a duty to rescue it . Art can show that the symbols which religions would have us believe literally true are actually figurative . Art can idealize those symbols , and so reveal the profound truths they contain .",عندما يصبح الدين مصطنعًا، يكون على الفن واجب إنقاذه. يمكن للفن أن يُظهر أن الرموز التي تريدنا الأديان أن نعتقد أنها حقيقية حرفيًا هي في الواقع رمزية. كما يمكن للفن أن يُضفي طابعًا مثاليًا على تلك الرموز، وبذلك يكشف الحقائق العميقة التي تحتويها.,VALIDATED
data50694,DATA_7219,A,تقدر تعاوني باش نلقى القياس فهاد الحوايج؟,t9der t3aweni bach nl9a l9yass fhad l7wayj ?,could you assist me with finding the right size in this clothing item?,هل يمكنك مساعدتي في إيجاد المقاس المناسب لهذا الغرض من الملابس؟,VALIDATED
data50695,WIKI_D_10089,D,فآخر حياتها كانت فَعلاقة مع الممثل مارك آدامز، وقضات بزاف من السنوات الأخيرة ديالها فدار على البحر فواحد البلاصة كانت معزولة داك الوقت سميتها ذا باينز ففاير آيلاند فـنيويورك.,"F akher 7yatha kanat f 3alaqa m3a l‑momattil Marc Adams, w qdat bzaf mn s‑snin l‑akhira dyalha f dar 3la l‑b7ar f wa7d l‑blassa kanat m3zola dak lwaqt smitha The Pines f Fire Island f New York.","Later in life , she was in a relationship with actor Marc Adams , and spent many of her final years at a beach house in what was then an isolated section of The Pines on Fire Island , New York .",في وقت لاحق من حياتها، كانت في علاقة مع الممثل مارك آدامز، وقضت العديد من سنواتها الأخيرة في منزل على الشاطئ في ما كان آنذاك جزءًا معزولًا من منطقة ذا باينز في فاير آيلاند، نيويورك.,VALIDATED
data50696,WIKI_D_05586,D,شخصيات وحدوخرين ديال هاد الشخصية اللي تقتبسوهم فوسائل الإعلام الأخرى كاين منهم باربرا غوردن كبيرة فالعمر، اللي دارت صوتها ستوكارد تشانينغ وأنجي هارمون فـ Batman Beyond ديال 1999، واللي من بعد ما تقاعدت من باتجيرل، ولات مفوضة ديال البوليس فمدينة غوثام.,"chkhaSYat w7dookhrin dyal had chkhasya li t9btesohom f ws222il l23lam l2okhra kayn mnhom barbara gordon kbira f l3mr, li dart Sothha stockard channing w angi harmon f batman beyond dyal 1999, w li mn ba3d ma t9a3adt mn batgirl, walat mofawda dyal lbolis fmdint gotham.","Other variations of the character that have been adapted into other media include an elderly Barbara Gordon , voiced by Stockard Channing and Angie Harmon in 1999 's Batman Beyond , who after retiring as Batgirl , became commissioner of Gotham City police .","تشمل التنويعات الأخرى للشخصية التي تم تكييفها في وسائط أخرى باربرا غوردن المسنة، والتي قامت بأداء صوتها ستوكارد تشانينغ وأنجي هارمون في فيلم ""باتمان بيوند"" عام 1999، والتي بعد اعتزالها دور باتجيرل، أصبحت مفوضة شرطة مدينة غوثام.",VALIDATED
data50697,WIKI_D_03287,D,فمسيرتو، تريسي بان ف 75 فيلم و بنا سمعة بين صحابو كواحد من أحسن الممثلين فالتاريخ ديال السينما. ف 1999، المعهد الأمركاني للفيلم صنّف تريسي هو النجم رقم 9 من بين أحسن نجوم الرجال ديال السينما الكلاسيكية ف هوليود.,"fmsirto, tracy ban f 75 film w bna sm3a bin s7abo k wa7d men a7sen l momatils f tarikh dyal cinema. f 1999, lma3had l'amérikan dyal film ssnf tracy howa n najm raqm 9 men bin a7sen nujum rjal dyal cinema lclassiqia f hollywood.","During his career, Tracy appeared in 75 films and developed a reputation among his peers as one of the screen's greatest actors. In 1999 the American Film Institute ranked Tracy as the 9th greatest male star of Classic Hollywood Cinema.",خلال مسيرته المهنية، شارك تريسي في 75 فيلمًا واكتسب سمعة بين أقرانه كواحد من أعظم ممثلي الشاشة. في عام 1999، صنف معهد الفيلم الأمريكي تريسي تاسع أعظم نجم ذكر في السينما الكلاسيكية الهوليوودية.,VALIDATED
data50698,DATA_8272,A,راه غا بغا يضحك معاك,rah gha bgha yd7ek m3ak,he is just kidding with you,هو يمازحك فقط,VALIDATED
data50699,DATA_2895,A,غادي ناخد قرعة ديال الماء فبلاصتها,ghadi nakhod 9ar3a dyal lma fblastha,I'll have a bottle of water instead then,سآخذ زجاجة ماء بدلًا من ذلك.,VALIDATED
data50700,WIKI_C_11806,C,"المحطة كاينة فالحلقة ديال ""عش الدبابير"" من سلسلة Poirot ديال أجاثا كريستي مع ديفيد سوشي بدور هيركيول بوارو، و كاتبَان كيما محطة ""ماربل هيل"".","el me7ta kayna fel 7alqa dyal ""3esh eddebaber"" men selsel Poirot dyal Agatha Christie m3a David Suchet bdooor Hercule Poirot, w ketban kima me7att ""Marble Hill"".","The station building appears as "" Marble Hill "" tube station in the episode "" Wasps ' Nest "" of the Agatha Christie 's Poirot TV series with David Suchet as Hercule Poirot .","يظهر مبنى المحطة كمحطة مترو ""ماربل هيل"" في حلقة ""عش الدبابير"" من مسلسل ""أجاثا كريستي بوارو"" التلفزيوني مع ديفيد سوتشيه في دور هيركيول بوارو.",VALIDATED
data50701,DATA_8934,A,أنا غادي نحساب ليك لمشتركين,ana ghadi n7sseb lik lmochtarikin,i will calculate the subscribers,سأقوم بحساب المشتركين,VALIDATED
data50702,DATA_24152,B,حتى ويستون كاتكون آخر حدث فكرنفال ويست كانتري اللي كيدوز فشهر نونبر، وفين كيدوزو بزاف ديال العربات مزوّقين ومضويين كيديرو موكب فالشوارع.,"weston hiya akher m7etta fi massira carnaval west country lli katkoun fi chhar november, o lli kaydouz fiha bzzaf dial l3awwamat mzeyna o mdouia f chwari3.","Weston is also the final event on the November West Country Carnival circuit , when a large number of brightly illuminated floats parade through the streets .",ويُعدّ ويستون أيضًا الحدث الأخير في مسار كرنفال ويست كانتري الذي يُقام في شهر نوفمبر، حيث تسير أعداد كبيرة من العربات المزينة والمضيئة عبر الشوارع في موكب احتفالي.,VALIDATED
data50703,DATA_13053,B,"السرعة القصوى: 220 ميل في الساعة (354 كيلومتر في الساعة؛ 191 عقدة) على ارتفاع 10,000 قدم (3,000 متر).","As-sor'a al-quswa: 220 mayl fi sa'a (354 kilomitr fi sa'a; 191 'uqda) 'ala irtifa' 10,000 qadam (3,000 metr).",Maximum speed : 220 mph ( 354 km / h ; 191 kn ) at 10-000 feet ( 3-000 m ),أقصى سرعة: 220 ميل في الساعة (354 كم/ساعة؛ 191 عقدة) عند 10000 قدم (3000 متر),VALIDATED
data50704,WIKI_D_05075,D,الأركيا كايعاودو تدوير العناصر بحال الكاربون، الآزوت والكبريت فمختلف البيئات ديالهوم. واخا هاد الأنشطة مهمة بزاف باش النظام البيئي يخدم نورمال، الأركيا حتى هما يقدرو يساهمو فالتبديلات اللي دارها الإنسان، وحتى يسببو التلوث.,"larkiya kay3awdu tdwir l9alam ydir b7al lkarbon, lazut w lkibrit fmdint lbi2at dyalo m. wakha had l2inshi7a mhinna bzaf bach lni7am lbi2i ykhdm normal, larkiya 7ta homa yqdro ysa7mu ftbidlat li darha l2insan, w 7ta ysbbu ltlnwth.","Archaea recycle elements such as carbon, nitrogen and sulfur through their various habitats. Although these activities are vital for normal ecosystem function, archaea can also contribute to human-made changes, and even cause pollution.",تعيد العتائق تدوير عناصر مثل الكربون والنيتروجين والكبريت عبر مواطنها المختلفة. وعلى الرغم من أن هذه الأنشطة حيوية لوظيفة النظام البيئي الطبيعية، إلا أن العتائق يمكن أن تساهم أيضًا في التغييرات التي صنعها الإنسان، بل وتتسبب في التلوث.,VALIDATED
data50705,WIKI_C_09416,C,مارشال، بيتر. معاودة تعريف الإصلاح الديني الإنجليزي، مجلة الدراسات البريطانية، يوليوز 2009، المجلد 48 العدد 3 الصفحات 564-586.,"marshal, peter. ""(wawdedh) ta3dif lislah dini l-inglisi"", majallat ddiraissat l-britaniyya, yulyuz 2009, l-mojallad 48 l-3adad 3 ssaf7at 564-586.","Marshall , Peter . "" ( Re ) defining the English Reformation , "" Journal of British Studies , July 2009 , Vol . 48 # 3 pp 564 – 586","مارشال، بيتر. ""(إعادة) تعريف الإصلاح الإنجليزي""، مجلة الدراسات البريطانية، يوليو 2009، المجلد 48، العدد 3، الصفحات 564 – 586.",VALIDATED
data50706,WIKI_D_09326,D,تلاقاو موراها فالفينال ديال رولان غاروس 2011، أول ماتش ديالهم فݣراند سلام من مور الفينال ديال أستراليا 2009. واخا كانت ماتش صعيبة، نادال عاود غلب فيدرر بربعة د السيطات باش ربح التيتخ العاشرة ديالو ف ݣراند سلام والسادسة ديالو ف رولان غاروس.,"tlaqaw moraha falfinal dyal rollan garos 2011, awel match dyalhom f grand slam min mor alfinal dyal australiya 2009. wakha kant match s3iib, nadal 3awd ghalb federer brb3a d sitat bach rbe7 titlx l3achra dyalo f grand slam w lsada dyalo f rollan garos.","They then met in the finals of the 2011 French Open , their first Grand Slam meeting since the 2009 Australian Open final . Although it was a competitive match , Nadal again defeated Federer in four sets to win his tenth Major title and sixth French Open crown .",ثم التقيا في نهائيات بطولة فرنسا المفتوحة 2011، وهي أول مواجهة بينهما في إحدى البطولات الكبرى منذ نهائي بطولة أستراليا المفتوحة 2009. ورغم أنها كانت مباراة تنافسية، إلا أن نادال هزم فيدرر مرة أخرى في أربع مجموعات ليفوز بلقبه الكبير العاشر ولقبه السادس في بطولة فرنسا المفتوحة.,VALIDATED
data50707,WIKI_C_04098,C,فرقة بريطانيا دخلات بتلاتة ديال الرياضيين للمنافسة ديال الطايكواندو فبكين. سارة ستيفنسون ربحات أول ميدالية لفرقة بريطانيا فالطايكواندو فالألعاب الأولمبية، برونزية فالفئة ديال السيدات +67 كيلو.,"faraq briTania dakhlat b talat dyal r-riyadiyin l-munaafasa dyal t-taekwondo f-Bikin. Sara Stevenson rabHat awl midaliya li-faraq briTania f-t-taekwondo f-l-'ab albumbiya, bronziya f-l-fii'a dyal s-saydat +67 kilo.",Team GB entered three athletes into the taekwondo competition in Beijing . Sarah Stevenson won Team GB 's first ever medal in Olympic taekwondo – a bronze in the women 's + 67 kg .,دخل فريق بريطانيا العظمى بثلاثة رياضيين في مسابقة التايكواندو في بكين. فازت سارة ستيفنسون بأول ميدالية لبريطانيا العظمى على الإطلاق في رياضة التايكواندو الأولمبية - وهي ميدالية برونزية في وزن +67 كجم للسيدات.,VALIDATED
data50708,DATA_0940,A,الطلبة فالغالب كاينعسو إذن شي حاجا لي غادي تجبد الانتباه ديالهوم هيا لي خاصنا.,Talaba flghalib kayn3so idan chi 7aja li ghadi tjbed lntibah dialhom hia li khaSSana.,Often students fall asleep so something to grab their attention might be just the thing,غالبًا ما ينام الطلاب، لذا قد يكون شيء لجذب انتباههم هو الحل الأمثل.,VALIDATED
data50709,DATA_7403,A,ناسّ كيڭولو عليه واعر,nass kigoulou 3lih wa3er,it's been getting rave reviews,لقد تلقى إشادات واسعة,VALIDATED
data50710,DATA_6235,A,هادا أحسن عصير دقت في حياتي,hada a7ssn 3assir d9t f 7yati,this is the best juice i've had so far,هذا أفضل عصير تناولته حتى الآن,VALIDATED
data50711,DATA_19474,B,الدنستر، اللي كاينة في ناشيونال بارك ديال إكسمور، فيها بزاف ديال البني مسجل، منهم 200 ديال الكراد 2، و جوج ديال الكراد 1، و جوج ديال الكراد 2 نجمة.,"ddenster, lli kayna f national park dyal Exmoor, fiha bzzaf dyal lbni msjjel, mnhom 200 dyal lgrad 2, o joj dyal lgrad 1, o joj dyal lgrad 2 nejma.","Dunster , in Exmoor National Park , has many listed buildings including 200 Grade II , two Grade I and two Grade II * .",يحتوي دنستر، الواقعة في متنزه إكسمور الوطني، على العديد من المباني المسجلة، بما في ذلك 200 مبنى من الدرجة الثانية، واثنين من الدرجة الأولى، واثنين من الدرجة الثانية *.,VALIDATED
data50712,WIKI_D_02548,D,شنو اللي سبّب الكون يتشكّل؟ واش الفرضية ديال الكون المضبوط مزيان صحيحة؟ و إلا كانت صحيحة، واش هادشي يقدر يكون نتيجة ديال الانتقاء الطبيعي الكوني؟ شنو اللي سبّب التضخم الكوني اللي أنتج الكون المتجانس ديالنا؟ علاش كاين عدم التماثل الباريوني؟,"shno lli sbab lkon ytechkel? wach lfrdya dyal lkon lmdboot mzyan s7i7a? w ila kanet s7i7a, wach hadshi yqder ykun ntyja dyal linti2a 7tbi3i lkoni? shno lli sb'b tto7om lkoni lli ntejj lkon lmtjanes dyalna? 3lash kayen 3adam tmtalo lbarioni?","What caused the Universe to form ? Is the premise of the Fine-tuned universe hypothesis correct ? If so , could this be the result of cosmological natural selection ? What caused the cosmic inflation that produced our homogeneous universe ? Why is there a baryon asymmetry ?",ما الذي تسبب في تشكل الكون؟ وهل فرضية الكون المضبوط صحيحة؟ إذا كان الأمر كذلك، فهل يمكن أن يكون ذلك نتيجة الانتخاب الطبيعي الكوني؟ ما الذي تسبب في التضخم الكوني الذي أنتج كوننا المتجانس؟ لماذا يوجد عدم تناظر باريوني؟,VALIDATED
data50713,DATA_6402,A,زدت سميتو لكتاب,zedt smitou lktab,i added his name to the book,أضفت اسمه إلى الكتاب,VALIDATED
data50714,WIKI_C_04725,C,ف 1982 خرج واحد لكوليكسيون ديال شي تسجيلات خايبة و شي بروفات ديال واحد الوقيتة بين 1972 و 1975 (ف اللول غير ف كاسيط) سميتها Time Vaults. هادو ماشي تسجيلات ديال ستوديو مزيانين.,f 1982 kherj wa7d lakoliksiyon dyal shi tsjilat khayba w shi provat dyal wa7d lwoqita bin 1972 w 1975 (f loul ghir f kassit) smiytiha Time Vaults. Hado machi tsjilat dyal studio mzianin.,"In 1982 a collection of out-takes and rehearsal recordings from the 1972 – 1975 hiatus was released ( initially on cassette only ) , called Time Vaults . These are not studio-quality recordings .","في عام 1982، صدرت مجموعة من التسجيلات غير الرسمية وتسجيلات التدريبات من فترة الانقطاع بين عامي 1972 و 1975 (في البداية على شريط كاسيت فقط)، باسم ""Time Vaults"". هذه ليست تسجيلات بجودة الاستوديو.",VALIDATED
data50715,WIKI_D_07234,D,قال لاري فاين فـ2011 باللي البيانو الحديث ديال غروتريان‑شتاينفيغ كيتعتابر من بين أحسن أنواع البيانو من حيث الجودة، وبنفس المستوى ديال البيانو اللي كيتصاوب فهامبورغ، وحتى بجودة أكثر من بعض البيانو اللي كيتصاوب فنيويورك.,"Gal Larry Fine f 2011 belli piano l‑7dith dyal Grotrian‑Steinweg kayt3taber men bin a7san anwa3 piano men jiha dyal l‑jawda, w b nafs l‑mostawa dyal piano li kaytsawb f Hamburg, w 7tta b jawda aktar men ba3d piano li kaytsawb f New York.","Modern Grotrian Steinweg pianos were said by Larry Fine in 2011 to be among the "" highest quality "" , on par with Hamburg built , and ; higher quality than New York built .",قيل إن بيانو غروتريان‑شتاينفيغ الحديث يُعد، بحسب لاري فاين في عام 2011، من بين «أعلى أنواع البيانو جودة»، وعلى نفس مستوى البيانو المصنوع في هامبورغ، بل وبجودة أعلى من بعض أنواع البيانو المصنوعة في نيويورك.,VALIDATED
data50716,WIKI_D_03765,D,ويلسون تزادت ف بويز، إيداهو. كتقول باللي فاش كانت كبر، كانت حشمانة بزاف وهي صغيرة. ويلسون لقات بلاصتها ف بزاف ديال الأنشطة فالمدرسة، بحال التشجيع، الرقص، وكانت منافسة بزاف ف ألعاب القوى.,"wilson tzadit f boiz, idaho. ktaqul belli fash kanat tkber, kanat hachmana bezzaf hiya sghira. wilson qat plastha f bezzaf dyal l-nishatat f lmadrassa, bhal chja3, dans, wkanat mnafsia bezzaf f al3ab lqwa.","Wilson was born in Boise, Idaho. She claims that while growing up she was painfully shy as a child. Wilson found her niche in many school activities, including cheerleading, dance, and was very competitive in track and field.",ولدت ويلسون في بويز، أيداهو. تدعي أنه أثناء نشأتها كانت خجولة للغاية في طفولتها. وجدت ويلسون مكانها في العديد من الأنشطة المدرسية، بما في ذلك التشجيع والرقص، وكانت تنافسية للغاية في ألعاب القوى.,VALIDATED
data50717,DATA_9540,A,كون غير نقصت شوية فالوزن.,Kon ghir nqast chwia f l‑wazn.,if only i lost weight,ليتني خسرت وزناً,VALIDATED
data50718,WIKI_D_04831,D,كان التعليم العمومي مثال على الشغف ديال سارمينتو باش يحسّن التعليم. ركّز سارمينتو على الأمية عند الشباب، واقترح يبسط القراية والإملاء فالنظام ديال التعليم العمومي، ولكن هاد الطريقة ما تطبقاتش نهائياً.,"Kan ta3lim l‑3omomi mithal 3la chaghaf dyal Sarmiento bach y7assen ta3lim. Rakkaz 3la l‑omiya 3nd chabab, w qtara7 ybassat l‑qraiya w l‑imla2 f nizam dyal ta3lim l‑3omomi, walakin had tariqa ma ttabqatsh nihaiyan.",", Instrucción Publica , an example of Sarmiento 's passion for improved education . Sarmiento focused on illiteracy of the youth , and suggested simplifying reading and spelling for the public education system , a method which was never implemented .",كان التعليم العام مثالًا على شغف سارمينتو بتحسين التعليم. ركّز سارمينتو على مشكلة أميّة الشباب، واقترح تبسيط القراءة والإملاء في نظام التعليم العام، وهي طريقة لم يتم تنفيذها أبدًا.,VALIDATED
data50719,DATA_0514,A,دوك الجوج سيّاح نڭالزا?,dok jjoj souyaa7 ngalza?,The couple of British tourists?,زوج السياح البريطانيين؟,VALIDATED
data50720,DATA_21788,B,قال بلي إلى قبلوا الألمان باللي قالو لبارتيزان، بالخصوص فحق الجرحى و اللي تشدو، البارتيزان غادي يديرو نفس الشيء.,"gal belli ila qeblou l'alman blli galou l'bartizan, belkhosous fe hq ljerha ou lli tchedou, l'bartizan ghadi ydiro nefs shshi.","said that if the Germans accepted the Partisan proposal , especially in regard to the wounded and captured , the Partisans would reciprocate ;",قال إنه إذا قبل الألمان اقتراح الفدائيين، خاصة فيما يتعلق بالجرحى والأسرى، فسوف يبادر الفدائيون بالمقابل؛,VALIDATED
data50721,WIKI_C_00031,C,ف2014 و 2015، الجماعة اليهودية ديال زغرب قدمو شي مخططات جداد لواحد المركز يهودي متعدد الأغراض وكنيس ف زنقة پراشكا فيه 10 على 600 مترو مربع ( 114 على 000 قدم مربع).,"f 2014 w 2015, ljama3a liyhudiya dyal zagreb qeddmu chi mokhattatat jdad l wa7d lmarkaz lihudi mte3edd l aghrad w knis f zenqa praxka fih 10 600 m2 (114 000 sq ft) multi purpose.","In 2014 and 2015 , the Jewish Community of Zagreb presented new plans for a 10-600 m2 ( 114-000 sq ft ) multi-purpose Jewish center and synagogue in Praška Street .","في عامي 2014 و 2015، قدمت الطائفة اليهودية في زغرب خططًا جديدة لمركز يهودي متعدد الأغراض وكنيس بمساحة 10,600 متر مربع (114,000 قدم مربع) في شارع براشكا.",VALIDATED
data50722,DATA_13158,B,وزيادة على هادشي، الظاهر باللي كانو شي مشاكل كبيرة ف الشخصية، اللي وصلات ڭو-طوبة باش يكتب مرة، من بعد ما مدح الشعر ديال تيكا، باللي:,"w zayada 3la hadshi, d-daher blli kanu shi mashaakil kbira f shakhsiya, li wsslatt gotoba bash ykteb mrra, mn b3d ma md7 sh-sh3r dyal tika, blli:","In addition , there apparently were serious personality conflicts , which lead Go-Toba to write once , after praising Teika 's poetry , that :",بالإضافة إلى ذلك، يبدو أنه كانت هناك صراعات شخصية خطيرة، مما دفع غو-توبا إلى الكتابة ذات مرة، بعد مدح شعر تيكا، قائلاً:,VALIDATED
data50723,DATA_24308,B,حتى شي بلاد ما خدات صفر نقطة فالمجموع ديال النقاط ملي تزادو النقاط بجوج، ولكن فرنسا خدات صفر نقطة فالتصويت ديال الجمهور.,"7etta shi blad ma khdat sifr noqta felmajmoo3 dyal nnoqat melli tzadu nnoqat bjouj, walakin fransa khdat sifr noqta fttasweet dyal ljomhor.","No country took nul points ( receiving 0 points total ) when both scores were added together , but France received 0 points at the televoting stage .",لم تحصل أي دولة على صفر نقطة ( مجموع نقاط يساوي صفراً ) عند جمع النتيجتين معاً ، لكن فرنسا حصلت على صفر نقطة في مرحلة التصويت التلفزيوني .,VALIDATED
data50724,WIKI_C_09232,C,روب بورلي؛ جوناثان ميتلاند؛ إيلانا رودز بيرد (2003). إيفا كاسيدي: سونغبيرد: حكايتها من عند اللي عرفوها. غوثام بوكس. ISBN 978-1- -035-5.,rob burley; jonathan maitland; elana rhodes byrd (2003). eva cassidy: songbird: hkaytha mn 3nd lli 3rfoha. gotham books. isbn 978-1- -035-5.,Rob Burley ; Jonathan Maitland ; Elana Rhodes Byrd ( 2003 ) . Eva Cassidy : Songbird : Her Story by Those Who Knew Her . Gotham Books . ISBN 978-1- -035-5 .,روب بورلي؛ جوناثان ميتلاند؛ إيلانا رودس بيرد (2003). إيفا كاسيدي: سونغبيرد: قصتها على لسان من عرفوها. دار غوثام للنشر. ISBN 978-1- -035-5.,VALIDATED
data50725,WIKI_C_11015,C,"ديسك وورلد 2: غايب ولكن يمكن. !؟, جزء ثاني ديال ديسك وورلد اللي دارتو بيرفكت إنترتينمنت فـ 1996. و دارو ليه عنوان فرعي ""مورتاليتي بايتس!"" فـ أمريكا الشمالية.","disc world 2: ghayeb walakin momkin.!?, joz2 tani dyal disc world li darato perfect entertainment f 1996. w daro lih 3inwan far3i ""mortality bytes!"" f america charmalia.","Discworld II : Missing Presumed . ! ? , a sequel to Discworld developed by Perfect Entertainment in 1996 . It was subtitled "" Mortality Bytes ! "" in North America .","ديسك وورلد 2: مفقود بافتراض. !؟، تكملة لسلسلة ديسك وورلد من تطوير بيرفكت إنترتينمنت عام 1996. تم تسميتها فرعيًا ""بايتات الفناء!"" في أمريكا الشمالية.",VALIDATED
data50726,WIKI_C_12040,C,ديزموند لولين ف دور Q / الرائد بوثرويد : هو الراس ديال البحث و التطوير ف MI6. هو اللي كيعطي لبوند الطوموبيلات و الأدوات اللي ما كاينش بحالهم، بالخصوص لوتوس إسبري اللي كتحول لغواصة.,"desmond llewelyn f dwr q / alraaid boothroyd: huwa alraas dyal albahth w altatwir f MI6. huwa lli kiy3ti l bond altombilat w ladawat lli ma kaynch bhalhom, blkhsos lotus esprit lli kat7wl l ghowwasa.","Desmond Llewelyn as Q / Major Boothroyd : MI6 's head of research and development . He supplies Bond with unique vehicles and gadgets , most notably the Lotus Esprit that converts into a submarine .",ديزموند لولين بدور كيو / الرائد بوثرويد: رئيس قسم البحث والتطوير في الاستخبارات البريطانية (MI6). يزود بوند بالمركبات والأدوات الفريدة، وأبرزها سيارة لوتس إسبريت التي تتحول إلى غواصة.,VALIDATED
data50727,WIKI_C_07601,C,واحد النسخة ديال الفيبر كلاص مصبوغة بلوان ديال واحد الشيف ديال سرب بولوني كان خدام فهاد البلاصة فالحرب العالمية الثانية معروضة ف RAF Northolt، آخر محطة ديال معركة بريطانيا اللي باقية خدامة ف RAF.,"wa7ed l-nes5a dyal l-fiber glasse msab9a b-lwan dyal wa7ed shif dyal serb boloni kan khadem f had l-blasa f l-7arb l-3alamiya taniya ma3rooda f RAF Northolt, akhir ma7ata dyal ma3rkat britania li ba9ya khadama f RAF.","A fibreglass replica in the colours of a Polish Squadron Leader based at the station during the Second World War is on display at RAF Northolt , the last Battle of Britain Sector Station still in RAF operational service .",يُعرض نموذج مطابق من الألياف الزجاجية بألوان قائد سرب بولندي كان يتمركز في القاعدة خلال الحرب العالمية الثانية في قاعدة نورثولت التابعة لسلاح الجو الملكي، وهي آخر محطة قطاع في معركة بريطانيا لا تزال في الخدمة التشغيلية لسلاح الجو الملكي.,VALIDATED
data50728,WIKI_D_06853,D,ف 2015، فرانكو خدا الدور الرئيسي فالمسلسل المحدود ديال هولو 11 63 لي مبني على الرواية بنفس السمية ديال ستيفن كينݣ. هاد السيري لي فيها ثمانية ديال الحلقات بدات ف 15 فبراير 2016.,"f 2015, franco khda dwr r2isi f lmsls dyl hulu 116 li mabni 3la riwaya bnafs smyt stephen king. had siri li fiha tmanhia dyal l7ala9 bdat f 15 fabra2ir 2016.","In 2015 , Franco was cast in the lead role for the Hulu limited series 11-22-63 which is based on the novel of the same name by Stephen King . The eight-episode series premiered on February 15 , 2016 .","في عام 2015، أسند دور البطولة لـ ""فرانكو"" في المسلسل المحدود ""11.22.63"" على منصة ""هولو""، والذي يستند إلى رواية تحمل الاسم نفسه لـ ""ستيفن كينغ"". تم عرض المسلسل المكون من ثماني حلقات لأول مرة في 15 فبراير 2016.",VALIDATED
data50729,DATA_22911,B,آخر تحديث: كرواتيا ضد البرتغال، 25 يونيو 2016. الإحصائيات كتشمل غير الماتشات الرسمية اللي معترف بها من طرف الفيفا.,"akher tahdith: krowatya dedd lportoghal, khamsa w 3achrin yunyu 2016. l'ihsa'iyat katachmal ghir lmatchat rassmiya li m3taraf biha mn taraf lfifa.","Last updated: Croatia vs. Portugal, 25 June 2016. Statistics include official FIFA-recognised matches only.",آخر تحديث: كرواتيا ضد البرتغال، 25 يونيو 2016. تشمل الإحصائيات المباريات الرسمية المعترف بها من قبل الفيفا فقط.,VALIDATED
data50730,WIKI_C_04571,C,"""حق الرجوع - السياسة الكندية ديال اللاجئين: حالة رواندا. 1996. المجلة الدولية للهجرة 30 (الربيع)، 289-309.""","haqq rojo3 - siyasa kanadiya dyal laj2in: hala rwanda. 1996. lmajalla dawliya dyal l hijra 30 (rabii3), 289-309.",""" The Right of Repatriation - Canadian Refugee Policy : The Case of Rwanda . "" 1996 . International Migration Review 30 ( Spring ) , 289 – 309 .",حق الإعادة إلى الوطن - السياسة الكندية للاجئين: قضية رواندا. 1996. المجلة الدولية للهجرة 30 (ربيع)، 289-309.,VALIDATED
data50731,DATA_24280,B,ال البحرية الملكية غادي تركب سبعة ديال HC3 برؤوس دوارة قابلة للطي كاجراء مؤقت حتى يتوفر التحديث الكامل HC4.,l-bahriya l-malakiya ghadi trakeb seba3a dyal HC3 b-rouous douwara 9abila li-t-tay kajira' mou'a99at 7atta y-twaffar t-t7dith l-kamil HC4.,Royal Navy will fit seven HC3 with folding rotor heads as an Interim measure until the full HC4 upgrade is available .,ستقوم البحرية الملكية بتجهيز سبع طائرات من طراز HC3 برؤوس دوارة قابلة للطي كإجراء مؤقت حتى يتوفر التحديث الكامل لطراز HC4.,VALIDATED
data50732,DATA_20797,B,نفس الحركة تقريبا، مع شي رحلات قصيرة ورخيصة كايطيرو بيها، كايهزّو بيها الركاب، كايدوزو حتى هي فمطار جاتويك، اللي كاينة ف الجنوب ديال لندن، ف منطقة ويست ساسكس.,"Nafs lharaka taqriban, m3a shi r7lat qsira w rkhisa kaytiro biha, kayhzzu biha r-rukab, kayduwwzu 7tta hiya f mTar Gatwick, lli kayna f j-jnoub dyal London, f mntqa West Sussex.","Similar traffic , with some cheap short-haul flights , is also handled at Gatwick Airport , south of London in West Sussex .",يتم التعامل مع حركة مرور مماثلة ، مع بعض رحلات الطيران الرخيصة قصيرة المدى ، في مطار جاتويك أيضًا ، جنوب لندن في غرب ساسكس.,VALIDATED
data50733,DATA_7291,A,كيفاش كتحافظ على تركيز ديالك وسط الماتش ?,kifach kat7afed 3la terkiz dialek west lmatch ?,how do you maintain your focus the entire match?,كيف تحافظ على تركيزك طوال المباراة؟,VALIDATED
data50734,WIKI_D_06660,D,تان، جينغ كي؛ تيو، سوه لونغ؛ كوه، كاي ييو (2009)، أفكارنا حرة: قصائد ونثر عن السجن والنفي، سنغافورة: كتب إيثوس، ردمك: 978-981-08-2511-9.,"tan, jing quee; teo, soh lung; koh, kay yew (2009), our thoughts are free: poems and prose on imprisonment and exile, singapore: ethos books, isbn 978-981-08-2511-9.","Tan, Jing Quee; Teo, Soh Lung; Koh, Kay Yew (2009), Our Thoughts are Free: Poems and Prose on Imprisonment and Exile, Singapore: Ethos Books, ISBN 978-981-08-2511-9.",تان، جينغ كي؛ تيو، سوه لونغ؛ كوه، كاي ييو (2009)، أفكارنا حرة: قصائد ونثر عن السجن والنفي، سنغافورة: كتب إيثوس، ردمك: 978-981-08-2511-9.,VALIDATED
data50735,WIKI_C_11088,C,من بعد ما نينتندو قررات باش ماتخليش سوني تصاوب واحد التيليشارجيمون للسوبر فاميكوم/سوبر نيس، عطاو الإذن لفيليپس باش يستعملو الشخصيات ديالهم في الألعاب ديال السي دي إي ديال فيليپس.,"mn ba3d ma nintindo qratat bach matkhlihch sony tsawb wa7d tlisharjiman ls super famicom/super nes, 3taw l2idhn lifilips bach ysta3mlo shkhasyat dyalhom f l23ab dyal CDi dyal filips.","After Nintendo decided not to have Sony create an add-on for the Super Famicom / Super NES , they gave Philips permission to use their characters in games for Philips ' CD-i .",بعد أن قررت نينتندو عدم قيام سوني بإنشاء إضافة لجهاز سوبر فاميكوم/سوبر نيس، منحت فيليبس الإذن لاستخدام شخصياتها في ألعاب قرص ليزر فيليبس البصري.,VALIDATED
data50736,WIKI_D_08787,D,"دوب أرتاتش هو السمية الرسمية ديال الفار، واخا الصخرة براسها معروفة بـ ذو هارتاتش. دارو شي تفسيرات مختلفة للمعنى الأصلي ديال السمية الگيلية، و ""الصخرة الكحلة"" هي اللي باينة بزاف.","dub artash huwa l-ism ar-rasmi li-l-manara, wakha s-sakhrra braas-ha ma3roufa b-dhu hartash. daru chi tafsirat mokhtalifa li-l-ma3na l-asli li-l-ism l-ghayli, wa min baynihom 's-sakhrra l-k7la' hiya li-baana bezzaf.","Dubh Artach is the official name of the lighthouse , although the skerry itself is also known as Dhu Heartach . Various interpretations have been provided for the original meaning of the Gaelic name , of which "" The Black Rock "" is the most likely .","دوب أرتاتش هو الاسم الرسمي للمنارة، على الرغم من أن الصخرة نفسها تُعرف أيضًا باسم ذو هارتاتش. تم تقديم تفسيرات مختلفة للمعنى الأصلي للاسم الغالي، ومن بينها ""الصخرة السوداء"" هو الأكثر احتمالاً.",VALIDATED
data50737,WIKI_C_04802,C,تستعمل American Museum of Natural History باش يتصوّر المشهد الخارجي ديال حفل المتحف، بينما استُعملت قاعة الاستقبال فواحد من محاكم Foley Square باش يتصوّر المشهد الداخلي.,"Stokhdim American Museum of Natural History bach ytṣawwar l‑mashhad l‑khariji dyal 7afl l‑mathaf, w qaa3at l‑istiqbal f wa7da men ma7akim Foley Square tst3mlat bach ytṣawwar l‑mashhad d‑dakhili.","The American Museum of Natural History was used for the exterior of the museum benefit , while the lobby of one of the Foley Square courthouses is used for the interior .",استُخدم المتحف الأمريكي للتاريخ الطبيعي لتصوير المشهد الخارجي لحفل المتحف، بينما استُخدمت قاعة الاستقبال في إحدى محاكم فولي سكوير لتصوير المشهد الداخلي.,VALIDATED
data50738,WIKI_D_02759,D,"على طول شاطئ لبحر والخلجان، كانو تا هما كاينين ثعالب البحر، لحوت، وفي واحد الوقت كانو الآلاف ديال أسود البحر. بالحق، كانو بزاف ديال أسود البحر لدرجة اللي على حساب كريسپي ""كان كيبان بحال واحد الرصيف"" للصبانيا اللي كانو جايين.","3la tol shati dial lb7ar wel khlijan, kanu ta homa kaynin t3aleb lb7ar, l7out, w f wa7d lwaqt kanu l'alaf dial osod lb7ar. Bl7aq, kanu bzaf dial osod lb7ar l daraja lli 3la 7sab crispi ""kan kayban b7al wa7d rsiif"" l sbanya lli kanu jayin.","Along the ocean shore and bays , there were also otters , whales , and at one time thousands of sea lions . In fact , there were so many sea lions that according to Crespi it "" looked like a pavement "" to the incoming Spanish .","على طول شاطئ البحر والخلجان، كانت توجد ثعالب البحر، والحيتان، وفي وقت من الأوقات كانت الآلاف من أسود البحر. ولكن، كان هناك الكثير من أسود البحر لدرجة أنه حسب كريسبي ""كان يبدو الأمر وكأنه رصيف"" للذين كانوا قادمين.",VALIDATED
data50739,DATA_16134,B,ليوكين عندها خط ديالها خاص بمعدات ديال الجيمناستيك، فيه الزرابي و البارز و العوارض ديال التوازن باللون الوردي ديالها، اللي كتصاوبو شركة أميريكان أثليتيك.,"liwkin 3ndha kht dyalha khass b m3iddat dyal l-jimnastik, fih zzrabi w l-barz w l-3warid dyal ttawazon bllon l-wardi dyalha, lli katssawbo cherika amerikan athletic.","Liukin has her own line of gymnastics equipment , which includes mats , bars and balance beams in her signature pink , produced by American Athletic , Inc .",تمتلك لييوكين خط إنتاج خاص بها لمعدات الجمباز، والذي يشمل المراتب، والعوارض، وعوارض التوازن باللون الوردي المميز لها، وتنتجه شركة أمريكان أثليتيك، إنك.,VALIDATED
data50740,DATA_2816,A,أنا محتاجة لراجل حقيقي لي إمكان ليه يعتاني بشارك ديالو,ana m7taja l rajl 7a9i9i li imkan lih i3tani bcharik dyalo,I need a real man who can take care of his partner,أحتاج رجلاً حقيقياً يمكنه الاعتناء بشريكته,VALIDATED
data50741,DATA_6927,A,أشناهوا الفيلم لي تعيا ماتفرج فيه ديما قاتلك بضحك؟,achnahowa lfilm li t3ya matfrej fih dima 9atelk bde7k ?,what's a movie that never fails to make you laugh?,ما هو الفيلم الذي لا يفشل أبدًا في إضحاكك؟,VALIDATED
data50742,WIKI_C_00986,C,بزاف ديال القصص فالإعلام الأمريكي كتركّز خصوصاً على التغطية الطويلة ديال القضية ديال بريت تشيدستر، وهو تلميذ من ولاية ديلاوير كان عمره 17 عام وتوفّى بسبب الانتحار فـ يناير 2006.,"Bzzaf dyal l‑akhbar f l‑i3lam l‑amriki katrkkaz khsosan 3la taghtiya twila dyal qadiyat Brett Chidester, wa7ed talib men Delaware kan 3omro 17 3am w touwffa b‑sabab l‑inti7ar f Yanir 2006.","A particular focus of many US media stories is the long‑running coverage of the case of Brett Chidester, a 17‑year‑old Delaware student who died by suicide in January 2006.",تركّز العديد من القصص الإعلامية في الولايات المتحدة بشكل خاص على التغطية الطويلة لقضية بريت تشيدستر، وهو طالب من ولاية ديلاوير يبلغ من العمر 17 عامًا توفي منتحرًا في يناير 2006.,VALIDATED
data50743,WIKI_D_05780,D,تنبيهات ديال العاصفة تطلقو نهار 28 شهر تسعود على السواحل ديال لويزيانا و ميسيسيپي، ولكن هاد الولايات ماوصلوش ليهم رياح قوية. أقصى قوة ديال الريح اللي تسجلات كانت 46 ميل في الساعة (74 كيلومتر في الساعة)، و هادشي تسجل في پينساكولا، فلوريدا.,"tnhyirat dyal l3asfa tatla9o nhar 28 nhar ts3ud 3la swa7l dyal luiziana w misisipi, walakin had lwilayat ma wsalohom riyah 9wiya. a9sa 9owat dyal lrih lli tsjlat kanat 46 mil f sa3a (74 km f sa3a), w hadchi tsjl f pensacola, florida.","Storm warnings were issued on September 28 for the shorelines of Louisiana and Mississippi , but the states did not receive strong winds . The maximum gust from the storm was 46 mph ( 74 km / h ) , which was recorded at Pensacola , Florida .",صدرت تحذيرات من العواصف في الثامن والعشرين من سبتمبر لشواطئ لويزيانا ومسيسيبي، لكن الولايتين لم تتلقيا رياحًا قوية. بلغت أقصى هبة رياح من العاصفة 46 ميلاً في الساعة (74 كيلومترًا في الساعة)، وتم تسجيلها في بينساكولا بولاية فلوريدا.,VALIDATED
data50744,WIKI_C_06527,C,على حساب هاد المعادلة، القوة الثانية F2 (r) كتجي بش كنضربو القوة اللولة و نبدلو ليها اللوغو ديالها، و كنزيدو عليها قوى مركزية ديال المقلوب ديال المربع و المقلوب ديال المكعب.,"3la 7sab had lmo3dala, lqowwa taniya F2(r) katji bch knedrbo lqowwa llowla w nebddlo liha llogo dyalha, w kenzido 3liha qowa markaziya dyal lmaqlob dyal lmraba3 w lmaqlob dyal lmoka3.","According to this equation , the second force F2 ( r ) is obtained by scaling the first force and changing its argument , as well as by adding inverse-square and inverse-cube central forces .",وفقًا لهذه المعادلة ، يتم الحصول على القوة الثانية F2 (r) عن طريق قياس القوة الأولى وتغيير حجتها ، بالإضافة إلى إضافة قوى مركزية معكوسة التربيع ومعكوسة المكعب.,VALIDATED
data50745,WIKI_C_08247,C,كانو طوطال ديال حداش حكم تقاسمو بين تسعود ديال البطلة. البطل اللول تتوّج نهار خمسة مارس عام الفين وعشرة فاش إيدي إدواردز غلب ديفي ريتشاردز فالفينال ديال واحد التورنوا.,kano total dyal hdash 7kem t9asmo bin ts3oud dyal l btal. l btal l 1 ttwj nhar 5 mars 3am 2010 fash eddy edwards 3deb davy richards f l final dyal wa7d l tournouat.,"There has been a total of eleven reigns shared between nine champions . The first champion was crowned on March 5 , 2010 , when Eddie Edwards defeated Davey Richards in the finals of a tournament .",كان هناك ما مجموعه أحد عشر حكمًا مقسمة بين تسعة أبطال. توج البطل الأول في 5 مارس 2010، عندما هزم إيدي إدواردز ديفي ريتشاردز في نهائي بطولة.,VALIDATED
data50746,DATA_12661,B,"ف. سكوت فيتزجيرالد خدا عنوان الرواية ديالو ""Tender is the Night"" من السطر رقم 35 فواحد القصيدة.","F. Scott Fitzgerald khda 3onwan riwayto ""Tender is the Night"" men s‑satr raqm 35 f wa7d l‑qasida.",F. Scott Fitzgerald took the title of his novel Tender is the Night from the 35th line of the ode .,أخذ ف. سكوت فيتزجيرالد عنوان روايته «Tender is the Night» من السطر الخامس والثلاثين من القصيدة.,VALIDATED
data50747,DATA_16331,B,"عدد الانتصارات المؤكدة كان كذا؛ والانتصارات اللي ماشي مؤكدة كان كيتحط ليها الرمز ""u/c"". إلا ما كان حتى توضيح آخر، فالمعطيات ماخوذة من Shores وآخرين.","3adad l‑intissarat l‑m2akkada kan kda; w l‑intissarat li machi m2akkada kan kayt7at liha r‑ramz ""u/c"". Ila ma kan ta tawdi7 akhor, l‑ma3tiyat makhouda men Shores w akharin.","Confirmed victories numbered ; unconfirmed victories marked "" u / c "" . Except where noted , data from Shores et al .","كان عدد الانتصارات المؤكدة كذا؛ أما الانتصارات غير المؤكدة فكانت مميزة بالرمز ""u/c"". ما لم يُذكر خلاف ذلك، فإن البيانات مأخوذة من شورز وآخرين.",VALIDATED
data50748,DATA_14374,B,2 ذر (s) + 6 ماء (l) → 2 هيدروكسيد (aq) + 3 هيدروجين (g),2 Dy (s) + 6 H2O (l) -> 2 Dy (OH) 3 (aq) + 3 H2 (g),2 Dy (s) + 6 H2O (l) → 2 Dy (OH) 3 (aq) + 3 H2 (g),2 ذر (s) + 6 ماء (l) → 2 هيدروكسيد (aq) + 3 هيدروجين (g),VALIDATED
data50749,DATA_0177,A,"سمح ليا, واش كاتسمع هاد الصداع?","sm7 lia, wach katsm3 had SSda3?","Excuse me, do you hear that noise?",عفواً، هل تسمع ذلك الضجيج؟,VALIDATED
data50750,DATA_7342,A,لقينا منين نتزبقو فديفاع ديال الخصم و نستغلوهوم,9derna nl9aw thaghrat f d‑difa3 dyal l‑khasm w stghllinahom.,we managed to find gaps in the opponent's defense and exploit them,تمكنا من العثور على ثغرات في دفاع الخصم واستغلالها,VALIDATED
data50751,WIKI_D_03844,D,الاهتمام ديال الإعلام بالمحاكمة فات الحدود ديال الجهة و ديال البلاد: مجلة تايم نشرات على الأقل جوج مقالات على المحاكمة في ميريكان، و الديلي ميل و باريس ميدي غطاوها من مور المحيط الأطلسي.,"l-ihtimam dyal l-i3lam b-l-mu7akama fat l-7udud dyal l-jiha w-dyal l-blad: majallat Time nashrat 3la l-a9all juuj maqalat 3la l-mu7akama f-merikan, w-d-Daily Mail w-Paris Midi ghtawha mn mur l-mu7i7 l-atlasi.","Media attention on the trial spread beyond the provincial and national borders : Time magazine published at least two articles on the trial in the United States , and the Daily Mail and Paris Midi covered it from across the Atlantic .",امتد الاهتمام الإعلامي بالمحاكمة إلى ما وراء الحدود الإقليمية والوطنية: فقد نشرت مجلة تايم مقالين على الأقل حول المحاكمة في الولايات المتحدة، وقامت صحيفتا ديلي ميل وباريس ميدي بتغطيتها من وراء المحيط الأطلسي.,VALIDATED
data50752,WIKI_C_01490,C,كتاب Prose Edda ديال سنوري ستورلوسون كينقل بزاف من قصيدة Völuspá، وكيشرح بزاف ديال المعلومات اللي فيها بالنثر، ولكن بعض هاد المعلومات كيتعارض مع اللي جا فـ Völuspá.,"Kitab Prose Edda dyal Snorri Sturluson kaynqel bzzaf men qasida Völuspá, w kaychra7 bzzaf dyal l‑ma3loumat li fiha b‑natr, walakin ba3d had l‑ma3loumat kat3ared m3a li ja f Völuspá.","Snorri Sturluson 's Prose Edda quotes heavily from Völuspá and elaborates extensively in prose on the information there , though some of this information conflicts with that provided in Völuspá .",يقتبس كتاب نثر إيدا لسنوري ستورلوسون بشكل كبير من قصيدة فولوسبا، كما يقدّم شرحًا موسعًا بالنثر للمعلومات الواردة فيها، رغم أن بعض هذه المعلومات يتعارض مع ما ورد في فولوسبا.,VALIDATED
data50753,DATA_1140,A,واخا واخا. دير نتا ڭاع لائحة ديال لمعروضين.,wakha wakha. dir nta ga3 lla2i7a dial lm3roDin.,Ok ok. then you can do the guest list.,حسناً حسناً. إذًا يمكنك القيام بقائمة الضيوف.,VALIDATED
data50754,WIKI_D_08510,D,اكتشاف بصاح كان هو قرينا بصح السمية الهيروغليفية، يعني نكونو ثبتنا القيمة الصحيحة لكل حرف من الحروف اللي مكوناها، و يكون هادشي بطريقة هاد القيم تكون قابلة للتطبيق فكل بلاصة كيبانو فيها هاد الحروف.,"ikhtichaf bsa7 kan huwa qrinah bsa7 ismiya lhiroghlifia, ya3ni koonna thabbetna lqima ssi7a likol harf mn l7rouf lli mkawna, w ykon hadchi b tari9a had lqiyam ykonou qabla litatbiq fkol blaça kaybanou fiha had l7rouf.",""" A real discovery would have been to have really read the hieroglyphic name , that is , to have fixed the proper value to each of the characters it is composed of , and in such a manner , that these values were applicable everywhere that these characters appear",لقد كان اكتشافًا حقيقيًا أن يتم قراءة الاسم الهيروغليفي حقًا، أي أن يتم تثبيت القيمة الصحيحة لكل حرف من الحروف التي يتكون منها، وبطريقة تجعل هذه القيم قابلة للتطبيق في كل مكان تظهر فيه هذه الحروف.,VALIDATED
data50755,DATA_2350,A,سمح ليا بديت كنحس بروحاب أماكن ضايقة,sma7 liya bdit kan7as brohab amakin lmDDeyi9a,Sorry I am starting to get claustrophobic,عذرًا، بدأت أشعر بضيق في الصدر.,VALIDATED
data50756,WIKI_C_10466,C,على حساب داك الشي ديال ناسا مختبر الدفع النفاث، شي أداة، المسافات بين فوياجر واحد والأرض في 14 فبراير و 15 ماي 1990 كانت هاكا:,"3ala hesab dak shi dyal nasa mokhtabar adaf3 anafath, shi adaat, lmsafat bin voyager wa7ed w-l-ard f 14 fibrayr w 15 may 1990 kanet haka:","According to NASA 's Jet Propulsion Laboratory 's tool , the distances between Voyager 1 and the Earth on February 14 and May 15 , 1990 , were as follows :",وفقًا لأداة مختبر الدفع النفاث التابع لناسا، كانت المسافات بين فوياجر 1 والأرض في 14 فبراير و 15 مايو 1990 كما يلي:,VALIDATED
data50757,DATA_19794,B,الأغنية One Way Out كتبها Elmore James وMarshall Sehorn وSonny Boy Williamson II. التاريخ هو 27 يونيو، والمدة ديالها 4 دقايق و56 ثانية.,"L‑oghniya One Way Out ktebha Elmore James w Marshall Sehorn w Sonny Boy Williamson II. Tarikh dyalha 27 yunyō, w l‑modda 4 dqayeq w 56 thaniya.",""" One Way Out "" ( Elmore James , Marshall Sehorn , Sonny Boy Williamson II ) ( June 27 ) – 4 : 56",الأغنية One Way Out من تأليف Elmore James وMarshall SehornوSonny Boy Williamson II. تاريخها 27 يونيو، ومدتها 4 دقائق و56 ثانية.,VALIDATED
data50758,DATA_15027,B,حرب الضو (فيلم وثائقي تلفزيوني). ميريكان: ورلد ميديا رايتس. 2009. تم الاطلاع عليه في 22 مارس 2015.,7arb D-Dow (film wata2i televisyoni). mirikan: world media rights. 2009. tamma l-ittila3 3alayhi fi 22 mars 2015.,Lighting War (television documentary). United States: World Media Rights. 2009. Retrieved 22 March 2015.,حرب الأنوار (فيلم وثائقي تلفزيوني). الولايات المتحدة: وورلد ميديا رايتس. 2009. استرجع في 22 مارس 2015.,VALIDATED
data50759,DATA_24869,B,بريستون، ديانا (1997). فاجعة من الطراز الرفيع. لندن: كونستابل آند كو. رقم التسجيل الدولي للكتاب: 0-09-479530-4.,"briston, dayana (1997). faje3a min t-tiraz r-rafie3. london: konstabl and co. rakam t-tasjil d-dawli l-lkitab: 0-09-479530-4.","Preston , Diana ( 1997 ) . A First Rate Tragedy . London : Constable & Co . ISBN 0-09-479530-4 .",برستون، ديانا (1997). مأساة من الدرجة الأولى. لندن: كونستابل وشركاه. الرقم الدولي المعياري للكتاب 0-09-479530-4.,VALIDATED
data50760,DATA_2495,A,و دابا عايشين فسلام مدة ديال 70 عام ف أوروبا,o daba 3achna fsalam lmoda dyal 70 3am f oropa,And now we've lived in peace for 70 years in Europe,والآن نعيش في سلام منذ 70 عامًا في أوروبا,VALIDATED
data50761,DATA_3404,A,عارف ماعندكش بلاصة كبيرة,3arf ma3ndakch blaSa kbira,I know you dont have much space,أعلم أنكم لا تملكون مساحة كبيرة,VALIDATED
data50762,DATA_11715,A,كنـتحدّاك تطوّر الماشية ديالك ولا تحسّن المستوى ديالها.,Kan‑t7addak twerr3i l‑machiya dyalek wla t7assen l‑mostawa dyalha.,I dare you to elevate your cattle,أتحدّاك أن تُحسّن مستوى ماشيتك أو ترفع من قيمتها.,VALIDATED
data50763,DATA_20810,B,من بعد ريبلي دار إيديت لمجلة هاربر. وجمع هو و بيارد تايلور كتاب دليل الأدب والفنون الجميلة (1852).,mn b3d Ripley dar edit lmjla Harper. w jm3 huwwa w Bayard Taylor ktab dlil al-adab wal-funun al-jamila (1852).,Ripley then edited Harper 's Magazine . Together with Bayard Taylor he compiled a Handbook of Literature and the Fine Arts ( 1852 ) .,"بعد ذلك، حرّر ريبلي مجلة هاربر. وبالاشتراك مع بايار تايلور، قام بتجميع ""دليل الأدب والفنون الجميلة"" (١٨٥٢).",VALIDATED
data50764,DATA_10349,A,كنت كنظن أنه غادي يدير المشروع ديالو.,Kont kan‑donn anno ghadi idir l‑mashrou3 dyalo.,i thought that he will do his project,ظننتُ أنه سيقوم بإنجاز مشروعه.,VALIDATED
data50765,DATA_20600,B,هاد التفاعل هو الوحيد اللي يقدر يبدّل نوع ديال الكواركات، يعني يقدر يغيّر كوارك من نوع لنوع آخر.,"Had t‑tafa3ol howa l‑wa7id li y9der ybeddel no3 dyal l‑quarkat, ya3ni ybeddel quark men no3 l‑no3 akhor.","It is the only interaction capable of changing the flavor of quarks ( i.e. , of changing one type of quark into another ) .",إنها التفاعل الوحيد القادر على تغيير نكهة الكواركات (أي، تغيير نوع واحد من الكواركات إلى نوع آخر).,VALIDATED
data50766,WIKI_D_03047,D,"فاللول د التسعينات ديال القرن تسعطاش، جامعة أوهايو ستاعملاتها وبدلات ليها السمية ل""كون كانت عندي بنت"". ديك الساعة جامعة أوهايو ويليان كانت العدو اللدود ديالهم، داكشي علاش كاينين إشارات لديلاوير، أوهايو والميتوديست. ها واحد البيت من الشعر:","feloual d-tes3init dyal l-qarn tse3tach, jami3a ohyo sta3mlat-ha o bdlat liha l-smiya l ""kon kanet 3andi bnt"". dik sa3a jami3a ohyo willian kanet l-3adu l-dud dyalhom, dacxi 3lacx kaynin icart l-dilawar, ohyo o l-metodist. ha wa7d l-bit mn lcher:","In the early 1890s , Ohio State University adapted it and called it "" If I had a Daughter "" . At the time Ohio Wesleyan University was their arch rival , hence the references to Delaware , Ohio and Methodists . One verse follows :","في أوائل تسعينيات القرن التاسع عشر، قامت جامعة ولاية أوهايو بتكييفه وأطلقت عليه اسم ""لو كانت لدي ابنة"". في ذلك الوقت، كانت جامعة أوهايو ويسليان منافستها اللدودة، ومن هنا جاءت الإشارات إلى ديلاوير وأوهايو والميثوديين. يتبع بيت شعر واحد:",VALIDATED
data50767,WIKI_D_10562,D,سالَى مجلس التحقيق التقرير ديالو بواحد الملاحظة: السفينة Ark Royal غرقات على بعد 22 ميل بحري (حوالي 41 كيلومتر) شرق Europa Point، اللي هي أقصى نقطة فالجنوب ديال جبل طارق. وبقاو كيعتابرو هاد البلاصة هي مكان الحطام لمدة 60 عام.,"Salā majlis at‑ta7qi9 ta9rir dyalo b molā7ada: s‑safina Ark Royal ghrqat b3id 22 mil ba7ri (7wali 41 km) char9 Europa Point, li hiya aqsa no9ta f jnoub Gibraltar. W b9a had l‑makan kayt3tabar makan l‑7iṭam muddat 60 3am.","The Board of Inquiry closed its report with the observation that Ark Royal had sunk 22 nautical miles ( 25 mi ; 41 km ) east of Europa Point , the southernmost tip of Gibraltar . This was accepted as the wreck location for 60 years .",اختتم مجلس التحقيق تقريره بالملاحظة أن السفينة Ark Royal غرقت على بعد 22 ميلاً بحرياً (25 ميلاً؛ 41 كم) شرق Europa Point، وهي أقصى نقطة جنوبية في جبل طارق. وقد اعتُبر هذا الموقع مكان الحطام لمدة 60 عاماً.,VALIDATED
data50768,WIKI_D_05129,D,"يا إما اللاعب يقتل سكان هايفن في بلاصة البروتوس وهو كيحاول ينقذ أكبر عدد ممكن من اللاجئين ، وهاد الخيار غادي يخلي سيليندس تشكر راينور و تقول عليه ""صديق حقيقي ديال البروتوس""، ولكن ما غاديش تبان من بعد.","ya ima la3ab yqtl sakan haven fi blaset lprotoss wahowa kayhawl ynqd kbar 3adad momkin mn lajiyin , w had lkhayaar radi ykhli selendis tchker raynor w tgol 3lih ""sdiq haqi9i dial lprotoss"", walakin ma radi4 tiban mn ba3d.","Either the player purges Haven in the Protoss ' place while trying to save as many refugees as possible , this option will have Selendis praise Raynor and calling him a "" true friend of the Protoss "" , but she will not appear afterwards .","إما أن يقوم اللاعب بتطهير هايفن في مكان البروتوس أثناء محاولة إنقاذ أكبر عدد ممكن من اللاجئين ، وهذا الخيار سيجعل سيليندس تشيد براينور وتصفه بأنه ""صديق حقيقي للبروتوس""، لكنها لن تظهر بعد ذلك.",VALIDATED
data50769,WIKI_D_06746,D,ماتسو باشو (1966). الدرب الضيق نحو الشمال العميق وأسفار أخرى، ترجمة نوبويوكي يواسا. هارموندزورث: بينجوين. ISBN 978-0-14- -7. OCLC .,"matsu basho (1966). el darbe eddayyeq lechmal el3amiq w marate okhra, tarjemt nobuyuki yuasa. harmondsworth: penguin. ISBN 978-0-14- -7. OCLC .","Matsuo , Bashō ( 1966 ) . The Narrow Road to the Deep North and Other Travel trans . Nobuyuki Yuasa . Harmondsworth : Penguin . ISBN 978-0-14- -7 . OCLC .",ماتسو باشو (1966). الطريق الضيق إلى الشمال العميق ورحلات أخرى، ترجمة نوبويوكي يواسا. هارموندزورث: بنجوين. ISBN 978-0-14- -7. OCLC .,VALIDATED
data50770,WIKI_D_03328,D,طائر الزينو، بحال قْرايبُو، كياكل حبار صغير ؤ حوت. المحتوى اللي تْقَيَّا ديال واحد الطائر كان فيه راسيات الأرجل، و شي حوت، و قشريات صغار. بحال بقية النَّوارس الصغار، الزينو غالبا ما كيتبعش السفن.,"ta2ir ez-zino, bhal qraybuh, kayakel 7bar sghir w 7ut. el-mo7tawa lli tqayya dyal wa7d ta2ir kan fih ras-syat el-arjul, w shi 7ut, w qashriyyat sghar. bhal baqiyya n-nawares es-sghar, ez-zino ghaliban ma kaytb3sh essofun.","Zino 's petrel , like its relatives , feeds on small squid and fish . The vomited stomach contents of one bird contained cephalopods , the fish and small crustaceans . Like other small petrels , Zino 's does not normally follow ships .",طائر الزينو، مثل أقاربه، يتغذى على الحبار الصغير والأسماك. احتوى محتوى المعدة المتقيأ لطائر واحد على رأسيات الأرجل، والأسماك، والقشريات الصغيرة. مثل طيور النورس الصغيرة الأخرى، لا يتبع طائر الزينو السفن عادةً.,VALIDATED
data50771,DATA_0421,A,"ألا قدرنا ناكلو طرف تلخبز فلما, ديكسّاع غاناخدو 20 نقطة","ala 9derna naklo Terf tlkhobz flma, dikssa3 ghanakhdo 20 no9Ta","If we can eat one piece of bread in the water, then we get 20 points",إذا استطعنا أكل قطعة خبز واحدة في الماء، فسنحصل على 20 نقطة.,VALIDATED
data50772,WIKI_C_07719,C,من عام تسعين حتال ستة وتسعين، الدكتور دري كان مصاحب مع المغنية ميشيل لي، اللي كانت ديما كاتغني ف الألبومات ديال روثليس ريكوردز وديث رو ريكوردز. فواحد وتسعين، جابو ولد سميتو مارسيل.,"mn 3am tsnin 7tal tlt w tsnin, doktor dre kan msa7eb m3a lmo7nniya michel le, lli kant dima kat7eni f l albums dyal ruthless records w death row records. f wa7d w tsnin, jabou wled smito marcel.","From 1990 to 1996 , Dr. Dre dated singer Michel 'le , who frequently contributed vocals to Ruthless Records and Death Row Records albums . In 1991 , the couple had a son , Marcel .",من عام 1990 إلى عام 1996، واعد الدكتور دري المغنية ميشيل لي، التي ساهمت بشكل متكرر بأصواتها في ألبومات شركة روثليس ريكوردز وديث رو ريكوردز. في عام 1991، أنجب الزوجان ابنًا، هو مارسيل.,VALIDATED
data50773,DATA_20333,B,الجامعة عندها بزاف ديال العلاقات الرسمية مع مؤسسات من دول مختلفة فالعالم باش يتشاركو التعليم والبحث العلمي ويسهلو تبادل الأساتذة والطلبة.,L‑jam3a 3andha bzzaf dyal l‑3alaqat rasmia m3a mo2assasat men douwal mokhtalifa f‑l3alam bash ytkasmo t‑ta3lim w l‑ba7t l‑3ilmi w yssahlou tabadol dyal l‑asatida w t‑tolab.,The university holds a number of formal links with institutions from around the world to share teaching and research and facilitate staff and student exchanges .,تُقيم الجامعة عددًا من الروابط الرسمية مع مؤسسات من مختلف أنحاء العالم بهدف تبادل التعليم والبحث العلمي وتسهيل تبادل الموظفين والطلاب.,VALIDATED
data50774,WIKI_D_07702,D,من بعد، تمّت دراسة موقع سيبال من طرف سيلفانوس مورلي عام 1914 باسم مؤسسة كارنيغي فواشنطن. ومن بعد زار الدكتور بارنوم براون هاد الآثار عام 1948، وحتى أعضاء بعثة ألتار دي ساكريفيسيوس التابعة لمتحف بيبودي جاو يزوروه فسنوات 1961 و1962 و1963.,"Men b3d, t‑dirat dirasa 3la mawqi3 Seibal men taraf Sylvanus Morley f 1914 b‑ism Carnegie Institution f Washington. W zaro Dr Barnum Brown had l‑athar f 1948, w a3da2 bi3tat Altar de Sacrificios dyal Peabody Museum zaro l‑mawqi3 f 1961 w 1962 w 1963.","Seibal was next investigated by Sylvanus Morley in 1914 on behalf of the Carnegie Institution of Washington . Dr Barnum Brown visited the ruins in 1948 , and members of the Altar de Sacrificios Expedition of the Peabody Museum made visits in 1961 , 1962 and 1963 .",خضع سيبال بعد ذلك للتحقيق من قبل سيلفانوس مورلي عام 1914 نيابة عن مؤسسة كارنيجي بواشنطن. زار الدكتور بارنوم براون الأطلال عام 1948، وقام أعضاء بعثة مذبح القرابين من متحف بيبودي بزيارات في أعوام 1961 و 1962 و 1963.,VALIDATED
data50775,WIKI_D_01287,D,رابحين (11) - سجل:,rabe7in (11) - sijil:,Winners (11) - record:,الفائزون (11) - سجل:,VALIDATED
data50776,WIKI_C_00659,C,رونا، إليزابيث؛ شميت، إيفالد أيه دبليو (1927). تحقيقات على شي حاجة ديال شي حاجة فشي بلاصة (بالألمانية). ڤيينا، النمسا: هولدر-بيشلر-تيمپسكي أ.ج. أو سي إل سي شي حاجة.,"rona, elisabeth; schmidt, ewald a w (1927). tahqiqat 3la chi haja dyal chi haja f chi blasa (belmania). vienna, l'ostria: holder-pichler-tempsky a.g. oclc chi haja.","Róna , Elisabeth ; Schmidt , Ewald A W ( 1927 ) . Untersuchungen über das des in ( in German ) . Vienna , Austria : Hölder-Pichler-Tempsky A.G. OCLC .",رونا، إليزابيث؛ شميت، إيفالد إيه دبليو (1927). أبحاث حول الـ في (بالألمانية). فيينا، النمسا: هولدر-بيشلر-تيمبسكي أ.ج. أو سي إل سي .,VALIDATED
data50777,WIKI_D_11803,D,"من لينكون، الواد كيرجع تاني كيدور أولا للشرق، عاد للجنوب، وكيدير واحد القطيعة فواحد الشريط ديال الهضاب اللي معروف بـ ""لينكولن ڭاپ"". هاد البلاصة كيعتاقدو تاني باللي كانت واحد المجرى سفلي ديال نهر الترينت فالفترة ديال الجليد و قبل منها.","mn lincoln, lwad kayrja3 tani kaydor awalan lchar9, 3ad ljanoub, w kaydir wa7d l9ati3a f wa7d chtrit dyal lhdab lli ma3rouf b 'lincoln 3ap'. had blasa kay3ta9do tani belli kanat wa7d lmajrra sibli dyal nhar trent f lfatra dyal ljlid w qblha.","From Lincoln , the river again turns first east , then south , making a cut through an belt of upland known as the Lincoln Gap . This section is again believed to have been a lower course of the Trent during and before periods of glaciation .",من لينكون، يعود النهر أدراجه أولاً إلى الشرق، ثم إلى الجنوب، قاطعًا شريطًا من المرتفعات يُعرف بفجوة لينكون. يُعتقد مرة أخرى أن هذا المقطع كان مجرى أدنى لنهر ترينت خلال فترات الجليد وقبلها.,VALIDATED
data50778,DATA_4852,A,سمحلي والله إيلا صاحبي جاوبتك,sma7 lia wellah yshab lia jaoubtk,I'm sorry I tought I answered you,آسف، اعتقدت أنني أجبتك.,VALIDATED
data50779,WIKI_C_12004,C,الممثل Alan Rickman لعب دور Severus Snape، أستاذ ديال مادة الجرعات ورئيس دار Slytherin House فـ Hogwarts School of Witchcraft and Wizardry. وكان الممثل Tim Roth هو الاختيار الأول لهاد الدور، ولكن رفضو باش يمثل ففيلم Planet of the Apes.,"L‑momattil Alan Rickman l3eb dowr Severus Snape, ostad dyal madat l‑joro3 w ra2is dar Slytherin House f Hogwarts School of Witchcraft and Wizardry. W kan Tim Roth howa l‑ikhtiyar l‑awal l‑had dowr, walakin refdo bash y‑mattel f film Planet of the Apes.","Alan Rickman as Severus Snape , the Potions Master and head of Hogwarts ' Slytherin House . Tim Roth was the original choice for the role , but he turned it down for Planet of the Apes .",جسّد Alan Rickman شخصية Severus Snape، أستاذ مادة الجرعات السحرية ورئيس منزل Slytherin House في Hogwarts School of Witchcraft and Wizardry. وكان Tim Roth هو الاختيار الأصلي للدور، لكنه رفضه ليشارك في فيلم Planet of the Apes.,VALIDATED
data50780,WIKI_D_11703,D,قبل ما يتهدمو، ربعة الشومينيات ديال محطة الضو ديال بليث كانو مسيطرين على المنظر الطبيعي على طول الساحل. جوج كان فيهم 167 متر، و الجوج لاخرين كان فيهم 137 متر، وكانو كيبانو على بعد كيلومترات.,"qbl ma ythdemo, rba3 shominyat dyal mahatat 3odw dyal blyth kanw msaytrin 3la lmanzr ta3i 3la twl sa7l. jooz kan fihom 167 m, w jooj la5rin kan fihom 137 m, w kanw kaybanw 3la b3d kmtrat.","Before their demolition , the four chimneys of Blyth Power Station dominated the landscape along the coast . Two were 167 m ( 548 ft ) high , the other two were 137 m ( 449 ft ) high , and they were visible for many miles .",قبل هدمها، سيطرت المداخن الأربع لمحطة بليث للطاقة على المشهد على طول الساحل. بلغ ارتفاع اثنتين منهن 167 مترًا (548 قدمًا)، بينما بلغ ارتفاع الاثنتين الأخريين 137 مترًا (449 قدمًا)، وكانت مرئية لعدة أميال.,VALIDATED
data50781,WIKI_D_00924,D,توتنهام استقبل فرقة من المستوى الثاني فالدور الرابع، برايتون أند هوف ألبيون، وتقدمو بفضل إريك لاميلا، لي دخل فبلاصت آرون لينون فالنص دالوقت. و كين أكد الرباح ب2-0 من بعد.,"totenham staqbel ferqa men le mostaoua tani dyal le2awel f le daour raba3, brighton & hove albion, w tqaddmu b fdl erik lamela, li d5al f blaset aaron lennon f nss dyal lwaqt. w kane a2kad le rab7a b 2-0 men ba3d.","Tottenham hosted another second-tier opponent in the fourth round , Brighton & Hove Albion , and went into the lead through Érik Lamela , a half-time replacement for Aaron Lennon . Kane later confirmed a 2 – 0 victory .",استضاف توتنهام فريقاً آخر من الدرجة الثانية في الدور الرابع، برايتون آند هوف ألبيون، وتقدموا في النتيجة عن طريق إريك لاميلا، الذي حل بديلاً لآرون لينون في منتصف الشوط. وأكد كين لاحقاً الفوز بنتيجة 2-0.,VALIDATED
data50782,WIKI_D_02716,D,الديموندباكس عيطو على كوربن للتدريب الربيعي ف 2012، فين لاح ب معدل ضربات 0.57. كوربن بدا الموسم د 2012 مع موبايل، و لاح ب سجل ديال 2-0 و معدل ضربات 1.67 ف ربعة د الماتشات.,"ldaimundbaks 3aytu 3la corbin littadrib raby3i f 2012, fin la7 b ma3dal darabat 0.57. corbin bda lmaousim d 2012 m3 mobail, w la7 b sejeel dyal 2-0 w ma3dal darabat 1.67 f rba3a d lmatshat.","The Diamondbacks invited Corbin to spring training in 2012 , where he pitched to a 0-57 earned run average . Corbin began the 2012 season with Mobile , pitching to a 2 – 0 record and 1-67 ERA in four starts .",دعا فريق دايموندباكس كوربن إلى تدريب الربيع في عام 2012، حيث حقق متوسط نقاط مكتسبة قدره 0.57. بدأ كوربن موسم 2012 مع فريق موبايل، محققًا سجلًا من انتصارين بدون هزيمة ومتوسط نقاط مكتسبة قدره 1.67 في أربع بدايات.,VALIDATED
data50783,WIKI_D_01290,D,الفرقة من المؤسسين ديال جمعية الفرق الأوروبية اللي تأسسات من بعد ما تحلّات G-14، واحد المجموعة دولية ديال النخبة ديال الفرق الأوروبية و اللي كان جوفنتوس حتى هو من المؤسسين ديالها.,"lfirqa mn lmo2ssisin dyal jam3iyat lfir9 l2oropiya lli t2sssat mn b3d ma t7llat G-14, wa7d lmjmo3a dawliya dyal nnikhba dyal lfir9 l2oropiya w lli kan jventos 7ta howa mn lmo2ssisin dyalha.","The club is one of the founders of the European Club Association ( ECA ) , which was formed after the dissolution of the G-14 , an international group of Europe 's most elite clubs of which Juventus were also a founding member .",النادي هو أحد المؤسسين لرابطة الأندية الأوروبية (ECA)، التي تشكلت بعد حلّ مجموعة G-14، وهي مجموعة دولية لألمع أندية أوروبا والتي كان يوفنتوس عضوًا مؤسسًا فيها أيضًا.,VALIDATED
data50784,WIKI_C_10566,C,جوج شركات اللوالا وصلو لسولت ليك سيتي ف 26 شتنبر والتالتة تبعاتهم قل من سيمانة موراها. التلاتة شركات اللوالا كانو كيشوفوهم بحالا بينو باللي ممكن الواحد يهاجر بالكرويلات ديال اليد.,juj sharikat el-lawala wslo l-salt lake city f 26 chotanbar w-talteta tba3athom ql men semana moraha. tlatet sharikat el-lawala kanu kishufuhom bahala bayno bli mumkin l-wahed yhajar b-el-kreouylat dyal el-yad.,The first two companies arrived in Salt Lake City on September 26 and the third followed less than a week later . The first three companies were regarded as having demonstrated the feasibility of emigrating using handcarts .,وصلت الشركتان الأوليان إلى مدينة سولت ليك في السادس والعشرين من سبتمبر، ولحقت بهما الثالثة بعد أقل من أسبوع. اعتُبرت الشركات الثلاث الأولى دليلاً على جدوى الهجرة باستخدام عربات اليد.,VALIDATED
data50785,WIKI_D_12337,D,= 34، وهاد العدد ماشي عادي بالنسبة لجنس Drosera، وهو قريب أكثر للعدد الصبغي الثنائي ديال نبات فينوس آكل الذباب (Dionaea muscipula)، اللي حتى هو واحد من فصيلة Droseraceae. وكاينين دراسات مختلفة لقات أعداد صبغية متغيّرة لهاد النبات Dionaea، وكيكون فيها 2n =,"= 34, w had l‑3adad machi 3adi b‑nisba l‑jins Drosera, w howa a9rab l‑l3adad s‑sibghi t‑tina2i dyal nbat Venus akel d‑dhabab (Dionaea muscipula), li hatta howa wa7ed men fa9ilat Droseraceae. W kaynin dirasat mokhtalifa li l9at a3dad sibghiya motaghayyira l‑Dionaea, w kaykono fihom 2n =","= 34 , which is unusual for the genus Drosera and closer to the diploid chromosome number of the Venus flytrap ( Dionaea muscipula ) , another member of the Droseraceae . Variable chromosome counts for Dionaea from multiple studies include 2n =",= 34، وهو عدد غير معتاد لجنس Drosera، وهو أقرب إلى العدد الصبغي الثنائي لنبات فينوس آكل الذباب (Dionaea muscipula)، وهو عضو آخر في فصيلة Droseraceae. وتشير دراسات متعددة إلى وجود أعداد صبغية مختلفة لنبات Dionaea، حيث تتضمن القيم المتغيرة 2n =,VALIDATED
data50786,WIKI_D_10050,D,"كير، أ. ج. (1958). ""استقبال وتقنين نظم القانون في جنوب أفريقيا"". مجلة القانون الأفريقي 2 (2): 82-100. doi: 10.1017/ . JSTOR .","Kerr, A. J. (1958). ""The Reception and Codification of Systems of Law in Southern Africa"". Journal of African Law 2 (2): 82-100-doi: 10-1017/ . JSTOR .","Kerr, A. J. (1958). ""The Reception and Codification of Systems of Law in Southern Africa"". Journal of African Law 2 (2): 82–100. doi: 10.1017/ . JSTOR .","كر، أ. ج. (1958). ""استقبال وتقنين نظم القانون في جنوب أفريقيا"". مجلة القانون الأفريقي 2 (2): 82-100. doi: 10.1017/ . JSTOR .",VALIDATED
data50787,DATA_13307,B,إشتڤان سابو (تزاد ف 18 فبراير 1938) مخرج و كاتب سيناريو و مخرج ديال الأوبرا مجري.,ishtvan sabo (tzad f 18 fibrayer 1938) mukhrij o katib sinariyo o mukhrij dyal l'opera mujri.,"István Szabó ( born February 18 , 1938 ) is a Hungarian film director , screenwriter , and opera director .",إستفان سابو (مواليد 18 فبراير 1938) هو مخرج أفلام وكاتب سيناريو ومخرج أوبرا هنغاري.,VALIDATED
data50788,WIKI_D_07019,D,مني كيصيب الفيروس شي خلية، كيخلّيها تصاوب آلاف ديال الفيروسات الجداد. كيدير هاد الشي حيث كيخلّي الخلية تنسخ الـDNA ولا الـRNA ديالو، وكتصاوب بروتينات فيروسية، ومن بعد كيتجمعو كاملين باش يتكوّنو فيروسات جداد.,"Mlli kaydir virus infection l‑chi khaliya, kayjberha tsawb alf dyal viruses jdad. Kaydir had chi 7it kaykhlli l‑khaliya t‑nssakh DNA wala RNA dyalo, w katsawb viral proteins, w men b3d kaytjam3o kamlin bash ytkawno virus particles jdad.","When a virus infects a cell , the virus forces it to make thousands more viruses . It does this by making the cell copy the virus 's DNA or RNA , making viral proteins , which all assemble to form new virus particles .",عندما يُصيب فيروس خليةً ما، فإنه يُجبرها على إنتاج آلاف الفيروسات الأخرى. ويحدث ذلك من خلال جعل الخلية تنسخ الحمض النووي للفيروس (DNA أو RNA) وتُنتج البروتينات الفيروسية، والتي تتجمع جميعها لتكوين جزيئات فيروسية جديدة.,VALIDATED
data50789,WIKI_C_06595,C,شحال هادي فالتاريخ ديالها، سانت مارغريت كانت بحال شي جامع صغير تابع لكنيسة سانت جون ذا بابتيست اللي ف هيلينغدون؛ عاد حتى ل 1827 عاد عطاوها جماعة خاصة بيها.,"ch7al hadi f ttarikh dyalha, St Margaret kant b7al chi jame3 sghir tabee3 l keniisa St John the Baptist li f Hillingdon; 3ad tta l 1827 3ad 3taw-ha jma3a khassa biha.","For most of its history , St Margaret 's served as a chapel-of-ease to St John the Baptist 's Church in Hillingdon ; it was not until 1827 that it was given its own parish .",على مدار معظم تاريخها، خدمت كنيسة سانت مارغريت ككنيسة ملحقة بكنيسة القديس يوحنا المعمدان في هيلينغدون؛ ولم تحصل على أبرشيتها الخاصة إلا في عام 1827.,VALIDATED
data50790,DATA_13853,B,في دليل طيور العالم، الجزء 5: بومة الحظيرة لـ طائر الطنان، الأنواع الفرعية اللي مذكورين هما:,"Fi dlil tyur l3alam, joz2 5: bumat lhadira l ta2ir ttannan, l'anwa3 l fer3ya li medhkurin huma:","In the Handbook of Birds of the World , Volume 5 : Barn-owls to Hummingbirds , the following subspecies are listed :",في دليل طيور العالم، المجلد الخامس: بوم المخازن إلى طيور الطنان، تُسرد الأنواع الفرعية التالية:,VALIDATED
data50791,WIKI_D_04498,D,"هايوود كان كيميل للعمل المباشر. الفلسفة الاشتراكية – اللي كان كيسميها المؤيد ديال WFM الأب توماس ج. هاجيرتي ""."" – مكيبانش ليه قاصحة بزاف على الغريزة العمالية ديال هايوود. من بعد محاكمة القتل ديال بويز، ولا كيعتقد،","haywood kan kimil l'amal lmubashir. lfilosofiya lishtirakiya - li kan kayismiha lmu'ayyid dyal WFM l'abb Thomas J. Hagerty ""."" - makibanish lih qasi7a bzzaf 'la lghriza l'umaliya dyal haywood. mn ba3d muhakamat lqatl dyal Boise, wala kay3taqid,","Haywood favored direct action. The socialist philosophy — which WFM supporter the Rev. Fr. Thomas J. Hagerty called ""."" — did not seem hard-nosed enough for Haywood's labor instincts. After the Boise murder trial, he had come to believe,","كان هايوود يفضل العمل المباشر. أما الفلسفة الاشتراكية - التي وصفها مؤيد ""دبليو إف إم"" القس توماس ج. هاجيرتي بـ ""."" - فلم تبدُ قاسية بما يكفي لغرائز هايوود العمالية. بعد محاكمة القتل في بويز، أصبح يعتقد,",VALIDATED
data50792,DATA_12517,B,فـ 5 أبريل 2011 خرج كتاب السيرة الذاتية Bossypants ديال الممثلة والكاتبة Tina Fey، وتلقى مراجعة مزيانة من جريدة The New York Times.,"F 5 April 2011 khrej kitab sira d‑datiya Bossypants dyal l‑momattela w l‑katiba Tina Fey, w tla9a review mzyana men jarida The New York Times.","On April 5 , 2011 , Fey 's autobiography , Bossypants , was released to a positive review from The New York Times .",في 5 أبريل 2011، صدر كتاب السيرة الذاتية Bossypants للكاتبة والممثلة Tina Fey، وقد حصل على مراجعة إيجابية من صحيفة The New York Times.,VALIDATED
data50793,DATA_13359,B,"مجلة PC PowerPlay عطات للعبة DayZ جائزة ""لعبة السنة 2012""، وحطّاتها حتى فالمرتبة الخامسة فالقائمة ديال أفضل 100 لعبة فالتاريخ.","Majallat PC PowerPlay 3tat l‑l3ba DayZ ja2izat ""Game of the Year 2012"", w 7attatha zada f‑l‑martaba l‑khamsa f list dyal afdal 100 game f‑tarikh.","PC PowerPlay gave DayZ the "" Game of the Year 2012 "" and named it number five on their list of top 100 games of all time .","منحت مجلة PC PowerPlay لعبة DayZ جائزة ""لعبة العام 2012""، كما وضعتها في المرتبة الخامسة ضمن قائمتها لأفضل 100 لعبة على الإطلاق.",VALIDATED
data50794,DATA_1809,A,كلشي مظلم حدايا,kolchi madlem 7daya,Everything is dark around me,كل شيء مظلم حولي,VALIDATED
data50795,WIKI_C_06536,C,نص ريال ديال الحرية اللي كتمشى كان نص دولار ديال الفضة، كانت كطبعو الميريكان من عام ستة عشر وتسعمية و عشرين حتى لسبعة و أربعين وتسعمية و عشرين ؛ صاوبو أدولف إيه واينمان.,"nss riyal dyal lhurriya lli katmsha kan nss dollar dyal lfiDa, kanat katTba3o lmirikiyan mn 3am 16 w 900 w 20 ht 47 w 900 w 20; Sawbo Adolf A. Weinman.",The Walking Liberty half dollar was a silver 50-cent piece or half dollar coin issued by the United States Mint from 1916 to 1947 ; it was designed by Adolph A. Weinman .,"كان نصف دولار ""وولكينغ ليبرتي"" قطعة فضية بقيمة 50 سنتًا أو نصف دولار، أصدرتها دار سك العملة الأمريكية من عام 1916 إلى عام 1947؛ وصممها أدولف أ. واينمان.",VALIDATED
data50796,DATA_10446,A,مانضنش غادي نصويب الكار,mandench ghadi nseweb lkar,I dont think i will fix the bus,لا أعتقد أنني سأصلح الحافلة,VALIDATED
data50797,WIKI_D_07810,D,عشرة ديال الفراقي ديال العيالات ديال UCI دخلو للسباق، كل فرقة فيها خمسة ولا ستة ديال المتسابقات. و زادو عليهم تمنية ديال المنتخبات الوطنية اللي فيهم يا ربعة يا خمسة ديال المتسابقات، و المجموع ولا تلاتة وتسعين متسابقة.,"3ashra dyal l-faraqi dyal l-3ayalat dyal UCI dkhlu l-sbab, kol ferqa fiha khamsa wla setta dyal lmtsabaqat. w zaddu 3lihom temanya dyal l-montakhabat l-wataniya li fihom ya arba3a ya khamsa dyal lmtsabaqat, w l-mjmu3 wala tlata w tmanin mtsabaqa.","Ten of the UCI women 's team entered the race , each featuring five or six riders . They were joined by eight national teams containing either four or five riders , bringing the total entry up to 93 riders .",دخلت عشرة فرق نسائية من UCI السباق، تضم كل منها خمسة أو ستة متسابقات. وانضمت إليهن ثماني منتخبات وطنية تضم إما أربعة أو خمسة متسابقات، ليبلغ إجمالي المشاركات 93 متسابقة.,VALIDATED
data50798,WIKI_C_11362,C,"البيت الأبيض ديالهم كيمتلك و معلق تصويرة ديالها، ""رابع يوليوز"". و زيد عليها كاينا حتى فواحد الطابع ديال ميريكان تذكاري اللي دارو على ودها ف 1969.","lbeyt lbyed dyalhom kimtlek w m3ellek tsawret dyalha, ""rab3 yulyuz"". w zid 3liha kayna 7etta f wa7d ttaba3 dyal merikan tmdkari lli daro 3la wedha f 1969.","The White House owns and displays her painting , Fourth of July . It also appears on a U.S. commemorative stamp that was issued in her honor in 1969 .","يمتلك البيت الأبيض ويعرض لوحتها ""عيد الاستقلال"". كما تظهر على طابع تذكاري أمريكي صدر تكريماً لها في عام 1969.",VALIDATED
data50799,WIKI_C_03720,C,القرار اللي خدا العسكر ديال پاكستان باش يبداو عملية شاملة كان مدعوم بزاف، الصحافيين و الناس اللي كياثروا فالراي العام و السياسيين و الناس اللي كيخدموا السوشيال ميديا كانوا كيشكروا العملية.,"l-qrara lli khda l3skar dyal pakistan bach ybdaw 3amliya chmoula kan mad3oum bzzaf, ssahafiyin w nass lli kiya2t7ro f-ra2y l3am w ssiysyin w nass lli kydmou social media kanou kychkro l3amliya.","The decision by the Pakistani military to launch a comprehensive operation was widely supported , with journalists , opinion-makers , politicians and other social-media users commending the operation .",حظي قرار الجيش الباكستاني بشن عملية شاملة بدعم واسع، حيث أثنى الصحفيون وصناع الرأي والسياسيون وغيرهم من مستخدمي وسائل التواصل الاجتماعي على العملية.,VALIDATED
data50800,DATA_17684,B,ماتش Wild Card، ماتش واحد ديال البلاي أوف بين جوج فراقي اللي ربحو Wild Card فكل ليݣ.,"Match Wild Card, match wa7ed dyal play-off bin juj fraqi li rb7u Wild Card fkola daouri.","Wild Card Game , a one-game playoff between the two wild-card teams in each league .",مباراة البطاقة الجامحة، وهي مواجهة فاصلة من مباراة واحدة بين الفريقين الحاصلين على البطاقة الجامحة في كل دوري.,VALIDATED
data50801,WIKI_D_06279,D,فشبه الجزيرة الإيبيرية كاين دابا 13 نوع متوصفين وزيد عليهم شي سلالات فرعية. ودورة الحياة ديالها سنوية، يعني كتعيش غير فالشهور السخونة (خصوصًا بعض الأنواع)، واللي كيبداو من آخر الربيع حتى لبداية الخريف.,"F chibh l‑jazira l‑Iberia kaynin daba 13 naw3 mwssofin w zyada 3lihom chi sllalat far3iya. W dawrat l‑7ayat dyalha sanawiya, ya3ni kat3ich ghir f chhor s‑skhouna (khososan chi anwa3), li katbda men akher rbi3 7tta lbidayt l‑kharif.","In the Iberian Peninsula there are currently described 13 species and several subspecies . Its life cycle is annual , living only during the hottest months ( especially gender ) , which usually comprise of late spring to early autumn .",في شبه الجزيرة الإيبيرية، تم وصف 13 نوعًا حاليًا بالإضافة إلى عدة سلالات فرعية. وتكون دورة حياتها سنوية، إذ تعيش فقط خلال الأشهر الأكثر حرارة (خصوصًا بعض الأنواع)، والتي تمتد عادة من أواخر الربيع إلى أوائل الخريف.,VALIDATED
data50802,WIKI_D_04973,D,بموافقة ريد، لوكري بدا كيجند الرجال لحملة كلارك. بزاف ديال الرجال ديال ويستمورلاند ما بغاوش يخليو ديورهم بلا دفاع، و هادشي علاش لوكري قدر يجند غير شي 100 متطوع للحملة.,"bmoaf9at reed, lokri bda kayjned rjal l7mla dyal clark. bzaf dyal rjal dyal westmoreland mabghawch ikhliwe durhom bla difa3, w hadchi 3lash lo7ri9dar yjned ghi chi 100 moutataou3 l7mla.","With Reed 's approval , Lochry began recruiting men for Clark 's expedition . Many Westmoreland men did not want to leave their homes undefended , and so Lochry was only able to enlist about 100 volunteers for the campaign .",بموافقة ريد، بدأ لوكري في تجنيد الرجال لبعثة كلارك. لم يرغب العديد من رجال ويستمورلاند في ترك ديارهم دون دفاع، ولذلك لم يتمكن لوكري سوى من تجنيد حوالي 100 متطوع للحملة.,VALIDATED
data50803,DATA_5843,A,واش بغيتي تهضر على هاد الشي؟,Wash bghiti thdr 3la had chi?,Do you want to talk about it ?,هل تريد التحدث عن ذلك؟,VALIDATED
data50804,WIKI_D_01234,D,إذن أنا ماكانضنش باللي دوك التسجيلات كاينين دابا كاع. كانت حاجة صعيبة باش نتقبلها. ولكن كانت بزاف دلأدلة اللي ورات باللي ما بقاوش كاينين. و خاصك تقبل الواقع.,idhan ana makandnch belli douk tsjilat kaynin daba ga3. kant haja s3iba bach ntkblha. wlakin kant bezzaf del adella lli wrat belli ma ba9awch kaynin. w khassk tkbl lwaqe3.,So I don 't believe that the tapes exist today at all . It was a hard thing to accept . But there was just an overwhelming amount of evidence that led us to believe that they just don 't exist anymore . And you have to accept reality .,إذن، لا أعتقد أن تلك التسجيلات موجودة على الإطلاق اليوم. كان من الصعب تقبل ذلك. ولكن كان هناك قدر هائل من الأدلة التي قادتنا للاعتقاد بأنها ببساطة لم تعد موجودة. وعليك أن تتقبل الواقع.,VALIDATED
data50805,WIKI_C_12101,C,"اللقب ديال ""الذهبي""، اللي حتى كيتقرا ""مول أومبوس""، كيشوفوه علماء المصريات على أنه طريقة دينية باش يتخاطب بها الإله Seth.","La9ab ""The golden one"", li momkin yet9ra 7tta ""He of Ombos"", kaychofouh 3olama2 l‑misriyat blli howa tari9a diniya bash kayt3ayet biha l‑ilah Seth.","The title "" The golden one "" , also read as "" He of Ombos "" , is considered by Egyptologists to be a religious form of address to the deity Seth .","يُعتبر اللقب ""الذهبي""، والذي يُقرأ أيضًا على أنه ""سيد أومبوس""، من قبل علماء المصريات صيغة دينية لمخاطبة الإله Seth.",VALIDATED
data50806,DATA_20200,B,الكابيتان جورج فانكوفر وصل لبوجيه ساوند فبداية شهر ماي ف 1792 و كان أول أوروپي شاف الجبل.,l-kabitan jorj fankoufer wsel l bujeh sound f bdayet shher may f 1792 u kan awwel oroupi chaf jbel.,Captain George Vancouver reached Puget Sound in early May 1792 and became the first European to see the mountain .,وصل الكابتن جورج فانكوفر إلى بوجيه ساوند في أوائل مايو ١٧٩٢، وأصبح أول أوروبي يرى الجبل.,VALIDATED
data50807,WIKI_C_11749,C,بيلينغهام قرر يدير واحد لمسابقة ديال السبت للدراري الصغار. أول مسابقة كانت ف تلاتة أكتوبر 1964، ف جيلونج. بيلينغهام كان دار إعلان على هاد الشي ف الجورنال ديال جيلونج أدفرتايزر و قال:,"bilingam qarar ydir wa7d lmsaba9a dyal sbt ldrari sghar. awl msaba9a kan f tlata october 1964, f jilong. bilingam kan dar i3lan 3la had chi f ljornal dyal jilong advertiser w gal:","Billingham decided to set up a Saturday competition for younger children . The first competition was on 3 October 1964 , in Geelong . Billingham had advertised the event in the Geelong Advertiser by saying :",قرر بيلينغهام إنشاء مسابقة يوم السبت للأطفال الأصغر سنًا. كانت المسابقة الأولى في 3 أكتوبر 1964، في جيلونج. أعلن بيلينغهام عن الحدث في صحيفة جيلونج أدفرتايزر قائلاً:,VALIDATED
data50808,DATA_18001,B,"إعلان الاستقلال ديال ميريكان (1776) كيتّهم الملك جورج التالت بـ ""ديّانا لبرا لبحار باش نتحاكمو على شي جرايم لي ما كايناش.""","I3lane l-istiqlal dyal Mirikan (1776) kaytthem l-malik Jorj t-talet b- ""diyana lbara lb7ar bash nt7akmo 3la shi jrayem li ma kaynach.""","The United States Declaration of Independence ( 1776 ) accuses King George III of "" transporting us beyond seas to be tried for pretended offences . ""","يتهم إعلان استقلال الولايات المتحدة (1776) الملك جورج الثالث بـ ""نقلنا إلى ما وراء البحار لمحاكمتنا بتهم مزعومة"".",VALIDATED
data50809,WIKI_D_00018,D,المسار ديال الطريق VT 17 كيتبدل بزاف بين الجهتين ديال وسط مدينة بريستول. فالجهة الغربية، كيدوز من مناطق منبسطة وكييربط بزاف ديال الجماعات. أما فالجهة الشرقية، كيكون جبلي أكثر وعندو طابع قروي.,L-masar dyal tri9 VT 17 kaytbdl bzaaf bin jihatayn dyal wast Bristol. F-jiha l-gharbia kaydoz mn manati9 mnbasta w kayrbt bzaaf dyal jm3at. Amma f-jiha shar9ia kaykoun jbali aktar w 3ndo tabi3 qrawi aktar.,"The routing of VT 17 varies greatly on opposite sides of the Bristol town center. West of Bristol, the route passes through generally level terrain and connects multiple communities. East of Bristol, VT 17 is more mountainous and more rural in nature.",يختلف مسار الطريق VT 17 بشكل كبير على جانبي مركز بلدة بريستول. غرب بريستول، يمر الطريق عبر تضاريس منبسطة عمومًا ويربط بين عدة مجتمعات. أما شرق بريستول، فيكون الطريق أكثر جبلية وطابعُه ريفيٌّ بشكل أكبر.,VALIDATED
data50810,WIKI_C_08891,C,لكتابة دارو: بيونسي نولز، مايك كارين، ويليام لوبان بين، جيوف إيرلي، تشارلز هينشو، آدم .، ديكسي، ستيفن بيشوب، شونسي هوليس، مايك دين، سيدني سويفت.,"lktaba drou: beyonsé noulz, mayk karin, wiliam loban bin, jof irli, charlz hinshaw, adam ., diksi, stifen bichop, chaunsi holiz, mayk din, sidni swit.","Writing — Beyoncé Knowles , Mike Caren , William Lobban-Bean , Geoff Early , Charles Hinshaw , Adam , Dixie , Stephen Bishop , Chauncey Hollis , Mike Dean , Sidney Swift",الكتابة — بيونسيه نولز، مايك كارين، ويليام لوبان بين، جيف إيرلي، تشارلز هينشو، آدم ، ديكسي، ستيفن بيشوب، شونسي هوليس، مايك دين، سيدني سويفت.,VALIDATED
data50811,DATA_23010,B,"( a , b ) + ( c , d ) = ( a + c , b + d ) . ( a , b ) زائد ( c , d ) كيساوي ( a زائد c ، b زائد d ).","( a , b ) za2id ( c , d ) kaysawi ( a za2id c , b za2id d ).","( a , b ) + ( c , d ) = ( a + c , b + d ) .",( أ ، ب ) + ( ج ، د ) = ( أ + ج ، ب + د ) .,VALIDATED
data50812,DATA_19171,B,فنفس العام، ولكن، فريق من United States Naval Observatory أكد وجود الكوكب بنسبة احتمال كبيرة بزاف.,"Fnfs l3am, wa7d likib mn USNO akdou balli lkawkab kayn, o l'i7timal kan talle3 bzzaf.","That same year , however , a team from the USNO confirmed the existence of the planet with a much higher probability .",في نفس السنة، ومع ذلك، أكد فريق من United States Naval Observatory وجود الكوكب بدرجة احتمال أعلى بكثير.,VALIDATED
data50813,WIKI_C_06607,C,"هادلي، جون (2012). ""حابس ' ' الحيوانات"". 6 (1) : 41 – 46-doi : 10-1007 / -012-0142-6.","hadli, john (2012). ""7abes ' ' l7yawanat"". ' ' 6 (1) : 41-46-doi : 10-1007 / ' '-012-0142-6.","Hadley , John ( 2012 ) . "" Confining ' ' Animals "" . 6 ( 1 ) : 41 – 46-doi : 10-1007 / -012-0142-6 .","هادلي، جون (2012). ""حبس الحيوانات «غير المعروفة»"". «غير المعروف» 6 (1): 41-46. doi: 10.1007/«غير المعروف»-012-0142-6.",VALIDATED
data50814,WIKI_C_02589,C,دغيا ناض الصداع بين الجمهورية الأولى ديال أرمينيا والجمهورية الديموقراطية ديال أذربيجان ف تلاتة ديال الجهات بالظبط: ، زنڭزور (ليوم ولاّت إقليم سيونيك الأرميني) و كاراباخ بالذات، ف أذربيجان.,"dghya naḍ ṣṣda3 bin ljumhuriya l2owla dyal arminya wljumhuriya d ldimuqratiya dyal azrbayjan f tlata dyal ljihhat bḍbt: , zangizur (lyum wallat iqlim syunik larmeni) w karabakh bdat, f azrbayjan.","Fighting soon broke out between the First Republic of Armenia and the Azerbaijan Democratic Republic in three specific regions : , Zangezur ( today the Armenian province of Syunik ) and Karabakh itself , in Azerbaijan .",اندلع القتال قريبًا بين جمهورية أرمينيا الأولى وجمهورية أذربيجان الديمقراطية في ثلاث مناطق محددة: ، زانغيزور (التي هي اليوم مقاطعة سيونيك الأرمينية)، وكاراباخ نفسها، في أذربيجان.,VALIDATED
data50815,WIKI_C_01425,C,كومپطون مات ف بيركلي، كاليفورنيا بسكتة دماغية ف 15 مارس 1962. خلا مرتو وولادو، و تدفن ف مقبرة ووستر ف ووستر، أوهايو.,"kompton mat f berkeley, california b skta dmaghya f 15 mars 1962. khlla mertu w wlado, w tdfen f maqbre wooster f wooster, ohio.","Compton died in Berkeley , California , from a cerebral hemorrhage on March 15 , 1962 . He was survived by his wife and sons , and buried in the Wooster Cemetery in Wooster , Ohio .",توفي كومبتون في بيركلي، كاليفورنيا، بنزيف دماغي في 15 مارس 1962. خلفته زوجته وأبناؤه، ودفن في مقبرة ووستر في ووستر، أوهايو.,VALIDATED
data50816,DATA_20838,B,تأسسات جمعية هول ديال لاكروس ف 2008 و دابا كيلعبو فالقسم الممتاز الثالث ديال جمعية لاكروس رجال شمال إنجلترا.,T2essessat jem3ya hool dyal lacrosse f 2008 w daba kail3bo falqism l-momtaz t-talet dyal jem3iyat lacrosse rijal chmal inglterra.,Hull Lacrosse Club was formed in 2008 and currently plays in the Premier 3 division of the North of England Men 's Lacrosse Association .,تأسس نادي هال للاكروس عام 2008 ويلعب حاليًا في دوري الدرجة الممتازة 3 التابع لرابطة شمال إنجلترا للاكروس للرجال.,VALIDATED
data50817,DATA_17458,B,ستراسبورغ ضرب ب .277، سجل ضربة وحدة طايرة، 7 ديال RBIs، و خدا تلاتة ديال التيكي، الشي اللي خلاه ياخد جائزة Silver Slugger.,"Strasbourg darb b .277, sjjel darba wahda tayra, sba3 diyal RBIs, u khda tlate diyal t-keys, shi li khllah yakhod ja'iza Silver Slugger.","Strasburg hit .277 with a home run , 7 RBI , and three walks , earning him a Silver Slugger Award .",حصل ستراسبرغ على معدل .277 مع ضربة قوية ، و 7 نقاط امتياز ، وثلاث تمريرات ، مما أكسبه جائزة سيلفر سلقر.,VALIDATED
data50818,DATA_15847,B,"فالكتاب القصصي القصير ديال سلمان رشدي ""الشرق، الغرب""، الشخصيات الرئيسية زولو وتشيكوف هما دوسكوس.","fal ktab lkissasi lkssir dyal salman rushdi ""asharq, algharb"", ashakhssiyat arraissiya zulu u tchekhov huma douskouss.","In Salman Rushdie 's short-story anthology East , West , the protagonists Zulu and Chekhov are Doscos .","في مختارات سلمان رشدي القصصية القصيرة ""الشرق، الغرب""، البطلان زولو وتشيكوف هما دوسكوس.",VALIDATED
data50819,DATA_6420,A,كانت المكتبة هادية تا جينا,Kant l‑ktaba hadi2a 7tta wslna 7na.,the library was quiet until we got here,كانت المكتبة هادئة حتى وصلنا إلى هنا,VALIDATED
data50820,WIKI_D_11524,D,"بּ الإضافة للمرادفات بالإنجليزية، ADS كتقلب حتى على الترجمات بالإنجليزية ديال كلمات البحث الأجنبية و بالعكس، يعني بحث على الكلمة الفرنسية ""soleil"" يجيب ليك نتائج على ""Sun""، و المقالات بلغات أخرى من غير الإنجليزية يقدروا يبانو بكلمات البحث بالإنجليزية.","b l'idafa l'lmradfat b l'inglizya, ADS k'tqellab 7ta 3la ttrjamat b l'inglizya dyal klimit l'b7t l'ajnabiya w b l'aks, ya3ni b7t 3la lklma lfransiya ""soleil"" yjibb lik ntsaj 3la ""Sun"", w l'maqalat b l'loghat o5ra mn ghyr l'inglizya yeqdr ybanu bklmit l'b7t b l'inglizya.","As well as English language synonyms , ADS also searches for English translations of foreign search terms and vice versa , so that a search for the French word soleil retrieves references to Sun , and papers in languages other than English can be returned by English search terms .","بالإضافة إلى المرادفات باللغة الإنجليزية، يبحث ADS أيضًا عن الترجمات الإنجليزية لمصطلحات البحث الأجنبية والعكس صحيح، بحيث يؤدي البحث عن الكلمة الفرنسية ""soleil"" إلى استرداد إشارات إلى ""Sun""، ويمكن إرجاع الأوراق بلغات أخرى غير الإنجليزية بواسطة مصطلحات البحث الإنجليزية.",VALIDATED
data50821,WIKI_D_08259,D,الأهمية ديال التريتون كاتعدى المهمة العسكرية المحددة اللي تعطات ليها. التريتون، فالعمليات ديالها، غاتجرّب واحد النوع متطور ديال محطة الدفع النووي وغاتمهد الطريق للسفن الحربية الغاطسة ديال المستقبل.,"L2ahammia dyal Tripton katfout l‑mohima l3askariya lm7adada lli t3tat liha. Tripton, f l3amaliyat dyalha, katjarrab wa7d nno3 mtawwar dyal ma7attat daf3 n‑nowawi w katwjed t‑tari9 l‑asatil l7arbiya dyal l‑mostaqbal.","The importance of the Triton goes beyond the specific military task which has been assigned her . The Triton , in her operations , will test an advanced type of nuclear propulsion plant and will pave the way for the submersible capital ships of the future .","l2ahamia dtial tripton kat3dda lmohma l3skariya lmo7adda lli ta3tat liha. tripton, f l3maliat dtialha, gatjarrb wa7d nno3 mtawwar dial ma7attat daf3 lnowawi w gatmahhed 7dri9 li ssofwan l7arbiyah ligatisa d lmustaqbal.",VALIDATED
data50822,DATA_17123,B,Murdock (ولا جونز ضد مدينة أوبيليكا) كانت قضية كاتدور على صحة واحد القانون البلدي (فجانيت، بنسيلفانيا) مكتوب بهاد الطريقة:,"Murdock (wla Jones dd mdina Opelika) kant qadiya katdoor 3la se7a dyal wa7d lqanoon lbaladi (Fajaniet, Pennsylvania) mktoub bhad ttariqa:","Murdock ( or Jones v. City of Opelika ) was a case involving the validity of a city ordinance ( in Jeannette , Pennsylvania ) worded as follows :",كانت قضية موردوك (أو جونز ضد مدينة أوبيليكا) قضية تتعلق بصلاحية مرسوم بلدي (في جانيت، بنسلفانيا) صيغ على النحو التالي:,VALIDATED
data50823,DATA_16012,B,مع أنها مبنية خصيصًا باش يلعب فيها إيفرتون لكورة ، جوديسون بارك استضافات بزاف ديال الأنواع الأخرى ديال الأحداث.,"Ma3a annaha mebniya khississan bash yel3ab fiha Everton lkora , Goodison Park staddafat bzzaf dyal l'anwa3 l'okhra dyal l'ahdath.","Despite being purposefully built for Everton F.C. to play football , Goodison Park has hosted many other types of events .",على الرغم من بنائه خصيصًا لنادي إيفرتون لكرة القدم لممارسة كرة القدم، استضاف ملعب غوديسون بارك العديد من أنواع الفعاليات الأخرى.,VALIDATED
data50824,WIKI_C_01300,C,خوسي كان واحد لعاصفة مدارية ضعيفة و قصيرة اللي تشكلات بعيدة على اليابسة ف 29 أكتوبر. بقات غادية بصفة عامة للشمال الشرقي قبل ما تولي شبه مدارية و من بعد تحلّت ف 1 نونبر قريب من جزر الآزور.,khosi kan wa7ed l3asfa madaria da3ifa w qasira lli tchklat b3ida 3la lyabsa f 29 october. bqat ghdiya b9ifta 3amma l shmal sharqi qbel ma twli shbh mdaria w men ba3d t7llt f 1 november qrib men jzor l azor.,Jose was a weak and short-lived tropical storm that formed far from land on October 29 . It moved generally northeast before becoming subtropical and then dissipating on November 1 near the Azores .,كان جوزيه إعصارًا استوائيًا ضعيفًا وقصير العمر تشكل بعيدًا عن اليابسة في 29 أكتوبر. اتجه بشكل عام شمال شرق قبل أن يصبح شبه استوائي ثم يتبدد في 1 نوفمبر بالقرب من جزر الأزور.,VALIDATED
data50825,WIKI_C_12248,C,كان، سيرغي (1999). ذاكرة خالدة: ثقافة التلينغيت والمسيحية الأرثوذكسية الروسية عبر جوج قرون. منشورات جامعة واشنطن. رقم ISBN: 978-0-295-xxxx-x.,"Kan, Sergei (1999). Dakira khalida: ta9afa Tlingit w l-masi7iya l-orthodoxia roussia 3abr joj qroun. University of Washington Press. ISBN: 978-0-295-xxxx-x.","Kan, Sergei (1999). Eternal Memory: Tlingit Culture and Russian Orthodox Christianity through Two Centuries. University of Washington Press. ISBN: 978-0-295-xxxx-x.",كان، سيرغي (1999). الخلود للذاكرة: ثقافة التلينغيت والمسيحية الأرثوذكسية الروسية عبر قرنين. مطبعة جامعة واشنطن. ISBN 978-0-295-xxxx-x.,VALIDATED
data50826,WIKI_D_03313,D,"حتى تقبلوا الكاثوليك الرومان لأوكسبريدج ف 1854، ستوني هيرست كانت حتى هيا دار ديال ""الفلاسفة الرجال"" اللي كانوا كيقراو الباكالوريا تحت نظام امتحان لندن. العدد ديالهم بدا كينقص من بعد 1894 و القسم سدوه ف 1916.","7tta ta9blo lkatholik dyal roman l'oxbridge f 1854, stonyhurst kanet 7tta hiya dar dyal ""lflasfa rajl"" lli kanou kay9raw lbacaloria ta7t nizam dyal exam de london. l3adad dyalhom bda kayn9os men ba3d 1894 w l9ism seddoh f 1916.","Until Roman Catholics were admitted to Oxbridge in 1854 , Stonyhurst was also home to "" philosopher gentlemen "" studying BA courses under the London Matriculation Examination system . Their numbers began to fall after 1894 and the department was closed in 1916 .","حتى تم قبول الرومان الكاثوليك في أوكسبريدج عام 1854، كانت ستوني هيرست أيضًا موطنًا لـ ""رجال فلاسفة"" يدرسون دورات البكالوريوس ضمن نظام امتحان الالتحاق بجامعة لندن. بدأت أعدادهم في الانخفاض بعد عام 1894 وأُغلق القسم عام 1916.",VALIDATED
data50827,WIKI_D_11603,D,بحال النباتات: الفطريات عندها جدار خلوي و فجوات. كاتكاثر جنسيا ولا جنسيا، و بحال المجموعات النباتية البدائية (بحال السرخسيات و الحزازيات) كاينتجوا الجراثيم. و بحال الحزازيات و الطحالب، الفطريات عادة عندها نواة أحادية الصيغة الصبغية.,"bhal nbatat: lfitriyat 3andha jdar khali w fjwat. katkatr jinsiya wala jinsiya, w bhal lmjmu3at nbatya lbidaiya (bhal srxasiyat w l7zaziyat) kayntjo ljaratim. w bhal l7zaziyat w l7alib, lfitriyat 3ada 3andha nawat ahadiya siyt sbiya.","With plants : Fungi have a cell wall and vacuoles . They reproduce by both sexual and asexual means , and like basal plant groups ( such as ferns and mosses ) produce spores . Similar to mosses and algae , fungi typically have haploid nuclei .",مع النباتات: للفطريات جدار خلوي وفجوات. تتكاثر جنسيًا ولا جنسيًا، وكالمجموعات النباتية القاعدية (مثل السرخسيات والحزازيات) تنتج أبواغًا. على غرار الحزازيات والطحالب، تمتلك الفطريات عادةً أنوية أحادية الصيغة الصبغية.,VALIDATED
data50828,WIKI_D_07174,D,"المنصب الرئيسي فالوزارة كان هو وزير المالية (وكانو كيسمّيوه ""المفوّضين"" حتى لعام 1946)، وهو اللي كيرأس الوزارة. ومنصب النائب الأول لوزير المالية كان كيتعتبر الثاني فالتسيير ديال الوزارة.","L‑mansab l‑ra2issi f l‑wizara kan howa wazir l‑maliya (w kano kaytsmoh ""l‑mofawadin"" 7tta l‑3am 1946), howa lli kayrass l‑wizara. W mansab na2ib l‑awal dyal wazir l‑maliya kan kayt3tabar tani f t‑tasyir dyal l‑wizara.","The leading office of the ministry was the Minister of Finance ( titled "" Commissars "" until 1946 ) , the head of the ministry . The offices of First Deputy Minister of Finance were seen as the ministry 's second-in-command .","كان المنصب القيادي في الوزارة هو وزير المالية (وكان يُطلق عليه لقب ""المفوّضين"" حتى عام 1946)، وهو رئيس الوزارة. وكان منصب النائب الأول لوزير المالية يُعتبر الثاني في القيادة داخل الوزارة.",VALIDATED
data50829,WIKI_C_06320,C,تاريخ و التطور ديال أوريجون من بعد 1845: تكملة ديال تاريخ أوريجون قبل 1845، كيفما قال ديادي ف الخطاب ديالو للرواد ف سالم ف 1875. مع هوبرت هاو بانكروفت.,"tari7 w tatouuur dyal oregon mn ba3d 1845: tkmila dyal tari7 oregon 9bl 1845, kifma gal deady f lkhiTaab dyalo lrouad f salem f 1875. m3a hubert howe bancroft.","History and Progress of Oregon After 1845 : In Continuation of the History of Oregon Before 1845 , as Given in Deady 's Address to the Pioneers at Salem in 1875 . With Hubert Howe Bancroft .",تاريخ وتقدم ولاية أوريغون بعد عام 1845: استكمالاً لتاريخ ولاية أوريغون قبل عام 1845، كما ورد في خطاب ديادي للرواد في سالم عام 1875. بالاشتراك مع هوبرت هاو بانكروفت.,VALIDATED
data50830,WIKI_D_08276,D,"من بعد ما تحطّات و تقبلات الخطة الرئيسية الجديدة، دارو شي متظاهرين شي خطوات خرين؛ هادشي كان مركز على مبنى ديال ""هارڤيست فورستري"" اللي فالقنت ديال شارع ""نيو إنگلاند"" و ""تشيبسايد""، اللي جلسو فيه شحال.","men ba3d ma ts7e7et w t9belet lkhottat lra2issiya jdida, daro chi mtyahirin chi khotowat khriyin; hadchi kan mrcouz 3la mbna dyal 'harvest forestry' li fl9ent dyal str3 'new england' w 'cheapside', li jlesso fih chhal.","After the new master plan was submitted and approved , further action was taken by protestors ; this was focused on the Harvest Forestry building at the corner of New England Street and Cheapside , which was squatted for a time .",بعد تقديم الخطة الرئيسية الجديدة والموافقة عليها، اتخذ المتظاهرون إجراءات أخرى؛ تركزت هذه الإجراءات على مبنى هارڤيست فورستري عند زاوية شارع نيو إنگلاند وتشيبسايد، والذي تم احتلاله لبعض الوقت.,VALIDATED
data50831,WIKI_D_12340,D,"فجريدة المستقبل، إلياس عطا الله طالب بتوسيع التحقيقات اللي دايرينها على اغتيال الحريري باش تدخل تفجيرات القصير والحاوي. وطالب بالاستقالة ديال لحود، وقال باللي الرئيس ""ما قادرش يحمي الشخصيات القيادية في لبنان"".","f jarida l mustaqbal, Elias Atallah talab b tawsi3 lta7qiqat lli dayrinha 3la tighyal l 7ariri bach dkhul tafjiratt l qasir w l 7awi. w talab b ltiqala dyal Lahd, w qal bli r-ra2is ""ma qadrch y7mi shkhasyyat l qiyadiyya f l Lubnan"".","In Al Mustaqbal newspaper, Elias Atallah called for broadening the planned inquiries into Harri's assassination to include the Kassir and Hawi bombings. He demanded Lahoud's resignation, saying the president was ""incapable of protecting leadership figures in Lebanon.""","في صحيفة المستقبل، دعا إلياس عطا الله إلى توسيع التحقيقات المخطط لها في اغتيال الحريري لتشمل تفجيرات القصير والحاوي. وطالب باستقالة لحود، قائلاً إن الرئيس ""عاجز عن حماية الشخصيات القيادية في لبنان"".",VALIDATED
data50832,WIKI_C_07551,C,"دار فريق غلوسترشير أول زيارة ليه لملعب أولد ترافورد ديال الكريكيت نهار الخميس 25 يوليو، باش يلعب ضد لانكشاير، وهاد الماتش هو اللي خلدو فرانسيس طومسون فواحد القصيدة ديالو الزوينة ""At Lord's"".","Dar fari9 Gloucestershire awal ziyara lih l‑mal3ab Old Trafford dyal cricket nhar khmis 25 yulyo bash yl3ab dd Lancashire, w had l‑match howa lli khallado Francis Thompson f wa7d l‑qasida dyalo zwina ""At Lord's"".","Gloucestershire made their first visit to Old Trafford Cricket Ground on Thursday , 25 July , to play Lancashire and this was the match immortalised by Francis Thompson in his idyllic poem At Lord 's :",قام فريق غلوسترشير بأول زيارة له إلى ملعب أولد ترافورد للكريكيت يوم الخميس 25 يوليو، لمواجهة لانكشاير، وكانت هذه المباراة هي التي خلدها فرانسيس طومسون في قصيدته المثالية «في لوردز».,VALIDATED
data50833,WIKI_D_02179,D,"فالشباب ديالو، حضر واحد الكامب ديال أساسيات البيسبول لمدة خمسة أيام، اللي كان كينظمو باه للأطفال ما بين 5 و14 عام. وحتى باه كان هو الكوتش ديالو فـ""ليتل ليغ"" حتى وصل لـ14 عام. وقال باه:","F chabab dyalo, 7dar wa7d camp dyal asasiyat baseball lmouda dyal 5 iyam, lli kan kaynaddmo bah l‑atfal bin 5 w 14 3am. W 7tta bah kan howa l‑coach dyalo f ""little league"" 7tta wssel l 14 3am. W gal bah:","As a youth , he attended a five-day baseball fundamentals camp that his father runs for children ages 5 – 14 . His father was also his little league coach until he was 14 . His father said :",في شبابه، حضر معسكرًا لتعلّم أساسيات لعبة البيسبول لمدة خمسة أيام، كان والده ينظمه للأطفال الذين تتراوح أعمارهم بين 5 و14 عامًا. كما كان والده مدربه في دوري الصغار حتى بلغ سن 14. وقال والده:,VALIDATED
data50834,WIKI_C_03923,C,المهام والسياسات اللي كاينين دابا ف قطاع الماء والتطهير ف كولومبيا، محددين بالأساس ف دستور ديال 1991 والقانون رقم 142 ديال 1994، قانون الخدمات العمومية المنزلية.,"lmeham w silasiyat lli kaynin daba f qeta3 lma w ttahtir f kolombiya, mohaddidin bel asasi f dostor dyal 1991 w lqanoun raqm 142 dyal 1994, qanoun khadamat l'oummoumiya lmanziliya.",The current responsibilities and policies in the water and sanitation sector in Colombia are primarily defined in the 1991 constitution and in Law 142 of 1994 ( Ley de Servicios Públicos Domiciliarios or Public Housing Services Law ),تُعرَّف المسؤوليات والسياسات الحالية في قطاع المياه والصرف الصحي في كولومبيا بشكل أساسي في دستور عام 1991 والقانون رقم 142 لعام 1994 (قانون خدمات الإسكان العامة).,VALIDATED
data50835,WIKI_D_11939,D,الملك الصغير جورج الأول ديال اليونان زار روسيا ف 1863 باش يشكر خال أولغا، القيصر ألكسندر الثاني على الدعم ديالو فاش كان جورج كيترشح باش يولي ملك ديال اليونان. تما تعرف جورج على أولغا اللي كان عندها ديك الساعة 12 عام أول مرة.,"lmalek sghir george l'awel dyal l'yunan zar russiya f 1863 bach yshokher khal olga, lqayser alexander ttani 3la ddem dyalo fach kan george kytrecha7 bach ywli malek dyal l'yunan. tema t3ref george 3la olga lli kan 3ndha dek sa3a 12 3am l'awel mera.","The young King George I of Greece visited Russia in 1863 to thank Olga 's uncle Tsar Alexander II for his support during George 's election to the throne of Greece . Whilst there , George met the then twelve-year-old Olga for the first time .",زار الملك الشاب جورج الأول ملك اليونان روسيا عام 1863 لشكر خال أولغا، القيصر ألكسندر الثاني، على دعمه خلال انتخاب جورج لعرش اليونان. وهناك، التقى جورج بأولغا، التي كانت تبلغ من العمر اثني عشر عامًا آنذاك، للمرة الأولى.,VALIDATED
data50836,WIKI_C_12226,C,"السير والتر سكوت، اللي كان كيميل لروايات التكوين والحبكات المفتوحة، كتب فـ""المذكرات ديالو على ريتشاردسون"" فكتاب ""روايات صمويل ريتشاردسون"" (1824):","si walter scott, li kan kiyi3jebou bildungsroman w lhobkat lmftou7a, kteb f "" memoir to richardson"" l The Novels of Samuel Richardson (1824):","Sir Walter Scott , who favoured the bildungsroman and open plots , wrote in his "" Memoir to Richardson "" to The Novels of Samuel Richardson ( 1824 ) :",السير والتر سكوت، الذي كان يفضّل رواية التكوين والحبكات المفتوحة، كتب في «مذكراته عن ريتشاردسون» ضمن كتاب «روايات صمويل ريتشاردسون» (1824):,VALIDATED
data50837,WIKI_D_12406,D,قسطنطينوس كومنينوس دوكاس، اللي مذكور غير فالنص اللاتيني ديال معاهدة 1210 مع البندقية، فين كيتوصف بلي هو الخليفة ديال باه. باين باللي مات صغير، قبل ما يموت ميكائيل براسو.,"constantinus komnenos dukas, lli madhkour ghir fel nass latini dyal mo3ahadat 1210 m3a l'bendyaq, fin kayetwsaf beli howa lkhalifa dyal babah. bayen beli mat sghir, qbel maymout michael b raso.","Constantine Komnenos Doukas , mentioned only in the Latin text of the 1210 treaty with Venice , where he is designated as his father 's successor . He must have died at a young age , before Michael 's own death .",قسطنطينوس كومنينوس دوكاس، الذي لم يُذكر إلا في النص اللاتيني لمعاهدة عام 1210 مع البندقية، حيث تم تعيينه خلفًا لوالده. لا بد أنه توفي في سن مبكرة، قبل وفاة ميخائيل نفسه.,VALIDATED
data50838,DATA_3436,A,ياله نبداو بأسئلة ساهلة,yalah nabdaw b as2ila sa8la,Then let's start with simple questions,إذن، دعنا نبدأ بأسئلة بسيطة,VALIDATED
data50839,DATA_9120,A,غادي نأكد ليك بلي هاد البلاصة آمنة.,Ghadi n2akked lik belli had lblasa amna.,i will assure you this place is safe,أؤكد لكم أن هذا المكان آمن,VALIDATED
data50840,WIKI_C_07693,C,كرّمت المؤسسة الوطنية للديمقراطية تشين بجائزة الديمقراطية ديال 2008. وكان تشين واحد من سبعة ديال المحامين والنشطاء فالحقوق المدنية فالصين اللي تختارو باش ياخدو هاد الجائزة.,Karrmat National Endowment for Democracy Chen b ja2izat democracy dyal 2008. W kan Chen wa7ed men seb3a dyal l‑mou7amin w n‑noshata2 f l‑7o9o9 l‑madaniya f s‑sin lli tkhtaro bach ya5do had l‑ja2iza.,The National Endowment for Democracy honored Chen with the 2008 Democracy Award . Chen was one of seven Chinese lawyers and civil rights activists to be named as recipients of the award .,قامت المؤسسة الوطنية للديمقراطية بتكريم تشين بجائزة الديمقراطية لعام 2008. وكان تشين واحدًا من سبعة محامين وناشطين في مجال الحقوق المدنية في الصين الذين تم اختيارهم للحصول على هذه الجائزة.,VALIDATED
data50841,DATA_0281,A,هادي لمرة الثالتة لي كايخسر فيها السانسور هاد جوج سيمانات اللخرين,hadi lmerra ttalta lli kaykhsr fiha ssansour had joj simanat llkhrin,This is the third time the lift has broken in the last two weeks.,هذه هي المرة الثالثة التي تتعطل فيها المصعد في الأسبوعين الماضيين.,VALIDATED
data50842,WIKI_C_06578,C,"كان مركز العافية، وأكتر بلاصة تضرّرات، هي ""HOSL West""، اللي كانت كتستعملها Total وTexaco باش يخزنو أنواع مختلفة ديال الوقود، وزيد عليها المنطقة اللي حداه التابعة لوكالة الأنابيب البريطانية.","Kan markaz l3afya, w aktar blasa tderrat, hiya ""HOSL West"", lli kanou kaysta3mloha Total w Texaco bash ykhzno anwa3 mokhtalifa dyal l‑wa9od, w zid 3liha l‑minta9a lli 7daha tabi3a l British Pipeline Agency.","The seat of the fire , and the worst damaged section , was "" HOSL West "" , used by Total and Texaco to store a variety of fuels , and the neighbouring British Pipeline Agency area .","كان مركز الحريق، والجزء الأكثر تضررًا، هو ""HOSL West""، الذي كانت تستخدمه شركتا توتال وتكساكو لتخزين مجموعة متنوعة من الوقود، إضافة إلى المنطقة المجاورة التابعة لوكالة خطوط الأنابيب البريطانية.",VALIDATED
data50843,DATA_1657,A,"لا, راه طلبها مرا خرى.","la, rah tlabha mra okhra.","No, he asked for it again.",لا، لقد طلبها مجدداً.,VALIDATED
data50844,WIKI_C_06554,C,"بناءً على الأهمية الثقافية والمعمارية ديالو، تزادو أربعة ديال المباني من Danebod فالسجل الوطني ديال الأماكن التاريخية فالولايات المتحدة نهار 30 يونيو 1975 تحت اسم ""Danebod Historic Complex"".","Bina2an 3la l‑ahammia t‑ta9afia w l‑mi3mariya dyalo, tzado arba3a dyal l‑mabani men Danebod f s‑sijil l‑watani dyal l‑amakin t‑tarikhiya f USA nhar 30 yonyo 1975 ta7t smiya ""Danebod Historic Complex"".","On the basis of its cultural and architectural significance , four buildings from Danebod were added to the U.S. National Register of Historic Places on June 30 , 1975 as the "" Danebod Historic Complex "" .",بناءً على أهميته الثقافية والمعمارية، تم إدراج أربعة مبانٍ من دانيبود في السجل الوطني للأماكن التاريخية في الولايات المتحدة في 30 يونيو 1975 تحت اسم «مجمع دانيبود التاريخي».,VALIDATED
data50845,DATA_0428,A,مافهمتش علاش جبت غير 12/20 فلامتحان,mafhemtch 3lach jebt ghir 12/20 flmti7an,I don't understand why I only got 12/20 in control,لا أفهم لماذا حصلت على 12/20 فقط في الاختبار,VALIDATED
data50846,WIKI_C_09578,C,ألمان كانو عارفين بلي لمظليين ديال بريطانيا فكو لي شارج ليكانو لاصقين ف قنطرة ديال پريموسولي، ودابا حاولو يخربوها بالطرانات عامرين بالمتفجرات، و ما صدقاتش ليهم.,"l2alman kanou 3arfin bli lmidaliyin dyal britanya fakko l-charge likano lasqin f qantarat primusoli, w daba 7awlu ykharbuha b-tiranat 3amrin b-lmotafajirat, w ma sda9at lihom.","The Germans were aware that the British paratroopers had dismantled the explosive charges attached to Primosole Bridge , and now attempted to destroy it by driving trucks laden with explosives onto it . This was unsuccessful .",كان الألمان على علم بأن المظليين البريطانيين قد فككوا العبوات الناسفة المربوطة بجسر بريموسولي، وحاولوا الآن تدميره عن طريق دفع شاحنات محملة بالمتفجرات فوقه. لم ينجح هذا الأمر.,VALIDATED
data50847,WIKI_D_02098,D,"تحيّد شاكلفورد من السباقات فـ نوفمبر 2012 وودّوه باش يولي ديال التزاوج فـ Darby Dan Farm فـ Lexington كنتاكي. وكان الثمن ديال التزاوج ديالو هو 20,000 دولار فموسم 2013، وأول صغارو غادي يشاركو فالسباقات فـ 2016.","T7iyed Shackleford men s‑sibaqat f November 2012 w wddoh bach ywli dyal t‑tazawoj f Darby Dan Farm f Lexington Kentucky. W kan taman dyal t‑tazawoj dyalo 20,000 dollar f mawsim 2013, w awal sgharou ghadi ycharco f s‑sibaqat f 2016.","Shackleford was retired to stud duty in November 2012 and was sent to the Darby Dan Farm in Lexington , Kentucky . He will stand for a $ 20-000 stud fee for the 2013 breeding season . His first foals will race in 2016 .","تم إحالة شاكلفورد إلى خدمة التربية في نوفمبر 2012 وتم إرساله إلى مزرعة داربي دان في ليكسينغتون، كنتاكي. سيُعرض مقابل رسوم تربية قدرها 20,000 دولار لموسم التكاثر لعام 2013. ستتنافس أول مهوره في عام 2016.",VALIDATED
data50848,WIKI_D_05554,D,الآلات التقليدية ديال ويلز كتشمل (الهارب الثلاثي) ، الكمان ، ، (الهورنبايب) و آلات أخرى. جمعية كتشجع فن الغناء الخاص بيها بالأساس من خلال مهرجان سنوي ديال نهار واحد.,"l-alat t-taqlidiyya dyal wales katchmol (l-harp t-tlati) , l-kaman , , (l-hornpipe) w alat o5ra. jam3iyyit katshj3 fan l-ghina2 l-khass biha bl-asàs mn khlal mahrajan sanawi dyal nhar wa7d.","Traditional instruments of Wales include ( triple harp ) , fiddle , , ( hornpipe ) and other instruments . The Society promotes its specific singing art primarily through an annual one-day festival .",تشمل الآلات التقليدية لويلز آلة الهارب الثلاثي، والكمان، وآلات النفخ، وآلة الهورنبايب، وآلات أخرى. تروج جمعية لفن الغناء الخاص بها بشكل أساسي من خلال مهرجان سنوي يستمر ليوم واحد.,VALIDATED
data50849,WIKI_D_07068,D,فهاد الحلقة، كايواجه فرانك بلاك (Lance Henriksen)، اللي خدام كمحلل فـ Millennium Group، البداية ديال انتشار واحد الوباء خطير وقريب يكون كارثي، وكيحاول يفهم حتى الازدواجية ديال المعرفة المسبقة ديال المجموعة بهاد الحدث والاستعداد ديالهم ليه.,"F had l‑7al9a, kaywajeh Frank Black (Lance Henriksen), lli khddam ka profiler f Millennium Group, lbidaya dyal intichar wa7d l‑waba2 khatir w momkin ykoun kariti, w kayt3amel m3a l‑izdawajiya dyal l‑ma3rifa l‑mosba9a dyal l‑group b had l‑7adat w l‑isti3dad dyalhom lih.","In this episode , Millennium Group profiler Frank Black ( Lance Henriksen ) confronts the onset of an apocalyptic viral outbreak , dealing with the duplicity of the Group 's foreknowledge of , and preparation for , such an event .",في هذه الحلقة، يواجه فرانك بلاك (لانس هنريكسن)، محلل مجموعة الألفية، بداية تفشٍّ وبائي ذي طابع كارثي، بينما يتعامل مع ازدواجية معرفة المجموعة المسبقة بهذا الحدث واستعدادها له.,VALIDATED
data50850,WIKI_D_04505,D,برنامج مدينة حرس السواحل تأسس من طرف الكونغرس ديال ميريكان ف 1998 باش يكافئ المدن اللي فيها وحدات عسكرية ديال حرس السواحل الميريكاني وكيبينو الدعم ديالهم للناس ديال الحرس اللي مكلفين تما. أول مدينة خداة هاد التعيين هي غراند هيفن، ميشيغن.,"barnamej mdint hras esswa7el t2esses men taraf elkongres dyal merikan f 1998 bach ykawem elmdun li fihom wa7dat 3askariya dyal hras esswa7el elmerikani w kaybino eddemm dyalhom llnas dyal lhrass lli mkelfin temma. awel mdina khda had ett3yin hiya grand haven, michigan.","The Coast Guard City program was established by the United States Congress in 1998 to recognize cities where military assets of the United States Coast Guard are located and which demonstrate support to Coast Guard personnel stationed there . The first city so designated was Grand Haven , Michigan .",تأسس برنامج مدينة خفر السواحل من قبل الكونغرس الأمريكي عام 1998 تقديرًا للمدن التي توجد بها أصول عسكرية لخفر السواحل الأمريكي والتي تظهر دعمًا لأفراد خفر السواحل المتمركزين هناك. وكانت أول مدينة تم تعيينها هي غراند هافن، ميشيغان.,VALIDATED
data50851,WIKI_C_10790,C,البيك التالت ديال پيتسبورغ پنگوينز مشا لفينيكس كايوتيس حيتاش فواحد الترونسفير ف 27 فبراير 200 عطاوهوم جورج هادا مقابل دانييل كارسيلو وهاد البيك.,lbik talt dyal pittsburgh penguins msha l'phoenix coyotes hitach fwa7d transfer f 27 fevrier 200 3tawhom george hada moqabel daniel carcillo w had lbik.,"The Pittsburgh Penguins ' third-round pick went to the Phoenix Coyotes as the result of a February 27 , 200 trade that sent Georges to the Penguins in exchange for Daniel Carcillo and this pick .",ذهب اختيار فريق بيتسبرغ بنغوينز في الجولة الثالثة إلى فريق فينيكس كايوتس نتيجة صفقة تمت في 27 فبراير 200، والتي بموجبها أُرسل جورج إلى فريق بنغوينز مقابل دانييل كارسييو وهذا الاختيار.,VALIDATED
data50852,DATA_5838,A,غير خلّي زمان يورّيك,ghir khelli zman ywerrik,Just let the time show you,دع الوقت يريك,VALIDATED
data50853,WIKI_C_10764,C,"فالكونسير ف 1-800-ASK- أمفيثيتر فطامبا فلوريدا، هوران غنّا كوڤر ديال ""The A Team"" ديال إد شيران.","f l-konsir f 1800 ask amphitheatre f tampa florida, horan ghna cover dyal ""the a team"" dyal ed sheeran.","During the concert at the 1-800-ASK- Amphitheatre in Tampa Florida , Horan performed a cover of Ed Sheeran 's "" The A Team "" .","خلال الحفل في مسرح 1800 ASK في تامبا، فلوريدا، قدم هوران أغنية ""The A Team"" لإد شيران.",VALIDATED
data50854,DATA_9394,A,ما غاديش نعطي فلوسي للمغنين.,Ma ghadish n3ti flousi l‑mghannin.,i will not give my money to singers,لن أعطي أموالي للمغنين,VALIDATED
data50855,WIKI_C_09786,C,مقال على نظرية السكان مبني على نقد المبادئ ديال مالتوس فالسكان. يينا: غوستاف فيشر، 1894.,"Maqal 3la nadariya dyal s‑sokkan mabni 3la na9d l‑mabadi2 dyal Malthus f s‑sokkan. Jena: Gustav Fischer, 1894.","""An essay on population theory based on a critique of Malthus's principles of population."" Jena: Gustav Fischer, 1894.","""An essay on population theory based on a critique of Malthus's principles of population."" Jena: Gustav Fischer, 1894.",VALIDATED
data50856,WIKI_C_08178,C,الألوان الأساسية كيتزاد عليها أنماط مختلفة ديال البقع، واللي كتكون متغيّرة وغالباً ما كتناسبش مع شي فئة محددة بشكل واضح. وهاد الأنماط كيتوصفو بهاد الطريقة:,"L‑alwan l‑asasiya kaytzad 3liha anmat mokhtalifa dyal lb9a3, lli katkon motaghayyira w ghaliban makatnassabch m3a chi fi2a m7addada b woudou7. W had l‑anmat kaytwasfo hakka:","Base colors are overlain by various spotting patterns , which are variable and often do not fit neatly into a specific category . These patterns are described as follows :",تُغطّى الألوان الأساسية بأنماط مختلفة من البقع، وهي متغيّرة وغالبًا لا تندرج بدقة ضمن فئة محددة. وتُوصف هذه الأنماط على النحو التالي:,VALIDATED
data50857,WIKI_C_03335,C,أو صوليڤان علنها و قال صوتو ل إد ميليبان ديال حزب العمال ف انتخابات 2015 و لعب معاه بليار و هاداك زعيم حزب العمال كان ديجا كيحماق عليه.,o sulivan 3alna w qal soyto l ed miliband dyal hzeb l 3emal f intikhabat 2015 w l3eb m3ah bilyard w hadak z3im hzeb l 3emal kan deja k7ma9 3lih.,"O 'Sullivan publicly endorsed Labour 's Ed Miliband in the 2015 general election and played a game of pool against the Labour leader , who had previously expressed his admiration for O 'Sullivan .","صرح ""أو سوليفان"" علناً بدعمه لإد ميليباند عن حزب العمال في الانتخابات العامة عام 2015، ولعب لعبة بلياردو ضد زعيم حزب العمال، الذي كان قد عبّر في وقت سابق عن إعجابه بـ ""أو سوليفان"".",VALIDATED
data50858,DATA_18739,B,^ a : گوران سوتون تزاد فالبوسنة والهرسك و خدا الجنسية ديال ميريكان عام 2006.,guran sutun tzad f l-busna wal-harsak u khda l-jinsiya dyal mirikan 3am 2006.,^ a : Goran Suton was born in Bosnia and Herzegovina and became a naturalized citizen of the United States in 2006 .,وُلد غوران سوتون في البوسنة والهرسك، وحصل على الجنسية الأمريكية بالتجنس في عام 2006.,VALIDATED
data50859,WIKI_C_09499,C,واحد الأداة سميتها APT كتعاون باش تسيري سيستيم ديبيان اللي مركب، و تجبد و تحل المشاكل ديال لي باكاج اللي تابعين لبعضياتهم من الريبوزيطوريات. أدوات APT كيتشاركوا المعلومات على هاد التبعية و لي باكاج اللي متخزنين.,wa7d l'adaa dyal APT katsama7 b t2dira dyal syst2m Debian li mrakeb bach tjbed w t7ell les dépendances dyal les paquets men les r'épositories. Les outils d'APT kitchar'ko l3l lma3loumat 3la had taba3iya w les paquets li mtkhaznin.,An Advanced Packaging Tool ( APT ) tool allows administering an installed Debian system to retrieve and resolve package dependencies from repositories . APT tools share dependency information and cached packages .,تسمح أداة أداة التغليف المتقدم (APT) بإدارة نظام دبيان المثبت لاسترداد تبعيات الحزم وحلها من المستودعات. تشترك أدوات APT في معلومات التبعية والحزم المخزنة مؤقتًا.,VALIDATED
data50860,WIKI_D_11389,D,في شهر واحد 2016، واحد الفيلم مقتبس من رواية ليدي سوزان ديال جين أوستن، اللي كانت على شكل رسائل وخرجوها بكري، دارها ويط ستيلمان، تعرضات لأول مرة ف مهرجان صندانس السينمائي، و مثلات فيه كيت بيكينسيل و كلوي سيفيني و سماوه بعنوان واحد الرواية أخرى ديال جين أوستن اللي خرجات بكري، اللي هي الحب والصداقة.,"f shher 1 2016, wa7ed lfilm mktebs mn rwaya lady susan dyal jane austen, li kanet 3la shkel resayel wkherejoha bekri, darha whit stillman, ta3eredt l'awel marra f mehrjan sundance sinema2i, w mttalet fih kate beckinsale w chloe sevigny w smahw b3nwan wa7ed rwaya okhra dyal jane austen li khrejat bekri, li hiya l7ob w ssadaqa.",In January 2016 a film version of Austen 's early epistolary novel Lady Susan directed by Whit Stillman premiered at the Sundance Film Festival starring Kate Beckinsale and Chloe Sevigny under the borrowed title of another one of Austen 's early novels Love & Friendship .,"في يناير 2016، عُرض لأول مرة في مهرجان صندانس السينمائي فيلم مقتبس من رواية جين أوستن المبكرة ""ليدي سوزان""، التي كُتبت على شكل رسائل، وأخرجه ويت ستيل مان، وقامت ببطولته كيت بيكينسيل وكلوي سيفيني، تحت عنوان مستعار لرواية أخرى من روايات أوستن المبكرة ""الحب والصداقة"".",VALIDATED
data50861,DATA_6206,A,خاص نكمل هاد الكتاب,5ass nkml had lktab,i have to finish reading this book,عليّ إنهاء قراءة هذا الكتاب,VALIDATED
data50862,DATA_19080,B,كولين كريبس – كيعزف الغيتار (فكاع التراكات إلا 8 و11 و13)، وكيدير حتى الغناء المساند (فالتراك 7).,"Colin Cripps – kay3zef guitar (f ga3 tracks illa 8 w 11 w 13), w kaydir 7tta la2ghani dyal sanad (f track 7).","Colin Cripps – guitar ( all except tracks 8 , 11 , 13 ) , backing vocals ( track 7 )",كولين كريبس – غيتار (في جميع المقاطع باستثناء 8 و11 و13)، وغناء داعم (في المقطع 7).,VALIDATED
data50863,WIKI_D_06244,D,بزاف د النقاد ما عجبهمش الفيلم، و قارنوه بطريقة خايبة مع أفلام د جون واترز و انتقدو الديكور الملون. واخا الممثلين الرئيسيين تمدحوا على التمثيل ديالهم، شي شخصيات توصفوا باللي نمطية.,"bzaf d n9ad ma 3ajbhomsh lfilm, w 9arnuh b tari9a khayba m3a aflam d john waters w n9ado l decor lmlawwan. wakha lmomtilin ra2isyin tmad7u 3la tamthil dyalhom, chi chakhsiyat twasfo blli namtiyan.","Many critics did not like the film , comparing it unfavorably with the films of John Waters and criticizing the colorful production design . Although the lead actors were praised for their performances , some of the characters were described as stereotypical .",لم يعجب العديد من النقاد الفيلم، وقارنوه بشكل غير مواتٍ بأفلام جون ووترز وانتقدوا تصميم الإنتاج الملون. على الرغم من أن الممثلين الرئيسيين أُثنوا على أدائهم، إلا أن بعض الشخصيات وُصفت بأنها نمطية.,VALIDATED
data50864,DATA_24246,B,ف 20 شتنبر 2009، إيمرسون ربح أخيراً جائزة إيمي برايم تايم على الدور ديالو ديال بن لينوس ف حفل توزيع جوائز إيمي برايم تايم رقم 61.,"f 20 chtanbar 2009, Emerson rbah akhiran ja'izat Emmy Primetime 3la d-dor dyalu dyal Ben Linus f hafl tawzi3 jawai'z Emmy Primetime ra9m 61.","On September 20 , 2009 , Emerson finally won the Primetime Emmy Award for his portrayal of Ben Linus at the 61st Primetime Emmy Awards .",في 20 سبتمبر 2009، فاز إيمرسون أخيرًا بجائزة إيمي برايم تايم عن تجسيده لشخصية بن لينوس في حفل توزيع جوائز إيمي برايم تايم الحادي والستين.,VALIDATED
data50865,WIKI_D_05443,D,الشرطة ديال لينكونشاير كتعاون مع الإعدادية دانيال رايت التابعة لمنطقة لينكونشاير-بريري فيو المدرسية 103 باش يديرو فرع ديال برنامج المقاومة ضد تعاطي المخدرات. هاد البرنامج كيخرج تلاميذ السنة السادسة من المدرسة كل عام من عام 1991.,sherta dyal lincolnshire kat3awen m3a l'iidadiyya daniel wright tab3a l mintaqa lincolnshire-prairie view lmdrasiyya 103 bash idiro far3 dyal barnamaj lmuqawama ddad ta3ati lmkheddirat. had barnamaj kaykhrej talamidh sana sadisa men lmdrasa kol 3am men 3am 1991.,"The Lincolnshire Police Department collaborates with Lincolnshire-Prairie View School District 103's junior high school, Daniel Wright, to form a chapter of the Drug Abuse Resistance Education program. This program has graduated sixth graders from the school every year since 1991.","تتعاون إدارة شرطة لينكولنشاير مع المدرسة الإعدادية ""دانيل رايت"" التابعة لمنطقة لينكولنشاير-بريري فيو التعليمية 103 لتشكيل فرع لبرنامج ""التثقيف لمقاومة تعاطي المخدرات"". وقد تخرج من هذا البرنامج طلاب الصف السادس من المدرسة كل عام منذ عام 1991.",VALIDATED
data50866,WIKI_D_00950,D,الطريق كيمتد من الشرق للغرب من ستراتفورد فشرق لندن حتى لغالوز كورنر. وفغالوز كورنر، كيتلاقى مع الطريق A127 اللي كيمشي لساوثيند، ومع الطريق الكبير A12 اللي كيربط بين لندن وشرق أنجليا.,"T‑tri9 kaymtd men ch‑char9 l‑lgharb men Stratford f East London 7tta l Gallows Corner. W f Gallows Corner kaytla9a m3a tri9 A127 lli kaymchi l Southend, w m3a tri9 l‑kbir A12 lli kayrbat bin London w East Anglia.","The runs east to west from Stratford in East London to the Gallows Corner . At the Gallows Corner , the road intersects with the A127 road to Southend and the A12 trunk road between London and East Anglia .",يمتد الطريق من الشرق إلى الغرب من ستراتفورد في شرق لندن إلى غالوز كورنر. وعند غالوز كورنر، يتقاطع الطريق مع الطريق A127 المؤدي إلى ساوثيند، ومع الطريق الرئيسي A12 الذي يربط بين لندن وشرق أنجليا.,VALIDATED
data50867,DATA_10988,A,تعطلي بزّاف باش تصحح الامتحانات,t3etli bezzaf bach tse7e7 lmti7anat,you are too late to corecct exams,لقد تأخرت جدًا في تصحيح الامتحانات,VALIDATED
data50868,DATA_8404,A,راه يوميان كانمشي لبحر,rah yawmiyyan kanmchi lb7er,i go everyday to the beach,أذهب يوميًا إلى الشاطئ,VALIDATED
data50869,WIKI_D_09100,D,"أعلى حضور تسجّل فماتش ديال مارغيت فـ Hartsdown Park كان 14,169 متفرج، فالماتش ضد Tottenham Hotspur فكأس الاتحاد الإنجليزي نهار 13 يناير 1973. وأقل حضور كان غير 29 متفرج، فماتش ضد Salisbury City نهار 24 أبريل 1986.","A3la 7odour tsjjel f match dyal Margate f Hartsdown Park kan 14,169 motafarrej, f match dd Tottenham Hotspur f FA Cup nhar 13 January 1973. W a9al 7odour kan ghir 29 motafarrej, f match dd Salisbury City nhar 24 April 1986.","The highest attendance recorded for a Margate match at Hartsdown Park was 14-169 for the visit of Tottenham Hotspur in the FA Cup on 13 January 1973 . The lowest attendance recorded was 29 , for a match against Salisbury City on 24 April 1986 .","كان أعلى حضور جماهيري مُسجّل لمباراة مارغيت في ملعب هارتسداون بارك هو 14,169 متفرجًا، وذلك خلال زيارة توتنهام هوتسبير في كأس الاتحاد الإنجليزي يوم 13 يناير 1973. أما أدنى حضور فكان 29 متفرجًا، في مباراة ضد سالزبوري سيتي يوم 24 أبريل 1986.",VALIDATED
data50870,WIKI_C_01253,C,ف 1755، الحصن ديال بوزيجور لي كان قريب شدوه الإنجليز بقيادة الكولونيل روبيرت مونكتون. و ديك الساعة منطقة بوباسان اللي فيها واد ميمرامكوك و واد بوتيتكودياك طاحو تحت السيطرة ديالهم.,"f 1755, l7isen dyal beausejour li kan qrib shdouh l-ingliz b-qiyadt l-colonel robert monckton. w dik sa3a mintaqt bɡaāsin li fiha wad memramcook w wad petitcodiac ta7ou ta7t s-siyTrɡ dyalhom.","In 1755 , nearby Fort Beausejour was captured by English forces under the command of Lt. Col. Robert Monckton . The Beaubassin region including the Memramcook and Petitcodiac river valleys subsequently fell under English control .",في عام 1755، تم الاستيلاء على حصن بوزيجور القريب من قبل القوات الإنجليزية بقيادة الملازم كولونيل روبرت مونكتون. وسرعان ما سقطت منطقة بوباسين، بما في ذلك وديان نهري ممبرمكوك وبتيتكودياك، تحت السيطرة الإنجليزية.,VALIDATED
data50871,WIKI_D_07877,D,وصّات إدارة الطرق فولاية ديلاوير باش يتصنّف الطريق DE 9 اللي كيدوز حدّ خليج ديلاوير ونهر ديلاوير كطريق بمناظر زوينة من عام 1965. وفـ 2007، ترشّح وتعيّن Route 9 Coastal Heritage Byway كطريق سياحي وتاريخي فديلاوير.,"Wassat idarat t‑toro9 f Delaware bach ytsennef tri9 DE 9 lli kaydoz 7da Delaware Bay w Delaware River k tri9 b manadir zwina men 1965. W f 2007, trsha7 w t3ayyan Route 9 Coastal Heritage Byway k tri9 siyahi w tarikhi f Delaware.","The Delaware State Highway Department recommended that DE 9 along the Delaware Bay and Delaware River be designated a scenic highway as far back as 1965 . In 2007 , the Route 9 Coastal Heritage Byway was nominated and designated as a Delaware Scenic and Historic Highway .",أوصت إدارة الطرق السريعة في ولاية ديلاوير بتصنيف الطريق DE 9 الممتد على طول خليج ديلاوير ونهر ديلاوير كطريق ذي مناظر خلابة منذ عام 1965. وفي عام 2007، تم ترشيح وتعيين طريق Route 9 Coastal Heritage Byway كطريق سياحي وتاريخي في ولاية ديلاوير.,VALIDATED
data50872,WIKI_C_07193,C,"ف شهر فبراير 2016، واتسون علنات باللي غادي تشد عام ديال الراحة من التمثيل. كانت ناوية تدوز هاد الوقت ف ""التطور الشخصي"" ديالها و الخدمة ديالها على حقوق المرا.","f shher fivri 2016, watson 3elnet blly radi tshedd 3am dyal rra7a mn ttemtil. kanet nawya tduzz had lwa9t f ""tatouriha shkhssi"" dyalha w lkhdma dyalha 3la 7o9o9 l mra.","In February 2016 , Watson announced she was taking a year-long break from acting . She planned to spend the time on her "" personal development "" and her women 's rights work .","في فبراير 2016، أعلنت واتسون أنها ستأخذ استراحة لمدة عام من التمثيل. خططت لقضاء الوقت في ""تطورها الشخصي"" وعملها من أجل حقوق المرأة.",VALIDATED
data50873,WIKI_C_01737,C,كان واحد الفرع من طريق وSoutheastern Trail كيربط مدن Overhill اللي حدّ نهر Little Tennessee الفوقاني مع مدن فكارولاينا الشمالية، وكيـدوز من Cove وCades Cove و Gap (قريب لـ Gregory Bald).,"Kan wa7d l‑far3 men w Southeastern Trail kayrbat mdon Overhill lli 7da Upper Little Tennessee m3a mdon f North Carolina, w kaydoz men Cove w Cades Cove w Gap (9rib l Gregory Bald).","A branch of the and Southeastern Trail connected the Overhill towns along the Upper Little Tennessee with the towns in North Carolina via Cove , Cades Cove and Gap ( near Gregory Bald ) .",كان فرع من طريق ومسار الجنوب الشرقي يربط بلدات أوفرهيل على طول نهر ليتل تينيسي العلوي مع بلدات في ولاية كارولاينا الشمالية، مرورًا بـ كوف، وكيدز كوف، و غاب (بالقرب من غريغوري بالد).,VALIDATED
data50874,WIKI_C_04060,C,الأنشطة ديال المساعدات الدولية ديال أوبك راجعة حتى قبل الارتفاع الكبير فثمن البترول بين 1973 و1974. مثلاً، الصندوق الكويتي للتنمية الاقتصادية العربية خدام من عام 1961.,"L‑anshita dyal l‑mosa3adat d‑dawliya dyal OPEC raj3a 7tta qbel l‑irtifa3 l‑kbir f taman l‑petrol bin 1973 w 1974. Matalan, Kuwait Fund for Arab Economic Development khddam men 1961.","OPEC 's international aid activities date from well before the 1973 – 1974 oil price explosion . For example , the Kuwait Fund for Arab Economic Development has operated since 1961 .",تعود أنشطة المساعدة الدولية لمنظمة أوبك إلى ما قبل انفجار أسعار النفط بين عامي 1973 و 1974 بفترة طويلة. على سبيل المثال، يعمل الصندوق الكويتي للتنمية الاقتصادية العربية منذ عام 1961.,VALIDATED
data50875,WIKI_C_02514,C,واخا دابا نورمان معندهاش تران خفيف ولا تران ديال المسافرين، كاين واحد الاهتمام كيزيد باش يدخلو هاد الخدمات في البلان ديال النقل ديال المدينة في المستقبل كجزء من السيستيم ديال النقل الجهوي ديال منطقة أوكلاهوما سيتي الكبيرة.,"wakha daba Norman ma3andhach train khfif wla train dyal lmsafirin, kayn wahed ihtimam kayzid bach dakhlo had lkhidmat f lplan dyal nnaql dyal lmdina f lmustaqbal k jz2 min sistim dyal nnaql ljihi dyal mintaqat Oklahoma City lkbira.","Although Norman currently has no light rail or commuter rail service , there is growing interest in incorporating such services into the city 's future transportation plans as part of the Oklahoma City metro area 's regional transit system .",على الرغم من أن نورمان لا تمتلك حاليًا خدمة قطار خفيف أو قطار ركاب، إلا أن هناك اهتمامًا متزايدًا بدمج مثل هذه الخدمات في خطط النقل المستقبلية للمدينة كجزء من نظام النقل الإقليمي لمنطقة مترو مدينة أوكلاهوما.,VALIDATED
data50876,WIKI_C_11706,C,مشا كوهن لمدينة تامبا من بعد ما تخرّج، فين تعاون باش يبدا البرنامج الرياضي فجامعة تامبا، ومن بعد قاد واحد المبادرة مهمة لغرس النخيل فوسط المدينة.,"Mcha Kuhn l Tampa mn b3d ma tkharrej, fin t3awn bash ybda l‑program riyadi f University of Tampa, w men b3d 9ad wa7d l‑mobadara mohimma dyal ghras n‑nkhil f wast l‑mdina.","Kuhn moved to Tampa after graduation, where he helped start the athletics program at the University of Tampa, and later notably led an effort to plant palm trees in downtown Tampa.",انتقل كوهن إلى تامبا بعد تخرّجه، حيث ساعد في تأسيس البرنامج الرياضي في جامعة تامبا، ولاحقًا قاد بشكل ملحوظ حملة لزراعة أشجار النخيل في وسط مدينة تامبا.,VALIDATED
data50877,DATA_2666,A,ولكن مكاين لاش تخاف,walakin makayn lach tkhaf,But there's no need to panic,ولكن لا داعي للذعر,VALIDATED
data50878,WIKI_D_05707,D,ف 2007 الوزيرة ديال النقل دونا قالت باللي الوزارة ناوية توسع كاع البلايص اللي بقاو فيهم ربعة ديال المسالك باش يولي فيهم على الأقل ستة. و حيت ما كاين لا تاريخ محدد للبداية لا للنهاية ديال البني، هادشي غير إعلان مبدئي للمستقبل البعيد.,"f 2007 l'wizira dyal tta9el donna qalett belli l'wizarah nawya twesse3 k3ell lblays lli b9aw fihom rab3a dyal lmsalek bach yewllu fihom 3ella l'9ell seta. w 7it makayench tarikh m7edded lbdia wlanihaya dyal lbni, hadchi ghi i3elan mabda2i llmosta9bel lb3id.","In 2007 Minister of Transportation Donna commented that the MTO intends to widen all of the remaining four-lane sections to a minimum of six . With no dates set for construction or completion , this is a tentative announcement for the long-term future .",في عام 2007، صرحت وزيرة النقل دونا بأن الوزارة تعتزم توسيع جميع الأجزاء المتبقية ذات الأربع حارات إلى ست حارات على الأقل. ونظرًا لعدم تحديد مواعيد للبناء أو الانتهاء، يعد هذا إعلانًا مبدئيًا للمستقبل البعيد.,VALIDATED
data50879,WIKI_C_10868,C,قاعة الإلياذة: فيها جوج لوحات ديال Madonna of the Harpies وMadonna of the Sack (1522–1523 و1526)، ديال Andrea del Sarto، وزيد عليهم لوحات ديال Artemisia Gentileschi (فالقرن 17).,"Room of the Iliad: fiha juj lwahat Madonna of the Harpies w Madonna of the Sack (1522–1523 w 1526), dyal Andrea del Sarto, w zyada lwahat dyal Artemisia Gentileschi (f l‑qarn 17).","Room of the Iliad: contains the Madonna of the Harpies and the Madonna of the Sack (1522–1523 and 1526 respectively) by Andrea del Sarto, and paintings by Artemisia Gentileschi (17th century).",قاعة الإلياذة: تحتوي على لوحتي عذراء الهاربيات وعذراء الكيس (1522–1523 و1526 على التوالي) للفنان Andrea del Sarto، بالإضافة إلى لوحات للفنانة Artemisia Gentileschi (القرن السابع عشر).,VALIDATED
data50880,WIKI_C_00418,C,ف شهر ستة ديال 2011، كريستيز باعو فالمزاد واحد الطقم ديال الجوهر باللؤلؤ و الماس (تاج و بروش و براسلي) كانو شحال هادي ديال ليدي روزبيري.,"f shhar s'ta dyal 2011, cristiez bghaw f'lmzad wa7d l't9m dyal ljwhr bel'llu' w l'mas (taj w brosh w bracelet) kanu sh7al hadi dyal lady rosebery.","In June 2011 , Christie 's auctioned a set of pearl and diamond jewels ( a tiara , brooch and bracelet ) that were originally in Lady Rosebery 's ownership .",في يونيو 2011، باعت دار كريستيز في المزاد علناً مجموعة من المجوهرات من اللؤلؤ والألماس (تاج، دبوس، وسوار) كانت في الأصل ملكاً للسيدة روزبيري.,VALIDATED
data50881,DATA_23929,B,الملازم موريس جيمس ديز، كان أول واحد خدا نيشان فيكتوريا بعد ما مات فالحرب العالمية الأولى، قاتل و مات فمعركة مونس.,"Lmulazem Morris James Dease, kan awel wahed khda nishan Victoria b3d ma mat f l7arb l3alamia l'oula, qatel u mat f m3erka d Mons.","Lieutenant Maurice James Dease , was the first posthumous recipient of the Victoria Cross during WWI , fought and died at the Battle of Mons",الملازم موريس جيمس ديز، كان أول من حصل على صليب فيكتوريا بعد وفاته خلال الحرب العالمية الأولى، وقد قاتل ومات في معركة مونز.,VALIDATED
data50882,WIKI_C_05892,C,الممثل Gottfried John كيلعب دور الجنرال أوروموف، قائد قسم الفضاء الروسي، ولكن فالحقيقة هو عميل سري ديال Janus، وكيخون بلادو وكيستغل السلطة ديالو باش يعاونهم يوصلو لـ GoldenEye.,"Gottfried John kayl3eb dowr General Ourumov, qaid qism l‑fada2 roussi, walakin f l‑7a9i9a howa 3amil siri dyal Janus, w kaykhon bladou w kaystghal s‑solta dyalo bash y3awnahom ywaslo l GoldenEye.","Gottfried John as General Arkady Grigorovich Ourumov: Commander of Russia's Space Division, secretly an agent of Janus who betrays his country and misuses his authority and position to help Janus gain access to GoldenEye.",يجسّد Gottfried John دور الجنرال أركادي غريغوروفيتش أوروموف، قائد قسم الفضاء الروسي، والذي هو في السر عميل لمنظمة جانوس، حيث يخون بلاده ويُسيء استخدام سلطته ومنصبه لمساعدة جانوس في الوصول إلى «غولدن آي».,VALIDATED
data50883,DATA_8941,A,أنا غادي نوڭّف على المعلم,ana ghadi nwggef 3la lm3elem,i will supervise this laborer,سأشرف على هذا العامل,VALIDATED
data50884,DATA_2168,A,أش من مسرحية غادي تُعرض؟,ach mn masra7iya ghadi t3reed?,Which play will be played?,أي مسرحية ستُعرض؟,VALIDATED
data50885,WIKI_D_08257,D,المنظار رقم واحد كان هو المنظار الملاحي ديال Triton، وكان فيه واحد السدس مدمج طوّراتو شركة Kollmorgen، واللي كيساعد الملاحين يشوفو الأجرام السماوية باش ياخدو تحديد دقيق بالملاحة النجمية ويعرفو الطريق والموقع ديال السفينة.,"lmndaar raqm wa7d kan dyal triton, mndar dyal lmlaha, w kan fiih sextant mdmaja sena3t-ha charikat optical lli kanat katasma7 lmlahin yra9bu lajram ssamawiya bach yakhdu ta7did da9i9 dyal nnujum bach yrseemu masar s safina w lmwqi3 dyalha.","The Number One periscope was Triton's navigational periscope, and it had a built-in sextant developed by the Kollmorgen Optical Company that allowed navigators to observe celestial bodies in order to obtain an accurate star fix to plot the ship's course and position.",كان المنظار رقم واحد هو المنظار الملاحي لغواصة تريتون، وكان مزودًا بسدس مدمج طوّرته شركة كولمورغن للبصريات، مما أتاح للملاحين رصد الأجرام السماوية للحصول على تحديد نجمي دقيق يُستخدم في رسم مسار السفينة وتحديد موقعها.,VALIDATED
data50886,WIKI_D_06060,D,"فواحد الخطاب لمجلس الشيوخ ديال ميريكان بمناسبة عيد ولاية ويست فرجينيا ف 20 يونيو 2004، السيناتور ميريكاني روبرت سي بيرد هضر على شجرة الجميز ديال ويبستر و هو كيتفاخر ب ""أكبر و أحسن حاجة فويست فرجينيا"".","f wa7d lkhiTaab l majlis shyuukh dyal merikan bimunasaba 3id wilayat west virginia f 20 younyou 2004, l senator merikani robert c. byrd hder 3la shjrat l jmeiz dyal webster w huwa kytfakhra b ""akbar w a7san 7aja f gherb virginia"".","During a speech to the United States Senate in honor of West Virginia Day on June 20 , 2004 , U.S. Senator Robert C. Byrd mentioned the Webster Sycamore while boasting of "" the biggest and best of West Virginia "" .","خلال خطاب أمام مجلس الشيوخ الأمريكي بمناسبة يوم ولاية فرجينيا الغربية في 20 يونيو 2004، ذكر السيناتور الأمريكي روبرت سي. بيرد شجرة الجميز في ويبستر أثناء تفاخره بـ ""أكبر وأفضل ما في فرجينيا الغربية"".",VALIDATED
data50887,DATA_11037,A,تعطلي بزّاف باش تقدّر شنو دارو على قلبك,t3etli bezzaf bach t9edder chnou darou 3la 9blk,you are too late to praise them,لقد تأخرت كثيرًا في مدحهم,VALIDATED
data50888,DATA_1977,A,كاينين حتى بزاف ديال القادة ديالنا اللي فيهم اللي سمان واللي ضعاف، وكيطلعو بسلالم مستعارة!,"Kaynin 7tta bzaaf dyal l‑qada dyalna lli fihom lli sman w lli d3af, w kaytla3o b sellam msta3ar!",There are also many of our leaders who are fat and skinny on borrowed stairs!,هناك أيضًا العديد من قادتنا الذين هم بدناء ونحفاء على سلالم مستعارة!,VALIDATED
data50889,DATA_7740,A,شكون بغا يكون فأوريفلام,chkon bgha ykon f oriflam,who want to be on oriflam,من يريد الانضمام إلى أوريفليم؟,VALIDATED
data50890,WIKI_D_08374,D,مصادر خرين من بعد، لي بعاد كتر على الأحداث، بحال Passio S. ديال أواخر القرن 11 و جون ديال ووستر، كايݣولو باللي ألفثريث هي اللي نظّمات القتيلة ديال إدوارد، فينما هنري ديال هانتينغدون كتب باللي هي اللي قتلات إدوارد براسها.,"mṣadar khorin men b3d, li b3ad ktar 3la l'a7dath, 7al Passio S. dyal awakhir l'qarn 11 w John dyal Worcester, kaygolo bli Ælfthryth hiya li nnaðamat lqtiila dyal Edward, fynma Henry dyal Huntingdon ktb bli hiya li qtlatt Edward b'ras-ha.","Later sources , further removed from events , such as the late 11th-century Passio S. and John of Worcester , claim that Ælfthryth organised the killing of Edward , while Henry of Huntingdon wrote that she killed Edward herself .","تدعي مصادر لاحقة، أبعد عن الأحداث، مثل ""باسيو إس. "" (Passio S. ) وجون أوف ورسستر من أواخر القرن الحادي عشر، أن ألفثريث نظمت قتل إدوارد، بينما كتب هنري أوف هانتينغدون أنها قتلت إدوارد بنفسها.",VALIDATED
data50891,DATA_6198,A,بقى فيا الحال خاصني نمشي في حالي,b9a fia l7al khassni nmchi f7ali,i'm so sad that i need to leave,أنا حزين للغاية لدرجة أنني بحاجة إلى الرحيل,VALIDATED
data50892,DATA_17296,B,في 8 أبريل 2008، EA أعلنت باللي غتكون واحد النسخة حصرية مؤقتة لـ Xbox 360 في أوروبا جزئيا، و نسخ أخرى غيجيو من بعد في الصيف.,"f 8 abril 2008, EA 3elnat bali ytkon wa7d naskha 7sriya mo2aqata l Xbox 360 f urupa joz2iyan, w naskh o5ra yjiw men ba3d f s ssyf.","On April 8 , 2008 , EA announced a timed Xbox 360 exclusive for a partial European launch , with other versions to follow later in the summer .",في الثامن من أبريل عام 2008، أعلنت شركة EA عن حصرية مؤقتة لجهاز Xbox 360 لإطلاق جزئي في أوروبا، مع إصدار نسخ أخرى لاحقًا في الصيف.,VALIDATED
data50893,WIKI_D_01717,D,2009: Nadolig Llawen yng Nghymru / عيد ميلاد طفل فويلز، خدا جائزة BAFTA لأفضل فيلم قصير (أنيميشن)، والصوت فيه بالويلزية والإنجليزية. المخرج: Dave Unwin، وكاينين حتى تعاليق مصوّرة ديال Aeronwy Thomas.,"2009: Nadolig Llawen yng Nghymru / 3id milad tfl f Wales, khda ja2izat BAFTA afdal film 9sir (animation), w soundtrack b Welsh w English. Director: Dave Unwin, w kaynin 7tta comments msawrin dyal Aeronwy Thomas.","2009 : Nadolig yng / A Child 's Christmas in Wales , 2009 BAFTA Best Short Film , animation , soundtrack in Welsh and English , Director : Dave Unwin . Extras include filmed comments from Aeronwy Thomas . 5- - .","2009: Nadolig Llawen yng Nghymru / A Child's Christmas in Wales, 2009 BAFTA Best Short Film (animation), soundtrack in Welsh and English. Director: Dave Unwin. Extras include filmed comments from Aeronwy Thomas.",VALIDATED
data50894,DATA_17177,B,الشجرة التطورية اللي لتحت، مبنية على دراسة ديال 2016، كاتوري العلاقات الوراثية ديال بوزلوم صوفي عريان الذيل.,"ash-shajara at-tataworiya li ta7t, mabniya 3la dirasa dyal 2016, katwri l-3alaqat al-wiratiya dyal buzlum soufi 3eryan addil.","The cladogram below , based on a 2016 study , shows the phylogenetic relationships of the bare-tailed woolly opossum .",يوضح الرسم التخطيطي للشجرة أدناه، المستند إلى دراسة أجريت عام 2016، العلاقات التطورية لحيوان الأبوسوم الصوفي ذي الذيل العاري.,VALIDATED
data50895,DATA_24312,B,بصّح من غير بلايبوي، ويلسون بانت حتى هي على لغلاف ديال شي مجلات خرين، بحال لغلاف ديال مجلة FHM ديال شهر تسعود عام ألفين وستة.,"Bessah men ghir playboy, wilson bant hetta hiya 3la leghlaf dyal shi mejallat khrin, bhal leghlaf dyal mejella FHM dyal shehar ttsoud 3am alfayn o setta.","Aside from Playboy , Wilson has also appeared on the cover of several other magazines , including the September 2006 cover of FHM magazine .",إلى جانب مجلة بلاي بوي، ظهرت ويلسون أيضًا على غلاف عدة مجلات أخرى، بما في ذلك غلاف مجلة إف إتش إم لشهر سبتمبر 2006.,VALIDATED
data50896,DATA_23137,B,من عام 1960 لعام 1969، الشيفس/تيكسانز ربحو 87 ماتش، وهادي هي أكتر عدد ديال الماتشات فالتاريخ ديال عشر سنين ديال AFL.,"men 3am 1960 l 3am 1969, shifs/texans rb7ou 87 match, o hadi hiya aktar 3dad dyal lmatchat ftarikh dyal 3shr snin dyal AFL.","From 1960 to 1969 , the Chiefs / Texans won 87 games , which is the most in the 10 year history of the AFL .",من عام 1960 إلى عام 1969، فاز فريق تشيفز/تكساس بـ 87 مباراة، وهو العدد الأكبر في تاريخ دوري كرة القدم الأمريكية (AFL) الذي يمتد لعشر سنوات.,VALIDATED
data50897,WIKI_C_02470,C,ديدي كونغ ريسينغ ربحات أحسن لعبة ديال السباق ديال الكونسول ف العام ف الأكاديميية د الفنون و العلوم التفاعلية ف 1998، و غلبات ماريو كارت 64 و موتو ريسر و ناسكار 98.,"didi kong racing rab7at a7san l3bat dyal sbaq dyal lconsole f l3am f lacademy dyal lfonoun w l3oloum tafa3oliya f 1998, w ghalbat mario kart 64 w moto racer w nascar 98.","Diddy Kong Racing won the Console Racing Game of the Year at the Academy of Interactive Arts & Sciences in 1998 , beating Mario Kart 64 , Moto Racer and NASCAR 98 .",فازت لعبة ديدي كونغ ريسينغ بلعبة السباق على المنصات للعام من قبل أكاديمية الفنون والعلوم التفاعلية عام 1998، متغلبة على ماريو كارت 64 وموتو ريسر وناسكار 98.,VALIDATED
data50898,DATA_14875,B,الضاغط: فيه فانة بمرحلة وحدة، وضاغط ديال الضغط المنخفض فيه 3 مراحل، وضاغط ديال الضغط العالي فيه 9 مراحل.,"Compressor: Ventilateur a etage wahed, compressor daght monkhafid b 3 dyal li z'etage, compressor daght 3ali b 9 dyal li z'etage.","Compressor : Single-stage fan , 3-stage low-pressure compressor , 9-stage high-pressure compressor",الضاغط: مروحة أحادية المرحلة، وضاغط منخفض الضغط مكوّن من 3 مراحل، وضاغط عالي الضغط مكوّن من 9 مراحل.,VALIDATED
data50899,WIKI_C_01398,C,نوع التبريد: ناشف و مغطس فالسائل – كيبرد راسو براسو، مبرد بالهوا بالزز؛ مغطس فالسائل – مبرد بالزيت بالزز، مبرد بالما.,"naw3 at-tbred: nas7 w mghts f-lsi2l – kaybrd raso braaso, mbrd b-l-hawa b-zz; mghts f-lsi2l – mbrd b-z-zit b-zz, mbrd b-l-ma.","Cooling type : Dry and liquid-immersed – self-cooled , forced air-cooled ; liquid-immersed – forced oil-cooled , water-cooled .",نوع التبريد: جاف ومغمر في سائل - ذاتي التبريد، مبرد بالهواء القسري؛ مغمر في سائل - مبرد بالزيت القسري، مبرد بالماء.,VALIDATED
data50900,DATA_12977,B,تقريبا كولشي على نجمة كيتحدد بالكتلة الأصلية ديالها، بحال الخصائص ديال اللمعان، الحجم، التطور، العمر، وحتى المصير ديالها فالأخير.,"Taqriban koulchi 3la nejma kaythaddad bel kotla l asliya dyalha, bhal lkhassayess dyal lma3an, l7ajm, ttawator, l3mer, 7etta lmassir dyalha fel akher.","Almost everything about a star is determined by its initial mass , including such characteristics as luminosity , size , evolution , lifespan , and its eventual fate .",يتم تحديد كل شيء تقريبًا في النجم من خلال كتلته الأولية، بما في ذلك خصائص مثل الإضاءة والحجم والتطور وعمر الحياة ومصيره النهائي.,VALIDATED
data50901,DATA_0217,A,"شكرا أ مادام, واخا نسيني ورقة تلحضور هيا لولا?","chokran a madame, wakha nsini wr9a dl7oDor hia lowla?","Thank you, ma'am, can I sign the presence sheet first?",شكرًا لكِ سيدتي، هل يمكنني توقيع سجل الحضور أولاً؟,VALIDATED
data50902,DATA_5925,A,عطيني مازال شوية ديال الوقت,3Tini mazal chwiya dyal lwe9t,Give me a little more time,أعطني المزيد من الوقت قليلاً,VALIDATED
data50903,DATA_21043,B,هاد الطابلو فيه التقاطعات الرئيسية اللي كاينة على طول طريق دونالد كوزنز باركواي. الطريق كاملة كاينة فماركهام، أونتاريو، داخل بلدية يورك الإقليمية.,"had t-tablo fih t-tiqaTa3at r-ri'issiya lli kayna 3la T-Tol Triq Donald Cousens Parkway. T-Triq kamla kayna f Markham, Ontario, dakhel baladiya dyal York l2iqlimiya.","The following table lists the major junctions along Donald Cousens Parkway . The entire route is located in Markham , Ontario , within the Regional Municipality of York .",تسرد الجداول التالية التقاطعات الرئيسية على طول طريق دونالد كوسنز باركواي. يقع المسار بأكمله في ماركهام، أونتاريو، داخل بلدية يورك الإقليمية.,VALIDATED
data50904,WIKI_C_04192,C,توفّى Mihail Kogălniceanu وهو كيدير عملية جراحية فـ Paris، وخلا بلاصتو فالأكاديمية لـ Alexandru Dimitrie Xenopol. وتدفن فمدينتو Iași، فـ Eternitatea Cemetery.,"Twaffa Mihail Kogălniceanu w howa kaydir operation f Paris, w khla blasto f l‑academy l Alexandru Dimitrie Xenopol. W tdfen f mdinto Iași, f Eternitatea Cemetery.","Mihail Kogălniceanu died while undergoing surgery in Paris, and was succeeded in his seat at the Academy by Alexandru Dimitrie Xenopol. He was buried in his native Iași, at the Eternitatea Cemetery.",توفي Mihail Kogălniceanu أثناء خضوعه لعملية جراحية في Paris، وخلفه في مقعده بالأكاديمية Alexandru Dimitrie Xenopol. ودُفن في مسقط رأسه Iași، في Eternitatea Cemetery.,VALIDATED
data50905,DATA_7326,A,تعليمات ديال المدرب عاونونا بزّاف فهاد لماتش,te3limat dial lmoudarib 3awnouna bezzaf fhad lmatch,our coach's guidance helped us a lot during the match,ساعدنا توجيه مدربنا كثيرًا خلال المباراة,VALIDATED
data50906,WIKI_D_09841,D,"الحلقة جابت تمانية دالمليون مشاهدة، وحققت أعلى نسبة ديال المشاهدين فالكابل التلفزيوني اللي العمر ديالهم من ستة حتى لإحدى عشر عام في عام 2005. ""واش شفتو هاد الحلزون؟"" تلقى تقييمات إيجابية بصفة عامة من عند نقاد التلفزيون ملي خرج.","el7alaqa jat tamania d'el milyon mchahda, w 7a2a2t a3la nsbia dyal lmchahdin fel cable televisiuni lli l3mor dyalhom mn stta 7ta l idach 3am f 3am 2005. ""wash chtou had el 7alzon?"" tla9a ta9imat ijabiya b sifa 3ama mn 3and n9ad el televiziun mli khrej.","The episode garnered a viewership of eight million , achieving the highest number of cable television viewers aged six to eleven years old for 2005 . "" Have You Seen This Snail ? "" received generally positive reviews from television critics upon release .","حققت الحلقة ثمانية ملايين مشاهدة، مسجلةً أعلى نسبة مشاهدة تلفزيونية عبر الكابل للفئة العمرية من ست إلى إحدى عشرة سنة لعام 2005. وحصل برنامج ""هل رأيت هذا الحلزون؟"" على استحسان نقاد التلفزيون بشكل عام عند عرضه.",VALIDATED
data50907,WIKI_C_03370,C,أنا كناكد الإيمان ديالي باللي مزال مبكر دابا باش الغابون تاخد الاستقلال التام، حيت هادشي غايزرب بيها و غيطيحها بلا رجعة فالفوضى أولا، و اللي خايب كتر، فشي نوع ديال الاستعمار الجديد.,"ana knaked eliman dyali belli mazal mabkir daba bach l'gabonne takhod el'i9tilal et-tam, 7it hadchi ghayzrb biha w ghayt7i7ha bla rej3a f lfaouda wla, w lli khayeb ktar, f chi naw3 dyal elisti3mar jdid.","I affirm my belief that it would be premature now for Gabon to achieve total independence , for this would precipitate it irreparably into anarchy or , what would be even worse , into a sort of neocolonialism .",أؤكد اعتقادي بأنه سيكون من السابق لأوانه الآن بالنسبة للغابون أن تحقق الاستقلال التام، لأن هذا سيعجل بها بشكل لا رجعة فيه إلى الفوضى أو، ما هو أسوأ من ذلك، إلى نوع من الاستعمار الجديد.,VALIDATED
data50908,WIKI_D_11463,D,"العام الجاي، آختر مثل دور ثانوي ف فيلم ""Dil Dhadakne Do"" ديال ختو زويا آختر، واحد لكوميديا درامية بطولة أنيل كابور، شيفالي شاه، بريانكا تشوبرا، رانفير سينغ و أنوشكا شارما.","l3am el jay, akhtar mttel dor sanawi f film ""Dil Dhadakne Do"" dyal khto zoya akhtar, wa7d l comedy dram dyal bToulat anil kapoor, shefali shah, priyanka chopra, ranveer singh w anushka sharma.","Next year , Akhtar featured in the supporting role in his sister Zoya Akhtar 's Dil Dhadakne Do , an ensemble comedy-drama starring Anil Kapoor , Shefali Shah , Priyanka Chopra , Ranveer Singh and Anushka Sharma .","العام القادم، شارك أختار في دور ثانوي في فيلم ""Dil Dhadakne Do"" لأخته زويا أختار، وهو فيلم كوميدي درامي جماعي بطولة أنيل كابور، وشيفالي شاه، وبريانكا تشوبرا، ورانفير سينغ، وأنوشكا شارما.",VALIDATED
data50909,WIKI_D_08654,D,الدراري و العيالات بجوج كيهتمو بزاف بالولاد; الوالدين كيتقاسمو قد قد باش يفقسو البيضة اللي كتكون وحدة و يربيو الفرخ. حيت الدراري و العيالات بجوج مزوقين، هاد الطيور كيتطابقو مع النظرية ديال روبرت تريفرز ديال الإستثمار الواليدي، اللي كتقول باللي مللي كيكون التعاون بين الوالدين، كيكون واحد متبادل.,"drari w l3ayalat bjooj kayhtammo bzzaf blwlad; lwalidin kayt9asmo qd qd bach yfaqso lbyda lli katkon wa7da w yrbio lfrkh. 7it drari w l3ayalat bjooj mzwqin, had tyouuur kaytṭabi9o m3 nazriya dyal robert trivers dyal istithmar lwalidi, lli kat9ol bli mli kaykon ta3awon bin lwalidin, kaykon wa7d mtbadel.","Both sexes invest highly in parental care ; parents share equally in incubating the single egg and raising the chick . Since both sexes are ornamented , crested auklets align with Robert Trivers 's parental investment theory , which predicts that with biparental care , mutual will arise .",يستثمر كلا الجنسين بشكل كبير في الرعاية الأبوية؛ يتقاسم الوالدان بالتساوي في حضانة البيضة الوحيدة وتربية الفرخ. بما أن كلا الجنسين مزينان، تتوافق طيور الأوكليت ذات العرف مع نظرية الاستثمار الأبوي لروبرت تريفرز، التي تتنبأ بأنه مع الرعاية الوالدية الثنائية، سينشأ متبادل.,VALIDATED
data50910,DATA_9765,A,علاش مابغيتيش تسرف الفلوس.,3lach mabghitich tserref lflouss.,why you dont wanna lose money,لماذا لا تريد أن تخسر المال؟,VALIDATED
data50911,WIKI_D_09566,D,"سميث سجل كوفر ديال أغنية ""Words of Love"" الكلاسيكية ديال بادي هولي ل سي دي ريڤ أون بادي هولي، واحد الألبوم تكريمي بمناسبة الذكرى ال 75 لميلاد هولي اللي صدر في 28 يونيو 2011.","smith sgel cover dyal aghniya ""Words of Love"" klasykya dyal buddy holly l CD Rave On Buddy Holly, wa7d l album takrimi bmnasaabat alzikra 75 lmild holly lli sadar fi 28 yunyu 2011.","Smith has recorded a cover of Buddy Holly's classic ""Words of Love"" for the CD Rave On Buddy Holly, a tribute album tied to Holly's seventy-fifth birthday year which was released June 28, 2011.","سجل سميث نسخة لأغنية ""كلمات الحب"" الكلاسيكية لبادي هولي لألبوم ""ريف أون بادي هولي""، وهو ألبوم تكريمي مرتبط بالذكرى الخامسة والسبعين لميلاد هولي، والذي صدر في 28 يونيو 2011.",VALIDATED
data50912,DATA_5161,A,راه متكي شوية,rah mtekki chwiyya,He is taking a nap,إنه يأخذ قيلولة,VALIDATED
data50913,DATA_4364,A,واش نقدرو ناخدو الفلوس ديال العطلة لي جمعنا,wach n9adro nakhdo lflos dyal l3oTla li jme3na,We could use the holiday money we've put by?,هل يمكننا استخدام المال المخصص للعطلة الذي ادخرناه؟,VALIDATED
data50914,DATA_9769,A,علاش مابغيتيش تخسر الما؟,3lach mabghitich t tkhsser lma?,why you dont wanna spoil watter?,لماذا لا تريد إهدار المياه؟,VALIDATED
data50915,DATA_14947,B,كاينين شي حيوانات كيعيشو فمجموعات باش يحميو راسهم من الحيوانات المفترسة.,Kaynin chi 7ayawanat kay3icho f majmou3at bash y7mio rashom men l‑7ayawanat l‑moftarisah.,Some animals live in groups to protect themselves from predators.,تعيش بعض الحيوانات في مجموعات لحماية نفسها من المفترسات.,VALIDATED
data50916,DATA_14419,B,تنتاخب عضو فـ National Academy of Sciences عام 1928، وخدم ستراتون فعدة مناصب مختلفة داخل هاد الأكاديمية:,"Tntakhab 3odw f National Academy of Sciences 3am 1928, w khdam Stratton f bzaaf dyal l‑manasib mokhtalifa dakhel had l‑academy:","Elected member of the National Academy of Sciences , 1928 . Stratton served in various capacities with the NAS :",انتُخب عضوًا في الأكاديمية الوطنية للعلوم عام 1928. وقد خدم ستراتون في مناصب مختلفة داخل الأكاديمية الوطنية للعلوم:,VALIDATED
data50917,DATA_2584,A,مع ذلك ماكانكرهش روايات ديال جريمة,ma3a dalik makankra8ch riwayat dyal jarima,That says I don't hate crime novels,هذا يعني أنني لا أكره روايات الجريمة,VALIDATED
data50918,WIKI_D_02183,D,"حيت بزاف ديال الناس اللي كانو ف الطابلة المستديرة كانت عندهم أعمدة منتظمة فالجرايد, الأنشطة و النكت ديال أعضاء الطابلة المستديرة كانو كيتنشرو فالصحافة الوطنية. هادشي خلا الناس اللي فالطابلة المستديرة يوليوعندهم شهرة كبيرة ف المجتمع و معروفين بالذكاء ديالهم.","7it bzaf dial nass lli kanou f ltable lmousta9ira kanat 3ndhm a3mida montazama f ljrayd, l2nchita w nokat dial a3da2 ltable lmousta9ira kanou kaytanshro f ss7afa lwataniya. Hadchi khlla nass lli f ltable lmousta9ira ywallou 3ndhm chohra kbira f ljma3a w ma3rofin bddak2 dialhm.","Because a number of the members of the Round Table had regular newspaper columns, the activities and quips of various Round Table members were reported in the national press. This brought Round Tablers widely into the public consciousness as renowned wits.",نظرًا لأن عددًا من أعضاء المائدة المستديرة كان لديهم أعمدة صحفية منتظمة، فقد تم الإبلاغ عن أنشطة وتعليقات مختلف أعضاء المائدة المستديرة في الصحافة الوطنية. وقد أدى ذلك إلى أن يحظى أعضاء المائدة المستديرة بشهرة واسعة في الوعي العام باعتبارهم أذكياء مشهورين.,VALIDATED
data50919,DATA_11170,A,تعطلي بزّاف باش دربو,t3etli bezzaf bach drbou,you are too late to strike him,لقد فات أوانك لضربه,VALIDATED
data50920,WIKI_D_08117,D,"الواعظ المسيحي الإنجيلي الأمريكي بيلي گراهام دار ""حملة لكل اسكتلندا"" فالربيع ديال 1955. الحدث الكبير اللي كان على برا فديك الجولة كان ف هامبدن، فين سمعوه يهضر شي 100 ألف واحد.","lwaa3id lmsi7i l2njili l'amriki billy graham dar ""7amla likol iskotlanda"" f rabi3 dyal 1955. l7adath lkbir lli kan 3la bera f dik ljawla kan f hampden, fin sma3oh yhder chi 100 alf wa7ed.","American evangelical Christian missionary Billy Graham had an "" All Scotland Crusade "" during the spring of 1955 . The major outdoor event of the tour was at Hampden , where a crowd of 100-000 heard him speak .","قام المبشر المسيحي الإنجيلي الأمريكي بيلي غراهام ""بحملة عموم اسكتلندا"" خلال ربيع عام 1955. وكان الحدث الخارجي الرئيسي للجولة في هامبدن، حيث استمع له حشد من 100 ألف مستمع.",VALIDATED
data50921,DATA_6811,A,متحمسّ لعيد ميلادو,mt7emess l3id miladou,he's excited for his birthday,إنه متحمس لعيد ميلاده,VALIDATED
data50922,WIKI_D_08838,D,الوراق ديال 100 أورو مصاوبين بالقطن الصافي، اللي كيزيد في المتانة ديالهم و كيعطيهم ملمس مميز. الكود ديال المطبّعة كاينة على اليمين ديال النجمة ديال 9 دالساعات.,"lwar9 dial 100 euro msaoubin bel cotton safi, li kayzid f lmatana dialhom w kay3tihom malmas momayaz. lkod dial lmattba kain 3la l ymin dial nnajma dial 9 dsaa3at.","The 100 euro notes are made of pure cotton fibre , which improves their durability as well as making the banknotes have a distinctive feel . The printer code is positioned at the right of 9 o 'clock star .",أوراق اليورو التي فئة 100 مصنوعة من ألياف القطن الخالصة، مما يحسن متانتها بالإضافة إلى إعطاء الأوراق النقدية ملمساً مميزاً. يوضع رمز الطابعة على يمين نجمة الساعة التاسعة.,VALIDATED
data50923,DATA_17636,B,فيلدمان يهودي، حتى باه، و العائلة كانت كتنتمي لـ Peninsula Temple Sholom ف بورلينݣام فواحد الفترة.,"Fildman yahudi, 7etta bah, u l'a'ila kanet ket-ntami l Peninsula Temple Sholom f Borlingam f wa7ed l-fetra.","Feldman is Jewish, as is his father, and the family belonged to Peninsula Temple Sholom in Burlingame for a period of time.",كان فيلدمان يهودياً، وكذلك والده، وانتمت العائلة إلى معبد بينينسولا شولوم في بيرلينغيم لفترة من الزمن.,VALIDATED
data50924,WIKI_C_04531,C,ف بريطانيا تلاح الحدث خرج ف VHS نهار 5 يوليوز 1993. و تلاح مع راسلمينيا 10 ف DVD ديال سلسلة WWE Tagged Classics نهار 8 ماي 2006.,f britania tlah l7dath khrej f vhs nhar 5 yulyuz 1993. w tlah m3 raslmania 10 f dvd dyal silsila WWE Tagged Classics nhar 8 may 2006.,"In the United Kingdom , the event was released on VHS on July 5 , 1993 . Packaged together with WrestleMania X , it was released on DVD for the WWE Tagged Classics series on May 8 , 2006 .",في المملكة المتحدة، صدر الحدث على شريط الفيديو المنزلي في 5 يوليو 1993. وتم إصداره مجمّعًا مع ريسلمانيا 10 على قرص DVD ضمن سلسلة WWE Tagged Classics في 8 مايو 2006.,VALIDATED
data50925,WIKI_C_04112,C,أليسون مات بالتعقيدات مورا فواحد لمرض ديال الشريان الأورطي نهار خمسطاش ف شهر تسعود عام ألف وتسعمية وخمسة وستين فاش كان حاضر فواحد الكونفرونس ديال الفيزيك ديال البلازما و الدمج النووي ف كولام ف لانݣليز. الأوراق ديالو راهوم محطوطين فالمعهد الأمريكي ديال الفيزيك.,alison mat b't'qïdat mora fwa7d lmarad dyal chryan l'awrti nhar khmestash f chahr ts3ud 3am alf w ttsmyat w khmset w sittin fash kan 7adir fwa7d konferans dyal fizik dyal l plasma w ldamj li nawi f kulham f l'ingliz. l'awraq dyalu rahum ma7tutïn f lma3had l'amriki dyal fizik.,"Allison died of complications following an aortic aneurism on September 15 , 1965 while attending the Plasma Physics and Controlled Nuclear Fusion Research Conference in Culham , England . His papers are kept at the American Institute of Physics .",توفيت أليسون بسبب مضاعفات تلت إصابتها بتمدد الأوعية الدموية الأبهري في الخامس عشر من سبتمبر عام 1965 أثناء حضورها مؤتمر فيزياء البلازما والبحوث المتعلقة بالاندماج النووي المتحكم فيه في كولام، إنجلترا. تحفظ أوراقها لدى المعهد الأمريكي للفيزياء.,VALIDATED
data50926,WIKI_C_08615,C,التصنيف ديال الشاب مفتوح للّي تزاد من واحد ف شهر واحد عام ألف وتسعمية وتسعين و لفوق. الشاب اللي جا هو اللول ف الترتيب العام هو اللي كيشد التصنيف ديال الشاب و كيلبس تريكو بيض.,tazwin dyal shap mabdud lli tzad mn 1 f shhar 1 3am 1990 w lfo9. shap lli ja howa llowl f ttarteb l3am howa lli kydyt tazwin dyal shap w kiyldb triko bid.,The young rider classification is open to those born on or after 1 January 1990 . The young rider ranked highest in the general classification is the leader of the young rider classification and wears a white jersey .,فئة الدراج الشاب مفتوحة لمن ولدوا في 1 يناير 1990 أو بعده. الدراج الشاب صاحب أعلى ترتيب في الترتيب العام هو قائد فئة الدراج الشاب ويرتدي قميصًا أبيض.,VALIDATED
data50927,DATA_22786,B,الويدان اللي كاينين فالمنطقة ديال واد مهانوي ماكيميلوش بزاف باش يتعوجو، ولكن الواد الرئيسي كيتعوج شوية بين ڭوردون و لافيل وقرب المصب ديالو.,"louidane li kaynin fel-mintaqa dial Oued Mhanou ma kaymiloosh bzzaf bash it'awjou, walakin louad r-ra'issi kayt3awwaj shwiya bin gordon w la ville w qorb l-massab dialou.","The streams in the Mahanoy Creek watershed tend to meander relatively little , but the main creek meanders somewhat between Gordon and Lavelle and near its mouth .",تميل المجاري المائية في مستجمعات مياه سيل ماهانوي إلى الالتواء بشكل قليل نسبياً، ولكن النهر الرئيسي يلتوي إلى حد ما بين جوردون ولافيل وبالقرب من مصبه.,VALIDATED
data50928,WIKI_C_01889,C,"""لودد"" ديال زاك تيمبيست (1999 – 2003, 2006 – 2008, 2009, 2013 – 2015; WWE/السيرك المستقل; كان كيستعملها فاش كان كيلعب مع خوه مات).","'loodd' dyal zack tempest (1999 – 2003, 2006 – 2008, 2009, 2013 – 2015; WWE/ssirk lmosta9il; kan kist3mlha fach kan kil3b m3a khouh matt).",""" Loaded "" by Zack Tempest ( 1999 – 2003 , 2006 – 2008 , 2009 , 2013 – 2015 ; WWE / independent circuit ; used while teaming with his brother Matt )","""محمّل"" لزاك تيمبست (1999 – 2003، 2006 – 2008، 2009، 2013 – 2015؛ WWE/الحلبة المستقلة؛ استُخدمت أثناء التعاون مع أخيه مات).",VALIDATED
data50929,DATA_24004,B,"كوپلاند، بي. جاك (محرر). ""آلان تورينڭ: أبو الحاسوب الحديث"". ذا رذرفورد جورنال.","Coupland, B. Jack (m7arrer). ""Alan Turing: Abu al- lhasoub al-7adith"". The Rutherford Journal.","Copeland , B. Jack ( ed . ) . "" Alan Turing : Father of the Modern Computer "" . The Rutherford Journal .","كوبلاند، بي. جاك (محرر). ""آلان تورينج: أبو الحاسوب الحديث"". مجلة رذرفورد.",VALIDATED
data50930,WIKI_C_07359,C,الضواري ديال هاد السنونو ما تدرسوش بزاف، ولكن هو الطير الوحيد اللي تسجل فواحد الدراسة ديال الماكلة ديال ديك الباز الصغير اللي كياكل الحشرات بزاف. و كيتطفل عليه واحد البرغوت من جنس .,"ddawari dyal had essanono ma tdersush bzzaf, walakin huwa ettayr elwahid elli tssjel f wa7ed eddirasa dyal elmakla dyal dik lbaz essghir elli kyakol el7echart bzzaf. w kytetfel 3lih wa7ed elberghout men jens .","Predators of this martin have been little studied , but it was the only bird recorded in a study of the diet of the mainly insectivorous collared falconet . It is parasitised by a flea of the genus .",لم تُدرس الحيوانات المفترسة لهذا الطائر السنونو كثيرًا، ولكنه كان الطائر الوحيد المسجل في دراسة حول حمية صقر العقاب الصغير الذي يتغذى بشكل رئيسي على الحشرات. ويتطفل عليه برغوث من جنس .,VALIDATED
data50931,DATA_19898,B,2. بيانكا ضحات براسها ف الصحرا باش تنقد المجموعة من واحد البروتوتايب خاسر ديال الروبو ديال هيفايستوس، طالوس.,"bianka ddat brassha f sse7ra bash tna9ed lmjmo3a mn wa7d l prototaip khaser dyal rrobo dyal hifaystos, talos.","2 . Bianca sacrificed herself in the desert to save the group against a defective prototype of Hephaestus ' robot , Talos .",2. ضحت بيانكا بنفسها في الصحراء لإنقاذ المجموعة ضد نموذج أولي معيب لروبوت هيفايستوس، تالوس.,VALIDATED
data50932,DATA_19272,B,أوكسفورد ربحات سباق الزوارق النسائي بربعة ديال الأطوال، في حين غولدي ديال كامبريدج غلبات إيزيس ديال أوكسفورد في السباق الاحتياطي.,"oxford rb7at sbaq zzwariq nnisa2i b rb3a dyal l'atwal, fi 7in goldi dyal cambridge ghlbat 'izis dyal oxford fi ssibaq li7tiyaTi.",Oxford won the Women 's Boat Race by four lengths while Cambridge 's Goldie beat Oxford 's Isis in the reserve race .,فازت جامعة أكسفورد بسباق القوارب للسيدات بفارق أربعة أطوال، بينما تفوق فريق جولديه من كامبريدج على فريق إيزيس من أكسفورد في سباق الاحتياطي.,VALIDATED
data50933,WIKI_D_09639,D,لبوس ديال نيو بيري. ميم-28 كانت معروفة من 1936 حتال 1952 بميم-28A. الخرائط ديال MSHD ديال داك الوقت بينات باللي كانت مسجلة كالـ BUS M-28 فـ 1952 قبل ما ترجع للسيطرة المحلية فـ 1953.,lbos dyal newberry. m28 kant ma3roufa mn 1936 htal 1952 b m28A. lkhra2t dyal MSHD dyal dak lwa9t banat bli kant msjla ka BUS M28 f 1952 9bel ma trj3 lslta lma7liya f 1953.,The Newberry Bus . M-28 was designated from 1936 until 1952 as M-28A . The MSHD maps of the time showed it signed as BUS M-28 in 1952 before it was turned back to local control in 1953 .,حافلة نيوبيري. تم تعيين M-28 من عام 1936 حتى عام 1952 باسم M-28A. أظهرت خرائط MSHD في ذلك الوقت أنها موقعة كـ BUS M-28 في عام 1952 قبل إعادتها إلى السيطرة المحلية في عام 1953.,VALIDATED
data50934,WIKI_D_07492,D,بحال هالو: كومبات إيفولڤد، النسخة ديال Xbox ديال هالو 2 فيها واحد السيستيم ديال اللعب الجماعي لي كيسمح لللاعبين يتنافسو بيناتهم في تقسيم الشاشة و الربط بين الأجهزة؛ بالإضافة إلى ذلك، زادو الدعم ديال اللعب الجماعي أونلاين عن طريق Xbox Live.,"b7al halo: combat evolved, l'version dial xbox dial halo 2 fiha chi system dial l'3ab jama3i li kaysem7 l'la3bin itnafsso binathom f ta9sim sh shasha w rabt bin l'ajhiza; b'idafa l'dlik, zadou d'am dial l'3ab ljama3i online 3ir tari9 xbox live.","Like Halo: Combat Evolved, the Xbox version of Halo 2 features a multiplayer system that allows players to compete with each other in split-screen and system link modes; in addition, it adds support for online multiplayer via Xbox Live.",مثل لعبة Halo: Combat Evolved، يتميز إصدار Xbox من Halo 2 بنظام لعب جماعي يسمح للاعبين بالتنافس مع بعضهم البعض في وضعي الشاشة المقسمة والربط بين الأنظمة؛ بالإضافة إلى ذلك، يضيف دعمًا للعب الجماعي عبر الإنترنت عبر Xbox Live.,VALIDATED
data50935,WIKI_D_06945,D,"ڭريفيتس، روبرت (2012). تاريخنا: س. أو. ديفيز، ""رفيق مسافر"" والحرب الباردة. لندن: الحزب الشيوعي البريطاني. رقم ردمك 978-1- -20-5.","grefits, robert (2012). tarikhna: s. o. davis, ""rafiq msafer"" w'l-7arb l-barida. london: l-7izb l-shuyui'i l-britani. raqm rdmk 978-1- -20-5.","Griffiths , Robert ( 2012 ) . Our History : S. O. Davies , "" Fellow-travelling "" and the Cold War . London : Communist Party of Britain . ISBN 978-1- -20-5 .","غريفيثز، روبرت (2012). تاريخنا: س. أو. ديفيز، ""السفر مع الرفيق"" والحرب الباردة. لندن: الحزب الشيوعي البريطاني. ردمك 978-1- -20-5.",VALIDATED
data50936,DATA_14179,B,"""رجاّل لي عندو المّسدس الذّهب تْنشرت بْتّقسيت فْالجريدة دْيالي اكسبريس كل نهار من 22 مارس 1965 وزيد.""",Rajel li 3ando l-mus d-dhab t-nashrat b t-tqsit f jjarida d Daily Express kull nhar mn 22 mars 1965 o zzid.,The Man with the Golden Gun was published in serial form in the Daily Express newspaper on a daily basis from 22 March 1965 onwards.,"نُشر كتاب ""الرجل ذو المسدس الذهبي"" بشكل متسلسل في صحيفة ""ديلي إكسبريس"" يوميًا ابتداءً من 22 مارس 1965.",VALIDATED
data50937,DATA_5867,A,الخبر جا بحال الصعيقة,lkhbar ja b7al Sa3i9a,The news come as a complete shock,جاء الخبر كصدمة تامة,VALIDATED
data50938,DATA_1853,A,اودي، تيليفوني مخدامش فهاد البواطة تلحبس!,"awdi, tilifoni mkhddamch fhad lbwaTa dl7bs!","Well, my phone doesn't work in the damn box!",حسنًا، هاتفي لا يعمل في الصندوق اللعين!,VALIDATED
data50939,WIKI_C_10435,C,حبس ديال الدولة ف هول كاين ف لمدينة و خدام تابع لمصلحة السجون. كيهز حتال شي ألف راجل كبير ديال الجرائم من الصنف ب و ج.,7abes dyal daoula f hull kayen f lmdina w khdam taba3 lmsl7a dyal slojon. kayhazz 7tal chi alf rajl kbir dyal ljrayem mn ssef b w j.,HM Prison Hull is located in the city and is operated by HM Prison Service . It caters for up to 1-000 Category B / C adult male prisoners .,"يقع سجن ""إتش إم"" في مدينة هال وتديره إدارة السجون الملكية. وهو يستوعب ما يصل إلى 1000 سجين ذكر بالغ من الفئة (ب/ج).",VALIDATED
data50940,WIKI_C_03084,C,الدالة ديلطا تقدر تعاون فالميكانيك ديال البني باش نوصفو الأحمال اللي كيدوزو دغيا ولا الأحمال اللي كيتاثرو فبلاصة معينة على البني. المعادلة اللي كتحكم فواحد السيستيم بسيط ديال ماسة و ناضض اللي كيتنقز بواحد الضربة ديال الجهد I فوقت t.,dalla delta tqdr t3awen f lmikanik dyal lbni bach nwswfo l7mal li kaydozo dghya wla l7mal li kayta2tro f blasa mo3ayana 3la lbni. lmo3adla li kat7km f wa7d sistem basit dyal masa w nadod li kaytna9z b wa7d drba dyal l jahd I f wakt t,The delta function can be used in structural mechanics to describe transient loads or point loads acting on structures . The governing equation of a simple mass – spring system excited by a sudden force impulse I at time t,يمكن استخدام دالة ديراك دلتا في الميكانيكا الإنشائية لوصف الأحمال العابرة أو الأحمال النقطية المؤثرة على المنشآت. المعادلة الحاكمة لنظام كتلة-زنبرك بسيط مثار بقوة دفع مفاجئة I عند الزمن t,VALIDATED
data50941,DATA_15553,B,"رادستوك فيها ربعة د الكنايس، مجموعين تحت مظلة ديال ""الكنايس مجموعين في رادستوك"". و كيكونو شي صلاوات موحدة بزاف بين الأديان ف المدينة.","radstock fiha arba3a d lknayes, mejmo3in te7t mdella dyal ""lknayes mejmo3in fi radstock"". o kaykono shi salaouaat mwa7da bzzaf bin l'a2dyan f lvillage.","Radstock contains four churches , united under the umbrella of "" Churches together in Radstock "" . There are frequent interfaith unity services in the town .","تضم رادستوك أربع كنائس ، موحدة تحت مظلة ""الكنائس معاً في رادستوك"". تُقام بانتظام احتفالات وحدوية مشتركة بين الأديان في البلدة.",VALIDATED
data50942,WIKI_C_06914,C,درتي لينا مثال ديال شنو نقدروا نديروا كبلاد بالرؤية والتضحية والخدمة والإنضباط واستغلال المواهب ديالنا.,derti lina misal dyal shno nqdero ndiro kblad berrweya wetzehdia w lkhdma welendibat w estighlal lemaweheb dyalna.,"You have set an example of what we can do as a country through vision , sacrifice , hard work , discipline , and making the best use of our gifts and talents .",لقد ضربتم لنا مثلاً لما يمكننا تحقيقه كبلد عبر الرؤية والتضحية والعمل الجاد والانضباط والاستفادة القصوى من هدايانا ومواهبنا.,VALIDATED
data50943,DATA_12968,B,"ثندربيرد 2: طيارة ناقلة أسرع من الصوت لي كتهز مركبات ومعدات الإنقاذ للمناطق ديال الحوادث فكبسولات كيتفكو كيتسمّاو ""Pods"". كيسوقها فيرجيل.","Thunderbird 2: tayara naqila asra3 men s-sawt li katezz markabat u m3iddat l'inqad l lmanatiq diyal lhawadit f kabsulat kaytfekku kaytsmmaw ""Pods"". ki-siq-ha Virgil.","Thunderbird 2 : a supersonic carrier aircraft that transports rescue vehicles and equipment to accident zones in detachable capsules known as "" Pods "" . Piloted by Virgil .","البرق 2: طائرة نقل فوق صوتية تنقل مركبات ومعدات الإنقاذ إلى مناطق الحوادث في كبسولات قابلة للفصل تُعرف باسم ""حاويات"". يقودها فيرجيل.",VALIDATED
data50944,WIKI_D_10176,D,بسباب الزيادة فالإهتمام بكراكوف اللي دارها الفيلم، المدينة شرات مصنع المينا ديال أوسكار شيندلر ف 2007 باش يديرو معرض دائم على الاحتلال الألماني للمدينة من 1939 ل 1945. المتحف تحلّ ف شهر ستة 2010.,"bspab zyadet f ilhtmam b krakov li darth l film, madina shrat manufactura d lmilna dyal oskar schindler f 2007 bach ydiru ma3riid daim 3la l ihtilal l2almani l madina men 1939 l 1945. l mat7af t7l f chher 6 2010.","Due to the increased interest in Kraków created by the film , the city bought Oskar Schindler 's Enamel Factory in 2007 to create a permanent exhibition about the German occupation of the city from 1939 to 1945 . The museum opened in June 2010 .",بسبب الاهتمام المتزايد بكراكوف الذي أثاره الفيلم، اشترت المدينة مصنع أوسكار شيندلر للمينا في عام 2007 لإنشاء معرض دائم حول الاحتلال الألماني للمدينة من عام 1939 إلى عام 1945. افتتح المتحف في يونيو 2010.,VALIDATED
data50945,WIKI_D_08769,D,"محكمة فيدرالية فولاية نبراسكا فالميريكان حكمات باللي وحش السباڭيتي الطائر دين ساخر وكيدحك ماشي دين بصاح, و بالنتيجة, الباستافاريين ما عندهومش الحق باش يستافدو من تسهيلات دينية بموجب قانون استخدام الأراضي المؤسساتي للأشخاص المتدينين.","m7akama federalia f wilaya nebraska f lmerikan 7akmat belli wa7ch sba9eti tayer din sakher w kid7ek machi din bsa7, w bnnatija, lpastafarian ma3ndhomch l7eq bach ystaftdo mn tasehilat dinia b mojed qanun stikhdam l'aradi lmo2ssasti lil2chkhass lmtadianin.","A federal court in the US state of Nebraska ruled that Flying Spaghetti Monster is a satirical parody religion, rather than an actual religion, and as a result, Pastafarians are not entitled to religious accommodation under the Religious Land Use and Institutionalized Persons Act.",قضت محكمة فيدرالية في ولاية نبراسكا الأمريكية بأن وحش المعكرونة الطائر هو دين ساخر ومحاكاة ساخرة، وليس دينًا فعليًا، ونتيجة لذلك، فإن أتباع ديانة وحش المعكرونة الطائر غير مؤهلين للحصول على إعفاءات دينية بموجب قانون استخدام الأراضي للمؤسسات والأشخاص المتدينين.,VALIDATED
data50946,DATA_1820,A,واش كاين دجاج تماك تاهوا؟,wach kayn djaj tmak tahoua?,Are there chickens there too?,هل يوجد دجاج هناك أيضاً؟,VALIDATED
data50947,WIKI_C_11383,C,هاد الصيف غاندوز شي وقيتة واعرة مع دودلي.,kangol had sayf ghaandouz chi wa9ita wa3ra m3a Dudley.,"e.g. -ara manna Dudley -tor-si- -ssa- "" I expect to get some fun out of Dudley this summer . """,أتوقع أن أحصل على بعض المرح من دودلي هذا الصيف.,VALIDATED
data50948,DATA_17132,B,الخاصيات اللي كاينة ف الجمع ديال الأعداد الصحيحة هي اللي كتخدم كموديل ل مسلمات المجموعة التجريدية اللي كاينة فالتعريف اللي غيجي من بعد.,alkhasiyat li kayna f al-jam3 dial al-a3dad sahiha hiya li katkhedm k-model l-mosallamat al-majmo3a tajridiya li kayna f ta3rif li ghayji mn b3d.,The following properties of integer addition serve as a model for the abstract group axioms given in the definition below .,خصائص الجمع الصحيح التالية تعمل كنموذج لمسلمات الزمرة المجردة المعطاة في التعريف أدناه.,VALIDATED
data50949,DATA_7042,A,شنو أحسن ديكرا عندك من طفولتك؟,chnou a7ssn dikra 3ndk mn fseghrk ?,what is your best childhood memory?,ما هي أفضل ذكرى لديك من طفولتك؟,VALIDATED
data50950,WIKI_D_12128,D,ساهلة نسبيا تصاوب إيريسات اللي كيتقادو ميكانيكيا. تقدر تدفع واحد البلاكة رقيقة ديال الحديد داخل و خارج واحد التقيبة رقيقة في الجنب ديال الموجّه الموجي (الغايد). هاد الطريقة باش كيتصاوب الإيريس بعض المرات كيتختار حيت كتعطي إمكانية نصاوبو شي حاجة اللي نقدر نبدلو فيها القياس.,sahla nisbiya tswav irissat lli kiytdawdo mikanikiya. t9dar tfach wa7d plaka rqiqa dyal l7did dakhel w kharej wa7d t9iba rqiqa f jnebyal lmwajeh lmwaji (el-guide). had trri9a bash kitswav el-iris ba3d lmerrat kitkhtar 7it kat3ti imkaniya ntsawbo chi 7aja lli n9dro nebddlu fiha l9yas.,It is fairly simple to make irises that are mechanically adjustable . A thin plate of metal can be pushed in and out of a narrow slot in the side of the waveguide . The iris construction is sometimes chosen for this ability to make a variable component .,من السهل نسبيًا صنع قزحيات قابلة للتعديل ميكانيكيًا. يمكن دفع لوح معدني رفيع إلى الداخل والخارج من فتحة ضيقة في جانب الدليل الموجي. غالبًا ما يتم اختيار بناء القزحية لقدرتها على صنع مكون متغير.,VALIDATED
data50951,WIKI_D_08919,D,فاش كان ف الجنوب ديال المحيط الهادي، ولا مهووس بالبحار ديال القرن 19 تشارلز ساڤاج، اللي كانو كايقولو باللي هو أول واحد جاب السلاح الناري لفيجي. هاد الهوس هوا اللي خلاه يبدل سميتو ل ساڤاج.,"fach kan f l-janub dyal l-mhit l-hindi, walla mahuus b-l-bħar dyal l-qarn 19 charles savage, lli kanu kayqulu blli huwa awwal waħd jab silah nari lfiji. had lhaouas huwa lli khllah ybdl smitu l savage.","While in the South Pacific , he became fascinated with the 19th-century sailor Charles Savage , who was believed to have been the first man to bring firearms to Fiji . That fascination led to Weiner 's name change to Savage .",بينما كان في جنوب المحيط الهادئ، انبهر بالبحار من القرن التاسع عشر تشارلز ساڤاج، الذي كان يُعتقد أنه أول رجل أحضر الأسلحة النارية إلى فيجي. أدى هذا الانبهار إلى تغيير اسم فاينر إلى ساڤاج.,VALIDATED
data50952,WIKI_C_05277,C,المحطة د الطقس العالية كاينة ف East Riding ف Yorkshire Wolds، ولكن المناطق اللي ف Holderness اللي هما هابطين وقريبين للبحر عادةً الجو فيهوم عادي.,"lme7tTta d TtTtaqs l3alya kayna f East Riding f Yorkshire Wolds, wlakin lmanati9 li f Holderness li homa habtTin w9arbin lbHr 3adatan ljaw fihom 3adi.","The High weather station is in the East Riding on the Yorkshire Wolds , but areas in Holderness which are lower and nearer to the sea have generally milder weather .","تقع محطة الطقس العليا في ""إيست رايدينج"" على ""يوركشاير وولدز""، ولكن المناطق المنخفضة والأقرب إلى البحر في ""هولدرنس"" تتمتع بشكل عام بطقس أكثر اعتدالًا.",VALIDATED
data50953,DATA_2707,A,وزيد على هاد الشي، راه باقي كيتبسل على صحابي.,"zid 3liha, kayb9a itbssel 3la S7abati","Besides, he keeps harassing my friends",علاوةً على ذلك، فهو يستمر في مضايقة أصدقائي.,VALIDATED
data50954,DATA_12498,A,عمرك جربتي تأمل مني شيحاجة هربانة,3emrek jerebti t2emmel meni chi7aja herbana,Have you tried to have high expectations,هل حاولت أن تكون لديك توقعات عالية,VALIDATED
data50955,DATA_0727,A,أنا غادي ل الدار من بعد ربعيّام,ana ghadi l ddar mnbe3d rb3yyam,I'm going home in four days,أنا ذاهب إلى المنزل بعد أربعة أيام,VALIDATED
data50956,WIKI_D_06724,D,تاكتيكس أدفانس كتقدّم تا هي إمكانية اللعب الجماعي لجوج د الناس. اللعّابة يقدرو يتعاونو أولّا يتنافسو باستعمال رابط كابل، و تا يتبادلو السّلَع و أعضاء الفريق. مهمّات و سلَع زايدة كاينة تا هي فاش اللعّابة كيتكونيكتاو.,"tactics advance kat9eddèm ta hi imkaniya dial l'lab jama3i ljuj d nass. l'labba y9dro yta3awno awla ytanfso b'istikhdam rabt-cable, w ta ytbaddlo ssela3 w a3da2 l'fari9. muhimmat w ssela3 zayda kayna ta hi fach l'labba kayconnectaw.","Tactics Advance also offers multiplayer capability for two players. Players may cooperate or compete using a link-cable peripheral, and also trade items and party members. Additional missions and items are also offered when players link.",تتيح تاكتيكس أدفانس أيضًا إمكانية اللعب الجماعي للاعبين اثنين. يمكن للاعبين التعاون أو التنافس باستخدام ملحق كابل وصل، وكذلك تبادل العناصر وأعضاء الفريق. يتم تقديم مهام وعناصر إضافية أيضًا عند ربط اللاعبين.,VALIDATED
data50957,WIKI_C_11748,C,الجنرال سيكورسكي، رئيس لوزراء، القائد العام، لندن، المعهد البولندي ومتحف سيكورسكي، 1981، رقم ل ISBN 0- -09-1.,"ljeneral si2orski, rais l wozara, l9aaid l3am, london, lma3had lbolandi wmat7af si2orski, 1981, raqm l ISBN 0- -09-1.","Generał Sikorski, premier, (General Sikorski: Prime Minister, Commander in Chief), London, Polish Institute and Sikorski Museum, 1981, ISBN 0- -09-1.",الجنرال سيكورسكي، رئيس الوزراء، القائد العام، لندن، المعهد البولندي ومتحف سيكورسكي، 1981، رقم ISBN 0- -09-1.,VALIDATED
data50958,DATA_13020,B,كيتهزّو الرايات على النص نهار ديال الوفاة والنهار اللي موراه على شي واحد من أعضاء الكونغرس ديال ميريكان.,Kithzzo rrayat 3la nns nhar dyal lwafat w nhar li morah 3la shi wahed mn a3da' lkongress dyal mirikan.,Flags are displayed at half-mast on the day of death and the following day for a member of the United States Congress .,تُرفع الأعلام في نصف السارية في يوم الوفاة واليوم التالي لعضو في الكونغرس الأمريكي.,VALIDATED
data50959,DATA_17081,B,"حتى شي روائي ما كان غادي يقدر يبدا خير من هكا""، كتبت فيرجينيا وولف؛ ""سيلبورن محطوطة بقوة في الواجهة.""","7etta shi rwa2i ma kan ghadi yqder ybda khir men haka"", ketbat Virginia Woolf; ""Selborne me7tota b qowwa fi l wajha.""",""" No novelist could have opened better "" , wrote Virginia Woolf ; "" Selborne is set solidly in the foreground . """,«لم يكن يستطيع أي روائي أن يفتتح بشكل أفضل»، كتبت فيرجينيا وولف؛ «سلْبورن راسخة بقوة في المقدمة».,VALIDATED
data50960,DATA_17105,B,من بعد الطّورا، برادمان كان كيشكر بزاف في ميلر، واخا كان كينتقدو شوية على الضّرب ديالو لي فيه الجهد بزاف:,"mn b3d ttoura, bradman kan kishkur bzzaf f miller, wakha kan kintqdu shwiya 3la ddrb dyalu li fih ljuhd bzzaf.","After the tour , Bradman was full of praise for Miller , though somewhat critical of his aggressive batting :",بعد الجولة ، كان برادمان مليئًا بالثناء على ميلر ، على الرغم من انتقاده إلى حد ما لضرباته العدوانية :,VALIDATED
data50961,DATA_5772,A,ما نقدرش نخلي عينيّا محلولين.,ma9aderch nkheliell 3ainia mhloulin,I can't keep my eyes open,لا أستطيع إبقاء عيني مفتوحتين,VALIDATED
data50962,DATA_13790,B,الرواية Alder Gulch ديال Ernest Haycox (1942) كتصوّر الشريف هنري بلومر ديال Bannack بحال واحد القاتل بدم بارد وشفّار كيدبّر مزيان.,Riwaya Alder Gulch dyal Ernest Haycox (1942) katṣowwer Sheriff Henry Plummer dyal Bannack b7al wa7d 9atel b dam barid w chaffar kaydabbər mzian.,Ernest Haycox 's 1942 novel Alder Gulch depicts Bannack Sheriff Henry Plummer as a cold and calculating murderer and thief .,تصوّر رواية Alder Gulch (1942) للكاتب Ernest Haycox الشريف هنري بلومر، شريف بانّاك، على أنه قاتل بارد الأعصاب ولصٌّ ماكر.,VALIDATED
data50963,WIKI_D_03095,D,"ريتشي أونتربيرغر ديال أولميوزيك وصف أونهالفبريكينڭ بـ ""ألبوم انتقالي بالنسبة لفرقة فيربورت كونڤنشن الشابة، لي فيه الفرقة تخلات على أقرب الروابط ديالها بالتأثيرات ديال الفولك روك الأمريكي وبدات كاتميل لواحد الصوت بريطاني فولكلوري تقليدي كثر"".","ritchie unterberger dyal allmusic wsaf unhalfbricking b ""album intiqali binisba lferqa fairport convention chabba, li fiha lferqa tkhellat 3la aqrab rawabet dyalha bta2thirat lfolk rock l'amriki w bdat katmeel l wahid sowt britani folklori taqlidi ktar"".","Allmusic 's Richie Unterberger described Unhalfbricking as "" a transitional album for the young Fairport Convention , in which the group shed its closest ties to its American folk-rock influences and started to edge toward a more traditional British folk-slanted sound "" .","وصف ريتشي أونتربيرغر من أول ميوزيك ألبوم ""أونهالفبريكينغ"" بأنه ""ألبوم انتقالي لفرقة فيربورت كونفنشن الشابة، حيث تخلت الفرقة عن أقرب روابطها بتأثيرات الفولك روك الأمريكية وبدأت تتجه نحو صوت بريطاني أكثر ميلاً إلى الفولك التقليدي"".",VALIDATED
data50964,WIKI_C_01926,C,واخا تار دوز أغلبية مسيرتو فالرݣبي مع أوكسفورد و ليستر، راه مسجل بلي مثل فراقي ديال الكلوب و ريتشموند إف سي و حتى ميدلاند كاونتيز.,"wakha tar daouez aghlabiyat dyal l'career dyalo frugby m3a oxford w leister, rah msjjel metel fra9i dyal club w richmond f.c. w jawwaz l' midland counties.","Although Tarr spent the majority of his rugby career with Oxford and Leicester , he is recorded as representing club teams and Richmond F.C. and also Midland Counties .",على الرغم من أن تار قدأ أغلب مسيرته في مبنيه الرغبي مع فريقي أوكسفورد وليستر، فإنه مسجل بتمثيل فرق الأندية وريتشموند إف سي وأيضاً منتخبات ميدلاند كاونتيز.,VALIDATED
data50965,DATA_21422,B,في 2016، بطل العالم السابق في الشطرنج، گاري كاسپاروف، علق على الأهمية العالمية ديال الماتش، وقال:,"Fi 2016, batal l'3alam s-sabeq fi sh-shatranj, Garry Kasparov, 3alla9 3la l'ahamiya l'3alamiya dyal l-match, o gaal:","In 2016 , former World Chess Champion Garry Kasparov commented on the global significance of the match , saying :",في عام 2016 ، علق بطل العالم السابق في الشطرنج غاري كاسباروف على الأهمية العالمية للمباراة ، قائلاً :,VALIDATED
data50966,WIKI_D_05313,D,السلالات ديال الفيروسات ماكايتكاثروش بالتقسيم ديال الخلايا حيت هما ماشي خلويين. بلاصت هاذشي، كايستعملو الماكينة و الميطابوليزم ديال شي خلية مضيفة باش ينتجو نسخ بزاف منهم، و كايتجمعو فالخلية.,"slalat dyal l virusat makaytkathroush b taqsim dyal l khalaya hit homa machi khlawyin. blast hadchi, kaystamlou l makina w l metabolism dyal chi khaliya mdifa bach yantjou nousakh bzaf mnhom, w kaytjam3ou f l khaliya.","Viral populations do not grow through cell division , because they are acellular . Instead , they use the machinery and metabolism of a host cell to produce multiple copies of themselves , and they assemble in the cell .",لا تنمو المجموعات الفيروسية عن طريق انقسام الخلايا، لأنها لا خلوية. بدلاً من ذلك، فإنها تستخدم آلية وأيض خلية مضيفة لإنتاج نسخ متعددة من نفسها، وتتجمع في الخلية.,VALIDATED
data50967,DATA_10415,A,مانضنش غادي وضح ليك داك الموضوع,mandench ghadi wdde7 lik dak lmawdou3,i thought that he will clarify the matter,اعتقدت أنه سيوضح الأمر,VALIDATED
data50968,DATA_8670,A,عندي واحد الخدِام خايب.,3ndi wahd lkhdam khayb,i have a bad employee,لدي موظف سيء,VALIDATED
data50969,DATA_19969,B,أنا غادي.,ana ghadi ana ghadi.,"""I'm Walkin'"" – performed by Fats Domino (plays during the scenes where Jake, Elwood, and the orphans promote the concert)",أنا ماضٍ.,VALIDATED
data50970,WIKI_C_09693,C,السلطات اللي ما عطاوهاش الدستور للميريكان و لا منعها على الولايات، راه باقيا ديال الولايات كل وحدة و الشعب.,"sl7t lli ma 3tawhach l-dustur l-l-merikan w-la mn3ha 3la l-wilayat, rah baghya dyal l-wilayat kul wa7da w-sha3b.","The powers not delegated to the United States by the Constitution , nor prohibited by it to the States , are reserved to the States respectively , or to the people .",السلطات التي لم تفوضها الولايات المتحدة بالدستور، ولم يحظرها عليها للدول، محفوظة للدول على التوالي، أو للشعب.,VALIDATED
data50971,DATA_14102,B,الأغنية ترشحات لجائزة غرامي ديال 2015 لأحسن أغنية راب/غناء تعاوني و أحسن أغنية راب.,l'oghniya trachchat ljayza ghrami dyal 2015 l'ahsan 'oghniya rap/ghna t'aawouni w ahsan 'oghniya rap.,The song was nominated for Best Rap / Sung Collaboration and Best Rap Song at the 2015 Grammy Awards .,تم ترشيح الأغنية لجائزة أفضل تعاون راب/غنائي وأفضل أغنية راب في حفل توزيع جوائز جرامي لعام 2015.,VALIDATED
data50972,DATA_18557,B,ڭوبل حتى هو خدم سنين من بعد كهز نعش ديال المدرب ديالو، فيلدينج إتش يوست، في الجنازة ديالو في غشت 1946.,"goubl 7etta huwa kheddem snin men b3d kehz n3esh dyal l-mudrrib dyalu, fildinj itch yust, fi l-jnaza dyalu fi ghusht 1946.","Goebel also served years later as a pall bearer at the funeral of his coach , Fielding H. Yost , in August 1946 .",كما خدم غوبل بعد سنوات حامل تابوت في جنازة مدربه فيلدينغ إتش يوست في أغسطس 1946.,VALIDATED
data50973,DATA_0462,A,"زعمي, إقدر إڭولّيك راه مامساليش","z3mi, i9der igollik rah mamsalich","Go on, he can only say he is busy",امضِ، لا يمكنه سوى القول إنه مشغول,VALIDATED
data50974,WIKI_D_00586,D,"ف 1963، الوالي ديال تكساس اللي كان، ألان شيڤرز - فاش كان كيعطي لهوغ جايزة ""الخريج المتميز"" من عند جامعة تكساس (أول مرا كتخدها) - قال على ""الآنسة إيما"":","f 1963, lwali dyal texas lli kan, allan shivers - fash kan kay3ti lhog jayza ""lkhareej lmowayaz"" mn 3and jami3at texas (awwal mira katkhodha) - qal 3la ""l'ansa ima"":","In 1963 , former Governor of Texas Allan Shivers — when presenting Hogg with the Distinguished Alumnus Award of the University of Texas Ex-Students Association ( the first woman so honored ) — said of "" Miss Ima "" :","في عام 1963، قال الحاكم السابق لتكساس آلان شيفرز - عند تقديم جائزة الخريج المتميز من جمعية خريجي جامعة تكساس لهوغ (وهي أول امرأة تحصل عليها) - عن ""الآنسة إيما"":",VALIDATED
data50975,WIKI_D_04246,D,بيلوك، هيلير؛ تشيسترتون، سيسيل (2007) [1911]. السيستيم ديال الأحزاب. بول، رون (تقديم). نورفولك، فيرجينيا: إيه إتش إس بريس. ISBN 1- -11-3. OCLC .,"belloc, hilaire; chesterton, cecil (2007) [1911]. essistem dyal l'a7zab. paul, ron (ta9dim). norfolk, virginia: ihs press. isbn 1- -11-3. oclc .","Belloc , Hilaire ; Chesterton , Cecil ( 2007 ) [ 1911 ] . The Party System . Paul , Ron ( foreword ) . Norfolk , Virginia : IHS Press . ISBN 1- -11-3 . OCLC .",بيلوك، هيلير؛ تشيسترتون، سيسيل (2007) [1911]. نظام الحزب. بول، رون (مقدمة). نورفولك، فيرجينيا: مطابع IHS. ISBN 1- -11-3. OCLC .,VALIDATED
data50976,WIKI_C_09299,C,ماعْرْفْتْ آشْنُو هَادْشي يا باري. الجورنال ديال بن أوشيدا: مواطن ماعرفت آشْنُو، معسكر ميرور ليك، كاليفورنيا، 1942. سكولاستيك. رقم الكتاب 0-590-ماعرفت آشْنُو-8.,"ma3raftsh achnou hadchi ya bari. el journal dyal Ben Uchida: mawatin ma3raftsh achnou, mo3askar mirror lake, california, 1942. scholastic. raqm lkitab 0-590-ma3raftsh achnou-8.",", Barry . ( 1999 ) . The Journal of Ben Uchida : Citizen , Mirror Lake Internment Camp , California , 1942 . Scholastic . ISBN 0-590- -8 .",، باري. (1999). يوميات بن أوشيدا: مواطن ، معسكر اعتقال بحيرة ميرور ، كاليفورنيا ، 1942. شوكولاستيك. ISBN 0-590- -8.,VALIDATED
data50977,WIKI_D_00576,D,الثقات السرية الكاملة فيها مشكل حيث ما كايناش أدلة كافية على الوجود ديالها والشروط ديالها. فالقضية Ottaway v Norman، القاضي Brightman دار واحد الاختبار باش يثبتو هاد النوع من الثقة، وهو: خاص تكون نية عند الموصي باش يدير ثقة. خاصو يبلّغ هاد النية والشروط ديالها للوصي. والوصي خاصو يقبل هاد الثقة، يا إما بصراحة ولا بطريقة ضمنية.,"Fully secret trusts fihom mochkil 7it ma kaynach adilla kafiya 3la wjoudhom w chourout dyalhom. F lqadiya Ottaway v Norman, l-qadi Brightman 7att wa7d test bash ytbato had no3 dyal trust: khas tkun niya 3nd l-moussi bash ydir trust. khaso yballagh had n-niya w chourout dyalha l-wasi. w l-wasi khaso y9bel had trust, ya ima sra7a wala b tari9a damniya.","Fully secret trusts are awkward because of the lack of evidence pertaining to their existence and terms. In Ottaway v Norman, Brightman J set out the test for proving the existence of a fully secret trust. This is:",تُعدّ الثقات السرية الكاملة إشكالية بسبب نقص الأدلة المتعلقة بوجودها وشروطها. في قضية Ottaway v Norman، وضع القاضي برايتمن اختبارًا لإثبات وجود الثقة السرية الكاملة، ويتمثل في: وجود نية لدى المُوصي لإنشاء ثقة. إبلاغ هذه النية وشروطها إلى الوصي. قبول الوصي لهذه الثقة، سواء صراحةً أو ضمنيًا.,VALIDATED
data50978,DATA_16660,B,"هزي-بيه-نعسي ولدك/بنتك بتلحينة ديال الديكسي ( Sam M. Lewis , Fred Schwartz , Joe Young ) – 5 : 45","hezzi-bih-n3essi wldk/bntk btel7ina dial diksi ( Sam M. Lewis , Fred Schwartz , Joe Young ) – 5 : 45",""" Rock-a-Bye Your Baby with a Dixie Melody "" ( Sam M. Lewis , Fred Schwartz , Joe Young ) – 5 : 45",صخرة، وداعاً لطفلتك بلحن ديكسي (سام م. لويس، فريد شوارتز، جو يونغ) – 5:45,VALIDATED
data50979,WIKI_D_02445,D,واحد لموريال صغير تاني دالحرب كاينة فجردة جوبيلي. هاديك مديورة على قبل الجنود اللي حاربو فالحرب البويرية الثانية. فيها واحد البلاكة مبنية فواحد الحيط ديال الحجر كاين بين جوج شجرات كبار.,wa7d l memorial sghir tani dl 7arb kayna f jerdah jubilee. hadik mdyoura 3la qbel l jnod lli 7arbo f l 7arb lbouria taniya. fiha wa7d l plaque mbenya f wa7d l 7it dyal l 7jer kayen bin joj chejrat kbar.,"A second , smaller war memorial is located in Jubilee Gardens . It is dedicated to the soldiers who fought in the Second Boer War . It consists of a plaque built into a stone wall that is located between two large bushes .",يوجد نصب تذكاري ثانٍ أصغر للحرب في حدائق جوبيلي. إنه مخصص للجنود الذين قاتلوا في حرب البوير الثانية. ويتكون من لوحة مدمجة في جدار حجري يقع بين شجرتين كبيرتين.,VALIDATED
data50980,WIKI_C_04818,C,فالقرن الواحد وعشرين، قصبة سانت ماوز تابعا English Heritage و دايرينها بحال شي بلاصة سياحية، و دخلو ليها شي 21 ألف و 104 ديال الزوار ف 2010. و القانون ديال بريطانيا كيحميها و معتابرها معلم تاريخي.,"f l-qrn l-wa7d u l-3shrin, qasbat saint mawes tab3a english heritage w dayrinha b7al shi blasa siyahiya, w dkhlu liha shi 21 alf u 104 dyal zwarr f 2010. w l-qanun dyal britanya kay7miha w m3tbrha m3lama taríkhia.","In the 21st century , St Mawes Castle is operated by English Heritage as a tourist attraction , receiving 21-104 visitors in 2010 . It is protected under UK law as a Scheduled Monument .","في القرن الحادي والعشرين، تدير مؤسسة التراث الإنجليزي قلعة سانت ماوز كمعلم سياحي، وقد استقبلت 21,104 زائرًا في عام 2010. وهي محمية بموجب القانون البريطاني كمعلم أثري مجدول.",VALIDATED
data50981,WIKI_D_11763,D,هوفمان تبرع ب 200 دولار على كل صدة لمؤسسة الكلى الوطنية. و تكريما لوالدو، لي كان عسكري في المارينز، هوفمان كان كل عام كيخلص على التذاكر ديال الماتشات و الماكلة ل 1000 واحد من العسكر و عائلاتهم.,"hoffman tabar3 b 200 dollar 3la kol sda l mo2assassa dyal l koli l waTaniya. w takriman l walid dyalo, li kan 3askari f l marines, hoffman kan kol 3am kaykhllas 3la tktriyat dyal l matchat w l makla l 1000 wa7d men l 3askar w 3a2ilathom.","Hoffman donated $ 200 for every save to the National Kidney Foundation . In honor of his father , a former Marine , Hoffman annually paid for game tickets and meals for 1-000 members of the military and their families .",تبرع هوفمان بمبلغ 200 دولار عن كل تصدي لمؤسسة الكلى الوطنية. تكريمًا لوالده، الذي كان جنديًا في مشاة البحرية، كان هوفمان يدفع سنويًا ثمن تذاكر المباريات والوجبات لـ 1000 فرد من أفراد الجيش وعائلاتهم.,VALIDATED
data50982,DATA_3051,A,إيخصنا نمشيو لجنوب لـ فاير نايشن,aykhsna nmchiw ljanob l Fire Nation,We have to go south to Fire Nation,علينا التوجه جنوبًا إلى دولة النار,VALIDATED
data50983,WIKI_C_06169,C,الأتمنة ديال الديور ف تامسايد سابع أغلى وحدة من بين عشرة ديال الجماعات اللي ف مانشستر الكبرى، ناقصة على المعدل ديال الجهة بواحد 11 فاصلة شي حاجة فالمية.,"latmna dyal diyur f tameside sab3a aghla wa7da mn bin 3achra dyal l jma3at li f manchester l kobra, naqsa 3la l me3del dyal l jiha b wa7d 11 fasla shi haja f l mia.","Average house prices in Tameside are the 7th highest out of the ten metropolitan boroughs in Greater Manchester , 11-9 % below the average for the county .",يحتل متوسط أسعار المنازل في تامسايد المرتبة السابعة من حيث الارتفاع بين عشر بلديات حضرية في مانشستر الكبرى، بانخفاض بنسبة 11.9% عن متوسط ​​الأسعار في المقاطعة.,VALIDATED
data50984,WIKI_D_10817,D,ف شهر مارس ديال 2010، علنو على كيسلر هو اللي غيكون على الغلاف ديال اللعبة ديال 2K Sports ديال NHL ، اللي خرجات موراها بشحال ديال الشهور ف شهر غشت. كان ديجا خدم مع 2K Sports، كان كيدير ليهم الـ motion capture ديال NHL .,"f shahr mars dyal 2010, 3lno 3la kesler huwa lli ghikun 3la lghlaf dyal l3ba dyal 2k sports dyal nhl , lli khrejt mura-ha b sh7al dyal shhur f shahr ghesht. kan dyja khdem m3 2k sports, kan kaydir lihom l motion capture dyal nhl .","In March 2010 , Kesler was announced as the cover athlete for the 2K Sports video game NHL , released several months later in August . He had previously worked with 2K Sports , doing motion capture for NHL .",في مارس 2010، أُعلن عن كيسلر كرياضي الغلاف للعبة الفيديو NHL من إنتاج 2K Sports، والتي صدرت بعد عدة أشهر في أغسطس. كان قد عمل سابقًا مع 2K Sports، حيث قام بالتقاط الحركة للعبة NHL .,VALIDATED
data50985,WIKI_C_02278,C,بزاف كثر من 18 ساعة للغواصين التقنيين اللي كيديرو غطسات فيها تخفيف الضغط ولا كيستعملو خليط د الهيليوم، حيت مالقينا دليل قاطع على هادشي ديال تخفيف الضغط ولا الغطس بالهيليوم.,"bzaf ktar mn 18 sa3a lghawwasin ttaqniyin lli kaydiru ghtasat fiha takhfif ddabt wla kaystakhdimu khlit dyal liliyum, hit malqina dalil qati3 3la hadchi dyal takhfif ddabt wla lghatss b lhilyum.","substantially longer than 18 hours for technical divers who make decompression dives or used helium breathing mixes , as no specific evidence concerning decompression or helium diving was available .",بشكل كبير أطول من 18 ساعة للغواصين التقنيين الذين يقومون بغطسات تخفيف الضغط أو يستخدمون خلائط تنفس الهيليوم، لعدم توفر دليل محدد يتعلق بالغوص بتخفيف الضغط أو الهيليوم.,VALIDATED
data50986,WIKI_C_09758,C,فليكستون كتختار تلاتة د الكونسيلورز لمجلس طرافورد، و من نهار انتخابات 2012، هادوك التلاتة د البلايص شادينهم جوناثان كوب، بول لالي و فيفيان وارد ديال الحزب المحافظين.,"flixtun katchref 3 dyal lkonsilorz l majlis traford; w mn nhar lintikhabat dyal 2012, haduk l 3 dyal lblays shadinhom jonathan coupe, paul lally w vivienne ward, dyal l7izb l mo7afidin.","Flixton elects three councillors to Trafford Council ; as of the 2012 local election , all three seats are held by Jonathan Coupe , Paul Lally and Vivienne Ward , for the Conservative Party .",تنتخب فليكستون ثلاثة مستشارين لمجلس ترافورد؛ اعتبارًا من الانتخابات المحلية لعام 2012، تشغل المقاعد الثلاثة جميعها جوناثان كوب وبول لالي وفيفيان وارد، عن حزب المحافظ.,VALIDATED
data50987,DATA_6760,A,كايعجبك تمشي تسمع القراية ديال شعر؟,kay3ejbek tmchi tsme3 l9raya dial chi3r ?,do you like going to poetry readings?,هل تحب الذهاب إلى قراءات الشعر؟,VALIDATED
data50988,WIKI_D_12180,D,سبوفورد، فرانسيس (1997). يمكن ناخد شوية الوقت: الجليد والخيال الإنجليزي (طبعة ورقية). لندن: Faber & Faber. رقم ISBN: 978-0-571-17807-0.,"Spufford, Francis (1997). Momkin nakhod chwia dyal lwa9t: l‑jleid w l‑khayal l‑inglizi (paperback). London: Faber & Faber. ISBN: 978-0-571-17807-0.","Spufford, Francis (1997). I May Be Some Time: Ice and the English Imagination (paperback ed.). London: Faber & Faber. ISBN: 978-0-571-17807-0.",سبوفورد، فرانسيس (1997). قد أستغرق بعض الوقت: الجليد والخيال الإنجليزي (طبعة ورقية). لندن: فابر آند فابر. ردمك: 978-0-571-17807-0.,VALIDATED
data50989,WIKI_C_05181,C,الدوايات اللي كيتستعملو باش يعالجو الضيقة كيتقسمو لجوج ديال الأنواع: دوا ديال الزربة كيتخاد باش يهدّن الحالة اللي جات دابا؛ ودوا ديال المدى الطويل كيتخاد باش بنادم ما تزيدش عليه الحالة.,dwaiyat li kitsta3mlo bach y3aljo ddi9a kiti9smo ljoj dyal l'anwa3: dwa dyal ezrba kitkhad bach yhdn l7ala li jat daba; w dwa dyal lmda etawil kitkhad bach bnadm ma tzidch 3lih l7ala.,Medications used to treat asthma are divided into two general classes : quick-relief medications used to treat acute symptoms ; and long-term control medications used to prevent further exacerbation .,تنقسم الأدوية المستخدمة لعلاج الربو إلى فئتين رئيسيتين: أدوية الإغاثة السريعة المستخدمة لعلاج الأعراض الحادة؛ وأدوية التحكم طويلة الأمد المستخدمة لمنع المزيد من النوبات.,VALIDATED
data50990,DATA_17975,B,تصمّم من طرف Tange، على حساب واحد التصميم وجداتو وكالة حماية البيئة ديال باكستان، وتبنّاه وتخدم فيه CDA Engineering وSiemens Engineering.,"Ttsammem men taraf Tange, 3la 7sab wa7d design wjdatou Pakistan Environmental Protection Agency, w tkhddam fih w tbna men CDA Engineering w Siemens Engineering.","Designed by Tange , to a design brief prepared by the Pakistan Environmental Protection Agency , the complex was engineered and built by CDA Engineering and Siemens Engineering .",صُمّم من قِبل تانغه، وفق مخطط تصميم أعدّته وكالة حماية البيئة الباكستانية، وقد تولّت شركة CDA للهندسة وشركة سيمنز للهندسة أعمال التصميم الهندسي والبناء.,VALIDATED
data50991,WIKI_C_07812,C,كيقول A. Junaidi فـ The Jakarta Post بلي فيلم Gerhana Kembar تعجب مزيان فمجتمع LGBT فإندونيسيا، حيث ما ربطش المثلية بحوايج خايبة بحال المخدرات.,"Kaygol A. Junaidi f The Jakarta Post belli film Gerhana Kembar t9bel mzian 3nd community LGBT f Indonesia, 7it ma rbtch l‑mithliya b 7wayej khayba b7al lmokhdirat.","A. Junaidi , writing for The Jakarta Post , notes that Gerhana Kembar was well received by Indonesia 's LGBT community as it did not link homosexuality to negative issues like drug use .",يشير أ. جونيدي، في كتابته لصحيفة جاكرتا بوست، إلى أن فيلم Gerhana Kembar قد لقي استقبالًا جيدًا من مجتمع المثليين في إندونيسيا، لأنه لم يربط المثلية بقضايا سلبية مثل تعاطي المخدرات.,VALIDATED
data50992,WIKI_C_10750,C,المخرج مارك كيركلاند كان باغي لمحطة الطاقة ديال سبرينغفيلد تبان حسن ماعمرها بانت و زاد ضواو و ظلال باش ليبانووات اللي فالسدة ديال هومر يضوّيو.,l mkhrej mark kirkland kan baghi lma7atta dyal l power plant dyal springfield tban 7ssan ma3martha banat w zad dwaaw w dhal bash l panelat lli f l sda dyal homer yddawwiw.,"Director Mark Kirkland wanted the Springfield Power Plant to "" look the best it had to date "" and inserted shadows and back-lighting effects to make the panels in Homer 's control room glow .","أراد المخرج مارك كيركلاند أن تبدو محطة سبرينغفيلد للطاقة ""في أفضل حال لها حتى الآن"" وأضاف الظلال وتأثيرات الإضاءة الخلفية لجعل اللوحات في غرفة تحكم هومر تتوهج.",VALIDATED
data50993,DATA_7134,A,سلام واش شفتي سوارتي؟,salam wach chefti swarti ?,"hey, have you seen my keys?",مرحبًا، هل رأيت مفاتيحي؟,VALIDATED
data50994,DATA_20581,B,الفرقة و الأعضاء ديالها شاركو فبزاف ديال المبادرات الخيرية، بحال التسجيل ديال ألبومات تجميعية بحال The Cake Sale و Sparks n' Mind.,"l-frqa w l-a'daa diyulha sharku fbzzaf dyal l-mubadarat l-khayriya, bhal t-tsjil dyal albumat tjmi'iya bhal The Cake Sale w Sparks n' Mind.","The band and individual band members have been involved in several charitable endeavours , including the recording of The Cake Sale and Sparks n ' Mind compilation albums .","لقد شارك الفريق وأعضاء الفرقة بشكل فردي في العديد من المساعي الخيرية، بما في ذلك تسجيل ألبومات التجميع ""كعكة البيع"" و ""شرارات وعقل"".",VALIDATED
data50995,WIKI_C_12455,C,"فاليونان لقديمة، أرسطو هضر على القدرات ديال تغيير اللون اللي عندهم الحوليّات، بحال الكالامار والأخطبوط، باش يتخباو ويصيفطو إشارات، فلكتاب ديالو ""تاريخ الحيوان"":","felyunan lqdima, aristo hdar 3la lqodrat dyal taghyir lon li3ndhom l7awliyat, b7al lkalamar wl7ot, bach itkhaw w ysefto isharat, flktab dyalo ""tarikh l7aiwan"":","In Ancient Greece , Aristotle commented on the color-changing abilities , both for camouflage and for signalling , of cephalopods including the octopus , in his Historia animalium :","في اليونان القديمة، علّق أرسطو على قدرات رأسيات الأرجل، بما في ذلك الأخطبوط، على تغيير لونها، سواء للتمويه أو للإشارة، وذلك في كتابه ""تاريخ الحيوان"":",VALIDATED
data50996,WIKI_D_09007,D,هاد الباحث الروحاني هيروارد كارينغتون والروحاني هيربرت ثورستون قالو بلي تجربة الأكورديون ماكانتش نتيجة ديال التزوير المتعمد. هادشي مخالف للساحرة والباحثين الشكاكين اللي قيمو التقارير ديال كروكس عن التجربة.,had lbahith rruhani hereward carrington w rruhani herbert thurston qalu bali tajribat l'accordion makantch natija dyal tzwwir lmot3ammid. hadchi mokhalif lsahra w lbahithin shakkakin lli qamou b taqyim taqrirat crooks 3an tajriba.,The psychical researcher Hereward Carrington and spiritualist Herbert Thurston have claimed the accordion experiment was not the result of deliberate fraud . This is in opposition to magicians and skeptical researchers who evaluated Crookes ' reports from the experiment .,لقد زعم الباحث النفسي هيروارد كارينغتون والروحاني هيربرت ثورستون أن تجربة الأكورديون لم تكن نتيجة احتيال متعمد. هذا يتعارض مع السحرة والباحثين المتشككين الذين قاموا بتقييم تقارير كروكس عن التجربة.,VALIDATED
data50997,WIKI_C_10595,C,تيري براتشيت كيبان فواحد الدور صغير، كيلعب رقم 2 فالمشاهد اللولة والخرة ديال الفيلم. ريتشارد ، لي هو المدير ديال البرامج ف Sky One، حتى هو كيبان بحال الكيميائي.,"tiri bratshit kiban f wa7ed dor sghir, kayel3ab rmq 2 f lmshadi l loola wel khra dyal lfilm. richard , li howa lmdir dyal lbarmij f Sky One, 7ta howa kiban b7al lkimya2i.","Terry Pratchett appears in a cameo role , playing # 2 in the opening and closing scenes of the film . Richard , the director of programming at Sky One , also appears as the Alchemist .","يظهر تيري براتشيت في دورٍ صغير، حيث يلعب دور "" "" رقم 2 في المشهد الافتتاحي والختامي للفيلم. كما يظهر ريتشارد "" ""، مدير البرامج في سكاي ون، في دور الخيميائي.",VALIDATED
data50998,DATA_21012,B,الجامعة مرتبطة بـ 11 رابح بجائزة نوبل فالكيمياء، 5 فالفزياء و 16 فالطب.,"al-jamiaa murtabita b 11 rab7in bi ja'izat Nobel fal-kimiya', 5 fal-fizyaa w 16 ftib.","The university is associated with eleven winners of the Nobel Prize in Chemistry, five in physics and sixteen in medicine.",ترتبط الجامعة بإحدى عشرة فائزة بجائزة نوبل في الكيمياء، وخمسة في الفيزياء، وستة عشر في الطب.,VALIDATED
data50999,DATA_7175,A,الجو ولى متقلّب بزاف فهاد الأيام الأخيرة.,ljaw mt9eleb bzaf had liam,the weather's been so unpredictable lately,كان الطقس غير مستقرّ جدًا في الآونة الأخيرة.,VALIDATED
data51000,DATA_21717,B,"عندو Juan Martín del Potro سجل ديال 14 ربح مقابل 39 خسارة (26.42٪) ضد جميع لاعبين ""لأربعة الكبار"".","3nd Juan Martín del Potro record dyal 14 rb7 w 39 khassara (26.42%) dedd ga3 ""rb3a lkbar"".",Del Potro has a 14 – 39 ( 26-42 % ) record against all members of the Big Four .,يمتلك Juan Martín del Potro سجلًا قدره 14 فوزًا مقابل 39 خسارة (بنسبة 26.42٪) أمام جميع أعضاء «الأربعة الكبار».,VALIDATED
data51001,DATA_18360,B,تعرّض فواحد الحلقة من برنامج Seconds From Disaster فـ National Geographic، وحتى فبرنامج MSNBC Investigates فقناة MSNBC الإخبارية.,"T3red f wa7d l‑7al9a men Seconds From Disaster f National Geographic, w 7tta f MSNBC Investigates f MSNBC news channel.",It was featured in an episode of Seconds From Disaster on the National Geographic Channel and MSNBC Investigates on the MSNBC news channel .,تم عرض ذلك في حلقة من برنامج Seconds From Disaster على قناة ناشيونال جيوغرافيك، وكذلك في برنامج MSNBC Investigates على قناة إم إس إن بي سي الإخبارية.,VALIDATED
data51002,DATA_2134,A,كان خايب بزاف و ماعرفتش منين نبدا,kan khayb bzaf o ma3raftch mnin nbda,It was so awful I don't know where to start!,لقد كان فظيعًا لدرجة أنني لا أعرف من أين أبدأ!,VALIDATED
data51003,DATA_21900,B,"الفرقة الأصلية ديال برودواي كان فيها حتى ميلبا مور بدور ديون، و روني دايسون اللي غنى ""أكواريوس""، و بول جابارا و ديان كيتون.","l-firqa l-asliya dyal Broadway kan fiha Htta Melba Moore b-daour Dion, w Ronnie Dyson lli ghna ""Aquarius"", w Paul Jabara w Diane Keaton.","The original Broadway production also included Melba Moore as Dionne , Ronnie Dyson , who sang "" Aquarius "" , Paul Jabara and Diane Keaton .","شمل الإنتاج الأصلي في برودواي أيضًا Melba Moore في دور ديون، وRonnie Dyson الذي غنّى ""Aquarius""، بالإضافة إلى Paul Jabara وDiane Keaton.",VALIDATED
data51004,WIKI_D_00223,D,النشاطات الترفيهية اللي ممكن الواحد يديرها هنا هي التجديف بالكاياك، التفرج على الطيور، والصيد. الواد معروف بالطروش (trout) ديالو، فيه الطروش اللي كحل، القهوي و لي ملون. و فيه أنواع أخرى ديال الحوت. الشجر ديال الخشب القاصح و طائر الدجاج البري (الدجاج الغابة) كيعيشو هنا فالجناب.,"lnashatat altarfihiya li momkin alwahid idirha hna hi altajdif bllkayak, altfarrej 3la ttoyur, walsayd. alwad ma3ruf bttaroush dyalo, fi taroush likhel, lqahwi w limelwen. wfi anwa3 okhra dyal lhut. shajar dyal lkhshub lqass7 wta2ir ddajaj lbri (dajaj lghaba) kye3isho hna fljanb.","Public recreation activities include canoeing , birdwatching , and fishing . The creek is known for its trout population , which includes brook , brown and rainbow trout ; it also contains many other species of fish . Northern hardwood trees and ruffed grouse live in the surrounding area .",تشمل الأنشطة الترفيهية العامة ركوب الزوارق، ومشاهدة الطيور، والصيد. يشتهر الجدول المائي بتنوع أسماك السلمون المرقط فيه، والتي تشمل السلمون المرقط الشكلي، والبني، وقوس قزح؛ كما أنه يحتوي على العديد من أنواع الأسماك الأخرى. تعيش أشجار الخشب الصلب الشمالية وطيور الدراج الصدئة في المنطقة المحيطة.,VALIDATED
data51005,DATA_12218,A,عمرك تدوي معايا و نتا كتنفخ,3emrek tdwi m3aya ou nta ktnefe5,you should never talk to me arrogantly,لا ينبغي لك أن تتحدث إليّ بتكبر أبداً,VALIDATED
data51006,DATA_14856,B,الأثر المباشر ديال رجوع هاَسِيكورا ل سِنداي كان هو منع المسيحية في المقاطعة د سِنداي يومين موراها.,l'athar lmoubachir dyal rjou3 hassikoura l sendai kan houwa man3 lmassihiya flmo9ata3a dyal sendai youmain mouraha.,The direct effect of Hasekura 's return to Sendai was the interdiction of Christianity in the Sendai fief two days later :,كان التأثير المباشر لعودة هاسيكورا إلى سنداي هو حظر المسيحية في مقاطعة سنداي بعد يومين:,VALIDATED
data51007,WIKI_D_08468,D,فالماتش اللي جا مورا التيست اللول، موريس ماركا 60 ضد نورثهامبتونشاير، و دار 122 رانز مع ليندزي هاسيت ملي Австралия سالات الربحة بالدورة. و من بعد رتاح قبل التيست الثاني ملي Австралия تعادلات مع يوركشاير ف برامال لين ف شيفيلد.,"f lmatch li ja mora l test lwl, morris marka 60 3nd northamptonshire, w dar 122 ranz ma3a lindsay hassett mli australia salet lerba7a b ddawra. w men ba3d reta7 qbel l test t-tani mli australia te3adlet ma3a yorkshire f bramall lane f sheffield.","In the match immediately after the First Test , Morris scored 60 against Northamptonshire , putting on 122 runs with Lindsay Hassett as Australian completed an innings win . He was then rested ahead of the Second Test as Australia drew with Yorkshire at Bramall Lane in Sheffield .",في المباراة التي تلت الاختبار الأول مباشرة، سجل موريس 60 نقطة ضد نورثهامبتونشاير، مسجلاً 122 شوطاً مع ليندسي هاسيت، حيث أكملت أستراليا الفوز بالإنكاج. ثم تم إراحته قبل الاختبار الثاني حيث تعادلت أستراليا مع يوركشاير في برامال لين في شيفيلد.,VALIDATED
data51008,DATA_15375,B,فيل هاريس بدور بالو، واحد الدب ديال الكسلان اللي عايش حياتو مهني وكيآمن باللي الحاجة المزيانة كاتجي بوحدها.,"Feel Harris bdoor ballou, wa7ed deb dyal l-kslan li 3aych 7yatou mhenni w kayamen belli l7aja lmzyana katji bwe7dha.","Phil Harris as Baloo , a sloth bear who leads a carefree life and believes in letting the good things in life come by themselves .",فيل هاريس بدور بالو، وهو دب كسول يعيش حياة خالية من الهموم ويؤمن بأن الأشياء الجيدة في الحياة تأتي من تلقاء نفسها.,VALIDATED
data51009,DATA_21623,B,"""Newlands"" برنامج ديال التجديد كاتسيروّو Forestry Commission. واحد لبلاصة اللي كايتفكّروا باش يجدّدوها هي الدّيفيرساج لقديم ديال Radcliffe E'es.","""Newlands"" barnamaj dyal t-tajdid kat-tsiro forestry commission. Wa7ed l-blaSa li kay-t-fekrou bash y-jeddouha hiya d-difiirsaj l-qdim dyal Radcliffe E'es.",""" Newlands "" is a regeneration programme run by the Forestry Commission . One site under consideration for regeneration is the former waste tip of Radcliffe E 'es .","برنامج ""نيولاندز"" هو برنامج لتجديد الأراضي تديره لجنة الغابات. أحد المواقع قيد النظر للتجديد هو مكب النفايات السابق في رادكليف ""إي"".",VALIDATED
data51010,DATA_23246,B,تعاقب Felipe Nasr بنقصان 3 بلايص فخط الانطلاقة حيث عرقل Felipe Massa فالتصفيات.,T3a9eb Felipe Nasr b‑nu9san 3 blays mn khet l2intilia9 7it 3r9el Felipe Massa f qualifying.,^ 3 — Felipe Nasr was given a three-place grid penalty for impeding Felipe Massa during qualifying .,حصل Felipe Nasr على عقوبة تراجع ثلاثة مراكز على خط الانطلاق بسبب إعاقته لـ Felipe Massa خلال التصفيات.,VALIDATED
data51011,WIKI_D_03276,D,"مول/الناشر ديال جورنال ""Daily Bugle""، واحد معصّب وبخيل وكايكره Spider‑Man. ومع ذلك، فيه جانب زوين؛ كيعطي لبيتر الفلوس على الصور ديال Spider‑Man، وكيـرفض يقول لـ Green Goblin شكون هو المصوّر.","Howa mol dyal ""Daily Bugle"", wa7d m3asseb w bkhil w ka kreh Spider‑Man. M3a dalik, fih janeb zwin; kay3ti l Peter flous 3la tsawer dyal Spider‑Man, w kayrefd ygoul l Green Goblin chkoun howa l‑musawwer.","The grouchy & miserly owner / publisher of the Daily Bugle who despises Spider-Man . Nonetheless , he has a good side and pays Peter for photos of Spider-Man , and refuses to tell the Green Goblin the identity of the photographer .",المالك/الناشر المتجهّم والبخيل لصحيفة «ديلي بيوغل»، الذي يكره سبايدر‑مان. ومع ذلك، لديه جانب طيب؛ إذ يدفع لبيتر مقابل صور سبايدر‑مان، ويرفض إخبار الغرين غوبلن بهوية المصوّر.,VALIDATED
data51012,DATA_19000,B,تسجل تسجيل ديال الكاست الأصلي ديال ويست إند مباشر ف مسرح الأديلفي و تطلق ف واحد أبريل 2016.,tsjjel tsjjel dial l-cast l-asli dial west end m moubashir f msra7 l-adelphi w teltq f wa7ed abril 2016.,"A West End Original Cast Recording was recorded live at the Adelphi Theatre and released April 1 , 2016 .",تم تسجيل عرضoriغينال كاست ريكوردينغ من مسرح وست إند مباشرة في مسرح أديلفي وصدر في 1 أبريل 2016.,VALIDATED
data51013,WIKI_C_10521,C,"زيمرمان، جون ل. (1949). ""حملة كوادالكانال"". مؤلف تاريخي على المارينز في الحرب العالمية الثانية. مؤرشف من الأصل في 19 يونيو 2006. جبدناه في 2006-07-04.","zimmerman, john l. (1949). ""7amlat guadalcanal"". mo2allaf tarikhi 3ala al-marines fi al-7arb al-3alamiya ath-thaniya. mar7o7a min al-a5l fi 19 yunyu 2006. jibdenah fi 2006-07-04.","Zimmerman , John L. ( 1949 ) . "" The Guadalcanal Campaign "" . Marines in World War II Historical Monograph . Archived from the original on 19 June 2006 . Retrieved 2006-07-04 .","زيمرمان، جون ل. (1949). ""حملة غوادالكانال"". سلسلة المارينز التاريخية في الحرب العالمية الثانية. مؤرشفة من الأصل بتاريخ 19 يونيو 2006. تم الاسترجاع بتاريخ 4 يوليو 2006.",VALIDATED
data51014,DATA_4307,A,كنتمنى كون مداروش الملعب في جيهة أخرى,kantmana kon madaroch lmal3ab fjiha lokhra,I just wish they hadn't put in the playground over on the other side,أتمنى لو لم يضعوا الملعب على الجانب الآخر فحسب,VALIDATED
data51015,WIKI_C_03556,C,لمجال ليكتريك (شوف ستاتيك ليكترو): الشارجات مدايرين بواحد لمجال ليكتريك. هاد لمجال ليكتريك كيجبد واحد القوة على شارجات خرا. التبدال اللي كيوقع فلمجال ليكتريك كيمشي بالزربة ديال الضو.,lmjal liktric (chof statik liktro): charjat mdayrin bwa7d lmjal iktrique. had lmjal iktrique kijdad bwa7d lqwa 3la charjat khra. tbdal li kiwqa3 flmjal liktric kimchi bzzrba dyal ddo.,electric field ( see electrostatics ) : charges are surrounded by an electric field . The electric field produces a force on other charges . Changes in the electric field travel at the speed of light .,المجال الكهربائي (انظر الكهروستاتيكا): الشحنات محاطة بمجال كهربائي. يولد المجال الكهربائي قوة على الشحنات الأخرى. تنتقل التغيرات في المجال الكهربائي بسرعة الضوء.,VALIDATED
data51016,WIKI_D_00340,D,"في دجنبر 2015، الكاتب والمخرج كوينتين تارانتينو قال باللي هاد الحلقة بالذات كيحس ممكن تخرج منها فيلم طويل (في بودكاست ""The Nerdist"" اللي قدمو كريس هاردويك نهار 18 دجنبر 2015).","f dcmb 2015, lkatb wlmxrej kwntin tarantino qal blli had l7ala bzdht kay7s mumkin tkhrej mnh film tawil (f podcast ""The Nerdist"" lli qddm kris hardwik nhar 18 dcmb 2015).","In December 2015 , writer / director Quentin Tarantino cited this episode as one he feels could be expanded into a feature film ( on Podcast "" The Nerdist "" hosted by Chris Hardwick on December 18 , 2015 ) .","في ديسمبر 2015، صرح الكاتب والمخرج كوينتين تارانتينو بأن هذه الحلقة بالذات يمكن توسيعها لتصبح فيلمًا روائيًا طويلاً (في بودكاست ""The Nerdist"" الذي استضافه كريس هاردويك في 18 ديسمبر 2015).",VALIDATED
data51017,DATA_6163,A,قرر يعيش الحياة,9erer y3ich l7ayat,he decided to enjoy his life,لقد قرر أن يستمتع بحياته,VALIDATED
data51018,DATA_16114,B,ماكسويل، جيمس كليرك (1873)، كتاب في الكهرباء والمغناطيسية، الجزء الأول، أوكسفورد: كلارندون بريس.,"maxwell, james clerk (1873), ktab fi l-kahraba' wa l-meghnatisia, l-joz' l-awwal, oxford: clarendon press.","Maxwell , James Clerk ( 1873 ) , A treatise on electricity and magnetism Vol I , Oxford : Clarendon Press",ماكسويل، جيمس كليرك (1873)، رسالة في الكهرباء والمغناطيسية، المجلد الأول، أكسفورد: مطبعة كلارندون,VALIDATED
data51019,DATA_5910,A,كاضّرني لمعدة,kaDDerni lme3da,I have a stomch ache,أنا أشعر بألم في المعدة,VALIDATED
data51020,DATA_17498,B,ريتز كان شخصية مهمة في الحياة الثقافية ديال الأفريكانز أغلب حياتو، بالخصوص بفضل الأشعار والمنشورات الأخرى ديالو.,"ritz kan shakhsiya muhimma fi l-hayaa t-taqafiya diyal l-afrikanz aghlab hyato, b-lkhsus b-fadl l-ash'aar w l-manshuraat l-ukhra diyaloo.","Reitz was an important figure in Afrikaner cultural life during most of his life , especially through his poems and other publications .",كان رايتز شخصية هامة في الحياة الثقافية الأفريكانية خلال معظم حياته، وخاصة من خلال قصائده ومنشوراته الأخرى.,VALIDATED
data51021,DATA_13479,B,"Dobler, Bruce (1976). آخر اندفاع للشمال. بوسطن: Little, Brown and Company.","Dobler, Bruce (1976). Akher indifa3 l‑shamal. Boston: Little, Brown and Company.","Dobler, Bruce (1976). The Last Rush North. Boston: Little, Brown and Company.",دوبلر، بروس (1976). الاندفاع الأخير نحو الشمال. بوسطن: ليتل، براون وشركاه.,VALIDATED
data51022,DATA_8996,A,أنا غادي ن شيير عليك بحجرة,ana ghadi n chiyyer 3lik b7ejra,i will hit you with a rock,سأرميك بحجر,VALIDATED
data51023,DATA_21677,B,تصويرة ديال واحد الراجل 1935 - 1936 بحال الستيل ديال خيرارد تير بورخ (ماتباعتش، معروضة ف Rijksmuseum).,"tsowira dyal wahed r-rajl 1935 - 1936 bhal l-stil dyal Gerard ter Borch (matba3atch, m3rouda f Rijksmuseum).","Portrait of a Man 1935 – 1936 in the style of Gerard ter Borch ( unsold , on display at the Rijksmuseum . )",بورتريه لرجل، 1935 – 1936، بأسلوب جيرارد تير بورخ (لم يُبع، معروض في متحف ريكز).,VALIDATED
data51024,DATA_1802,A,واش كتقصد أنك كتعاني باش تنعس أولا كتنعس بزاف؟,wach kat9sed anak kat3ani bach tn3as ola katn3es bzaf?,do you mean you're struggling to sleep or that you're sleeping too much?,هل تقصد أنك تعاني من صعوبة في النوم أم أنك تنام كثيراً؟,VALIDATED
data51025,WIKI_C_12337,C,"ممتاز و هامسا نانديني تاكدوا باش يدوزو فواحد الكليب ديال ""إتس تايم تو بارتي"" باش ممتاز ترجع للسينما التيلوغوية من بعد 12 عام حيت واحد لمقدمة ديال التلفزيون رفضات لاقتراح.","mumtaz w hamsa nandini ta2ekdou bach idouzou f wa7d l clip dyal ""its time to party"" bach mumtaz trja3 l cinema teliogouya men ba3d 12 3am chi7t wa7d l mo9dama dyal telfaza rafa9t l9trar.","Mumtaj and Hamsa Nandini were confirmed to make special appearances in the song "" Its Time To Party "" marking the former 's comeback in Telugu cinema after 12 years after anchor refused the offer .","تم التأكيد على ظهور ممتاز وهامسا نانديني بشكل خاص في أغنية ""حان وقت الاحتفال""، مما يمثل عودة الأول إلى السينما التيلوغوية بعد 12 عامًا، بعد أن رفضت المذيعة العرض.",VALIDATED
data51026,DATA_11668,A,تانفكّر واش ندوبل لا دوز,tanfkker wach ndoble la dose,I think of doubling dosage,أفكر في مضاعفة الجرعة,VALIDATED
data51027,WIKI_C_08140,C,فالسباق ديال الاحتياط، إيزيس ديال أوكسفورد ربحات غولدي ديال كامبريدج. وقبل هادشي ف هنلي، أوكسفورد ربحات السباق ديال العيالات رقم 57 ب جوج طولات ونص.,"fel sbaq dyal l ihtiyat, isis dyal oxford rba7t goldie dyal cambridge. w qbel hadchi fel henley, oxford rba7t sbaq dyal l 3eyalat raqm 57 b jooj tolat w nss.","In the reserve race , Oxford 's Isis beat Cambridge 's Goldie . Earlier at Henley , Oxford won the 57th women 's race by two-and-a-half lengths .",في سباق الاحتياط، تفوق فريق إيزيس من أكسفورد على فريق غولدي من كامبريدج. وفي وقت سابق في هنلي، فازت أكسفورد بالسباق النسائي السابع والخمسين بفارق طولين ونصف.,VALIDATED
data51028,DATA_6493,A,فيه غير شي ميترو وثمانين سانتيم,fih ghiiir chi mitrou ou tmanin santim,he is only about 180cm tall,يبلغ طوله حوالي 180 سم فقط,VALIDATED
data51029,DATA_8728,A,راه كلّهوم مكلّخين ماديش عليهوم,rah kollhom mkell5in madich 3lihoum,they are stupid dont bother,إنهم أغبياء، لا تهتم.,VALIDATED
data51030,DATA_14411,B,بريجيت أوف يورك (1480 - 1517) - ولات راهبة - يمكن تكون جابت بنت ماشي شرعية سميتها أغنيس أوف إلتام.,brigitof york (1480 - 1517) welat rahba - ymken tkon jabt bent machi shar3iya smitha agnes of eltham.,Bridget of York ( 1480 – 1517 ) — became a nun — possibly had an illegitimate daughter called Agnes of Eltham,بريدجيت من يورك (١٤٨٠ – ١٥١٧) — أصبحت راهبة — ربما أنجبت ابنة غير شرعية تدعى أغنيس من إلثام.,VALIDATED
data51031,WIKI_D_12126,D,"هاد الإسم ديال الحالة طلقوه فـ 1950 فواحد السلسلة ديال الحالات داروها أطباء من مستشفى بوسطن سيتي و كلية الطب ديال هارفارد. المصطلح ديال ""apoplexy"" استعملوه حيت كان كيشير للـ نكروز و النزيف اللي كيوقعو فالأورام ديال الغدة النخامية.","had l'ism dyal l7ala tleqoh f 1950 f wa7d silsila dyal l7alat daroha atba2 mn mostashfa boston city w koliyyet tbib dyal harvard. lmo9tal7 dyal ""apoplexy"" sta3mloh 7it kan kiyishir l nekroz w nzzif lli kayewqe3 f l'awram dyal l ghudda nkhomiya.","The name of the condition was coined in 1950 in a case series by physicians from Boston City Hospital and Harvard Medical School . The term "" apoplexy "" was applied as it referred to both necrosis and bleeding into pituitary tumors .","تم صياغة اسم الحالة في عام 1950 في سلسلة حالات لأطباء من مستشفى مدينة بوسطن وكلية الطب بجامعة هارفارد. تم تطبيق مصطلح ""السكتة الدماغية"" لأنه أشار إلى كل من نخر ونزيف أورام الغدة النخامية.",VALIDATED
data51032,DATA_18920,B,"هاد التياترو واحد من 40 تياترو اللي كانو فواحد السلسلة ديال دي ڤي دي وثائقية ديال 2012 سميتها ""Great West End Theatres"" و قدمها دونالد سيندن.","had t-tiatro wahed mn 40 tiatro li kano f wahed s-silsila dyal di v di wata2iqiya dyal 2012 smitha ""Great West End Theatres"" w qddamha donald sinden.","This theatre is one of the 40 theatres featured in the 2012 DVD documentary series Great West End Theatres , presented by Donald Sinden .","هذه المسرحية هي واحدة من 40 مسرحية تم عرضها في سلسلة أفلام وثائقية على أقراص DVD صدرت عام 2012 بعنوان ""مسارح ويست إند العظيمة"" (Great West End Theatres) ، وقدمها دونالد سيندن.",VALIDATED
data51033,DATA_4154,A,واش نلعبو كورة ريشة ولا تنيس,wach nl3bo korat richa wla tinis,Shall we play badminton or tennis?,هل نلعب كرة الريشة أم التنس؟,VALIDATED
